request_id,customer_id,request_type,timestamp,risk_score,status,classification_tier
RSK_000001,CUST_001321,LOAN_SCORING,2026-10-01T08:00:03.074000+00:00,0.201,APPROVED,CONFIDENTIAL
RSK_000002,CUST_007368,LOAN_SCORING,2026-10-01T08:00:03.819000+00:00,0.255,APPROVED,CONFIDENTIAL
RSK_000003,CUST_002922,FRAUD_DETECTION,2026-10-01T08:00:04.098000+00:00,0.076,APPROVED,CONFIDENTIAL
RSK_000004,CUST_003182,LOAN_SCORING,2026-10-01T08:00:08.977000+00:00,0.651,FLAGGED_FOR_REVIEW,CONFIDENTIAL
RSK_000005,CUST_008570,CREDIT_EVALUATION,2026-10-01T08:00:12.177000+00:00,0.27,APPROVED,CONFIDENTIAL
RSK_000006,CUST_002488,CREDIT_EVALUATION,2026-10-01T08:00:14.635000+00:00,0.436,APPROVED,CONFIDENTIAL
RSK_000007,CUST_008160,FRAUD_DETECTION,2026-10-01T08:00:18.783000+00:00,0.207,APPROVED,CONFIDENTIAL
RSK_000008,CUST_005942,CREDIT_EVALUATION,2026-10-01T08:00:20.424000+00:00,0.145,APPROVED,CONFIDENTIAL
RSK_000009,CUST_000335,FRAUD_DETECTION,2026-10-01T08:00:23.131000+00:00,0.501,FLAGGED_FOR_REVIEW,CONFIDENTIAL
RSK_000010,CUST_003831,AML_SCREENING,2026-10-01T08:00:25.539000+00:00,0.54,FLAGGED_FOR_REVIEW,CONFIDENTIAL
RSK_000011,CUST_008073,FRAUD_DETECTION,2026-10-01T08:00:28.656000+00:00,0.175,APPROVED,CONFIDENTIAL
RSK_000012,CUST_005687,CREDIT_EVALUATION,2026-10-01T08:00:30.829000+00:00,0.403,APPROVED,CONFIDENTIAL
RSK_000013,CUST_004771,AML_SCREENING,2026-10-01T08:00:31.074000+00:00,0.135,APPROVED,CONFIDENTIAL
RSK_000014,CUST_006047,AML_SCREENING,2026-10-01T08:00:31.726000+00:00,0.15,APPROVED,CONFIDENTIAL
RSK_000015,CUST_005990,AML_SCREENING,2026-10-01T08:00:33.793000+00:00,0.409,APPROVED,CONFIDENTIAL
RSK_000016,CUST_005676,LOAN_SCORING,2026-10-01T08:00:35.784000+00:00,0.117,APPROVED,CONFIDENTIAL
RSK_000017,CUST_007015,AML_SCREENING,2026-10-01T08:00:38.383000+00:00,0.074,APPROVED,CONFIDENTIAL
RSK_000018,CUST_008345,FRAUD_DETECTION,2026-10-01T08:00:43.354000+00:00,0.354,APPROVED,CONFIDENTIAL
RSK_000019,CUST_000791,CREDIT_EVALUATION,2026-10-01T08:00:47.554000+00:00,0.107,APPROVED,CONFIDENTIAL
RSK_000020,CUST_004366,FRAUD_DETECTION,2026-10-01T08:00:49.910000+00:00,0.307,APPROVED,CONFIDENTIAL
RSK_000021,CUST_006201,CREDIT_EVALUATION,2026-10-01T08:00:54.781000+00:00,0.186,APPROVED,CONFIDENTIAL
RSK_000022,CUST_003041,FRAUD_DETECTION,2026-10-01T08:00:55.621000+00:00,0.283,APPROVED,CONFIDENTIAL
RSK_000023,CUST_004319,CREDIT_EVALUATION,2026-10-01T08:00:58.583000+00:00,0.32,APPROVED,CONFIDENTIAL
RSK_000024,CUST_000895,CREDIT_EVALUATION,2026-10-01T08:01:02.641000+00:00,0.251,APPROVED,CONFIDENTIAL
RSK_000025,CUST_008717,CREDIT_EVALUATION,2026-10-01T08:01:03.847000+00:00,0.403,APPROVED,CONFIDENTIAL
RSK_000026,CUST_001969,CREDIT_EVALUATION,2026-10-01T08:01:06.101000+00:00,0.713,REJECTED,CONFIDENTIAL
RSK_000027,CUST_001786,LOAN_SCORING,2026-10-01T08:01:09.585000+00:00,0.376,APPROVED,CONFIDENTIAL
RSK_000028,CUST_005131,FRAUD_DETECTION,2026-10-01T08:01:12.923000+00:00,0.301,APPROVED,CONFIDENTIAL
RSK_000029,CUST_009701,LOAN_SCORING,2026-10-01T08:01:15.875000+00:00,0.075,APPROVED,CONFIDENTIAL
RSK_000030,CUST_002570,CREDIT_EVALUATION,2026-10-01T08:01:18.562000+00:00,0.604,FLAGGED_FOR_REVIEW,CONFIDENTIAL
RSK_000031,CUST_008756,LOAN_SCORING,2026-10-01T08:01:22.891000+00:00,0.412,APPROVED,CONFIDENTIAL
RSK_000032,CUST_003492,AML_SCREENING,2026-10-01T08:01:24.082000+00:00,0.114,APPROVED,CONFIDENTIAL
RSK_000033,CUST_000365,CREDIT_EVALUATION,2026-10-01T08:01:24.710000+00:00,0.252,APPROVED,CONFIDENTIAL
RSK_000034,CUST_005121,CREDIT_EVALUATION,2026-10-01T08:01:26.137000+00:00,0.278,APPROVED,CONFIDENTIAL
RSK_000035,CUST_000911,LOAN_SCORING,2026-10-01T08:01:31.025000+00:00,0.569,FLAGGED_FOR_REVIEW,CONFIDENTIAL
RSK_000036,CUST_008440,CREDIT_EVALUATION,2026-10-01T08:01:34.253000+00:00,0.156,APPROVED,CONFIDENTIAL
RSK_000037,CUST_006245,CREDIT_EVALUATION,2026-10-01T08:01:38.078000+00:00,0.07,APPROVED,CONFIDENTIAL
RSK_000038,CUST_007946,AML_SCREENING,2026-10-01T08:01:38.413000+00:00,0.495,FLAGGED_FOR_REVIEW,CONFIDENTIAL
RSK_000039,CUST_002081,CREDIT_EVALUATION,2026-10-01T08:01:42.233000+00:00,0.455,FLAGGED_FOR_REVIEW,CONFIDENTIAL
RSK_000040,CUST_008124,FRAUD_DETECTION,2026-10-01T08:01:47.104000+00:00,0.304,APPROVED,CONFIDENTIAL
RSK_000041,CUST_003045,AML_SCREENING,2026-10-01T08:01:51.862000+00:00,0.415,APPROVED,CONFIDENTIAL
RSK_000042,CUST_009046,FRAUD_DETECTION,2026-10-01T08:01:56.340000+00:00,0.196,APPROVED,CONFIDENTIAL
RSK_000043,CUST_003015,FRAUD_DETECTION,2026-10-01T08:01:56.869000+00:00,0.196,APPROVED,CONFIDENTIAL
RSK_000044,CUST_007394,CREDIT_EVALUATION,2026-10-01T08:02:01.142000+00:00,0.141,APPROVED,CONFIDENTIAL
RSK_000045,CUST_002868,CREDIT_EVALUATION,2026-10-01T08:02:02.717000+00:00,0.191,APPROVED,CONFIDENTIAL
RSK_000046,CUST_006659,FRAUD_DETECTION,2026-10-01T08:02:07.360000+00:00,0.328,APPROVED,CONFIDENTIAL
RSK_000047,CUST_002046,FRAUD_DETECTION,2026-10-01T08:02:07.688000+00:00,0.092,APPROVED,CONFIDENTIAL
RSK_000048,CUST_009643,FRAUD_DETECTION,2026-10-01T08:02:08.492000+00:00,0.243,APPROVED,CONFIDENTIAL
RSK_000049,CUST_002275,FRAUD_DETECTION,2026-10-01T08:02:09.784000+00:00,0.242,APPROVED,CONFIDENTIAL
RSK_000050,CUST_001665,FRAUD_DETECTION,2026-10-01T08:02:12.938000+00:00,0.093,APPROVED,CONFIDENTIAL
RSK_000051,CUST_004295,LOAN_SCORING,2026-10-01T08:02:15.886000+00:00,0.349,APPROVED,CONFIDENTIAL
RSK_000052,CUST_002731,LOAN_SCORING,2026-10-01T08:02:20.434000+00:00,0.129,APPROVED,CONFIDENTIAL
RSK_000053,CUST_000106,CREDIT_EVALUATION,2026-10-01T08:02:20.728000+00:00,0.283,APPROVED,CONFIDENTIAL
RSK_000054,CUST_003689,CREDIT_EVALUATION,2026-10-01T08:02:25.553000+00:00,0.271,APPROVED,CONFIDENTIAL
RSK_000055,CUST_003758,CREDIT_EVALUATION,2026-10-01T08:02:26.550000+00:00,0.36,APPROVED,CONFIDENTIAL
RSK_000056,CUST_000921,CREDIT_EVALUATION,2026-10-01T08:02:28.976000+00:00,0.351,APPROVED,CONFIDENTIAL
RSK_000057,CUST_006148,AML_SCREENING,2026-10-01T08:02:32.198000+00:00,0.452,FLAGGED_FOR_REVIEW,CONFIDENTIAL
RSK_000058,CUST_006705,FRAUD_DETECTION,2026-10-01T08:02:33.126000+00:00,0.233,APPROVED,CONFIDENTIAL
RSK_000059,CUST_007587,LOAN_SCORING,2026-10-01T08:02:37.246000+00:00,0.455,FLAGGED_FOR_REVIEW,CONFIDENTIAL
RSK_000060,CUST_001023,LOAN_SCORING,2026-10-01T08:02:39.293000+00:00,0.352,APPROVED,CONFIDENTIAL
RSK_000061,CUST_009448,AML_SCREENING,2026-10-01T08:02:41.117000+00:00,0.14,APPROVED,CONFIDENTIAL
RSK_000062,CUST_002826,LOAN_SCORING,2026-10-01T08:02:44.448000+00:00,0.378,APPROVED,CONFIDENTIAL
RSK_000063,CUST_004483,FRAUD_DETECTION,2026-10-01T08:02:44.908000+00:00,0.668,FLAGGED_FOR_REVIEW,CONFIDENTIAL
RSK_000064,CUST_005065,LOAN_SCORING,2026-10-01T08:02:48.932000+00:00,0.579,FLAGGED_FOR_REVIEW,CONFIDENTIAL
RSK_000065,CUST_001648,AML_SCREENING,2026-10-01T08:02:49.893000+00:00,0.225,APPROVED,CONFIDENTIAL
RSK_000066,CUST_003335,FRAUD_DETECTION,2026-10-01T08:02:53.790000+00:00,0.188,APPROVED,CONFIDENTIAL
RSK_000067,CUST_002405,LOAN_SCORING,2026-10-01T08:02:55.426000+00:00,0.224,APPROVED,CONFIDENTIAL
RSK_000068,CUST_006771,FRAUD_DETECTION,2026-10-01T08:02:59.866000+00:00,0.39,APPROVED,CONFIDENTIAL
RSK_000069,CUST_002487,AML_SCREENING,2026-10-01T08:03:01.393000+00:00,0.123,APPROVED,CONFIDENTIAL
RSK_000070,CUST_001033,LOAN_SCORING,2026-10-01T08:03:03.888000+00:00,0.454,FLAGGED_FOR_REVIEW,CONFIDENTIAL
RSK_000071,CUST_007649,FRAUD_DETECTION,2026-10-01T08:03:05.730000+00:00,0.221,APPROVED,CONFIDENTIAL
RSK_000072,CUST_003968,FRAUD_DETECTION,2026-10-01T08:03:09.203000+00:00,0.202,APPROVED,CONFIDENTIAL
RSK_000073,CUST_004892,LOAN_SCORING,2026-10-01T08:03:09.589000+00:00,0.257,APPROVED,CONFIDENTIAL
RSK_000074,CUST_000622,CREDIT_EVALUATION,2026-10-01T08:03:13.586000+00:00,0.227,APPROVED,CONFIDENTIAL
RSK_000075,CUST_002293,FRAUD_DETECTION,2026-10-01T08:03:15.315000+00:00,0.216,APPROVED,CONFIDENTIAL
RSK_000076,CUST_001693,AML_SCREENING,2026-10-01T08:03:19.248000+00:00,0.196,APPROVED,CONFIDENTIAL
RSK_000077,CUST_007729,CREDIT_EVALUATION,2026-10-01T08:03:23.240000+00:00,0.211,APPROVED,CONFIDENTIAL
RSK_000078,CUST_002495,AML_SCREENING,2026-10-01T08:03:24.768000+00:00,0.388,APPROVED,CONFIDENTIAL
RSK_000079,CUST_006453,AML_SCREENING,2026-10-01T08:03:29.521000+00:00,0.187,APPROVED,CONFIDENTIAL
RSK_000080,CUST_001434,CREDIT_EVALUATION,2026-10-01T08:03:31.581000+00:00,0.307,APPROVED,CONFIDENTIAL
RSK_000081,CUST_002999,FRAUD_DETECTION,2026-10-01T08:03:35.975000+00:00,0.292,APPROVED,CONFIDENTIAL
RSK_000082,CUST_009006,FRAUD_DETECTION,2026-10-01T08:03:40.607000+00:00,0.157,APPROVED,CONFIDENTIAL
RSK_000083,CUST_001118,LOAN_SCORING,2026-10-01T08:03:43.354000+00:00,0.226,APPROVED,CONFIDENTIAL
RSK_000084,CUST_005045,CREDIT_EVALUATION,2026-10-01T08:03:47.477000+00:00,0.831,REJECTED,CONFIDENTIAL
RSK_000085,CUST_000796,CREDIT_EVALUATION,2026-10-01T08:03:51.455000+00:00,0.263,APPROVED,CONFIDENTIAL
RSK_000086,CUST_009927,LOAN_SCORING,2026-10-01T08:03:53.801000+00:00,0.409,APPROVED,CONFIDENTIAL
RSK_000087,CUST_004075,LOAN_SCORING,2026-10-01T08:03:54.875000+00:00,0.394,APPROVED,CONFIDENTIAL
RSK_000088,CUST_008773,AML_SCREENING,2026-10-01T08:03:56.452000+00:00,0.071,APPROVED,CONFIDENTIAL
RSK_000089,CUST_007572,CREDIT_EVALUATION,2026-10-01T08:04:00.225000+00:00,0.109,APPROVED,CONFIDENTIAL
RSK_000090,CUST_002332,CREDIT_EVALUATION,2026-10-01T08:04:00.651000+00:00,0.191,APPROVED,CONFIDENTIAL
RSK_000091,CUST_002926,CREDIT_EVALUATION,2026-10-01T08:04:03.961000+00:00,0.553,FLAGGED_FOR_REVIEW,CONFIDENTIAL
RSK_000092,CUST_004698,CREDIT_EVALUATION,2026-10-01T08:04:05.617000+00:00,0.362,APPROVED,CONFIDENTIAL
RSK_000093,CUST_009581,LOAN_SCORING,2026-10-01T08:04:07.375000+00:00,0.329,APPROVED,CONFIDENTIAL
RSK_000094,CUST_004005,LOAN_SCORING,2026-10-01T08:04:10.851000+00:00,0.049,APPROVED,CONFIDENTIAL
RSK_000095,CUST_008406,CREDIT_EVALUATION,2026-10-01T08:04:11.438000+00:00,0.217,APPROVED,CONFIDENTIAL
RSK_000096,CUST_004761,AML_SCREENING,2026-10-01T08:04:12.487000+00:00,0.149,APPROVED,CONFIDENTIAL
RSK_000097,CUST_009718,FRAUD_DETECTION,2026-10-01T08:04:16.002000+00:00,0.207,APPROVED,CONFIDENTIAL
RSK_000098,CUST_007427,FRAUD_DETECTION,2026-10-01T08:04:20.367000+00:00,0.482,FLAGGED_FOR_REVIEW,CONFIDENTIAL
RSK_000099,CUST_000373,CREDIT_EVALUATION,2026-10-01T08:04:22.060000+00:00,0.592,FLAGGED_FOR_REVIEW,CONFIDENTIAL
RSK_000100,CUST_001389,CREDIT_EVALUATION,2026-10-01T08:04:24.047000+00:00,0.196,APPROVED,CONFIDENTIAL
RSK_000101,CUST_001577,CREDIT_EVALUATION,2026-10-01T08:04:24.758000+00:00,0.29,APPROVED,CONFIDENTIAL
RSK_000102,CUST_004212,LOAN_SCORING,2026-10-01T08:04:27.403000+00:00,0.161,APPROVED,CONFIDENTIAL
RSK_000103,CUST_005632,CREDIT_EVALUATION,2026-10-01T08:04:30.757000+00:00,0.295,APPROVED,CONFIDENTIAL
RSK_000104,CUST_006503,CREDIT_EVALUATION,2026-10-01T08:04:33.305000+00:00,0.595,FLAGGED_FOR_REVIEW,CONFIDENTIAL
RSK_000105,CUST_007702,LOAN_SCORING,2026-10-01T08:04:33.808000+00:00,0.31,APPROVED,CONFIDENTIAL
RSK_000106,CUST_004640,CREDIT_EVALUATION,2026-10-01T08:04:38.520000+00:00,0.135,APPROVED,CONFIDENTIAL
RSK_000107,CUST_003661,LOAN_SCORING,2026-10-01T08:04:41.224000+00:00,0.79,REJECTED,CONFIDENTIAL
RSK_000108,CUST_005929,CREDIT_EVALUATION,2026-10-01T08:04:45.945000+00:00,0.458,FLAGGED_FOR_REVIEW,CONFIDENTIAL
RSK_000109,CUST_006743,FRAUD_DETECTION,2026-10-01T08:04:50.215000+00:00,0.609,FLAGGED_FOR_REVIEW,CONFIDENTIAL
RSK_000110,CUST_007800,AML_SCREENING,2026-10-01T08:04:51.433000+00:00,0.442,APPROVED,CONFIDENTIAL
RSK_000111,CUST_008889,CREDIT_EVALUATION,2026-10-01T08:04:52.221000+00:00,0.323,APPROVED,CONFIDENTIAL
RSK_000112,CUST_008824,AML_SCREENING,2026-10-01T08:04:55.854000+00:00,0.466,FLAGGED_FOR_REVIEW,CONFIDENTIAL
RSK_000113,CUST_000716,AML_SCREENING,2026-10-01T08:05:00.066000+00:00,0.141,APPROVED,CONFIDENTIAL
RSK_000114,CUST_005912,FRAUD_DETECTION,2026-10-01T08:05:02.147000+00:00,0.298,APPROVED,CONFIDENTIAL
RSK_000115,CUST_004912,FRAUD_DETECTION,2026-10-01T08:05:07.099000+00:00,0.329,APPROVED,CONFIDENTIAL
RSK_000116,CUST_008380,AML_SCREENING,2026-10-01T08:05:09.267000+00:00,0.283,APPROVED,CONFIDENTIAL
RSK_000117,CUST_002412,AML_SCREENING,2026-10-01T08:05:13.456000+00:00,0.189,APPROVED,CONFIDENTIAL
RSK_000118,CUST_001157,AML_SCREENING,2026-10-01T08:05:13.975000+00:00,0.464,FLAGGED_FOR_REVIEW,CONFIDENTIAL
RSK_000119,CUST_006512,LOAN_SCORING,2026-10-01T08:05:14.327000+00:00,0.247,APPROVED,CONFIDENTIAL
RSK_000120,CUST_000333,CREDIT_EVALUATION,2026-10-01T08:05:17.202000+00:00,0.283,APPROVED,CONFIDENTIAL
RSK_000121,CUST_005316,LOAN_SCORING,2026-10-01T08:05:21.373000+00:00,0.238,APPROVED,CONFIDENTIAL
RSK_000122,CUST_001849,AML_SCREENING,2026-10-01T08:05:22.827000+00:00,0.248,APPROVED,CONFIDENTIAL
RSK_000123,CUST_005113,AML_SCREENING,2026-10-01T08:05:24.734000+00:00,0.126,APPROVED,CONFIDENTIAL
RSK_000124,CUST_005813,CREDIT_EVALUATION,2026-10-01T08:05:25.251000+00:00,0.493,FLAGGED_FOR_REVIEW,CONFIDENTIAL
RSK_000125,CUST_005468,LOAN_SCORING,2026-10-01T08:05:25.677000+00:00,0.69,FLAGGED_FOR_REVIEW,CONFIDENTIAL
RSK_000126,CUST_009797,FRAUD_DETECTION,2026-10-01T08:05:26.121000+00:00,0.166,APPROVED,CONFIDENTIAL
RSK_000127,CUST_005921,CREDIT_EVALUATION,2026-10-01T08:05:29.805000+00:00,0.21,APPROVED,CONFIDENTIAL
RSK_000128,CUST_007589,FRAUD_DETECTION,2026-10-01T08:05:34.702000+00:00,0.429,APPROVED,CONFIDENTIAL
RSK_000129,CUST_009217,AML_SCREENING,2026-10-01T08:05:36.197000+00:00,0.329,APPROVED,CONFIDENTIAL
RSK_000130,CUST_002179,FRAUD_DETECTION,2026-10-01T08:05:39.454000+00:00,0.138,APPROVED,CONFIDENTIAL
RSK_000131,CUST_009379,CREDIT_EVALUATION,2026-10-01T08:05:39.666000+00:00,0.251,APPROVED,CONFIDENTIAL
RSK_000132,CUST_001805,AML_SCREENING,2026-10-01T08:05:42.844000+00:00,0.626,FLAGGED_FOR_REVIEW,CONFIDENTIAL
RSK_000133,CUST_008414,AML_SCREENING,2026-10-01T08:05:43.771000+00:00,0.413,APPROVED,CONFIDENTIAL
RSK_000134,CUST_007291,CREDIT_EVALUATION,2026-10-01T08:05:44.985000+00:00,0.147,APPROVED,CONFIDENTIAL
RSK_000135,CUST_006171,FRAUD_DETECTION,2026-10-01T08:05:48.006000+00:00,0.118,APPROVED,CONFIDENTIAL
RSK_000136,CUST_005310,AML_SCREENING,2026-10-01T08:05:52.675000+00:00,0.252,APPROVED,CONFIDENTIAL
RSK_000137,CUST_001092,CREDIT_EVALUATION,2026-10-01T08:05:56.733000+00:00,0.346,APPROVED,CONFIDENTIAL
RSK_000138,CUST_008188,FRAUD_DETECTION,2026-10-01T08:05:59.885000+00:00,0.129,APPROVED,CONFIDENTIAL
RSK_000139,CUST_001760,FRAUD_DETECTION,2026-10-01T08:06:01.252000+00:00,0.518,FLAGGED_FOR_REVIEW,CONFIDENTIAL
RSK_000140,CUST_007618,FRAUD_DETECTION,2026-10-01T08:06:04.230000+00:00,0.578,FLAGGED_FOR_REVIEW,CONFIDENTIAL
RSK_000141,CUST_000484,AML_SCREENING,2026-10-01T08:06:08.771000+00:00,0.145,APPROVED,CONFIDENTIAL
RSK_000142,CUST_001574,AML_SCREENING,2026-10-01T08:06:10.986000+00:00,0.205,APPROVED,CONFIDENTIAL
RSK_000143,CUST_002075,AML_SCREENING,2026-10-01T08:06:12.739000+00:00,0.402,APPROVED,CONFIDENTIAL
RSK_000144,CUST_009986,FRAUD_DETECTION,2026-10-01T08:06:16.285000+00:00,0.25,APPROVED,CONFIDENTIAL
RSK_000145,CUST_004289,LOAN_SCORING,2026-10-01T08:06:21.223000+00:00,0.286,APPROVED,CONFIDENTIAL
RSK_000146,CUST_003475,FRAUD_DETECTION,2026-10-01T08:06:23.008000+00:00,0.033,APPROVED,CONFIDENTIAL
RSK_000147,CUST_007440,LOAN_SCORING,2026-10-01T08:06:27.411000+00:00,0.49,FLAGGED_FOR_REVIEW,CONFIDENTIAL
RSK_000148,CUST_003331,AML_SCREENING,2026-10-01T08:06:29.140000+00:00,0.127,APPROVED,CONFIDENTIAL
RSK_000149,CUST_002707,FRAUD_DETECTION,2026-10-01T08:06:31.901000+00:00,0.167,APPROVED,CONFIDENTIAL
RSK_000150,CUST_008029,CREDIT_EVALUATION,2026-10-01T08:06:35.809000+00:00,0.343,APPROVED,CONFIDENTIAL
RSK_000151,CUST_001837,LOAN_SCORING,2026-10-01T08:06:37.271000+00:00,0.177,APPROVED,CONFIDENTIAL
RSK_000152,CUST_000046,FRAUD_DETECTION,2026-10-01T08:06:38.876000+00:00,0.5,FLAGGED_FOR_REVIEW,CONFIDENTIAL
RSK_000153,CUST_008734,LOAN_SCORING,2026-10-01T08:06:39.883000+00:00,0.49,FLAGGED_FOR_REVIEW,CONFIDENTIAL
RSK_000154,CUST_002483,LOAN_SCORING,2026-10-01T08:06:40.549000+00:00,0.289,APPROVED,CONFIDENTIAL
RSK_000155,CUST_003964,LOAN_SCORING,2026-10-01T08:06:44.784000+00:00,0.137,APPROVED,CONFIDENTIAL
RSK_000156,CUST_007496,CREDIT_EVALUATION,2026-10-01T08:06:45.824000+00:00,0.277,APPROVED,CONFIDENTIAL
RSK_000157,CUST_004343,CREDIT_EVALUATION,2026-10-01T08:06:47.447000+00:00,0.29,APPROVED,CONFIDENTIAL
RSK_000158,CUST_004580,CREDIT_EVALUATION,2026-10-01T08:06:52.141000+00:00,0.251,APPROVED,CONFIDENTIAL
RSK_000159,CUST_009454,CREDIT_EVALUATION,2026-10-01T08:06:56.708000+00:00,0.235,APPROVED,CONFIDENTIAL
RSK_000160,CUST_007063,AML_SCREENING,2026-10-01T08:06:59.769000+00:00,0.338,APPROVED,CONFIDENTIAL
RSK_000161,CUST_000181,FRAUD_DETECTION,2026-10-01T08:07:04.251000+00:00,0.457,FLAGGED_FOR_REVIEW,CONFIDENTIAL
RSK_000162,CUST_006599,LOAN_SCORING,2026-10-01T08:07:06.712000+00:00,0.071,APPROVED,CONFIDENTIAL
RSK_000163,CUST_006006,FRAUD_DETECTION,2026-10-01T08:07:07.714000+00:00,0.293,APPROVED,CONFIDENTIAL
RSK_000164,CUST_008883,FRAUD_DETECTION,2026-10-01T08:07:11.895000+00:00,0.45,APPROVED,CONFIDENTIAL
RSK_000165,CUST_006692,CREDIT_EVALUATION,2026-10-01T08:07:12.264000+00:00,0.122,APPROVED,CONFIDENTIAL
RSK_000166,CUST_007329,CREDIT_EVALUATION,2026-10-01T08:07:14.927000+00:00,0.251,APPROVED,CONFIDENTIAL
RSK_000167,CUST_003942,FRAUD_DETECTION,2026-10-01T08:07:18.323000+00:00,0.352,APPROVED,CONFIDENTIAL
RSK_000168,CUST_005009,LOAN_SCORING,2026-10-01T08:07:22.039000+00:00,0.372,APPROVED,CONFIDENTIAL
RSK_000169,CUST_001559,FRAUD_DETECTION,2026-10-01T08:07:23.316000+00:00,0.177,APPROVED,CONFIDENTIAL
RSK_000170,CUST_000723,AML_SCREENING,2026-10-01T08:07:25.294000+00:00,0.316,APPROVED,CONFIDENTIAL
RSK_000171,CUST_002578,FRAUD_DETECTION,2026-10-01T08:07:27.286000+00:00,0.069,APPROVED,CONFIDENTIAL
RSK_000172,CUST_006193,AML_SCREENING,2026-10-01T08:07:28.214000+00:00,0.21,APPROVED,CONFIDENTIAL
RSK_000173,CUST_007528,LOAN_SCORING,2026-10-01T08:07:32.884000+00:00,0.038,APPROVED,CONFIDENTIAL
RSK_000174,CUST_009963,LOAN_SCORING,2026-10-01T08:07:37.537000+00:00,0.044,APPROVED,CONFIDENTIAL
RSK_000175,CUST_003553,LOAN_SCORING,2026-10-01T08:07:38.977000+00:00,0.272,APPROVED,CONFIDENTIAL
RSK_000176,CUST_009903,FRAUD_DETECTION,2026-10-01T08:07:42.266000+00:00,0.208,APPROVED,CONFIDENTIAL
RSK_000177,CUST_005332,CREDIT_EVALUATION,2026-10-01T08:07:45.608000+00:00,0.07,APPROVED,CONFIDENTIAL
RSK_000178,CUST_003602,CREDIT_EVALUATION,2026-10-01T08:07:47.645000+00:00,0.186,APPROVED,CONFIDENTIAL
RSK_000179,CUST_009734,FRAUD_DETECTION,2026-10-01T08:07:50.306000+00:00,0.147,APPROVED,CONFIDENTIAL
RSK_000180,CUST_006534,FRAUD_DETECTION,2026-10-01T08:07:54.408000+00:00,0.741,REJECTED,CONFIDENTIAL
RSK_000181,CUST_003377,CREDIT_EVALUATION,2026-10-01T08:07:57.625000+00:00,0.515,FLAGGED_FOR_REVIEW,CONFIDENTIAL
RSK_000182,CUST_000056,AML_SCREENING,2026-10-01T08:08:01.104000+00:00,0.35,APPROVED,CONFIDENTIAL
RSK_000183,CUST_009697,FRAUD_DETECTION,2026-10-01T08:08:02.506000+00:00,0.252,APPROVED,CONFIDENTIAL
RSK_000184,CUST_009945,LOAN_SCORING,2026-10-01T08:08:07.269000+00:00,0.65,FLAGGED_FOR_REVIEW,CONFIDENTIAL
RSK_000185,CUST_006291,LOAN_SCORING,2026-10-01T08:08:10.178000+00:00,0.205,APPROVED,CONFIDENTIAL
RSK_000186,CUST_000711,AML_SCREENING,2026-10-01T08:08:14.425000+00:00,0.312,APPROVED,CONFIDENTIAL
RSK_000187,CUST_007124,CREDIT_EVALUATION,2026-10-01T08:08:17.840000+00:00,0.146,APPROVED,CONFIDENTIAL
RSK_000188,CUST_000153,FRAUD_DETECTION,2026-10-01T08:08:21.656000+00:00,0.362,APPROVED,CONFIDENTIAL
RSK_000189,CUST_009564,CREDIT_EVALUATION,2026-10-01T08:08:26.622000+00:00,0.191,APPROVED,CONFIDENTIAL
RSK_000190,CUST_002693,AML_SCREENING,2026-10-01T08:08:30.300000+00:00,0.321,APPROVED,CONFIDENTIAL
RSK_000191,CUST_001449,AML_SCREENING,2026-10-01T08:08:31.745000+00:00,0.289,APPROVED,CONFIDENTIAL
RSK_000192,CUST_005715,FRAUD_DETECTION,2026-10-01T08:08:34.856000+00:00,0.295,APPROVED,CONFIDENTIAL
RSK_000193,CUST_006996,FRAUD_DETECTION,2026-10-01T08:08:38.437000+00:00,0.506,FLAGGED_FOR_REVIEW,CONFIDENTIAL
RSK_000194,CUST_007284,CREDIT_EVALUATION,2026-10-01T08:08:41.764000+00:00,0.106,APPROVED,CONFIDENTIAL
RSK_000195,CUST_008288,FRAUD_DETECTION,2026-10-01T08:08:44.509000+00:00,0.538,FLAGGED_FOR_REVIEW,CONFIDENTIAL
RSK_000196,CUST_005541,FRAUD_DETECTION,2026-10-01T08:08:48.091000+00:00,0.333,APPROVED,CONFIDENTIAL
RSK_000197,CUST_000161,AML_SCREENING,2026-10-01T08:08:52.477000+00:00,0.382,APPROVED,CONFIDENTIAL
RSK_000198,CUST_004220,CREDIT_EVALUATION,2026-10-01T08:08:53.103000+00:00,0.666,FLAGGED_FOR_REVIEW,CONFIDENTIAL
RSK_000199,CUST_003591,LOAN_SCORING,2026-10-01T08:08:57.106000+00:00,0.391,APPROVED,CONFIDENTIAL
RSK_000200,CUST_003449,LOAN_SCORING,2026-10-01T08:08:59.486000+00:00,0.154,APPROVED,CONFIDENTIAL
RSK_000201,CUST_000422,LOAN_SCORING,2026-10-01T08:09:00.576000+00:00,0.082,APPROVED,CONFIDENTIAL
RSK_000202,CUST_009300,FRAUD_DETECTION,2026-10-01T08:09:02.657000+00:00,0.307,APPROVED,CONFIDENTIAL
RSK_000203,CUST_005114,FRAUD_DETECTION,2026-10-01T08:09:04.887000+00:00,0.328,APPROVED,CONFIDENTIAL
RSK_000204,CUST_003367,FRAUD_DETECTION,2026-10-01T08:09:07.868000+00:00,0.172,APPROVED,CONFIDENTIAL
RSK_000205,CUST_006440,FRAUD_DETECTION,2026-10-01T08:09:10.818000+00:00,0.174,APPROVED,CONFIDENTIAL
RSK_000206,CUST_009708,LOAN_SCORING,2026-10-01T08:09:12.493000+00:00,0.125,APPROVED,CONFIDENTIAL
RSK_000207,CUST_007231,LOAN_SCORING,2026-10-01T08:09:16.538000+00:00,0.06,APPROVED,CONFIDENTIAL
RSK_000208,CUST_008372,FRAUD_DETECTION,2026-10-01T08:09:19.175000+00:00,0.424,APPROVED,CONFIDENTIAL
RSK_000209,CUST_007914,AML_SCREENING,2026-10-01T08:09:23.367000+00:00,0.147,APPROVED,CONFIDENTIAL
RSK_000210,CUST_007154,AML_SCREENING,2026-10-01T08:09:25.113000+00:00,0.303,APPROVED,CONFIDENTIAL
RSK_000211,CUST_004897,CREDIT_EVALUATION,2026-10-01T08:09:28.965000+00:00,0.188,APPROVED,CONFIDENTIAL
RSK_000212,CUST_004057,FRAUD_DETECTION,2026-10-01T08:09:31.099000+00:00,0.189,APPROVED,CONFIDENTIAL
RSK_000213,CUST_000624,FRAUD_DETECTION,2026-10-01T08:09:35.690000+00:00,0.217,APPROVED,CONFIDENTIAL
RSK_000214,CUST_005870,FRAUD_DETECTION,2026-10-01T08:09:38.168000+00:00,0.249,APPROVED,CONFIDENTIAL
RSK_000215,CUST_007260,FRAUD_DETECTION,2026-10-01T08:09:39.340000+00:00,0.485,FLAGGED_FOR_REVIEW,CONFIDENTIAL
RSK_000216,CUST_001891,LOAN_SCORING,2026-10-01T08:09:41.623000+00:00,0.104,APPROVED,CONFIDENTIAL
RSK_000217,CUST_007170,CREDIT_EVALUATION,2026-10-01T08:09:45.084000+00:00,0.48,FLAGGED_FOR_REVIEW,CONFIDENTIAL
RSK_000218,CUST_007956,AML_SCREENING,2026-10-01T08:09:48.569000+00:00,0.395,APPROVED,CONFIDENTIAL
RSK_000219,CUST_002052,FRAUD_DETECTION,2026-10-01T08:09:52.049000+00:00,0.301,APPROVED,CONFIDENTIAL
RSK_000220,CUST_004955,CREDIT_EVALUATION,2026-10-01T08:09:52.323000+00:00,0.519,FLAGGED_FOR_REVIEW,CONFIDENTIAL
RSK_000221,CUST_001155,AML_SCREENING,2026-10-01T08:09:55.304000+00:00,0.083,APPROVED,CONFIDENTIAL
RSK_000222,CUST_000350,AML_SCREENING,2026-10-01T08:09:56.407000+00:00,0.398,APPROVED,CONFIDENTIAL
RSK_000223,CUST_008394,LOAN_SCORING,2026-10-01T08:09:57.120000+00:00,0.582,FLAGGED_FOR_REVIEW,CONFIDENTIAL
RSK_000224,CUST_008042,CREDIT_EVALUATION,2026-10-01T08:10:01.463000+00:00,0.198,APPROVED,CONFIDENTIAL
RSK_000225,CUST_002321,AML_SCREENING,2026-10-01T08:10:03.948000+00:00,0.436,APPROVED,CONFIDENTIAL
RSK_000226,CUST_008069,CREDIT_EVALUATION,2026-10-01T08:10:06.481000+00:00,0.04,APPROVED,CONFIDENTIAL
RSK_000227,CUST_000193,AML_SCREENING,2026-10-01T08:10:08.913000+00:00,0.173,APPROVED,CONFIDENTIAL
RSK_000228,CUST_003841,CREDIT_EVALUATION,2026-10-01T08:10:11.618000+00:00,0.208,APPROVED,CONFIDENTIAL
RSK_000229,CUST_009962,FRAUD_DETECTION,2026-10-01T08:10:16.049000+00:00,0.045,APPROVED,CONFIDENTIAL
RSK_000230,CUST_007470,AML_SCREENING,2026-10-01T08:10:18.578000+00:00,0.582,FLAGGED_FOR_REVIEW,CONFIDENTIAL
RSK_000231,CUST_002997,AML_SCREENING,2026-10-01T08:10:20.542000+00:00,0.615,FLAGGED_FOR_REVIEW,CONFIDENTIAL
RSK_000232,CUST_005421,FRAUD_DETECTION,2026-10-01T08:10:21.537000+00:00,0.125,APPROVED,CONFIDENTIAL
RSK_000233,CUST_008692,CREDIT_EVALUATION,2026-10-01T08:10:25.089000+00:00,0.157,APPROVED,CONFIDENTIAL
RSK_000234,CUST_006913,AML_SCREENING,2026-10-01T08:10:29.165000+00:00,0.295,APPROVED,CONFIDENTIAL
RSK_000235,CUST_005718,FRAUD_DETECTION,2026-10-01T08:10:29.532000+00:00,0.311,APPROVED,CONFIDENTIAL
RSK_000236,CUST_006068,CREDIT_EVALUATION,2026-10-01T08:10:34.405000+00:00,0.147,APPROVED,CONFIDENTIAL
RSK_000237,CUST_006266,FRAUD_DETECTION,2026-10-01T08:10:36.910000+00:00,0.182,APPROVED,CONFIDENTIAL
RSK_000238,CUST_008057,LOAN_SCORING,2026-10-01T08:10:41.615000+00:00,0.44,APPROVED,CONFIDENTIAL
RSK_000239,CUST_008347,LOAN_SCORING,2026-10-01T08:10:43.171000+00:00,0.119,APPROVED,CONFIDENTIAL
RSK_000240,CUST_001696,LOAN_SCORING,2026-10-01T08:10:45.761000+00:00,0.217,APPROVED,CONFIDENTIAL
RSK_000241,CUST_006272,FRAUD_DETECTION,2026-10-01T08:10:48.428000+00:00,0.328,APPROVED,CONFIDENTIAL
RSK_000242,CUST_002850,CREDIT_EVALUATION,2026-10-01T08:10:51.279000+00:00,0.638,FLAGGED_FOR_REVIEW,CONFIDENTIAL
RSK_000243,CUST_007359,FRAUD_DETECTION,2026-10-01T08:10:54.345000+00:00,0.646,FLAGGED_FOR_REVIEW,CONFIDENTIAL
RSK_000244,CUST_006057,LOAN_SCORING,2026-10-01T08:10:59.096000+00:00,0.282,APPROVED,CONFIDENTIAL
RSK_000245,CUST_006383,AML_SCREENING,2026-10-01T08:10:59.768000+00:00,0.314,APPROVED,CONFIDENTIAL
RSK_000246,CUST_005344,FRAUD_DETECTION,2026-10-01T08:11:00.009000+00:00,0.325,APPROVED,CONFIDENTIAL
RSK_000247,CUST_004406,LOAN_SCORING,2026-10-01T08:11:02.555000+00:00,0.202,APPROVED,CONFIDENTIAL
RSK_000248,CUST_004782,CREDIT_EVALUATION,2026-10-01T08:11:07.058000+00:00,0.474,FLAGGED_FOR_REVIEW,CONFIDENTIAL
RSK_000249,CUST_002833,AML_SCREENING,2026-10-01T08:11:08.617000+00:00,0.289,APPROVED,CONFIDENTIAL
RSK_000250,CUST_002139,LOAN_SCORING,2026-10-01T08:11:11.592000+00:00,0.242,APPROVED,CONFIDENTIAL
RSK_000251,CUST_005130,CREDIT_EVALUATION,2026-10-01T08:11:12.507000+00:00,0.39,APPROVED,CONFIDENTIAL
RSK_000252,CUST_009923,AML_SCREENING,2026-10-01T08:11:14.170000+00:00,0.435,APPROVED,CONFIDENTIAL
RSK_000253,CUST_000023,LOAN_SCORING,2026-10-01T08:11:18.855000+00:00,0.239,APPROVED,CONFIDENTIAL
RSK_000254,CUST_001592,AML_SCREENING,2026-10-01T08:11:22.298000+00:00,0.246,APPROVED,CONFIDENTIAL
RSK_000255,CUST_000174,FRAUD_DETECTION,2026-10-01T08:11:23.883000+00:00,0.072,APPROVED,CONFIDENTIAL
RSK_000256,CUST_001656,CREDIT_EVALUATION,2026-10-01T08:11:27.730000+00:00,0.389,APPROVED,CONFIDENTIAL
RSK_000257,CUST_007359,LOAN_SCORING,2026-10-01T08:11:28.025000+00:00,0.438,APPROVED,CONFIDENTIAL
RSK_000258,CUST_002093,AML_SCREENING,2026-10-01T08:11:28.477000+00:00,0.555,FLAGGED_FOR_REVIEW,CONFIDENTIAL
RSK_000259,CUST_004663,LOAN_SCORING,2026-10-01T08:11:33.375000+00:00,0.102,APPROVED,CONFIDENTIAL
RSK_000260,CUST_009648,CREDIT_EVALUATION,2026-10-01T08:11:37.671000+00:00,0.267,APPROVED,CONFIDENTIAL
RSK_000261,CUST_002874,AML_SCREENING,2026-10-01T08:11:39.055000+00:00,0.121,APPROVED,CONFIDENTIAL
RSK_000262,CUST_005814,CREDIT_EVALUATION,2026-10-01T08:11:41.992000+00:00,0.18,APPROVED,CONFIDENTIAL
RSK_000263,CUST_004777,FRAUD_DETECTION,2026-10-01T08:11:44.324000+00:00,0.173,APPROVED,CONFIDENTIAL
RSK_000264,CUST_006050,LOAN_SCORING,2026-10-01T08:11:45.601000+00:00,0.126,APPROVED,CONFIDENTIAL
RSK_000265,CUST_006309,FRAUD_DETECTION,2026-10-01T08:11:49.263000+00:00,0.211,APPROVED,CONFIDENTIAL
RSK_000266,CUST_007430,CREDIT_EVALUATION,2026-10-01T08:11:53.787000+00:00,0.21,APPROVED,CONFIDENTIAL
RSK_000267,CUST_008740,CREDIT_EVALUATION,2026-10-01T08:11:55.142000+00:00,0.229,APPROVED,CONFIDENTIAL
RSK_000268,CUST_008732,FRAUD_DETECTION,2026-10-01T08:11:56.827000+00:00,0.258,APPROVED,CONFIDENTIAL
RSK_000269,CUST_005944,LOAN_SCORING,2026-10-01T08:11:59.536000+00:00,0.287,APPROVED,CONFIDENTIAL
RSK_000270,CUST_007117,FRAUD_DETECTION,2026-10-01T08:12:01.676000+00:00,0.181,APPROVED,CONFIDENTIAL
RSK_000271,CUST_008857,AML_SCREENING,2026-10-01T08:12:06.298000+00:00,0.13,APPROVED,CONFIDENTIAL
RSK_000272,CUST_002277,AML_SCREENING,2026-10-01T08:12:07.953000+00:00,0.431,APPROVED,CONFIDENTIAL
RSK_000273,CUST_000716,CREDIT_EVALUATION,2026-10-01T08:12:12.519000+00:00,0.474,FLAGGED_FOR_REVIEW,CONFIDENTIAL
RSK_000274,CUST_004064,LOAN_SCORING,2026-10-01T08:12:16.832000+00:00,0.071,APPROVED,CONFIDENTIAL
RSK_000275,CUST_001289,FRAUD_DETECTION,2026-10-01T08:12:19.417000+00:00,0.139,APPROVED,CONFIDENTIAL
RSK_000276,CUST_004613,LOAN_SCORING,2026-10-01T08:12:20.116000+00:00,0.181,APPROVED,CONFIDENTIAL
RSK_000277,CUST_005737,CREDIT_EVALUATION,2026-10-01T08:12:23.342000+00:00,0.146,APPROVED,CONFIDENTIAL
RSK_000278,CUST_000322,CREDIT_EVALUATION,2026-10-01T08:12:26.228000+00:00,0.214,APPROVED,CONFIDENTIAL
RSK_000279,CUST_004925,LOAN_SCORING,2026-10-01T08:12:30.265000+00:00,0.18,APPROVED,CONFIDENTIAL
RSK_000280,CUST_005860,AML_SCREENING,2026-10-01T08:12:31.258000+00:00,0.103,APPROVED,CONFIDENTIAL
RSK_000281,CUST_002445,AML_SCREENING,2026-10-01T08:12:35.717000+00:00,0.312,APPROVED,CONFIDENTIAL
RSK_000282,CUST_000429,AML_SCREENING,2026-10-01T08:12:36.309000+00:00,0.219,APPROVED,CONFIDENTIAL
RSK_000283,CUST_007681,FRAUD_DETECTION,2026-10-01T08:12:36.549000+00:00,0.345,APPROVED,CONFIDENTIAL
RSK_000284,CUST_005203,AML_SCREENING,2026-10-01T08:12:40.498000+00:00,0.271,APPROVED,CONFIDENTIAL
RSK_000285,CUST_005072,LOAN_SCORING,2026-10-01T08:12:44.346000+00:00,0.085,APPROVED,CONFIDENTIAL
RSK_000286,CUST_005397,LOAN_SCORING,2026-10-01T08:12:48.566000+00:00,0.202,APPROVED,CONFIDENTIAL
RSK_000287,CUST_000509,CREDIT_EVALUATION,2026-10-01T08:12:49.818000+00:00,0.481,FLAGGED_FOR_REVIEW,CONFIDENTIAL
RSK_000288,CUST_001354,LOAN_SCORING,2026-10-01T08:12:52.853000+00:00,0.144,APPROVED,CONFIDENTIAL
RSK_000289,CUST_008927,FRAUD_DETECTION,2026-10-01T08:12:55.976000+00:00,0.189,APPROVED,CONFIDENTIAL
RSK_000290,CUST_009778,AML_SCREENING,2026-10-01T08:12:59.770000+00:00,0.392,APPROVED,CONFIDENTIAL
RSK_000291,CUST_005370,CREDIT_EVALUATION,2026-10-01T08:13:00.556000+00:00,0.303,APPROVED,CONFIDENTIAL
RSK_000292,CUST_000561,CREDIT_EVALUATION,2026-10-01T08:13:01.959000+00:00,0.452,FLAGGED_FOR_REVIEW,CONFIDENTIAL
RSK_000293,CUST_006006,FRAUD_DETECTION,2026-10-01T08:13:02.558000+00:00,0.13,APPROVED,CONFIDENTIAL
RSK_000294,CUST_006572,FRAUD_DETECTION,2026-10-01T08:13:04.265000+00:00,0.272,APPROVED,CONFIDENTIAL
RSK_000295,CUST_005033,AML_SCREENING,2026-10-01T08:13:08.934000+00:00,0.312,APPROVED,CONFIDENTIAL
RSK_000296,CUST_008634,LOAN_SCORING,2026-10-01T08:13:11.678000+00:00,0.245,APPROVED,CONFIDENTIAL
RSK_000297,CUST_002891,FRAUD_DETECTION,2026-10-01T08:13:13.980000+00:00,0.459,FLAGGED_FOR_REVIEW,CONFIDENTIAL
RSK_000298,CUST_007942,AML_SCREENING,2026-10-01T08:13:14.878000+00:00,0.19,APPROVED,CONFIDENTIAL
RSK_000299,CUST_009994,FRAUD_DETECTION,2026-10-01T08:13:16.208000+00:00,0.133,APPROVED,CONFIDENTIAL
RSK_000300,CUST_001835,LOAN_SCORING,2026-10-01T08:13:19.182000+00:00,0.64,FLAGGED_FOR_REVIEW,CONFIDENTIAL
RSK_000301,CUST_005167,LOAN_SCORING,2026-10-01T08:13:20.352000+00:00,0.419,APPROVED,CONFIDENTIAL
RSK_000302,CUST_005416,CREDIT_EVALUATION,2026-10-01T08:13:24.005000+00:00,0.129,APPROVED,CONFIDENTIAL
RSK_000303,CUST_005482,FRAUD_DETECTION,2026-10-01T08:13:28.065000+00:00,0.257,APPROVED,CONFIDENTIAL
RSK_000304,CUST_008749,AML_SCREENING,2026-10-01T08:13:32.797000+00:00,0.467,FLAGGED_FOR_REVIEW,CONFIDENTIAL
RSK_000305,CUST_008237,LOAN_SCORING,2026-10-01T08:13:34.520000+00:00,0.236,APPROVED,CONFIDENTIAL
RSK_000306,CUST_007174,FRAUD_DETECTION,2026-10-01T08:13:37.525000+00:00,0.362,APPROVED,CONFIDENTIAL
RSK_000307,CUST_000937,AML_SCREENING,2026-10-01T08:13:40.342000+00:00,0.296,APPROVED,CONFIDENTIAL
RSK_000308,CUST_008963,LOAN_SCORING,2026-10-01T08:13:44.104000+00:00,0.404,APPROVED,CONFIDENTIAL
RSK_000309,CUST_008477,AML_SCREENING,2026-10-01T08:13:48.475000+00:00,0.369,APPROVED,CONFIDENTIAL
RSK_000310,CUST_003519,FRAUD_DETECTION,2026-10-01T08:13:49.165000+00:00,0.223,APPROVED,CONFIDENTIAL
RSK_000311,CUST_007679,FRAUD_DETECTION,2026-10-01T08:13:50.538000+00:00,0.364,APPROVED,CONFIDENTIAL
RSK_000312,CUST_000509,AML_SCREENING,2026-10-01T08:13:52.081000+00:00,0.429,APPROVED,CONFIDENTIAL
RSK_000313,CUST_006455,CREDIT_EVALUATION,2026-10-01T08:13:53.846000+00:00,0.466,FLAGGED_FOR_REVIEW,CONFIDENTIAL
RSK_000314,CUST_008550,FRAUD_DETECTION,2026-10-01T08:13:56.023000+00:00,0.346,APPROVED,CONFIDENTIAL
RSK_000315,CUST_009950,FRAUD_DETECTION,2026-10-01T08:14:00.514000+00:00,0.116,APPROVED,CONFIDENTIAL
RSK_000316,CUST_006291,AML_SCREENING,2026-10-01T08:14:01.833000+00:00,0.478,FLAGGED_FOR_REVIEW,CONFIDENTIAL
RSK_000317,CUST_005495,LOAN_SCORING,2026-10-01T08:14:06.388000+00:00,0.417,APPROVED,CONFIDENTIAL
RSK_000318,CUST_008223,FRAUD_DETECTION,2026-10-01T08:14:07.723000+00:00,0.37,APPROVED,CONFIDENTIAL
RSK_000319,CUST_009226,AML_SCREENING,2026-10-01T08:14:10.695000+00:00,0.164,APPROVED,CONFIDENTIAL
RSK_000320,CUST_004009,FRAUD_DETECTION,2026-10-01T08:14:11.725000+00:00,0.302,APPROVED,CONFIDENTIAL
RSK_000321,CUST_008505,LOAN_SCORING,2026-10-01T08:14:16.088000+00:00,0.097,APPROVED,CONFIDENTIAL
RSK_000322,CUST_006322,AML_SCREENING,2026-10-01T08:14:17.916000+00:00,0.383,APPROVED,CONFIDENTIAL
RSK_000323,CUST_004077,AML_SCREENING,2026-10-01T08:14:22.900000+00:00,0.077,APPROVED,CONFIDENTIAL
RSK_000324,CUST_005019,FRAUD_DETECTION,2026-10-01T08:14:26.219000+00:00,0.36,APPROVED,CONFIDENTIAL
RSK_000325,CUST_001161,AML_SCREENING,2026-10-01T08:14:28.397000+00:00,0.799,REJECTED,CONFIDENTIAL
RSK_000326,CUST_003918,CREDIT_EVALUATION,2026-10-01T08:14:32.835000+00:00,0.138,APPROVED,CONFIDENTIAL
RSK_000327,CUST_001093,FRAUD_DETECTION,2026-10-01T08:14:33.303000+00:00,0.448,APPROVED,CONFIDENTIAL
RSK_000328,CUST_003572,AML_SCREENING,2026-10-01T08:14:35.359000+00:00,0.234,APPROVED,CONFIDENTIAL
RSK_000329,CUST_002946,LOAN_SCORING,2026-10-01T08:14:39.315000+00:00,0.442,APPROVED,CONFIDENTIAL
RSK_000330,CUST_007410,CREDIT_EVALUATION,2026-10-01T08:14:40.316000+00:00,0.744,REJECTED,CONFIDENTIAL
RSK_000331,CUST_000717,CREDIT_EVALUATION,2026-10-01T08:14:43.511000+00:00,0.217,APPROVED,CONFIDENTIAL
RSK_000332,CUST_008374,FRAUD_DETECTION,2026-10-01T08:14:48.009000+00:00,0.408,APPROVED,CONFIDENTIAL
RSK_000333,CUST_004075,AML_SCREENING,2026-10-01T08:14:49.913000+00:00,0.223,APPROVED,CONFIDENTIAL
RSK_000334,CUST_006070,CREDIT_EVALUATION,2026-10-01T08:14:50.981000+00:00,0.258,APPROVED,CONFIDENTIAL
RSK_000335,CUST_001732,AML_SCREENING,2026-10-01T08:14:52.110000+00:00,0.33,APPROVED,CONFIDENTIAL
RSK_000336,CUST_007670,FRAUD_DETECTION,2026-10-01T08:14:53.465000+00:00,0.137,APPROVED,CONFIDENTIAL
RSK_000337,CUST_001723,AML_SCREENING,2026-10-01T08:14:56.570000+00:00,0.25,APPROVED,CONFIDENTIAL
RSK_000338,CUST_007705,LOAN_SCORING,2026-10-01T08:14:59.561000+00:00,0.234,APPROVED,CONFIDENTIAL
RSK_000339,CUST_008019,LOAN_SCORING,2026-10-01T08:15:00.445000+00:00,0.095,APPROVED,CONFIDENTIAL
RSK_000340,CUST_001881,LOAN_SCORING,2026-10-01T08:15:02.143000+00:00,0.427,APPROVED,CONFIDENTIAL
RSK_000341,CUST_002378,FRAUD_DETECTION,2026-10-01T08:15:06.603000+00:00,0.305,APPROVED,CONFIDENTIAL
RSK_000342,CUST_004207,AML_SCREENING,2026-10-01T08:15:06.946000+00:00,0.373,APPROVED,CONFIDENTIAL
RSK_000343,CUST_007036,CREDIT_EVALUATION,2026-10-01T08:15:10.883000+00:00,0.228,APPROVED,CONFIDENTIAL
RSK_000344,CUST_003132,FRAUD_DETECTION,2026-10-01T08:15:15.799000+00:00,0.129,APPROVED,CONFIDENTIAL
RSK_000345,CUST_006668,FRAUD_DETECTION,2026-10-01T08:15:17.190000+00:00,0.287,APPROVED,CONFIDENTIAL
RSK_000346,CUST_004746,LOAN_SCORING,2026-10-01T08:15:17.491000+00:00,0.025,APPROVED,CONFIDENTIAL
RSK_000347,CUST_003785,AML_SCREENING,2026-10-01T08:15:21.124000+00:00,0.192,APPROVED,CONFIDENTIAL
RSK_000348,CUST_003339,AML_SCREENING,2026-10-01T08:15:22.318000+00:00,0.107,APPROVED,CONFIDENTIAL
RSK_000349,CUST_008638,FRAUD_DETECTION,2026-10-01T08:15:24.359000+00:00,0.825,REJECTED,CONFIDENTIAL
RSK_000350,CUST_008650,AML_SCREENING,2026-10-01T08:15:26.038000+00:00,0.578,FLAGGED_FOR_REVIEW,CONFIDENTIAL
RSK_000351,CUST_008475,CREDIT_EVALUATION,2026-10-01T08:15:30.389000+00:00,0.313,APPROVED,CONFIDENTIAL
RSK_000352,CUST_001174,CREDIT_EVALUATION,2026-10-01T08:15:30.665000+00:00,0.362,APPROVED,CONFIDENTIAL
RSK_000353,CUST_002518,CREDIT_EVALUATION,2026-10-01T08:15:31.895000+00:00,0.622,FLAGGED_FOR_REVIEW,CONFIDENTIAL
RSK_000354,CUST_008941,LOAN_SCORING,2026-10-01T08:15:35.845000+00:00,0.487,FLAGGED_FOR_REVIEW,CONFIDENTIAL
RSK_000355,CUST_009049,LOAN_SCORING,2026-10-01T08:15:40.336000+00:00,0.154,APPROVED,CONFIDENTIAL
RSK_000356,CUST_002169,AML_SCREENING,2026-10-01T08:15:44.012000+00:00,0.138,APPROVED,CONFIDENTIAL
RSK_000357,CUST_007135,LOAN_SCORING,2026-10-01T08:15:46.426000+00:00,0.112,APPROVED,CONFIDENTIAL
RSK_000358,CUST_008260,AML_SCREENING,2026-10-01T08:15:49.983000+00:00,0.197,APPROVED,CONFIDENTIAL
RSK_000359,CUST_005685,AML_SCREENING,2026-10-01T08:15:50.652000+00:00,0.445,APPROVED,CONFIDENTIAL
RSK_000360,CUST_004834,CREDIT_EVALUATION,2026-10-01T08:15:54.489000+00:00,0.159,APPROVED,CONFIDENTIAL
RSK_000361,CUST_002071,AML_SCREENING,2026-10-01T08:15:55.942000+00:00,0.241,APPROVED,CONFIDENTIAL
RSK_000362,CUST_002041,CREDIT_EVALUATION,2026-10-01T08:15:56.663000+00:00,0.174,APPROVED,CONFIDENTIAL
RSK_000363,CUST_008974,LOAN_SCORING,2026-10-01T08:15:58.443000+00:00,0.323,APPROVED,CONFIDENTIAL
RSK_000364,CUST_005576,AML_SCREENING,2026-10-01T08:16:00.373000+00:00,0.117,APPROVED,CONFIDENTIAL
RSK_000365,CUST_008612,FRAUD_DETECTION,2026-10-01T08:16:02.068000+00:00,0.315,APPROVED,CONFIDENTIAL
RSK_000366,CUST_009955,FRAUD_DETECTION,2026-10-01T08:16:03.483000+00:00,0.142,APPROVED,CONFIDENTIAL
RSK_000367,CUST_009426,FRAUD_DETECTION,2026-10-01T08:16:05.090000+00:00,0.058,APPROVED,CONFIDENTIAL
RSK_000368,CUST_006609,CREDIT_EVALUATION,2026-10-01T08:16:05.323000+00:00,0.132,APPROVED,CONFIDENTIAL
RSK_000369,CUST_000851,LOAN_SCORING,2026-10-01T08:16:05.685000+00:00,0.14,APPROVED,CONFIDENTIAL
RSK_000370,CUST_009461,LOAN_SCORING,2026-10-01T08:16:09.040000+00:00,0.361,APPROVED,CONFIDENTIAL
RSK_000371,CUST_007310,AML_SCREENING,2026-10-01T08:16:13.651000+00:00,0.249,APPROVED,CONFIDENTIAL
RSK_000372,CUST_003147,AML_SCREENING,2026-10-01T08:16:14.430000+00:00,0.235,APPROVED,CONFIDENTIAL
RSK_000373,CUST_001621,LOAN_SCORING,2026-10-01T08:16:15.335000+00:00,0.252,APPROVED,CONFIDENTIAL
RSK_000374,CUST_001509,LOAN_SCORING,2026-10-01T08:16:17.210000+00:00,0.165,APPROVED,CONFIDENTIAL
RSK_000375,CUST_008600,CREDIT_EVALUATION,2026-10-01T08:16:18.522000+00:00,0.158,APPROVED,CONFIDENTIAL
RSK_000376,CUST_005922,CREDIT_EVALUATION,2026-10-01T08:16:19.030000+00:00,0.159,APPROVED,CONFIDENTIAL
RSK_000377,CUST_004315,CREDIT_EVALUATION,2026-10-01T08:16:20.802000+00:00,0.499,FLAGGED_FOR_REVIEW,CONFIDENTIAL
RSK_000378,CUST_000418,LOAN_SCORING,2026-10-01T08:16:24.653000+00:00,0.209,APPROVED,CONFIDENTIAL
RSK_000379,CUST_001064,FRAUD_DETECTION,2026-10-01T08:16:27.540000+00:00,0.091,APPROVED,CONFIDENTIAL
RSK_000380,CUST_006413,LOAN_SCORING,2026-10-01T08:16:27.953000+00:00,0.458,FLAGGED_FOR_REVIEW,CONFIDENTIAL
RSK_000381,CUST_009362,FRAUD_DETECTION,2026-10-01T08:16:32.643000+00:00,0.398,APPROVED,CONFIDENTIAL
RSK_000382,CUST_005983,FRAUD_DETECTION,2026-10-01T08:16:33.003000+00:00,0.253,APPROVED,CONFIDENTIAL
RSK_000383,CUST_001319,AML_SCREENING,2026-10-01T08:16:37.782000+00:00,0.166,APPROVED,CONFIDENTIAL
RSK_000384,CUST_000540,AML_SCREENING,2026-10-01T08:16:41.308000+00:00,0.62,FLAGGED_FOR_REVIEW,CONFIDENTIAL
RSK_000385,CUST_005729,FRAUD_DETECTION,2026-10-01T08:16:44.230000+00:00,0.485,FLAGGED_FOR_REVIEW,CONFIDENTIAL
RSK_000386,CUST_002425,AML_SCREENING,2026-10-01T08:16:47.050000+00:00,0.135,APPROVED,CONFIDENTIAL
RSK_000387,CUST_001544,AML_SCREENING,2026-10-01T08:16:51.575000+00:00,0.107,APPROVED,CONFIDENTIAL
RSK_000388,CUST_009619,AML_SCREENING,2026-10-01T08:16:54.069000+00:00,0.122,APPROVED,CONFIDENTIAL
RSK_000389,CUST_004654,FRAUD_DETECTION,2026-10-01T08:16:55.519000+00:00,0.455,FLAGGED_FOR_REVIEW,CONFIDENTIAL
RSK_000390,CUST_000032,AML_SCREENING,2026-10-01T08:16:58.442000+00:00,0.38,APPROVED,CONFIDENTIAL
RSK_000391,CUST_004025,FRAUD_DETECTION,2026-10-01T08:17:00.121000+00:00,0.26,APPROVED,CONFIDENTIAL
RSK_000392,CUST_004143,CREDIT_EVALUATION,2026-10-01T08:17:04.249000+00:00,0.081,APPROVED,CONFIDENTIAL
RSK_000393,CUST_007723,LOAN_SCORING,2026-10-01T08:17:08.429000+00:00,0.153,APPROVED,CONFIDENTIAL
RSK_000394,CUST_003878,LOAN_SCORING,2026-10-01T08:17:12.277000+00:00,0.616,FLAGGED_FOR_REVIEW,CONFIDENTIAL
RSK_000395,CUST_000126,AML_SCREENING,2026-10-01T08:17:14.878000+00:00,0.063,APPROVED,CONFIDENTIAL
RSK_000396,CUST_003622,AML_SCREENING,2026-10-01T08:17:19.420000+00:00,0.347,APPROVED,CONFIDENTIAL
RSK_000397,CUST_007520,CREDIT_EVALUATION,2026-10-01T08:17:23.975000+00:00,0.333,APPROVED,CONFIDENTIAL
RSK_000398,CUST_008806,LOAN_SCORING,2026-10-01T08:17:28.771000+00:00,0.159,APPROVED,CONFIDENTIAL
RSK_000399,CUST_000587,FRAUD_DETECTION,2026-10-01T08:17:30.159000+00:00,0.197,APPROVED,CONFIDENTIAL
RSK_000400,CUST_007660,LOAN_SCORING,2026-10-01T08:17:30.583000+00:00,0.205,APPROVED,CONFIDENTIAL
RSK_000401,CUST_003370,FRAUD_DETECTION,2026-10-01T08:17:33.412000+00:00,0.186,APPROVED,CONFIDENTIAL
RSK_000402,CUST_000655,AML_SCREENING,2026-10-01T08:17:37.447000+00:00,0.159,APPROVED,CONFIDENTIAL
RSK_000403,CUST_009783,CREDIT_EVALUATION,2026-10-01T08:17:38.854000+00:00,0.177,APPROVED,CONFIDENTIAL
RSK_000404,CUST_000146,AML_SCREENING,2026-10-01T08:17:40.394000+00:00,0.388,APPROVED,CONFIDENTIAL
RSK_000405,CUST_007299,CREDIT_EVALUATION,2026-10-01T08:17:43.823000+00:00,0.307,APPROVED,CONFIDENTIAL
RSK_000406,CUST_009698,CREDIT_EVALUATION,2026-10-01T08:17:44.623000+00:00,0.327,APPROVED,CONFIDENTIAL
RSK_000407,CUST_002347,AML_SCREENING,2026-10-01T08:17:48.178000+00:00,0.288,APPROVED,CONFIDENTIAL
RSK_000408,CUST_009948,AML_SCREENING,2026-10-01T08:17:52.820000+00:00,0.365,APPROVED,CONFIDENTIAL
RSK_000409,CUST_008828,AML_SCREENING,2026-10-01T08:17:54.637000+00:00,0.277,APPROVED,CONFIDENTIAL
RSK_000410,CUST_001393,AML_SCREENING,2026-10-01T08:17:54.971000+00:00,0.543,FLAGGED_FOR_REVIEW,CONFIDENTIAL
RSK_000411,CUST_006748,CREDIT_EVALUATION,2026-10-01T08:17:56.493000+00:00,0.346,APPROVED,CONFIDENTIAL
RSK_000412,CUST_003291,CREDIT_EVALUATION,2026-10-01T08:17:57.032000+00:00,0.345,APPROVED,CONFIDENTIAL
RSK_000413,CUST_006047,FRAUD_DETECTION,2026-10-01T08:18:00.431000+00:00,0.141,APPROVED,CONFIDENTIAL
RSK_000414,CUST_008175,LOAN_SCORING,2026-10-01T08:18:02.447000+00:00,0.343,APPROVED,CONFIDENTIAL
RSK_000415,CUST_009207,LOAN_SCORING,2026-10-01T08:18:05.667000+00:00,0.017,APPROVED,CONFIDENTIAL
RSK_000416,CUST_005294,CREDIT_EVALUATION,2026-10-01T08:18:07.755000+00:00,0.139,APPROVED,CONFIDENTIAL
RSK_000417,CUST_006559,FRAUD_DETECTION,2026-10-01T08:18:10.033000+00:00,0.12,APPROVED,CONFIDENTIAL
RSK_000418,CUST_003708,LOAN_SCORING,2026-10-01T08:18:14.949000+00:00,0.152,APPROVED,CONFIDENTIAL
RSK_000419,CUST_000320,AML_SCREENING,2026-10-01T08:18:15.646000+00:00,0.066,APPROVED,CONFIDENTIAL
RSK_000420,CUST_006013,CREDIT_EVALUATION,2026-10-01T08:18:17.640000+00:00,0.016,APPROVED,CONFIDENTIAL
RSK_000421,CUST_006496,FRAUD_DETECTION,2026-10-01T08:18:19.052000+00:00,0.28,APPROVED,CONFIDENTIAL
RSK_000422,CUST_001084,AML_SCREENING,2026-10-01T08:18:21.561000+00:00,0.493,FLAGGED_FOR_REVIEW,CONFIDENTIAL
RSK_000423,CUST_000897,CREDIT_EVALUATION,2026-10-01T08:18:22.498000+00:00,0.186,APPROVED,CONFIDENTIAL
RSK_000424,CUST_004758,AML_SCREENING,2026-10-01T08:18:24.346000+00:00,0.143,APPROVED,CONFIDENTIAL
RSK_000425,CUST_001614,LOAN_SCORING,2026-10-01T08:18:26.848000+00:00,0.437,APPROVED,CONFIDENTIAL
RSK_000426,CUST_002215,FRAUD_DETECTION,2026-10-01T08:18:28.347000+00:00,0.258,APPROVED,CONFIDENTIAL
RSK_000427,CUST_003320,FRAUD_DETECTION,2026-10-01T08:18:28.721000+00:00,0.613,FLAGGED_FOR_REVIEW,CONFIDENTIAL
RSK_000428,CUST_007242,AML_SCREENING,2026-10-01T08:18:31.581000+00:00,0.359,APPROVED,CONFIDENTIAL
RSK_000429,CUST_008042,FRAUD_DETECTION,2026-10-01T08:18:33.130000+00:00,0.099,APPROVED,CONFIDENTIAL
RSK_000430,CUST_003433,LOAN_SCORING,2026-10-01T08:18:35.866000+00:00,0.377,APPROVED,CONFIDENTIAL
RSK_000431,CUST_006686,LOAN_SCORING,2026-10-01T08:18:37.675000+00:00,0.29,APPROVED,CONFIDENTIAL
RSK_000432,CUST_005143,CREDIT_EVALUATION,2026-10-01T08:18:40.136000+00:00,0.261,APPROVED,CONFIDENTIAL
RSK_000433,CUST_007566,AML_SCREENING,2026-10-01T08:18:44.572000+00:00,0.364,APPROVED,CONFIDENTIAL
RSK_000434,CUST_007765,CREDIT_EVALUATION,2026-10-01T08:18:48.764000+00:00,0.165,APPROVED,CONFIDENTIAL
RSK_000435,CUST_006857,LOAN_SCORING,2026-10-01T08:18:49.361000+00:00,0.492,FLAGGED_FOR_REVIEW,CONFIDENTIAL
RSK_000436,CUST_005816,LOAN_SCORING,2026-10-01T08:18:53.252000+00:00,0.027,APPROVED,CONFIDENTIAL
RSK_000437,CUST_004889,AML_SCREENING,2026-10-01T08:18:54.892000+00:00,0.174,APPROVED,CONFIDENTIAL
RSK_000438,CUST_002358,LOAN_SCORING,2026-10-01T08:18:57.781000+00:00,0.047,APPROVED,CONFIDENTIAL
RSK_000439,CUST_007246,CREDIT_EVALUATION,2026-10-01T08:19:01.540000+00:00,0.479,FLAGGED_FOR_REVIEW,CONFIDENTIAL
RSK_000440,CUST_001269,AML_SCREENING,2026-10-01T08:19:04.095000+00:00,0.524,FLAGGED_FOR_REVIEW,CONFIDENTIAL
RSK_000441,CUST_005265,FRAUD_DETECTION,2026-10-01T08:19:06.643000+00:00,0.122,APPROVED,CONFIDENTIAL
RSK_000442,CUST_005764,AML_SCREENING,2026-10-01T08:19:08.636000+00:00,0.322,APPROVED,CONFIDENTIAL
RSK_000443,CUST_001818,FRAUD_DETECTION,2026-10-01T08:19:09.626000+00:00,0.355,APPROVED,CONFIDENTIAL
RSK_000444,CUST_007828,FRAUD_DETECTION,2026-10-01T08:19:10.078000+00:00,0.073,APPROVED,CONFIDENTIAL
RSK_000445,CUST_005295,AML_SCREENING,2026-10-01T08:19:14.071000+00:00,0.169,APPROVED,CONFIDENTIAL
RSK_000446,CUST_003405,AML_SCREENING,2026-10-01T08:19:18.969000+00:00,0.076,APPROVED,CONFIDENTIAL
RSK_000447,CUST_009359,LOAN_SCORING,2026-10-01T08:19:22.254000+00:00,0.27,APPROVED,CONFIDENTIAL
RSK_000448,CUST_001218,LOAN_SCORING,2026-10-01T08:19:25.087000+00:00,0.245,APPROVED,CONFIDENTIAL
RSK_000449,CUST_005855,LOAN_SCORING,2026-10-01T08:19:29.061000+00:00,0.157,APPROVED,CONFIDENTIAL
RSK_000450,CUST_003191,LOAN_SCORING,2026-10-01T08:19:30.174000+00:00,0.211,APPROVED,CONFIDENTIAL
RSK_000451,CUST_006081,CREDIT_EVALUATION,2026-10-01T08:19:31.707000+00:00,0.209,APPROVED,CONFIDENTIAL
RSK_000452,CUST_005985,FRAUD_DETECTION,2026-10-01T08:19:36.668000+00:00,0.189,APPROVED,CONFIDENTIAL
RSK_000453,CUST_004984,LOAN_SCORING,2026-10-01T08:19:41.480000+00:00,0.297,APPROVED,CONFIDENTIAL
RSK_000454,CUST_002154,FRAUD_DETECTION,2026-10-01T08:19:45.483000+00:00,0.456,FLAGGED_FOR_REVIEW,CONFIDENTIAL
RSK_000455,CUST_006188,CREDIT_EVALUATION,2026-10-01T08:19:49.838000+00:00,0.147,APPROVED,CONFIDENTIAL
RSK_000456,CUST_002692,FRAUD_DETECTION,2026-10-01T08:19:51.323000+00:00,0.171,APPROVED,CONFIDENTIAL
RSK_000457,CUST_004915,CREDIT_EVALUATION,2026-10-01T08:19:52.050000+00:00,0.566,FLAGGED_FOR_REVIEW,CONFIDENTIAL
RSK_000458,CUST_006252,AML_SCREENING,2026-10-01T08:19:53.784000+00:00,0.391,APPROVED,CONFIDENTIAL
RSK_000459,CUST_006390,AML_SCREENING,2026-10-01T08:19:55.225000+00:00,0.344,APPROVED,CONFIDENTIAL
RSK_000460,CUST_008859,FRAUD_DETECTION,2026-10-01T08:19:57.908000+00:00,0.546,FLAGGED_FOR_REVIEW,CONFIDENTIAL
RSK_000461,CUST_008070,LOAN_SCORING,2026-10-01T08:19:59.196000+00:00,0.419,APPROVED,CONFIDENTIAL
RSK_000462,CUST_004059,LOAN_SCORING,2026-10-01T08:20:03.447000+00:00,0.65,FLAGGED_FOR_REVIEW,CONFIDENTIAL
RSK_000463,CUST_007002,LOAN_SCORING,2026-10-01T08:20:04.232000+00:00,0.328,APPROVED,CONFIDENTIAL
RSK_000464,CUST_002497,FRAUD_DETECTION,2026-10-01T08:20:05.242000+00:00,0.316,APPROVED,CONFIDENTIAL
RSK_000465,CUST_009885,FRAUD_DETECTION,2026-10-01T08:20:06.491000+00:00,0.031,APPROVED,CONFIDENTIAL
RSK_000466,CUST_000891,AML_SCREENING,2026-10-01T08:20:06.955000+00:00,0.394,APPROVED,CONFIDENTIAL
RSK_000467,CUST_005901,LOAN_SCORING,2026-10-01T08:20:10.226000+00:00,0.362,APPROVED,CONFIDENTIAL
RSK_000468,CUST_001425,AML_SCREENING,2026-10-01T08:20:11.911000+00:00,0.628,FLAGGED_FOR_REVIEW,CONFIDENTIAL
RSK_000469,CUST_000794,AML_SCREENING,2026-10-01T08:20:12.329000+00:00,0.834,REJECTED,CONFIDENTIAL
RSK_000470,CUST_009596,FRAUD_DETECTION,2026-10-01T08:20:14.032000+00:00,0.425,APPROVED,CONFIDENTIAL
RSK_000471,CUST_002123,FRAUD_DETECTION,2026-10-01T08:20:17.242000+00:00,0.219,APPROVED,CONFIDENTIAL
RSK_000472,CUST_009509,CREDIT_EVALUATION,2026-10-01T08:20:18.322000+00:00,0.512,FLAGGED_FOR_REVIEW,CONFIDENTIAL
RSK_000473,CUST_004584,LOAN_SCORING,2026-10-01T08:20:19.855000+00:00,0.066,APPROVED,CONFIDENTIAL
RSK_000474,CUST_003017,FRAUD_DETECTION,2026-10-01T08:20:24.660000+00:00,0.143,APPROVED,CONFIDENTIAL
RSK_000475,CUST_002353,FRAUD_DETECTION,2026-10-01T08:20:28.423000+00:00,0.044,APPROVED,CONFIDENTIAL
RSK_000476,CUST_007204,LOAN_SCORING,2026-10-01T08:20:31.162000+00:00,0.348,APPROVED,CONFIDENTIAL
RSK_000477,CUST_008133,CREDIT_EVALUATION,2026-10-01T08:20:31.545000+00:00,0.171,APPROVED,CONFIDENTIAL
RSK_000478,CUST_004600,LOAN_SCORING,2026-10-01T08:20:35.694000+00:00,0.114,APPROVED,CONFIDENTIAL
RSK_000479,CUST_007402,AML_SCREENING,2026-10-01T08:20:37.755000+00:00,0.117,APPROVED,CONFIDENTIAL
RSK_000480,CUST_007472,AML_SCREENING,2026-10-01T08:20:38.764000+00:00,0.214,APPROVED,CONFIDENTIAL
RSK_000481,CUST_001828,CREDIT_EVALUATION,2026-10-01T08:20:40.482000+00:00,0.343,APPROVED,CONFIDENTIAL
RSK_000482,CUST_002404,FRAUD_DETECTION,2026-10-01T08:20:44.948000+00:00,0.806,REJECTED,CONFIDENTIAL
RSK_000483,CUST_000843,LOAN_SCORING,2026-10-01T08:20:48.226000+00:00,0.616,FLAGGED_FOR_REVIEW,CONFIDENTIAL
RSK_000484,CUST_003173,CREDIT_EVALUATION,2026-10-01T08:20:49.025000+00:00,0.12,APPROVED,CONFIDENTIAL
RSK_000485,CUST_000030,LOAN_SCORING,2026-10-01T08:20:50.402000+00:00,0.136,APPROVED,CONFIDENTIAL
RSK_000486,CUST_002505,FRAUD_DETECTION,2026-10-01T08:20:52.608000+00:00,0.492,FLAGGED_FOR_REVIEW,CONFIDENTIAL
RSK_000487,CUST_002979,FRAUD_DETECTION,2026-10-01T08:20:54.526000+00:00,0.308,APPROVED,CONFIDENTIAL
RSK_000488,CUST_001403,AML_SCREENING,2026-10-01T08:20:56.993000+00:00,0.323,APPROVED,CONFIDENTIAL
RSK_000489,CUST_005713,AML_SCREENING,2026-10-01T08:20:59.996000+00:00,0.478,FLAGGED_FOR_REVIEW,CONFIDENTIAL
RSK_000490,CUST_007975,CREDIT_EVALUATION,2026-10-01T08:21:02.330000+00:00,0.169,APPROVED,CONFIDENTIAL
RSK_000491,CUST_006554,CREDIT_EVALUATION,2026-10-01T08:21:05.236000+00:00,0.306,APPROVED,CONFIDENTIAL
RSK_000492,CUST_001415,LOAN_SCORING,2026-10-01T08:21:08.401000+00:00,0.211,APPROVED,CONFIDENTIAL
RSK_000493,CUST_006021,AML_SCREENING,2026-10-01T08:21:13.334000+00:00,0.2,APPROVED,CONFIDENTIAL
RSK_000494,CUST_007941,AML_SCREENING,2026-10-01T08:21:14.266000+00:00,0.62,FLAGGED_FOR_REVIEW,CONFIDENTIAL
RSK_000495,CUST_004341,AML_SCREENING,2026-10-01T08:21:14.836000+00:00,0.597,FLAGGED_FOR_REVIEW,CONFIDENTIAL
RSK_000496,CUST_002058,AML_SCREENING,2026-10-01T08:21:18.393000+00:00,0.025,APPROVED,CONFIDENTIAL
RSK_000497,CUST_004083,FRAUD_DETECTION,2026-10-01T08:21:22.436000+00:00,0.632,FLAGGED_FOR_REVIEW,CONFIDENTIAL
RSK_000498,CUST_008615,CREDIT_EVALUATION,2026-10-01T08:21:22.797000+00:00,0.371,APPROVED,CONFIDENTIAL
RSK_000499,CUST_005963,CREDIT_EVALUATION,2026-10-01T08:21:23.789000+00:00,0.191,APPROVED,CONFIDENTIAL
RSK_000500,CUST_004248,FRAUD_DETECTION,2026-10-01T08:21:25.864000+00:00,0.452,FLAGGED_FOR_REVIEW,CONFIDENTIAL
RSK_000501,CUST_004102,CREDIT_EVALUATION,2026-10-01T08:21:27.071000+00:00,0.372,APPROVED,CONFIDENTIAL
RSK_000502,CUST_008434,FRAUD_DETECTION,2026-10-01T08:21:31.880000+00:00,0.072,APPROVED,CONFIDENTIAL
RSK_000503,CUST_006879,CREDIT_EVALUATION,2026-10-01T08:21:36.107000+00:00,0.542,FLAGGED_FOR_REVIEW,CONFIDENTIAL
RSK_000504,CUST_006105,CREDIT_EVALUATION,2026-10-01T08:21:40.010000+00:00,0.425,APPROVED,CONFIDENTIAL
RSK_000505,CUST_001743,AML_SCREENING,2026-10-01T08:21:41.071000+00:00,0.28,APPROVED,CONFIDENTIAL
RSK_000506,CUST_000871,LOAN_SCORING,2026-10-01T08:21:42.820000+00:00,0.23,APPROVED,CONFIDENTIAL
RSK_000507,CUST_009102,FRAUD_DETECTION,2026-10-01T08:21:43.451000+00:00,0.474,FLAGGED_FOR_REVIEW,CONFIDENTIAL
RSK_000508,CUST_002221,LOAN_SCORING,2026-10-01T08:21:46.933000+00:00,0.206,APPROVED,CONFIDENTIAL
RSK_000509,CUST_001808,FRAUD_DETECTION,2026-10-01T08:21:48.521000+00:00,0.274,APPROVED,CONFIDENTIAL
RSK_000510,CUST_009696,FRAUD_DETECTION,2026-10-01T08:21:52.106000+00:00,0.2,APPROVED,CONFIDENTIAL
RSK_000511,CUST_005006,AML_SCREENING,2026-10-01T08:21:55.822000+00:00,0.383,APPROVED,CONFIDENTIAL
RSK_000512,CUST_001971,CREDIT_EVALUATION,2026-10-01T08:22:00.735000+00:00,0.208,APPROVED,CONFIDENTIAL
RSK_000513,CUST_000178,AML_SCREENING,2026-10-01T08:22:02.428000+00:00,0.291,APPROVED,CONFIDENTIAL
RSK_000514,CUST_009027,CREDIT_EVALUATION,2026-10-01T08:22:04.640000+00:00,0.574,FLAGGED_FOR_REVIEW,CONFIDENTIAL
RSK_000515,CUST_002740,AML_SCREENING,2026-10-01T08:22:05.826000+00:00,0.313,APPROVED,CONFIDENTIAL
RSK_000516,CUST_007774,AML_SCREENING,2026-10-01T08:22:06.320000+00:00,0.212,APPROVED,CONFIDENTIAL
RSK_000517,CUST_001596,AML_SCREENING,2026-10-01T08:22:06.757000+00:00,0.654,FLAGGED_FOR_REVIEW,CONFIDENTIAL
RSK_000518,CUST_001891,LOAN_SCORING,2026-10-01T08:22:11.229000+00:00,0.192,APPROVED,CONFIDENTIAL
RSK_000519,CUST_002098,LOAN_SCORING,2026-10-01T08:22:11.467000+00:00,0.191,APPROVED,CONFIDENTIAL
RSK_000520,CUST_002499,LOAN_SCORING,2026-10-01T08:22:14.030000+00:00,0.277,APPROVED,CONFIDENTIAL
RSK_000521,CUST_008776,LOAN_SCORING,2026-10-01T08:22:14.570000+00:00,0.029,APPROVED,CONFIDENTIAL
RSK_000522,CUST_006685,LOAN_SCORING,2026-10-01T08:22:17.975000+00:00,0.123,APPROVED,CONFIDENTIAL
RSK_000523,CUST_007842,LOAN_SCORING,2026-10-01T08:22:21.903000+00:00,0.337,APPROVED,CONFIDENTIAL
RSK_000524,CUST_001332,AML_SCREENING,2026-10-01T08:22:23.565000+00:00,0.116,APPROVED,CONFIDENTIAL
RSK_000525,CUST_003750,AML_SCREENING,2026-10-01T08:22:25.126000+00:00,0.312,APPROVED,CONFIDENTIAL
RSK_000526,CUST_002818,CREDIT_EVALUATION,2026-10-01T08:22:26.916000+00:00,0.155,APPROVED,CONFIDENTIAL
RSK_000527,CUST_007021,LOAN_SCORING,2026-10-01T08:22:28.140000+00:00,0.268,APPROVED,CONFIDENTIAL
RSK_000528,CUST_008178,AML_SCREENING,2026-10-01T08:22:29.511000+00:00,0.025,APPROVED,CONFIDENTIAL
RSK_000529,CUST_007660,LOAN_SCORING,2026-10-01T08:22:31.748000+00:00,0.089,APPROVED,CONFIDENTIAL
RSK_000530,CUST_001687,AML_SCREENING,2026-10-01T08:22:36.389000+00:00,0.043,APPROVED,CONFIDENTIAL
RSK_000531,CUST_001742,AML_SCREENING,2026-10-01T08:22:40.787000+00:00,0.439,APPROVED,CONFIDENTIAL
RSK_000532,CUST_009059,LOAN_SCORING,2026-10-01T08:22:45.091000+00:00,0.619,FLAGGED_FOR_REVIEW,CONFIDENTIAL
RSK_000533,CUST_001724,FRAUD_DETECTION,2026-10-01T08:22:47.129000+00:00,0.299,APPROVED,CONFIDENTIAL
RSK_000534,CUST_004757,AML_SCREENING,2026-10-01T08:22:47.388000+00:00,0.311,APPROVED,CONFIDENTIAL
RSK_000535,CUST_000144,LOAN_SCORING,2026-10-01T08:22:52.305000+00:00,0.295,APPROVED,CONFIDENTIAL
RSK_000536,CUST_002618,AML_SCREENING,2026-10-01T08:22:57.245000+00:00,0.336,APPROVED,CONFIDENTIAL
RSK_000537,CUST_005558,LOAN_SCORING,2026-10-01T08:23:00.975000+00:00,0.146,APPROVED,CONFIDENTIAL
RSK_000538,CUST_002848,CREDIT_EVALUATION,2026-10-01T08:23:04.695000+00:00,0.181,APPROVED,CONFIDENTIAL
RSK_000539,CUST_007095,CREDIT_EVALUATION,2026-10-01T08:23:05.782000+00:00,0.37,APPROVED,CONFIDENTIAL
RSK_000540,CUST_005138,FRAUD_DETECTION,2026-10-01T08:23:06.046000+00:00,0.148,APPROVED,CONFIDENTIAL
RSK_000541,CUST_000913,LOAN_SCORING,2026-10-01T08:23:06.835000+00:00,0.077,APPROVED,CONFIDENTIAL
RSK_000542,CUST_007162,FRAUD_DETECTION,2026-10-01T08:23:09.901000+00:00,0.47,FLAGGED_FOR_REVIEW,CONFIDENTIAL
RSK_000543,CUST_000866,AML_SCREENING,2026-10-01T08:23:10.242000+00:00,0.582,FLAGGED_FOR_REVIEW,CONFIDENTIAL
RSK_000544,CUST_000033,FRAUD_DETECTION,2026-10-01T08:23:13.746000+00:00,0.375,APPROVED,CONFIDENTIAL
RSK_000545,CUST_000875,AML_SCREENING,2026-10-01T08:23:17.752000+00:00,0.65,FLAGGED_FOR_REVIEW,CONFIDENTIAL
RSK_000546,CUST_004351,AML_SCREENING,2026-10-01T08:23:19.642000+00:00,0.138,APPROVED,CONFIDENTIAL
RSK_000547,CUST_006094,FRAUD_DETECTION,2026-10-01T08:23:22.226000+00:00,0.389,APPROVED,CONFIDENTIAL
RSK_000548,CUST_003017,LOAN_SCORING,2026-10-01T08:23:24.037000+00:00,0.276,APPROVED,CONFIDENTIAL
RSK_000549,CUST_002552,CREDIT_EVALUATION,2026-10-01T08:23:26.346000+00:00,0.235,APPROVED,CONFIDENTIAL
RSK_000550,CUST_003967,FRAUD_DETECTION,2026-10-01T08:23:28.481000+00:00,0.434,APPROVED,CONFIDENTIAL
RSK_000551,CUST_007667,LOAN_SCORING,2026-10-01T08:23:30.626000+00:00,0.383,APPROVED,CONFIDENTIAL
RSK_000552,CUST_005512,LOAN_SCORING,2026-10-01T08:23:33.037000+00:00,0.068,APPROVED,CONFIDENTIAL
RSK_000553,CUST_005719,FRAUD_DETECTION,2026-10-01T08:23:37.542000+00:00,0.605,FLAGGED_FOR_REVIEW,CONFIDENTIAL
RSK_000554,CUST_005791,FRAUD_DETECTION,2026-10-01T08:23:39.222000+00:00,0.36,APPROVED,CONFIDENTIAL
RSK_000555,CUST_004301,CREDIT_EVALUATION,2026-10-01T08:23:42.498000+00:00,0.645,FLAGGED_FOR_REVIEW,CONFIDENTIAL
RSK_000556,CUST_007326,AML_SCREENING,2026-10-01T08:23:44.792000+00:00,0.143,APPROVED,CONFIDENTIAL
RSK_000557,CUST_006787,LOAN_SCORING,2026-10-01T08:23:45.179000+00:00,0.285,APPROVED,CONFIDENTIAL
RSK_000558,CUST_003248,FRAUD_DETECTION,2026-10-01T08:23:46.491000+00:00,0.293,APPROVED,CONFIDENTIAL
RSK_000559,CUST_007870,AML_SCREENING,2026-10-01T08:23:48.103000+00:00,0.115,APPROVED,CONFIDENTIAL
RSK_000560,CUST_004720,AML_SCREENING,2026-10-01T08:23:50.922000+00:00,0.515,FLAGGED_FOR_REVIEW,CONFIDENTIAL
RSK_000561,CUST_009454,AML_SCREENING,2026-10-01T08:23:54.707000+00:00,0.344,APPROVED,CONFIDENTIAL
RSK_000562,CUST_006669,FRAUD_DETECTION,2026-10-01T08:23:56.683000+00:00,0.625,FLAGGED_FOR_REVIEW,CONFIDENTIAL
RSK_000563,CUST_005696,AML_SCREENING,2026-10-01T08:24:00.590000+00:00,0.105,APPROVED,CONFIDENTIAL
RSK_000564,CUST_005343,LOAN_SCORING,2026-10-01T08:24:04.548000+00:00,0.158,APPROVED,CONFIDENTIAL
RSK_000565,CUST_006327,LOAN_SCORING,2026-10-01T08:24:05.251000+00:00,0.299,APPROVED,CONFIDENTIAL
RSK_000566,CUST_004365,AML_SCREENING,2026-10-01T08:24:08.948000+00:00,0.321,APPROVED,CONFIDENTIAL
RSK_000567,CUST_000776,LOAN_SCORING,2026-10-01T08:24:13.250000+00:00,0.363,APPROVED,CONFIDENTIAL
RSK_000568,CUST_002317,CREDIT_EVALUATION,2026-10-01T08:24:15.025000+00:00,0.084,APPROVED,CONFIDENTIAL
RSK_000569,CUST_000728,CREDIT_EVALUATION,2026-10-01T08:24:17.034000+00:00,0.368,APPROVED,CONFIDENTIAL
RSK_000570,CUST_009958,AML_SCREENING,2026-10-01T08:24:21.797000+00:00,0.121,APPROVED,CONFIDENTIAL
RSK_000571,CUST_000501,LOAN_SCORING,2026-10-01T08:24:25.795000+00:00,0.155,APPROVED,CONFIDENTIAL
RSK_000572,CUST_007520,AML_SCREENING,2026-10-01T08:24:30.766000+00:00,0.303,APPROVED,CONFIDENTIAL
RSK_000573,CUST_005303,CREDIT_EVALUATION,2026-10-01T08:24:35.178000+00:00,0.219,APPROVED,CONFIDENTIAL
RSK_000574,CUST_002160,AML_SCREENING,2026-10-01T08:24:36.022000+00:00,0.428,APPROVED,CONFIDENTIAL
RSK_000575,CUST_001921,LOAN_SCORING,2026-10-01T08:24:36.948000+00:00,0.205,APPROVED,CONFIDENTIAL
RSK_000576,CUST_001068,FRAUD_DETECTION,2026-10-01T08:24:41.462000+00:00,0.628,FLAGGED_FOR_REVIEW,CONFIDENTIAL
RSK_000577,CUST_002286,AML_SCREENING,2026-10-01T08:24:42.136000+00:00,0.224,APPROVED,CONFIDENTIAL
RSK_000578,CUST_001887,FRAUD_DETECTION,2026-10-01T08:24:43.179000+00:00,0.225,APPROVED,CONFIDENTIAL
RSK_000579,CUST_006856,LOAN_SCORING,2026-10-01T08:24:47.014000+00:00,0.306,APPROVED,CONFIDENTIAL
RSK_000580,CUST_009370,LOAN_SCORING,2026-10-01T08:24:48.693000+00:00,0.14,APPROVED,CONFIDENTIAL
RSK_000581,CUST_009716,FRAUD_DETECTION,2026-10-01T08:24:52.448000+00:00,0.272,APPROVED,CONFIDENTIAL
RSK_000582,CUST_006475,FRAUD_DETECTION,2026-10-01T08:24:56.739000+00:00,0.161,APPROVED,CONFIDENTIAL
RSK_000583,CUST_005786,CREDIT_EVALUATION,2026-10-01T08:25:01.717000+00:00,0.266,APPROVED,CONFIDENTIAL
RSK_000584,CUST_003519,FRAUD_DETECTION,2026-10-01T08:25:03.025000+00:00,0.519,FLAGGED_FOR_REVIEW,CONFIDENTIAL
RSK_000585,CUST_006660,AML_SCREENING,2026-10-01T08:25:07.614000+00:00,0.647,FLAGGED_FOR_REVIEW,CONFIDENTIAL
RSK_000586,CUST_000056,CREDIT_EVALUATION,2026-10-01T08:25:12.555000+00:00,0.39,APPROVED,CONFIDENTIAL
RSK_000587,CUST_001305,AML_SCREENING,2026-10-01T08:25:15.927000+00:00,0.251,APPROVED,CONFIDENTIAL
RSK_000588,CUST_002454,LOAN_SCORING,2026-10-01T08:25:17.099000+00:00,0.281,APPROVED,CONFIDENTIAL
RSK_000589,CUST_009034,CREDIT_EVALUATION,2026-10-01T08:25:20.405000+00:00,0.261,APPROVED,CONFIDENTIAL
RSK_000590,CUST_002532,LOAN_SCORING,2026-10-01T08:25:22.586000+00:00,0.181,APPROVED,CONFIDENTIAL
RSK_000591,CUST_007916,LOAN_SCORING,2026-10-01T08:25:26.483000+00:00,0.187,APPROVED,CONFIDENTIAL
RSK_000592,CUST_006185,FRAUD_DETECTION,2026-10-01T08:25:31.131000+00:00,0.295,APPROVED,CONFIDENTIAL
RSK_000593,CUST_002207,LOAN_SCORING,2026-10-01T08:25:32.005000+00:00,0.389,APPROVED,CONFIDENTIAL
RSK_000594,CUST_002703,FRAUD_DETECTION,2026-10-01T08:25:34.009000+00:00,0.328,APPROVED,CONFIDENTIAL
RSK_000595,CUST_006086,CREDIT_EVALUATION,2026-10-01T08:25:35.974000+00:00,0.29,APPROVED,CONFIDENTIAL
RSK_000596,CUST_007529,LOAN_SCORING,2026-10-01T08:25:39.789000+00:00,0.151,APPROVED,CONFIDENTIAL
RSK_000597,CUST_000401,CREDIT_EVALUATION,2026-10-01T08:25:43.409000+00:00,0.355,APPROVED,CONFIDENTIAL
RSK_000598,CUST_005756,FRAUD_DETECTION,2026-10-01T08:25:45.672000+00:00,0.121,APPROVED,CONFIDENTIAL
RSK_000599,CUST_007497,AML_SCREENING,2026-10-01T08:25:48.448000+00:00,0.227,APPROVED,CONFIDENTIAL
RSK_000600,CUST_006552,CREDIT_EVALUATION,2026-10-01T08:25:49.926000+00:00,0.284,APPROVED,CONFIDENTIAL
RSK_000601,CUST_000242,CREDIT_EVALUATION,2026-10-01T08:25:50.750000+00:00,0.11,APPROVED,CONFIDENTIAL
RSK_000602,CUST_000815,CREDIT_EVALUATION,2026-10-01T08:25:53.307000+00:00,0.561,FLAGGED_FOR_REVIEW,CONFIDENTIAL
RSK_000603,CUST_007865,FRAUD_DETECTION,2026-10-01T08:25:55.674000+00:00,0.271,APPROVED,CONFIDENTIAL
RSK_000604,CUST_005087,LOAN_SCORING,2026-10-01T08:25:56.341000+00:00,0.244,APPROVED,CONFIDENTIAL
RSK_000605,CUST_005322,AML_SCREENING,2026-10-01T08:26:00.072000+00:00,0.014,APPROVED,CONFIDENTIAL
RSK_000606,CUST_002318,CREDIT_EVALUATION,2026-10-01T08:26:03.801000+00:00,0.133,APPROVED,CONFIDENTIAL
RSK_000607,CUST_009469,CREDIT_EVALUATION,2026-10-01T08:26:05.184000+00:00,0.014,APPROVED,CONFIDENTIAL
RSK_000608,CUST_007671,FRAUD_DETECTION,2026-10-01T08:26:08.656000+00:00,0.06,APPROVED,CONFIDENTIAL
RSK_000609,CUST_005454,LOAN_SCORING,2026-10-01T08:26:09.306000+00:00,0.192,APPROVED,CONFIDENTIAL
RSK_000610,CUST_005183,FRAUD_DETECTION,2026-10-01T08:26:11.074000+00:00,0.632,FLAGGED_FOR_REVIEW,CONFIDENTIAL
RSK_000611,CUST_004186,CREDIT_EVALUATION,2026-10-01T08:26:11.908000+00:00,0.259,APPROVED,CONFIDENTIAL
RSK_000612,CUST_004531,AML_SCREENING,2026-10-01T08:26:15.183000+00:00,0.135,APPROVED,CONFIDENTIAL
RSK_000613,CUST_007223,AML_SCREENING,2026-10-01T08:26:15.397000+00:00,0.385,APPROVED,CONFIDENTIAL
RSK_000614,CUST_003680,FRAUD_DETECTION,2026-10-01T08:26:17.525000+00:00,0.194,APPROVED,CONFIDENTIAL
RSK_000615,CUST_002889,LOAN_SCORING,2026-10-01T08:26:22.267000+00:00,0.116,APPROVED,CONFIDENTIAL
RSK_000616,CUST_008902,AML_SCREENING,2026-10-01T08:26:26.414000+00:00,0.157,APPROVED,CONFIDENTIAL
RSK_000617,CUST_001918,FRAUD_DETECTION,2026-10-01T08:26:31.068000+00:00,0.136,APPROVED,CONFIDENTIAL
RSK_000618,CUST_006474,AML_SCREENING,2026-10-01T08:26:31.614000+00:00,0.317,APPROVED,CONFIDENTIAL
RSK_000619,CUST_001586,FRAUD_DETECTION,2026-10-01T08:26:36.091000+00:00,0.212,APPROVED,CONFIDENTIAL
RSK_000620,CUST_009432,FRAUD_DETECTION,2026-10-01T08:26:38.712000+00:00,0.144,APPROVED,CONFIDENTIAL
RSK_000621,CUST_002945,LOAN_SCORING,2026-10-01T08:26:41.016000+00:00,0.423,APPROVED,CONFIDENTIAL
RSK_000622,CUST_004799,LOAN_SCORING,2026-10-01T08:26:44.030000+00:00,0.026,APPROVED,CONFIDENTIAL
RSK_000623,CUST_005856,AML_SCREENING,2026-10-01T08:26:47.910000+00:00,0.315,APPROVED,CONFIDENTIAL
RSK_000624,CUST_006358,AML_SCREENING,2026-10-01T08:26:50.451000+00:00,0.247,APPROVED,CONFIDENTIAL
RSK_000625,CUST_008467,FRAUD_DETECTION,2026-10-01T08:26:54.226000+00:00,0.351,APPROVED,CONFIDENTIAL
RSK_000626,CUST_005591,AML_SCREENING,2026-10-01T08:26:54.946000+00:00,0.337,APPROVED,CONFIDENTIAL
RSK_000627,CUST_002498,AML_SCREENING,2026-10-01T08:26:56.489000+00:00,0.227,APPROVED,CONFIDENTIAL
RSK_000628,CUST_004266,FRAUD_DETECTION,2026-10-01T08:27:01.400000+00:00,0.197,APPROVED,CONFIDENTIAL
RSK_000629,CUST_009588,AML_SCREENING,2026-10-01T08:27:04.402000+00:00,0.113,APPROVED,CONFIDENTIAL
RSK_000630,CUST_005695,FRAUD_DETECTION,2026-10-01T08:27:05.513000+00:00,0.264,APPROVED,CONFIDENTIAL
RSK_000631,CUST_005426,LOAN_SCORING,2026-10-01T08:27:06.295000+00:00,0.028,APPROVED,CONFIDENTIAL
RSK_000632,CUST_004928,LOAN_SCORING,2026-10-01T08:27:09.675000+00:00,0.067,APPROVED,CONFIDENTIAL
RSK_000633,CUST_004330,CREDIT_EVALUATION,2026-10-01T08:27:10.771000+00:00,0.114,APPROVED,CONFIDENTIAL
RSK_000634,CUST_003050,LOAN_SCORING,2026-10-01T08:27:14.101000+00:00,0.604,FLAGGED_FOR_REVIEW,CONFIDENTIAL
RSK_000635,CUST_005878,CREDIT_EVALUATION,2026-10-01T08:27:15.744000+00:00,0.258,APPROVED,CONFIDENTIAL
RSK_000636,CUST_004359,CREDIT_EVALUATION,2026-10-01T08:27:17.356000+00:00,0.2,APPROVED,CONFIDENTIAL
RSK_000637,CUST_004004,FRAUD_DETECTION,2026-10-01T08:27:19.869000+00:00,0.65,FLAGGED_FOR_REVIEW,CONFIDENTIAL
RSK_000638,CUST_000904,FRAUD_DETECTION,2026-10-01T08:27:22.416000+00:00,0.233,APPROVED,CONFIDENTIAL
RSK_000639,CUST_000560,CREDIT_EVALUATION,2026-10-01T08:27:23.943000+00:00,0.174,APPROVED,CONFIDENTIAL
RSK_000640,CUST_005222,FRAUD_DETECTION,2026-10-01T08:27:28.799000+00:00,0.365,APPROVED,CONFIDENTIAL
RSK_000641,CUST_008921,CREDIT_EVALUATION,2026-10-01T08:27:31.280000+00:00,0.144,APPROVED,CONFIDENTIAL
RSK_000642,CUST_003546,FRAUD_DETECTION,2026-10-01T08:27:35.696000+00:00,0.109,APPROVED,CONFIDENTIAL
RSK_000643,CUST_008588,FRAUD_DETECTION,2026-10-01T08:27:38.734000+00:00,0.317,APPROVED,CONFIDENTIAL
RSK_000644,CUST_007299,AML_SCREENING,2026-10-01T08:27:42.677000+00:00,0.35,APPROVED,CONFIDENTIAL
RSK_000645,CUST_004538,LOAN_SCORING,2026-10-01T08:27:46.990000+00:00,0.346,APPROVED,CONFIDENTIAL
RSK_000646,CUST_000860,LOAN_SCORING,2026-10-01T08:27:47.806000+00:00,0.372,APPROVED,CONFIDENTIAL
RSK_000647,CUST_000332,CREDIT_EVALUATION,2026-10-01T08:27:51.602000+00:00,0.411,APPROVED,CONFIDENTIAL
RSK_000648,CUST_006887,AML_SCREENING,2026-10-01T08:27:52.081000+00:00,0.678,FLAGGED_FOR_REVIEW,CONFIDENTIAL
RSK_000649,CUST_008613,CREDIT_EVALUATION,2026-10-01T08:27:53.403000+00:00,0.334,APPROVED,CONFIDENTIAL
RSK_000650,CUST_008863,AML_SCREENING,2026-10-01T08:27:56.217000+00:00,0.647,FLAGGED_FOR_REVIEW,CONFIDENTIAL
RSK_000651,CUST_008310,FRAUD_DETECTION,2026-10-01T08:27:57.510000+00:00,0.322,APPROVED,CONFIDENTIAL
RSK_000652,CUST_002769,AML_SCREENING,2026-10-01T08:27:58.456000+00:00,0.22,APPROVED,CONFIDENTIAL
RSK_000653,CUST_001223,FRAUD_DETECTION,2026-10-01T08:28:00.519000+00:00,0.116,APPROVED,CONFIDENTIAL
RSK_000654,CUST_009076,LOAN_SCORING,2026-10-01T08:28:03.010000+00:00,0.076,APPROVED,CONFIDENTIAL
RSK_000655,CUST_006645,FRAUD_DETECTION,2026-10-01T08:28:06.270000+00:00,0.15,APPROVED,CONFIDENTIAL
RSK_000656,CUST_000230,CREDIT_EVALUATION,2026-10-01T08:28:10.983000+00:00,0.21,APPROVED,CONFIDENTIAL
RSK_000657,CUST_005592,LOAN_SCORING,2026-10-01T08:28:13.474000+00:00,0.033,APPROVED,CONFIDENTIAL
RSK_000658,CUST_007510,LOAN_SCORING,2026-10-01T08:28:14.063000+00:00,0.324,APPROVED,CONFIDENTIAL
RSK_000659,CUST_005186,CREDIT_EVALUATION,2026-10-01T08:28:16.783000+00:00,0.709,REJECTED,CONFIDENTIAL
RSK_000660,CUST_005526,FRAUD_DETECTION,2026-10-01T08:28:21.216000+00:00,0.059,APPROVED,CONFIDENTIAL
RSK_000661,CUST_005205,FRAUD_DETECTION,2026-10-01T08:28:23.101000+00:00,0.124,APPROVED,CONFIDENTIAL
RSK_000662,CUST_001588,AML_SCREENING,2026-10-01T08:28:23.309000+00:00,0.24,APPROVED,CONFIDENTIAL
RSK_000663,CUST_001384,CREDIT_EVALUATION,2026-10-01T08:28:24.346000+00:00,0.337,APPROVED,CONFIDENTIAL
RSK_000664,CUST_007417,LOAN_SCORING,2026-10-01T08:28:27.972000+00:00,0.144,APPROVED,CONFIDENTIAL
RSK_000665,CUST_004663,FRAUD_DETECTION,2026-10-01T08:28:32.972000+00:00,0.022,APPROVED,CONFIDENTIAL
RSK_000666,CUST_007194,FRAUD_DETECTION,2026-10-01T08:28:37.373000+00:00,0.035,APPROVED,CONFIDENTIAL
RSK_000667,CUST_008036,FRAUD_DETECTION,2026-10-01T08:28:41.572000+00:00,0.228,APPROVED,CONFIDENTIAL
RSK_000668,CUST_002252,AML_SCREENING,2026-10-01T08:28:45.250000+00:00,0.206,APPROVED,CONFIDENTIAL
RSK_000669,CUST_007077,AML_SCREENING,2026-10-01T08:28:48.326000+00:00,0.369,APPROVED,CONFIDENTIAL
RSK_000670,CUST_004291,AML_SCREENING,2026-10-01T08:28:51.925000+00:00,0.553,FLAGGED_FOR_REVIEW,CONFIDENTIAL
RSK_000671,CUST_001996,CREDIT_EVALUATION,2026-10-01T08:28:52.790000+00:00,0.418,APPROVED,CONFIDENTIAL
RSK_000672,CUST_009784,CREDIT_EVALUATION,2026-10-01T08:28:53.909000+00:00,0.237,APPROVED,CONFIDENTIAL
RSK_000673,CUST_009973,FRAUD_DETECTION,2026-10-01T08:28:58.291000+00:00,0.354,APPROVED,CONFIDENTIAL
RSK_000674,CUST_006132,AML_SCREENING,2026-10-01T08:29:01.698000+00:00,0.278,APPROVED,CONFIDENTIAL
RSK_000675,CUST_007020,FRAUD_DETECTION,2026-10-01T08:29:04.335000+00:00,0.75,REJECTED,CONFIDENTIAL
RSK_000676,CUST_004920,FRAUD_DETECTION,2026-10-01T08:29:07.766000+00:00,0.192,APPROVED,CONFIDENTIAL
RSK_000677,CUST_008530,AML_SCREENING,2026-10-01T08:29:09.766000+00:00,0.316,APPROVED,CONFIDENTIAL
RSK_000678,CUST_004771,AML_SCREENING,2026-10-01T08:29:11.969000+00:00,0.209,APPROVED,CONFIDENTIAL
RSK_000679,CUST_003199,CREDIT_EVALUATION,2026-10-01T08:29:14.268000+00:00,0.198,APPROVED,CONFIDENTIAL
RSK_000680,CUST_006227,CREDIT_EVALUATION,2026-10-01T08:29:17.744000+00:00,0.196,APPROVED,CONFIDENTIAL
RSK_000681,CUST_000262,FRAUD_DETECTION,2026-10-01T08:29:18.996000+00:00,0.37,APPROVED,CONFIDENTIAL
RSK_000682,CUST_006047,LOAN_SCORING,2026-10-01T08:29:22.824000+00:00,0.285,APPROVED,CONFIDENTIAL
RSK_000683,CUST_003564,AML_SCREENING,2026-10-01T08:29:26.033000+00:00,0.055,APPROVED,CONFIDENTIAL
RSK_000684,CUST_007832,CREDIT_EVALUATION,2026-10-01T08:29:28.777000+00:00,0.408,APPROVED,CONFIDENTIAL
RSK_000685,CUST_002038,LOAN_SCORING,2026-10-01T08:29:31.311000+00:00,0.096,APPROVED,CONFIDENTIAL
RSK_000686,CUST_002165,CREDIT_EVALUATION,2026-10-01T08:29:33.146000+00:00,0.089,APPROVED,CONFIDENTIAL
RSK_000687,CUST_006523,LOAN_SCORING,2026-10-01T08:29:33.906000+00:00,0.184,APPROVED,CONFIDENTIAL
RSK_000688,CUST_000260,CREDIT_EVALUATION,2026-10-01T08:29:38.594000+00:00,0.742,REJECTED,CONFIDENTIAL
RSK_000689,CUST_005162,FRAUD_DETECTION,2026-10-01T08:29:41.770000+00:00,0.197,APPROVED,CONFIDENTIAL
RSK_000690,CUST_008467,LOAN_SCORING,2026-10-01T08:29:43.512000+00:00,0.455,FLAGGED_FOR_REVIEW,CONFIDENTIAL
RSK_000691,CUST_009231,FRAUD_DETECTION,2026-10-01T08:29:45.251000+00:00,0.436,APPROVED,CONFIDENTIAL
RSK_000692,CUST_002570,CREDIT_EVALUATION,2026-10-01T08:29:46.893000+00:00,0.065,APPROVED,CONFIDENTIAL
RSK_000693,CUST_005719,FRAUD_DETECTION,2026-10-01T08:29:47.496000+00:00,0.147,APPROVED,CONFIDENTIAL
RSK_000694,CUST_007954,AML_SCREENING,2026-10-01T08:29:48.149000+00:00,0.129,APPROVED,CONFIDENTIAL
RSK_000695,CUST_003021,LOAN_SCORING,2026-10-01T08:29:49.793000+00:00,0.363,APPROVED,CONFIDENTIAL
RSK_000696,CUST_000944,LOAN_SCORING,2026-10-01T08:29:53.119000+00:00,0.315,APPROVED,CONFIDENTIAL
RSK_000697,CUST_002138,FRAUD_DETECTION,2026-10-01T08:29:57.541000+00:00,0.252,APPROVED,CONFIDENTIAL
RSK_000698,CUST_001044,CREDIT_EVALUATION,2026-10-01T08:29:59.660000+00:00,0.37,APPROVED,CONFIDENTIAL
RSK_000699,CUST_001981,FRAUD_DETECTION,2026-10-01T08:30:01.979000+00:00,0.441,APPROVED,CONFIDENTIAL
RSK_000700,CUST_002548,CREDIT_EVALUATION,2026-10-01T08:30:05.669000+00:00,0.22,APPROVED,CONFIDENTIAL
RSK_000701,CUST_001296,CREDIT_EVALUATION,2026-10-01T08:30:07.725000+00:00,0.503,FLAGGED_FOR_REVIEW,CONFIDENTIAL
RSK_000702,CUST_006030,AML_SCREENING,2026-10-01T08:30:11.215000+00:00,0.333,APPROVED,CONFIDENTIAL
RSK_000703,CUST_005839,CREDIT_EVALUATION,2026-10-01T08:30:15.749000+00:00,0.442,APPROVED,CONFIDENTIAL
RSK_000704,CUST_006926,LOAN_SCORING,2026-10-01T08:30:17.299000+00:00,0.637,FLAGGED_FOR_REVIEW,CONFIDENTIAL
RSK_000705,CUST_008412,CREDIT_EVALUATION,2026-10-01T08:30:21.054000+00:00,0.2,APPROVED,CONFIDENTIAL
RSK_000706,CUST_002218,FRAUD_DETECTION,2026-10-01T08:30:23.108000+00:00,0.307,APPROVED,CONFIDENTIAL
RSK_000707,CUST_008713,CREDIT_EVALUATION,2026-10-01T08:30:25.560000+00:00,0.145,APPROVED,CONFIDENTIAL
RSK_000708,CUST_002787,AML_SCREENING,2026-10-01T08:30:29.363000+00:00,0.05,APPROVED,CONFIDENTIAL
RSK_000709,CUST_009035,AML_SCREENING,2026-10-01T08:30:30.127000+00:00,0.281,APPROVED,CONFIDENTIAL
RSK_000710,CUST_007156,CREDIT_EVALUATION,2026-10-01T08:30:34.789000+00:00,0.241,APPROVED,CONFIDENTIAL
RSK_000711,CUST_005653,FRAUD_DETECTION,2026-10-01T08:30:37.161000+00:00,0.069,APPROVED,CONFIDENTIAL
RSK_000712,CUST_008206,LOAN_SCORING,2026-10-01T08:30:41.942000+00:00,0.596,FLAGGED_FOR_REVIEW,CONFIDENTIAL
RSK_000713,CUST_004724,LOAN_SCORING,2026-10-01T08:30:42.209000+00:00,0.643,FLAGGED_FOR_REVIEW,CONFIDENTIAL
RSK_000714,CUST_008047,FRAUD_DETECTION,2026-10-01T08:30:43.133000+00:00,0.205,APPROVED,CONFIDENTIAL
RSK_000715,CUST_003730,AML_SCREENING,2026-10-01T08:30:44.161000+00:00,0.338,APPROVED,CONFIDENTIAL
RSK_000716,CUST_000319,LOAN_SCORING,2026-10-01T08:30:45.480000+00:00,0.165,APPROVED,CONFIDENTIAL
RSK_000717,CUST_000229,CREDIT_EVALUATION,2026-10-01T08:30:48.675000+00:00,0.223,APPROVED,CONFIDENTIAL
RSK_000718,CUST_001178,CREDIT_EVALUATION,2026-10-01T08:30:52.193000+00:00,0.171,APPROVED,CONFIDENTIAL
RSK_000719,CUST_004193,CREDIT_EVALUATION,2026-10-01T08:30:54.180000+00:00,0.507,FLAGGED_FOR_REVIEW,CONFIDENTIAL
RSK_000720,CUST_008573,CREDIT_EVALUATION,2026-10-01T08:30:57.634000+00:00,0.054,APPROVED,CONFIDENTIAL
RSK_000721,CUST_000488,CREDIT_EVALUATION,2026-10-01T08:31:00.767000+00:00,0.681,FLAGGED_FOR_REVIEW,CONFIDENTIAL
RSK_000722,CUST_004432,LOAN_SCORING,2026-10-01T08:31:04.438000+00:00,0.252,APPROVED,CONFIDENTIAL
RSK_000723,CUST_002117,LOAN_SCORING,2026-10-01T08:31:07.645000+00:00,0.154,APPROVED,CONFIDENTIAL
RSK_000724,CUST_007664,FRAUD_DETECTION,2026-10-01T08:31:09.932000+00:00,0.433,APPROVED,CONFIDENTIAL
RSK_000725,CUST_008426,FRAUD_DETECTION,2026-10-01T08:31:12.367000+00:00,0.22,APPROVED,CONFIDENTIAL
RSK_000726,CUST_007176,CREDIT_EVALUATION,2026-10-01T08:31:14.150000+00:00,0.178,APPROVED,CONFIDENTIAL
RSK_000727,CUST_006703,AML_SCREENING,2026-10-01T08:31:15.783000+00:00,0.008,APPROVED,CONFIDENTIAL
RSK_000728,CUST_001552,LOAN_SCORING,2026-10-01T08:31:18.139000+00:00,0.07,APPROVED,CONFIDENTIAL
RSK_000729,CUST_001230,CREDIT_EVALUATION,2026-10-01T08:31:18.810000+00:00,0.144,APPROVED,CONFIDENTIAL
RSK_000730,CUST_007331,AML_SCREENING,2026-10-01T08:31:22.880000+00:00,0.417,APPROVED,CONFIDENTIAL
RSK_000731,CUST_007673,CREDIT_EVALUATION,2026-10-01T08:31:25.103000+00:00,0.044,APPROVED,CONFIDENTIAL
RSK_000732,CUST_002959,LOAN_SCORING,2026-10-01T08:31:29.922000+00:00,0.273,APPROVED,CONFIDENTIAL
RSK_000733,CUST_008847,CREDIT_EVALUATION,2026-10-01T08:31:32.825000+00:00,0.191,APPROVED,CONFIDENTIAL
RSK_000734,CUST_004972,LOAN_SCORING,2026-10-01T08:31:37.337000+00:00,0.496,FLAGGED_FOR_REVIEW,CONFIDENTIAL
RSK_000735,CUST_000489,LOAN_SCORING,2026-10-01T08:31:40.405000+00:00,0.128,APPROVED,CONFIDENTIAL
RSK_000736,CUST_001671,AML_SCREENING,2026-10-01T08:31:43.895000+00:00,0.409,APPROVED,CONFIDENTIAL
RSK_000737,CUST_009310,CREDIT_EVALUATION,2026-10-01T08:31:46.689000+00:00,0.129,APPROVED,CONFIDENTIAL
RSK_000738,CUST_002853,LOAN_SCORING,2026-10-01T08:31:51.217000+00:00,0.608,FLAGGED_FOR_REVIEW,CONFIDENTIAL
RSK_000739,CUST_001995,FRAUD_DETECTION,2026-10-01T08:31:52.310000+00:00,0.44,APPROVED,CONFIDENTIAL
RSK_000740,CUST_007538,FRAUD_DETECTION,2026-10-01T08:31:55.420000+00:00,0.231,APPROVED,CONFIDENTIAL
RSK_000741,CUST_004073,CREDIT_EVALUATION,2026-10-01T08:31:56.809000+00:00,0.272,APPROVED,CONFIDENTIAL
RSK_000742,CUST_003271,CREDIT_EVALUATION,2026-10-01T08:31:58.885000+00:00,0.199,APPROVED,CONFIDENTIAL
RSK_000743,CUST_002149,CREDIT_EVALUATION,2026-10-01T08:32:03.750000+00:00,0.307,APPROVED,CONFIDENTIAL
RSK_000744,CUST_003372,AML_SCREENING,2026-10-01T08:32:04.872000+00:00,0.219,APPROVED,CONFIDENTIAL
RSK_000745,CUST_005903,LOAN_SCORING,2026-10-01T08:32:07.373000+00:00,0.424,APPROVED,CONFIDENTIAL
RSK_000746,CUST_007835,FRAUD_DETECTION,2026-10-01T08:32:07.597000+00:00,0.175,APPROVED,CONFIDENTIAL
RSK_000747,CUST_006214,AML_SCREENING,2026-10-01T08:32:10.497000+00:00,0.424,APPROVED,CONFIDENTIAL
RSK_000748,CUST_005137,FRAUD_DETECTION,2026-10-01T08:32:12.520000+00:00,0.235,APPROVED,CONFIDENTIAL
RSK_000749,CUST_002379,LOAN_SCORING,2026-10-01T08:32:14.571000+00:00,0.359,APPROVED,CONFIDENTIAL
RSK_000750,CUST_001856,CREDIT_EVALUATION,2026-10-01T08:32:15.037000+00:00,0.49,FLAGGED_FOR_REVIEW,CONFIDENTIAL
RSK_000751,CUST_008359,FRAUD_DETECTION,2026-10-01T08:32:17.255000+00:00,0.142,APPROVED,CONFIDENTIAL
RSK_000752,CUST_007619,AML_SCREENING,2026-10-01T08:32:18.495000+00:00,0.501,FLAGGED_FOR_REVIEW,CONFIDENTIAL
RSK_000753,CUST_003359,LOAN_SCORING,2026-10-01T08:32:19.047000+00:00,0.09,APPROVED,CONFIDENTIAL
RSK_000754,CUST_004129,LOAN_SCORING,2026-10-01T08:32:19.345000+00:00,0.195,APPROVED,CONFIDENTIAL
RSK_000755,CUST_007597,LOAN_SCORING,2026-10-01T08:32:22.977000+00:00,0.486,FLAGGED_FOR_REVIEW,CONFIDENTIAL
RSK_000756,CUST_000075,CREDIT_EVALUATION,2026-10-01T08:32:26.305000+00:00,0.132,APPROVED,CONFIDENTIAL
RSK_000757,CUST_002066,FRAUD_DETECTION,2026-10-01T08:32:28.834000+00:00,0.556,FLAGGED_FOR_REVIEW,CONFIDENTIAL
RSK_000758,CUST_006325,LOAN_SCORING,2026-10-01T08:32:32.575000+00:00,0.248,APPROVED,CONFIDENTIAL
RSK_000759,CUST_001720,LOAN_SCORING,2026-10-01T08:32:34.831000+00:00,0.242,APPROVED,CONFIDENTIAL
RSK_000760,CUST_006294,FRAUD_DETECTION,2026-10-01T08:32:37.302000+00:00,0.152,APPROVED,CONFIDENTIAL
RSK_000761,CUST_000799,AML_SCREENING,2026-10-01T08:32:40.525000+00:00,0.209,APPROVED,CONFIDENTIAL
RSK_000762,CUST_006967,LOAN_SCORING,2026-10-01T08:32:42.103000+00:00,0.091,APPROVED,CONFIDENTIAL
RSK_000763,CUST_000070,FRAUD_DETECTION,2026-10-01T08:32:44.631000+00:00,0.151,APPROVED,CONFIDENTIAL
RSK_000764,CUST_004134,FRAUD_DETECTION,2026-10-01T08:32:48.580000+00:00,0.263,APPROVED,CONFIDENTIAL
RSK_000765,CUST_007818,FRAUD_DETECTION,2026-10-01T08:32:51.596000+00:00,0.431,APPROVED,CONFIDENTIAL
RSK_000766,CUST_006561,AML_SCREENING,2026-10-01T08:32:54.233000+00:00,0.21,APPROVED,CONFIDENTIAL
RSK_000767,CUST_003868,CREDIT_EVALUATION,2026-10-01T08:32:54.645000+00:00,0.306,APPROVED,CONFIDENTIAL
RSK_000768,CUST_007005,FRAUD_DETECTION,2026-10-01T08:32:58.649000+00:00,0.342,APPROVED,CONFIDENTIAL
RSK_000769,CUST_008940,AML_SCREENING,2026-10-01T08:33:02.717000+00:00,0.424,APPROVED,CONFIDENTIAL
RSK_000770,CUST_001784,FRAUD_DETECTION,2026-10-01T08:33:05.622000+00:00,0.407,APPROVED,CONFIDENTIAL
RSK_000771,CUST_001338,FRAUD_DETECTION,2026-10-01T08:33:07.846000+00:00,0.357,APPROVED,CONFIDENTIAL
RSK_000772,CUST_003086,AML_SCREENING,2026-10-01T08:33:12.182000+00:00,0.254,APPROVED,CONFIDENTIAL
RSK_000773,CUST_006688,AML_SCREENING,2026-10-01T08:33:14.785000+00:00,0.261,APPROVED,CONFIDENTIAL
RSK_000774,CUST_004681,CREDIT_EVALUATION,2026-10-01T08:33:15.243000+00:00,0.091,APPROVED,CONFIDENTIAL
RSK_000775,CUST_005711,LOAN_SCORING,2026-10-01T08:33:15.668000+00:00,0.334,APPROVED,CONFIDENTIAL
RSK_000776,CUST_003791,LOAN_SCORING,2026-10-01T08:33:17.175000+00:00,0.312,APPROVED,CONFIDENTIAL
RSK_000777,CUST_007652,LOAN_SCORING,2026-10-01T08:33:19.863000+00:00,0.117,APPROVED,CONFIDENTIAL
RSK_000778,CUST_006325,AML_SCREENING,2026-10-01T08:33:22.336000+00:00,0.248,APPROVED,CONFIDENTIAL
RSK_000779,CUST_007907,FRAUD_DETECTION,2026-10-01T08:33:24.153000+00:00,0.316,APPROVED,CONFIDENTIAL
RSK_000780,CUST_003366,AML_SCREENING,2026-10-01T08:33:26.292000+00:00,0.435,APPROVED,CONFIDENTIAL
RSK_000781,CUST_000181,LOAN_SCORING,2026-10-01T08:33:29.474000+00:00,0.684,FLAGGED_FOR_REVIEW,CONFIDENTIAL
RSK_000782,CUST_009375,CREDIT_EVALUATION,2026-10-01T08:33:30.797000+00:00,0.573,FLAGGED_FOR_REVIEW,CONFIDENTIAL
RSK_000783,CUST_000772,CREDIT_EVALUATION,2026-10-01T08:33:34.657000+00:00,0.563,FLAGGED_FOR_REVIEW,CONFIDENTIAL
RSK_000784,CUST_003067,CREDIT_EVALUATION,2026-10-01T08:33:38.168000+00:00,0.211,APPROVED,CONFIDENTIAL
RSK_000785,CUST_005357,CREDIT_EVALUATION,2026-10-01T08:33:41.364000+00:00,0.195,APPROVED,CONFIDENTIAL
RSK_000786,CUST_005425,LOAN_SCORING,2026-10-01T08:33:44.416000+00:00,0.495,FLAGGED_FOR_REVIEW,CONFIDENTIAL
RSK_000787,CUST_004198,LOAN_SCORING,2026-10-01T08:33:45.810000+00:00,0.05,APPROVED,CONFIDENTIAL
RSK_000788,CUST_004758,LOAN_SCORING,2026-10-01T08:33:50.779000+00:00,0.071,APPROVED,CONFIDENTIAL
RSK_000789,CUST_004194,CREDIT_EVALUATION,2026-10-01T08:33:55.601000+00:00,0.295,APPROVED,CONFIDENTIAL
RSK_000790,CUST_009049,AML_SCREENING,2026-10-01T08:33:59.027000+00:00,0.32,APPROVED,CONFIDENTIAL
RSK_000791,CUST_000623,LOAN_SCORING,2026-10-01T08:34:01.832000+00:00,0.294,APPROVED,CONFIDENTIAL
RSK_000792,CUST_002232,FRAUD_DETECTION,2026-10-01T08:34:05.687000+00:00,0.108,APPROVED,CONFIDENTIAL
RSK_000793,CUST_009284,LOAN_SCORING,2026-10-01T08:34:10.134000+00:00,0.26,APPROVED,CONFIDENTIAL
RSK_000794,CUST_000665,AML_SCREENING,2026-10-01T08:34:14.225000+00:00,0.345,APPROVED,CONFIDENTIAL
RSK_000795,CUST_005675,AML_SCREENING,2026-10-01T08:34:15.237000+00:00,0.464,FLAGGED_FOR_REVIEW,CONFIDENTIAL
RSK_000796,CUST_008553,AML_SCREENING,2026-10-01T08:34:17.547000+00:00,0.049,APPROVED,CONFIDENTIAL
RSK_000797,CUST_000387,FRAUD_DETECTION,2026-10-01T08:34:20.776000+00:00,0.293,APPROVED,CONFIDENTIAL
RSK_000798,CUST_007794,AML_SCREENING,2026-10-01T08:34:25.659000+00:00,0.138,APPROVED,CONFIDENTIAL
RSK_000799,CUST_007750,LOAN_SCORING,2026-10-01T08:34:29.900000+00:00,0.226,APPROVED,CONFIDENTIAL
RSK_000800,CUST_003057,AML_SCREENING,2026-10-01T08:34:31.813000+00:00,0.588,FLAGGED_FOR_REVIEW,CONFIDENTIAL
RSK_000801,CUST_009349,CREDIT_EVALUATION,2026-10-01T08:34:34.815000+00:00,0.722,REJECTED,CONFIDENTIAL
RSK_000802,CUST_006920,CREDIT_EVALUATION,2026-10-01T08:34:37.775000+00:00,0.427,APPROVED,CONFIDENTIAL
RSK_000803,CUST_003353,LOAN_SCORING,2026-10-01T08:34:42.124000+00:00,0.175,APPROVED,CONFIDENTIAL
RSK_000804,CUST_000855,LOAN_SCORING,2026-10-01T08:34:43.731000+00:00,0.365,APPROVED,CONFIDENTIAL
RSK_000805,CUST_008664,LOAN_SCORING,2026-10-01T08:34:48.575000+00:00,0.467,FLAGGED_FOR_REVIEW,CONFIDENTIAL
RSK_000806,CUST_009249,CREDIT_EVALUATION,2026-10-01T08:34:51.466000+00:00,0.171,APPROVED,CONFIDENTIAL
RSK_000807,CUST_005027,FRAUD_DETECTION,2026-10-01T08:34:53.774000+00:00,0.386,APPROVED,CONFIDENTIAL
RSK_000808,CUST_004112,LOAN_SCORING,2026-10-01T08:34:55.345000+00:00,0.46,FLAGGED_FOR_REVIEW,CONFIDENTIAL
RSK_000809,CUST_000706,FRAUD_DETECTION,2026-10-01T08:34:56.695000+00:00,0.249,APPROVED,CONFIDENTIAL
RSK_000810,CUST_001357,AML_SCREENING,2026-10-01T08:35:00.431000+00:00,0.138,APPROVED,CONFIDENTIAL
RSK_000811,CUST_009397,AML_SCREENING,2026-10-01T08:35:03.635000+00:00,0.561,FLAGGED_FOR_REVIEW,CONFIDENTIAL
RSK_000812,CUST_003657,LOAN_SCORING,2026-10-01T08:35:07.006000+00:00,0.526,FLAGGED_FOR_REVIEW,CONFIDENTIAL
RSK_000813,CUST_007905,CREDIT_EVALUATION,2026-10-01T08:35:10.580000+00:00,0.12,APPROVED,CONFIDENTIAL
RSK_000814,CUST_002524,AML_SCREENING,2026-10-01T08:35:12.516000+00:00,0.359,APPROVED,CONFIDENTIAL
RSK_000815,CUST_008330,LOAN_SCORING,2026-10-01T08:35:16.875000+00:00,0.55,FLAGGED_FOR_REVIEW,CONFIDENTIAL
RSK_000816,CUST_007328,CREDIT_EVALUATION,2026-10-01T08:35:21.001000+00:00,0.789,REJECTED,CONFIDENTIAL
RSK_000817,CUST_009241,CREDIT_EVALUATION,2026-10-01T08:35:21.921000+00:00,0.132,APPROVED,CONFIDENTIAL
RSK_000818,CUST_004284,AML_SCREENING,2026-10-01T08:35:23.865000+00:00,0.148,APPROVED,CONFIDENTIAL
RSK_000819,CUST_003056,CREDIT_EVALUATION,2026-10-01T08:35:27.707000+00:00,0.018,APPROVED,CONFIDENTIAL
RSK_000820,CUST_003353,FRAUD_DETECTION,2026-10-01T08:35:28.081000+00:00,0.298,APPROVED,CONFIDENTIAL
RSK_000821,CUST_004249,FRAUD_DETECTION,2026-10-01T08:35:28.618000+00:00,0.758,REJECTED,CONFIDENTIAL
RSK_000822,CUST_009670,AML_SCREENING,2026-10-01T08:35:29.556000+00:00,0.153,APPROVED,CONFIDENTIAL
RSK_000823,CUST_001034,CREDIT_EVALUATION,2026-10-01T08:35:31.026000+00:00,0.056,APPROVED,CONFIDENTIAL
RSK_000824,CUST_009879,CREDIT_EVALUATION,2026-10-01T08:35:34.325000+00:00,0.358,APPROVED,CONFIDENTIAL
RSK_000825,CUST_001993,LOAN_SCORING,2026-10-01T08:35:38.427000+00:00,0.586,FLAGGED_FOR_REVIEW,CONFIDENTIAL
RSK_000826,CUST_009942,CREDIT_EVALUATION,2026-10-01T08:35:43.370000+00:00,0.154,APPROVED,CONFIDENTIAL
RSK_000827,CUST_002576,FRAUD_DETECTION,2026-10-01T08:35:45.840000+00:00,0.411,APPROVED,CONFIDENTIAL
RSK_000828,CUST_003863,LOAN_SCORING,2026-10-01T08:35:48.442000+00:00,0.221,APPROVED,CONFIDENTIAL
RSK_000829,CUST_002893,AML_SCREENING,2026-10-01T08:35:48.966000+00:00,0.171,APPROVED,CONFIDENTIAL
RSK_000830,CUST_006172,AML_SCREENING,2026-10-01T08:35:51.590000+00:00,0.229,APPROVED,CONFIDENTIAL
RSK_000831,CUST_009863,LOAN_SCORING,2026-10-01T08:35:54.654000+00:00,0.027,APPROVED,CONFIDENTIAL
RSK_000832,CUST_002568,FRAUD_DETECTION,2026-10-01T08:35:56.648000+00:00,0.324,APPROVED,CONFIDENTIAL
RSK_000833,CUST_000717,CREDIT_EVALUATION,2026-10-01T08:35:59.148000+00:00,0.394,APPROVED,CONFIDENTIAL
RSK_000834,CUST_001589,AML_SCREENING,2026-10-01T08:36:03.728000+00:00,0.07,APPROVED,CONFIDENTIAL
RSK_000835,CUST_002531,AML_SCREENING,2026-10-01T08:36:04.789000+00:00,0.186,APPROVED,CONFIDENTIAL
RSK_000836,CUST_002157,LOAN_SCORING,2026-10-01T08:36:06.267000+00:00,0.298,APPROVED,CONFIDENTIAL
RSK_000837,CUST_002672,FRAUD_DETECTION,2026-10-01T08:36:09.012000+00:00,0.282,APPROVED,CONFIDENTIAL
RSK_000838,CUST_005458,CREDIT_EVALUATION,2026-10-01T08:36:10.583000+00:00,0.168,APPROVED,CONFIDENTIAL
RSK_000839,CUST_003986,LOAN_SCORING,2026-10-01T08:36:15.107000+00:00,0.262,APPROVED,CONFIDENTIAL
RSK_000840,CUST_003134,AML_SCREENING,2026-10-01T08:36:16.168000+00:00,0.053,APPROVED,CONFIDENTIAL
RSK_000841,CUST_008223,FRAUD_DETECTION,2026-10-01T08:36:16.850000+00:00,0.271,APPROVED,CONFIDENTIAL
RSK_000842,CUST_006327,AML_SCREENING,2026-10-01T08:36:19.673000+00:00,0.25,APPROVED,CONFIDENTIAL
RSK_000843,CUST_005116,LOAN_SCORING,2026-10-01T08:36:20.866000+00:00,0.151,APPROVED,CONFIDENTIAL
RSK_000844,CUST_004890,FRAUD_DETECTION,2026-10-01T08:36:21.309000+00:00,0.042,APPROVED,CONFIDENTIAL
RSK_000845,CUST_009295,AML_SCREENING,2026-10-01T08:36:21.730000+00:00,0.294,APPROVED,CONFIDENTIAL
RSK_000846,CUST_001512,AML_SCREENING,2026-10-01T08:36:24.653000+00:00,0.108,APPROVED,CONFIDENTIAL
RSK_000847,CUST_004060,FRAUD_DETECTION,2026-10-01T08:36:24.871000+00:00,0.397,APPROVED,CONFIDENTIAL
RSK_000848,CUST_000564,CREDIT_EVALUATION,2026-10-01T08:36:28.026000+00:00,0.283,APPROVED,CONFIDENTIAL
RSK_000849,CUST_005298,CREDIT_EVALUATION,2026-10-01T08:36:32.374000+00:00,0.448,APPROVED,CONFIDENTIAL
RSK_000850,CUST_006523,AML_SCREENING,2026-10-01T08:36:36.281000+00:00,0.418,APPROVED,CONFIDENTIAL
RSK_000851,CUST_005361,CREDIT_EVALUATION,2026-10-01T08:36:36.688000+00:00,0.04,APPROVED,CONFIDENTIAL
RSK_000852,CUST_005865,LOAN_SCORING,2026-10-01T08:36:41.466000+00:00,0.383,APPROVED,CONFIDENTIAL
RSK_000853,CUST_007779,LOAN_SCORING,2026-10-01T08:36:46.257000+00:00,0.411,APPROVED,CONFIDENTIAL
RSK_000854,CUST_000505,LOAN_SCORING,2026-10-01T08:36:47.583000+00:00,0.442,APPROVED,CONFIDENTIAL
RSK_000855,CUST_005315,LOAN_SCORING,2026-10-01T08:36:51.399000+00:00,0.543,FLAGGED_FOR_REVIEW,CONFIDENTIAL
RSK_000856,CUST_005705,AML_SCREENING,2026-10-01T08:36:53.110000+00:00,0.451,FLAGGED_FOR_REVIEW,CONFIDENTIAL
RSK_000857,CUST_004831,LOAN_SCORING,2026-10-01T08:36:57.703000+00:00,0.139,APPROVED,CONFIDENTIAL
RSK_000858,CUST_008528,LOAN_SCORING,2026-10-01T08:37:00.213000+00:00,0.267,APPROVED,CONFIDENTIAL
RSK_000859,CUST_000718,LOAN_SCORING,2026-10-01T08:37:01.457000+00:00,0.255,APPROVED,CONFIDENTIAL
RSK_000860,CUST_005493,CREDIT_EVALUATION,2026-10-01T08:37:02.925000+00:00,0.121,APPROVED,CONFIDENTIAL
RSK_000861,CUST_008769,LOAN_SCORING,2026-10-01T08:37:03.172000+00:00,0.391,APPROVED,CONFIDENTIAL
RSK_000862,CUST_008628,AML_SCREENING,2026-10-01T08:37:07.607000+00:00,0.335,APPROVED,CONFIDENTIAL
RSK_000863,CUST_000988,LOAN_SCORING,2026-10-01T08:37:11.693000+00:00,0.049,APPROVED,CONFIDENTIAL
RSK_000864,CUST_001718,LOAN_SCORING,2026-10-01T08:37:13.648000+00:00,0.08,APPROVED,CONFIDENTIAL
RSK_000865,CUST_008444,AML_SCREENING,2026-10-01T08:37:15.069000+00:00,0.373,APPROVED,CONFIDENTIAL
RSK_000866,CUST_009668,LOAN_SCORING,2026-10-01T08:37:19.581000+00:00,0.173,APPROVED,CONFIDENTIAL
RSK_000867,CUST_005134,FRAUD_DETECTION,2026-10-01T08:37:20.925000+00:00,0.219,APPROVED,CONFIDENTIAL
RSK_000868,CUST_005663,LOAN_SCORING,2026-10-01T08:37:21.472000+00:00,0.386,APPROVED,CONFIDENTIAL
RSK_000869,CUST_003518,LOAN_SCORING,2026-10-01T08:37:25.369000+00:00,0.498,FLAGGED_FOR_REVIEW,CONFIDENTIAL
RSK_000870,CUST_009312,FRAUD_DETECTION,2026-10-01T08:37:27.709000+00:00,0.227,APPROVED,CONFIDENTIAL
RSK_000871,CUST_000894,FRAUD_DETECTION,2026-10-01T08:37:31.536000+00:00,0.446,APPROVED,CONFIDENTIAL
RSK_000872,CUST_002464,CREDIT_EVALUATION,2026-10-01T08:37:34.823000+00:00,0.21,APPROVED,CONFIDENTIAL
RSK_000873,CUST_004434,LOAN_SCORING,2026-10-01T08:37:36.341000+00:00,0.051,APPROVED,CONFIDENTIAL
RSK_000874,CUST_003528,CREDIT_EVALUATION,2026-10-01T08:37:40.642000+00:00,0.205,APPROVED,CONFIDENTIAL
RSK_000875,CUST_000811,CREDIT_EVALUATION,2026-10-01T08:37:45.509000+00:00,0.097,APPROVED,CONFIDENTIAL
RSK_000876,CUST_007357,FRAUD_DETECTION,2026-10-01T08:37:47.622000+00:00,0.541,FLAGGED_FOR_REVIEW,CONFIDENTIAL
RSK_000877,CUST_005126,FRAUD_DETECTION,2026-10-01T08:37:49.250000+00:00,0.295,APPROVED,CONFIDENTIAL
RSK_000878,CUST_002509,AML_SCREENING,2026-10-01T08:37:50.164000+00:00,0.228,APPROVED,CONFIDENTIAL
RSK_000879,CUST_009766,AML_SCREENING,2026-10-01T08:37:52.231000+00:00,0.567,FLAGGED_FOR_REVIEW,CONFIDENTIAL
RSK_000880,CUST_006392,FRAUD_DETECTION,2026-10-01T08:37:54.332000+00:00,0.085,APPROVED,CONFIDENTIAL
RSK_000881,CUST_009504,AML_SCREENING,2026-10-01T08:37:58.850000+00:00,0.1,APPROVED,CONFIDENTIAL
RSK_000882,CUST_002852,FRAUD_DETECTION,2026-10-01T08:37:59.134000+00:00,0.184,APPROVED,CONFIDENTIAL
RSK_000883,CUST_004704,CREDIT_EVALUATION,2026-10-01T08:37:59.982000+00:00,0.389,APPROVED,CONFIDENTIAL
RSK_000884,CUST_000141,FRAUD_DETECTION,2026-10-01T08:38:04.016000+00:00,0.274,APPROVED,CONFIDENTIAL
RSK_000885,CUST_005890,CREDIT_EVALUATION,2026-10-01T08:38:07.877000+00:00,0.258,APPROVED,CONFIDENTIAL
RSK_000886,CUST_009321,CREDIT_EVALUATION,2026-10-01T08:38:10.102000+00:00,0.189,APPROVED,CONFIDENTIAL
RSK_000887,CUST_002133,AML_SCREENING,2026-10-01T08:38:14.210000+00:00,0.039,APPROVED,CONFIDENTIAL
RSK_000888,CUST_004291,LOAN_SCORING,2026-10-01T08:38:15.193000+00:00,0.016,APPROVED,CONFIDENTIAL
RSK_000889,CUST_004375,FRAUD_DETECTION,2026-10-01T08:38:15.840000+00:00,0.087,APPROVED,CONFIDENTIAL
RSK_000890,CUST_007846,FRAUD_DETECTION,2026-10-01T08:38:20.509000+00:00,0.463,FLAGGED_FOR_REVIEW,CONFIDENTIAL
RSK_000891,CUST_001195,FRAUD_DETECTION,2026-10-01T08:38:22.902000+00:00,0.358,APPROVED,CONFIDENTIAL
RSK_000892,CUST_008281,AML_SCREENING,2026-10-01T08:38:27.003000+00:00,0.359,APPROVED,CONFIDENTIAL
RSK_000893,CUST_001399,LOAN_SCORING,2026-10-01T08:38:31.697000+00:00,0.316,APPROVED,CONFIDENTIAL
RSK_000894,CUST_008548,CREDIT_EVALUATION,2026-10-01T08:38:33.964000+00:00,0.473,FLAGGED_FOR_REVIEW,CONFIDENTIAL
RSK_000895,CUST_007445,FRAUD_DETECTION,2026-10-01T08:38:36.158000+00:00,0.512,FLAGGED_FOR_REVIEW,CONFIDENTIAL
RSK_000896,CUST_009467,AML_SCREENING,2026-10-01T08:38:39.392000+00:00,0.388,APPROVED,CONFIDENTIAL
RSK_000897,CUST_002902,FRAUD_DETECTION,2026-10-01T08:38:42.553000+00:00,0.031,APPROVED,CONFIDENTIAL
RSK_000898,CUST_000838,AML_SCREENING,2026-10-01T08:38:43.429000+00:00,0.239,APPROVED,CONFIDENTIAL
RSK_000899,CUST_004209,AML_SCREENING,2026-10-01T08:38:45.708000+00:00,0.162,APPROVED,CONFIDENTIAL
RSK_000900,CUST_008462,LOAN_SCORING,2026-10-01T08:38:48.089000+00:00,0.454,FLAGGED_FOR_REVIEW,CONFIDENTIAL
RSK_000901,CUST_001658,LOAN_SCORING,2026-10-01T08:38:51.449000+00:00,0.21,APPROVED,CONFIDENTIAL
RSK_000902,CUST_009963,LOAN_SCORING,2026-10-01T08:38:53.926000+00:00,0.074,APPROVED,CONFIDENTIAL
RSK_000903,CUST_005987,LOAN_SCORING,2026-10-01T08:38:56.821000+00:00,0.007,APPROVED,CONFIDENTIAL
RSK_000904,CUST_001973,CREDIT_EVALUATION,2026-10-01T08:39:00.670000+00:00,0.122,APPROVED,CONFIDENTIAL
RSK_000905,CUST_002641,LOAN_SCORING,2026-10-01T08:39:05.278000+00:00,0.062,APPROVED,CONFIDENTIAL
RSK_000906,CUST_001396,FRAUD_DETECTION,2026-10-01T08:39:07.217000+00:00,0.374,APPROVED,CONFIDENTIAL
RSK_000907,CUST_006468,FRAUD_DETECTION,2026-10-01T08:39:09.613000+00:00,0.544,FLAGGED_FOR_REVIEW,CONFIDENTIAL
RSK_000908,CUST_008060,AML_SCREENING,2026-10-01T08:39:14.323000+00:00,0.741,REJECTED,CONFIDENTIAL
RSK_000909,CUST_009786,FRAUD_DETECTION,2026-10-01T08:39:15.813000+00:00,0.09,APPROVED,CONFIDENTIAL
RSK_000910,CUST_004286,AML_SCREENING,2026-10-01T08:39:18.015000+00:00,0.086,APPROVED,CONFIDENTIAL
RSK_000911,CUST_006160,FRAUD_DETECTION,2026-10-01T08:39:21.263000+00:00,0.544,FLAGGED_FOR_REVIEW,CONFIDENTIAL
RSK_000912,CUST_003326,CREDIT_EVALUATION,2026-10-01T08:39:22.635000+00:00,0.284,APPROVED,CONFIDENTIAL
RSK_000913,CUST_003263,CREDIT_EVALUATION,2026-10-01T08:39:25.883000+00:00,0.11,APPROVED,CONFIDENTIAL
RSK_000914,CUST_009013,AML_SCREENING,2026-10-01T08:39:27.815000+00:00,0.422,APPROVED,CONFIDENTIAL
RSK_000915,CUST_004290,AML_SCREENING,2026-10-01T08:39:31.116000+00:00,0.491,FLAGGED_FOR_REVIEW,CONFIDENTIAL
RSK_000916,CUST_008677,LOAN_SCORING,2026-10-01T08:39:32.836000+00:00,0.379,APPROVED,CONFIDENTIAL
RSK_000917,CUST_002547,LOAN_SCORING,2026-10-01T08:39:34.209000+00:00,0.43,APPROVED,CONFIDENTIAL
RSK_000918,CUST_000503,FRAUD_DETECTION,2026-10-01T08:39:38.507000+00:00,0.047,APPROVED,CONFIDENTIAL
RSK_000919,CUST_004755,CREDIT_EVALUATION,2026-10-01T08:39:42.964000+00:00,0.491,FLAGGED_FOR_REVIEW,CONFIDENTIAL
RSK_000920,CUST_004833,CREDIT_EVALUATION,2026-10-01T08:39:45.687000+00:00,0.046,APPROVED,CONFIDENTIAL
RSK_000921,CUST_002699,FRAUD_DETECTION,2026-10-01T08:39:46.666000+00:00,0.083,APPROVED,CONFIDENTIAL
RSK_000922,CUST_005741,LOAN_SCORING,2026-10-01T08:39:50.479000+00:00,0.107,APPROVED,CONFIDENTIAL
RSK_000923,CUST_001130,CREDIT_EVALUATION,2026-10-01T08:39:55.079000+00:00,0.046,APPROVED,CONFIDENTIAL
RSK_000924,CUST_003907,AML_SCREENING,2026-10-01T08:39:56.291000+00:00,0.593,FLAGGED_FOR_REVIEW,CONFIDENTIAL
RSK_000925,CUST_005502,LOAN_SCORING,2026-10-01T08:39:59.895000+00:00,0.494,FLAGGED_FOR_REVIEW,CONFIDENTIAL
RSK_000926,CUST_005788,LOAN_SCORING,2026-10-01T08:40:03.977000+00:00,0.287,APPROVED,CONFIDENTIAL
RSK_000927,CUST_004377,AML_SCREENING,2026-10-01T08:40:04.493000+00:00,0.317,APPROVED,CONFIDENTIAL
RSK_000928,CUST_003405,AML_SCREENING,2026-10-01T08:40:07.425000+00:00,0.087,APPROVED,CONFIDENTIAL
RSK_000929,CUST_009307,FRAUD_DETECTION,2026-10-01T08:40:11.371000+00:00,0.319,APPROVED,CONFIDENTIAL
RSK_000930,CUST_005814,AML_SCREENING,2026-10-01T08:40:15.985000+00:00,0.701,REJECTED,CONFIDENTIAL
RSK_000931,CUST_003589,FRAUD_DETECTION,2026-10-01T08:40:16.416000+00:00,0.244,APPROVED,CONFIDENTIAL
RSK_000932,CUST_009921,CREDIT_EVALUATION,2026-10-01T08:40:17.846000+00:00,0.503,FLAGGED_FOR_REVIEW,CONFIDENTIAL
RSK_000933,CUST_000593,AML_SCREENING,2026-10-01T08:40:18.136000+00:00,0.316,APPROVED,CONFIDENTIAL
RSK_000934,CUST_001612,AML_SCREENING,2026-10-01T08:40:22.845000+00:00,0.248,APPROVED,CONFIDENTIAL
RSK_000935,CUST_000619,CREDIT_EVALUATION,2026-10-01T08:40:24.611000+00:00,0.147,APPROVED,CONFIDENTIAL
RSK_000936,CUST_002596,FRAUD_DETECTION,2026-10-01T08:40:26.807000+00:00,0.017,APPROVED,CONFIDENTIAL
RSK_000937,CUST_003969,LOAN_SCORING,2026-10-01T08:40:30.713000+00:00,0.313,APPROVED,CONFIDENTIAL
RSK_000938,CUST_003567,AML_SCREENING,2026-10-01T08:40:31.294000+00:00,0.071,APPROVED,CONFIDENTIAL
RSK_000939,CUST_008576,AML_SCREENING,2026-10-01T08:40:32.242000+00:00,0.398,APPROVED,CONFIDENTIAL
RSK_000940,CUST_004730,FRAUD_DETECTION,2026-10-01T08:40:36.046000+00:00,0.469,FLAGGED_FOR_REVIEW,CONFIDENTIAL
RSK_000941,CUST_002356,FRAUD_DETECTION,2026-10-01T08:40:36.257000+00:00,0.242,APPROVED,CONFIDENTIAL
RSK_000942,CUST_008263,FRAUD_DETECTION,2026-10-01T08:40:40.934000+00:00,0.301,APPROVED,CONFIDENTIAL
RSK_000943,CUST_002391,FRAUD_DETECTION,2026-10-01T08:40:44.998000+00:00,0.241,APPROVED,CONFIDENTIAL
RSK_000944,CUST_001220,AML_SCREENING,2026-10-01T08:40:47.957000+00:00,0.209,APPROVED,CONFIDENTIAL
RSK_000945,CUST_003538,FRAUD_DETECTION,2026-10-01T08:40:49.113000+00:00,0.063,APPROVED,CONFIDENTIAL
RSK_000946,CUST_005413,CREDIT_EVALUATION,2026-10-01T08:40:51.201000+00:00,0.573,FLAGGED_FOR_REVIEW,CONFIDENTIAL
RSK_000947,CUST_001978,LOAN_SCORING,2026-10-01T08:40:55.999000+00:00,0.098,APPROVED,CONFIDENTIAL
RSK_000948,CUST_004582,LOAN_SCORING,2026-10-01T08:41:00.281000+00:00,0.343,APPROVED,CONFIDENTIAL
RSK_000949,CUST_000855,CREDIT_EVALUATION,2026-10-01T08:41:01.717000+00:00,0.117,APPROVED,CONFIDENTIAL
RSK_000950,CUST_006471,CREDIT_EVALUATION,2026-10-01T08:41:05.890000+00:00,0.401,APPROVED,CONFIDENTIAL
RSK_000951,CUST_008677,FRAUD_DETECTION,2026-10-01T08:41:08.161000+00:00,0.192,APPROVED,CONFIDENTIAL
RSK_000952,CUST_001684,FRAUD_DETECTION,2026-10-01T08:41:11.536000+00:00,0.057,APPROVED,CONFIDENTIAL
RSK_000953,CUST_007787,LOAN_SCORING,2026-10-01T08:41:15.761000+00:00,0.373,APPROVED,CONFIDENTIAL
RSK_000954,CUST_003230,LOAN_SCORING,2026-10-01T08:41:15.976000+00:00,0.494,FLAGGED_FOR_REVIEW,CONFIDENTIAL
RSK_000955,CUST_004727,LOAN_SCORING,2026-10-01T08:41:17.827000+00:00,0.13,APPROVED,CONFIDENTIAL
RSK_000956,CUST_006939,FRAUD_DETECTION,2026-10-01T08:41:18.624000+00:00,0.461,FLAGGED_FOR_REVIEW,CONFIDENTIAL
RSK_000957,CUST_002644,LOAN_SCORING,2026-10-01T08:41:20.529000+00:00,0.397,APPROVED,CONFIDENTIAL
RSK_000958,CUST_004139,AML_SCREENING,2026-10-01T08:41:23.103000+00:00,0.128,APPROVED,CONFIDENTIAL
RSK_000959,CUST_004170,FRAUD_DETECTION,2026-10-01T08:41:25.662000+00:00,0.169,APPROVED,CONFIDENTIAL
RSK_000960,CUST_001568,FRAUD_DETECTION,2026-10-01T08:41:26.232000+00:00,0.078,APPROVED,CONFIDENTIAL
RSK_000961,CUST_008928,LOAN_SCORING,2026-10-01T08:41:31.134000+00:00,0.434,APPROVED,CONFIDENTIAL
RSK_000962,CUST_004124,AML_SCREENING,2026-10-01T08:41:32.834000+00:00,0.315,APPROVED,CONFIDENTIAL
RSK_000963,CUST_002735,FRAUD_DETECTION,2026-10-01T08:41:34.218000+00:00,0.262,APPROVED,CONFIDENTIAL
RSK_000964,CUST_003642,FRAUD_DETECTION,2026-10-01T08:41:37.831000+00:00,0.207,APPROVED,CONFIDENTIAL
RSK_000965,CUST_009205,CREDIT_EVALUATION,2026-10-01T08:41:39.026000+00:00,0.485,FLAGGED_FOR_REVIEW,CONFIDENTIAL
RSK_000966,CUST_000097,AML_SCREENING,2026-10-01T08:41:41.050000+00:00,0.305,APPROVED,CONFIDENTIAL
RSK_000967,CUST_002111,AML_SCREENING,2026-10-01T08:41:43.698000+00:00,0.184,APPROVED,CONFIDENTIAL
RSK_000968,CUST_003015,FRAUD_DETECTION,2026-10-01T08:41:48.687000+00:00,0.466,FLAGGED_FOR_REVIEW,CONFIDENTIAL
RSK_000969,CUST_009356,AML_SCREENING,2026-10-01T08:41:50.076000+00:00,0.464,FLAGGED_FOR_REVIEW,CONFIDENTIAL
RSK_000970,CUST_008729,AML_SCREENING,2026-10-01T08:41:53.340000+00:00,0.107,APPROVED,CONFIDENTIAL
RSK_000971,CUST_005236,FRAUD_DETECTION,2026-10-01T08:41:55.361000+00:00,0.254,APPROVED,CONFIDENTIAL
RSK_000972,CUST_005362,FRAUD_DETECTION,2026-10-01T08:41:58.369000+00:00,0.33,APPROVED,CONFIDENTIAL
RSK_000973,CUST_003233,CREDIT_EVALUATION,2026-10-01T08:42:02.378000+00:00,0.584,FLAGGED_FOR_REVIEW,CONFIDENTIAL
RSK_000974,CUST_004941,CREDIT_EVALUATION,2026-10-01T08:42:02.636000+00:00,0.518,FLAGGED_FOR_REVIEW,CONFIDENTIAL
RSK_000975,CUST_009713,CREDIT_EVALUATION,2026-10-01T08:42:04.236000+00:00,0.035,APPROVED,CONFIDENTIAL
RSK_000976,CUST_009687,LOAN_SCORING,2026-10-01T08:42:08.495000+00:00,0.483,FLAGGED_FOR_REVIEW,CONFIDENTIAL
RSK_000977,CUST_007730,CREDIT_EVALUATION,2026-10-01T08:42:11.852000+00:00,0.493,FLAGGED_FOR_REVIEW,CONFIDENTIAL
RSK_000978,CUST_007729,AML_SCREENING,2026-10-01T08:42:15.140000+00:00,0.062,APPROVED,CONFIDENTIAL
RSK_000979,CUST_003661,AML_SCREENING,2026-10-01T08:42:18.964000+00:00,0.544,FLAGGED_FOR_REVIEW,CONFIDENTIAL
RSK_000980,CUST_008801,AML_SCREENING,2026-10-01T08:42:20.373000+00:00,0.478,FLAGGED_FOR_REVIEW,CONFIDENTIAL
RSK_000981,CUST_002858,FRAUD_DETECTION,2026-10-01T08:42:22.146000+00:00,0.155,APPROVED,CONFIDENTIAL
RSK_000982,CUST_002438,LOAN_SCORING,2026-10-01T08:42:22.783000+00:00,0.106,APPROVED,CONFIDENTIAL
RSK_000983,CUST_003888,LOAN_SCORING,2026-10-01T08:42:24.333000+00:00,0.507,FLAGGED_FOR_REVIEW,CONFIDENTIAL
RSK_000984,CUST_004561,AML_SCREENING,2026-10-01T08:42:25.844000+00:00,0.211,APPROVED,CONFIDENTIAL
RSK_000985,CUST_006549,LOAN_SCORING,2026-10-01T08:42:27.339000+00:00,0.094,APPROVED,CONFIDENTIAL
RSK_000986,CUST_001465,AML_SCREENING,2026-10-01T08:42:29.297000+00:00,0.32,APPROVED,CONFIDENTIAL
RSK_000987,CUST_006583,AML_SCREENING,2026-10-01T08:42:33.332000+00:00,0.302,APPROVED,CONFIDENTIAL
RSK_000988,CUST_008341,AML_SCREENING,2026-10-01T08:42:37.753000+00:00,0.31,APPROVED,CONFIDENTIAL
RSK_000989,CUST_006437,FRAUD_DETECTION,2026-10-01T08:42:40.361000+00:00,0.357,APPROVED,CONFIDENTIAL
RSK_000990,CUST_000622,CREDIT_EVALUATION,2026-10-01T08:42:44.683000+00:00,0.237,APPROVED,CONFIDENTIAL
RSK_000991,CUST_002196,FRAUD_DETECTION,2026-10-01T08:42:48.542000+00:00,0.112,APPROVED,CONFIDENTIAL
RSK_000992,CUST_002228,CREDIT_EVALUATION,2026-10-01T08:42:50.248000+00:00,0.431,APPROVED,CONFIDENTIAL
RSK_000993,CUST_005491,CREDIT_EVALUATION,2026-10-01T08:42:52.098000+00:00,0.282,APPROVED,CONFIDENTIAL
RSK_000994,CUST_001041,FRAUD_DETECTION,2026-10-01T08:42:53.176000+00:00,0.335,APPROVED,CONFIDENTIAL
RSK_000995,CUST_009966,AML_SCREENING,2026-10-01T08:42:55.128000+00:00,0.324,APPROVED,CONFIDENTIAL
RSK_000996,CUST_007234,CREDIT_EVALUATION,2026-10-01T08:42:57.109000+00:00,0.253,APPROVED,CONFIDENTIAL
RSK_000997,CUST_004013,FRAUD_DETECTION,2026-10-01T08:43:00.088000+00:00,0.638,FLAGGED_FOR_REVIEW,CONFIDENTIAL
RSK_000998,CUST_000602,CREDIT_EVALUATION,2026-10-01T08:43:04.864000+00:00,0.252,APPROVED,CONFIDENTIAL
RSK_000999,CUST_000452,LOAN_SCORING,2026-10-01T08:43:06.038000+00:00,0.249,APPROVED,CONFIDENTIAL
RSK_001000,CUST_009189,LOAN_SCORING,2026-10-01T08:43:08.247000+00:00,0.697,FLAGGED_FOR_REVIEW,CONFIDENTIAL
RSK_001001,CUST_008799,CREDIT_EVALUATION,2026-10-01T08:43:11.107000+00:00,0.645,FLAGGED_FOR_REVIEW,CONFIDENTIAL
RSK_001002,CUST_003798,FRAUD_DETECTION,2026-10-01T08:43:12.570000+00:00,0.176,APPROVED,CONFIDENTIAL
RSK_001003,CUST_002929,FRAUD_DETECTION,2026-10-01T08:43:15.970000+00:00,0.409,APPROVED,CONFIDENTIAL
RSK_001004,CUST_001491,LOAN_SCORING,2026-10-01T08:43:16.416000+00:00,0.346,APPROVED,CONFIDENTIAL
RSK_001005,CUST_006969,AML_SCREENING,2026-10-01T08:43:17.886000+00:00,0.241,APPROVED,CONFIDENTIAL
RSK_001006,CUST_007021,LOAN_SCORING,2026-10-01T08:43:22.164000+00:00,0.125,APPROVED,CONFIDENTIAL
RSK_001007,CUST_005962,CREDIT_EVALUATION,2026-10-01T08:43:26.623000+00:00,0.428,APPROVED,CONFIDENTIAL
RSK_001008,CUST_000682,LOAN_SCORING,2026-10-01T08:43:28.618000+00:00,0.125,APPROVED,CONFIDENTIAL
RSK_001009,CUST_003893,LOAN_SCORING,2026-10-01T08:43:29.202000+00:00,0.072,APPROVED,CONFIDENTIAL
RSK_001010,CUST_009684,FRAUD_DETECTION,2026-10-01T08:43:31.840000+00:00,0.324,APPROVED,CONFIDENTIAL
RSK_001011,CUST_000435,AML_SCREENING,2026-10-01T08:43:32.437000+00:00,0.483,FLAGGED_FOR_REVIEW,CONFIDENTIAL
RSK_001012,CUST_000210,CREDIT_EVALUATION,2026-10-01T08:43:35.371000+00:00,0.041,APPROVED,CONFIDENTIAL
RSK_001013,CUST_001196,AML_SCREENING,2026-10-01T08:43:38.889000+00:00,0.279,APPROVED,CONFIDENTIAL
RSK_001014,CUST_001580,AML_SCREENING,2026-10-01T08:43:43.759000+00:00,0.329,APPROVED,CONFIDENTIAL
RSK_001015,CUST_008942,FRAUD_DETECTION,2026-10-01T08:43:45.983000+00:00,0.447,APPROVED,CONFIDENTIAL
RSK_001016,CUST_008525,AML_SCREENING,2026-10-01T08:43:48.154000+00:00,0.355,APPROVED,CONFIDENTIAL
RSK_001017,CUST_003741,LOAN_SCORING,2026-10-01T08:43:50.133000+00:00,0.269,APPROVED,CONFIDENTIAL
RSK_001018,CUST_001760,FRAUD_DETECTION,2026-10-01T08:43:52.279000+00:00,0.239,APPROVED,CONFIDENTIAL
RSK_001019,CUST_000773,CREDIT_EVALUATION,2026-10-01T08:43:56.576000+00:00,0.712,REJECTED,CONFIDENTIAL
RSK_001020,CUST_006503,FRAUD_DETECTION,2026-10-01T08:43:58.166000+00:00,0.379,APPROVED,CONFIDENTIAL
RSK_001021,CUST_008055,AML_SCREENING,2026-10-01T08:43:58.957000+00:00,0.429,APPROVED,CONFIDENTIAL
RSK_001022,CUST_005971,FRAUD_DETECTION,2026-10-01T08:44:01.891000+00:00,0.463,FLAGGED_FOR_REVIEW,CONFIDENTIAL
RSK_001023,CUST_004199,CREDIT_EVALUATION,2026-10-01T08:44:03.600000+00:00,0.082,APPROVED,CONFIDENTIAL
RSK_001024,CUST_005939,LOAN_SCORING,2026-10-01T08:44:06.758000+00:00,0.456,FLAGGED_FOR_REVIEW,CONFIDENTIAL
RSK_001025,CUST_009089,AML_SCREENING,2026-10-01T08:44:10.276000+00:00,0.556,FLAGGED_FOR_REVIEW,CONFIDENTIAL
RSK_001026,CUST_007802,FRAUD_DETECTION,2026-10-01T08:44:12.259000+00:00,0.36,APPROVED,CONFIDENTIAL
RSK_001027,CUST_005598,FRAUD_DETECTION,2026-10-01T08:44:15.934000+00:00,0.54,FLAGGED_FOR_REVIEW,CONFIDENTIAL
RSK_001028,CUST_008923,CREDIT_EVALUATION,2026-10-01T08:44:19.798000+00:00,0.396,APPROVED,CONFIDENTIAL
RSK_001029,CUST_002619,LOAN_SCORING,2026-10-01T08:44:24.775000+00:00,0.21,APPROVED,CONFIDENTIAL
RSK_001030,CUST_007052,LOAN_SCORING,2026-10-01T08:44:29.048000+00:00,0.227,APPROVED,CONFIDENTIAL
RSK_001031,CUST_008418,LOAN_SCORING,2026-10-01T08:44:29.601000+00:00,0.523,FLAGGED_FOR_REVIEW,CONFIDENTIAL
RSK_001032,CUST_004041,FRAUD_DETECTION,2026-10-01T08:44:33.060000+00:00,0.236,APPROVED,CONFIDENTIAL
RSK_001033,CUST_001755,CREDIT_EVALUATION,2026-10-01T08:44:35.207000+00:00,0.449,APPROVED,CONFIDENTIAL
RSK_001034,CUST_004344,CREDIT_EVALUATION,2026-10-01T08:44:36.131000+00:00,0.104,APPROVED,CONFIDENTIAL
RSK_001035,CUST_007744,FRAUD_DETECTION,2026-10-01T08:44:38.988000+00:00,0.276,APPROVED,CONFIDENTIAL
RSK_001036,CUST_002918,CREDIT_EVALUATION,2026-10-01T08:44:42.410000+00:00,0.138,APPROVED,CONFIDENTIAL
RSK_001037,CUST_005020,LOAN_SCORING,2026-10-01T08:44:44.874000+00:00,0.178,APPROVED,CONFIDENTIAL
RSK_001038,CUST_002082,LOAN_SCORING,2026-10-01T08:44:45.594000+00:00,0.26,APPROVED,CONFIDENTIAL
RSK_001039,CUST_009465,CREDIT_EVALUATION,2026-10-01T08:44:49.326000+00:00,0.615,FLAGGED_FOR_REVIEW,CONFIDENTIAL
RSK_001040,CUST_002308,CREDIT_EVALUATION,2026-10-01T08:44:52.346000+00:00,0.017,APPROVED,CONFIDENTIAL
RSK_001041,CUST_003187,FRAUD_DETECTION,2026-10-01T08:44:52.790000+00:00,0.156,APPROVED,CONFIDENTIAL
RSK_001042,CUST_007451,CREDIT_EVALUATION,2026-10-01T08:44:56.905000+00:00,0.577,FLAGGED_FOR_REVIEW,CONFIDENTIAL
RSK_001043,CUST_009121,FRAUD_DETECTION,2026-10-01T08:44:59.483000+00:00,0.279,APPROVED,CONFIDENTIAL
RSK_001044,CUST_004754,FRAUD_DETECTION,2026-10-01T08:45:00.378000+00:00,0.404,APPROVED,CONFIDENTIAL
RSK_001045,CUST_005134,FRAUD_DETECTION,2026-10-01T08:45:03.787000+00:00,0.548,FLAGGED_FOR_REVIEW,CONFIDENTIAL
RSK_001046,CUST_008839,CREDIT_EVALUATION,2026-10-01T08:45:05.164000+00:00,0.162,APPROVED,CONFIDENTIAL
RSK_001047,CUST_006557,LOAN_SCORING,2026-10-01T08:45:07.418000+00:00,0.117,APPROVED,CONFIDENTIAL
RSK_001048,CUST_004737,LOAN_SCORING,2026-10-01T08:45:10.166000+00:00,0.315,APPROVED,CONFIDENTIAL
RSK_001049,CUST_003803,CREDIT_EVALUATION,2026-10-01T08:45:15.003000+00:00,0.231,APPROVED,CONFIDENTIAL
RSK_001050,CUST_007977,FRAUD_DETECTION,2026-10-01T08:45:17.114000+00:00,0.399,APPROVED,CONFIDENTIAL
RSK_001051,CUST_000805,LOAN_SCORING,2026-10-01T08:45:19.412000+00:00,0.211,APPROVED,CONFIDENTIAL
RSK_001052,CUST_005446,LOAN_SCORING,2026-10-01T08:45:23.429000+00:00,0.568,FLAGGED_FOR_REVIEW,CONFIDENTIAL
RSK_001053,CUST_002169,AML_SCREENING,2026-10-01T08:45:23.778000+00:00,0.148,APPROVED,CONFIDENTIAL
RSK_001054,CUST_007529,FRAUD_DETECTION,2026-10-01T08:45:24.078000+00:00,0.245,APPROVED,CONFIDENTIAL
RSK_001055,CUST_004937,LOAN_SCORING,2026-10-01T08:45:28.792000+00:00,0.151,APPROVED,CONFIDENTIAL
RSK_001056,CUST_005755,CREDIT_EVALUATION,2026-10-01T08:45:29.482000+00:00,0.268,APPROVED,CONFIDENTIAL
RSK_001057,CUST_003932,FRAUD_DETECTION,2026-10-01T08:45:31.269000+00:00,0.516,FLAGGED_FOR_REVIEW,CONFIDENTIAL
RSK_001058,CUST_008132,AML_SCREENING,2026-10-01T08:45:33.954000+00:00,0.432,APPROVED,CONFIDENTIAL
RSK_001059,CUST_009113,FRAUD_DETECTION,2026-10-01T08:45:38.126000+00:00,0.706,REJECTED,CONFIDENTIAL
RSK_001060,CUST_001347,LOAN_SCORING,2026-10-01T08:45:42.563000+00:00,0.338,APPROVED,CONFIDENTIAL
RSK_001061,CUST_007373,CREDIT_EVALUATION,2026-10-01T08:45:46.837000+00:00,0.375,APPROVED,CONFIDENTIAL
RSK_001062,CUST_004288,LOAN_SCORING,2026-10-01T08:45:49.092000+00:00,0.193,APPROVED,CONFIDENTIAL
RSK_001063,CUST_009579,LOAN_SCORING,2026-10-01T08:45:52.397000+00:00,0.132,APPROVED,CONFIDENTIAL
RSK_001064,CUST_007821,CREDIT_EVALUATION,2026-10-01T08:45:53.645000+00:00,0.715,REJECTED,CONFIDENTIAL
RSK_001065,CUST_001328,CREDIT_EVALUATION,2026-10-01T08:45:55.646000+00:00,0.207,APPROVED,CONFIDENTIAL
RSK_001066,CUST_007696,LOAN_SCORING,2026-10-01T08:45:56.298000+00:00,0.157,APPROVED,CONFIDENTIAL
RSK_001067,CUST_003460,AML_SCREENING,2026-10-01T08:46:00.846000+00:00,0.085,APPROVED,CONFIDENTIAL
RSK_001068,CUST_008754,CREDIT_EVALUATION,2026-10-01T08:46:03.924000+00:00,0.274,APPROVED,CONFIDENTIAL
RSK_001069,CUST_004598,CREDIT_EVALUATION,2026-10-01T08:46:04.205000+00:00,0.053,APPROVED,CONFIDENTIAL
RSK_001070,CUST_006473,FRAUD_DETECTION,2026-10-01T08:46:06.843000+00:00,0.194,APPROVED,CONFIDENTIAL
RSK_001071,CUST_000926,LOAN_SCORING,2026-10-01T08:46:09.350000+00:00,0.469,FLAGGED_FOR_REVIEW,CONFIDENTIAL
RSK_001072,CUST_003062,CREDIT_EVALUATION,2026-10-01T08:46:12.717000+00:00,0.137,APPROVED,CONFIDENTIAL
RSK_001073,CUST_001975,AML_SCREENING,2026-10-01T08:46:16.325000+00:00,0.357,APPROVED,CONFIDENTIAL
RSK_001074,CUST_006880,LOAN_SCORING,2026-10-01T08:46:19.271000+00:00,0.213,APPROVED,CONFIDENTIAL
RSK_001075,CUST_002559,CREDIT_EVALUATION,2026-10-01T08:46:22.839000+00:00,0.395,APPROVED,CONFIDENTIAL
RSK_001076,CUST_007313,AML_SCREENING,2026-10-01T08:46:26.416000+00:00,0.397,APPROVED,CONFIDENTIAL
RSK_001077,CUST_003431,AML_SCREENING,2026-10-01T08:46:31.184000+00:00,0.312,APPROVED,CONFIDENTIAL
RSK_001078,CUST_003928,AML_SCREENING,2026-10-01T08:46:36.102000+00:00,0.233,APPROVED,CONFIDENTIAL
RSK_001079,CUST_003526,AML_SCREENING,2026-10-01T08:46:40.095000+00:00,0.36,APPROVED,CONFIDENTIAL
RSK_001080,CUST_004579,FRAUD_DETECTION,2026-10-01T08:46:45.050000+00:00,0.339,APPROVED,CONFIDENTIAL
RSK_001081,CUST_002299,LOAN_SCORING,2026-10-01T08:46:46.604000+00:00,0.197,APPROVED,CONFIDENTIAL
RSK_001082,CUST_009934,AML_SCREENING,2026-10-01T08:46:48.602000+00:00,0.636,FLAGGED_FOR_REVIEW,CONFIDENTIAL
RSK_001083,CUST_009018,CREDIT_EVALUATION,2026-10-01T08:46:53.516000+00:00,0.323,APPROVED,CONFIDENTIAL
RSK_001084,CUST_009849,AML_SCREENING,2026-10-01T08:46:54.654000+00:00,0.071,APPROVED,CONFIDENTIAL
RSK_001085,CUST_002099,CREDIT_EVALUATION,2026-10-01T08:46:55.465000+00:00,0.539,FLAGGED_FOR_REVIEW,CONFIDENTIAL
RSK_001086,CUST_002213,AML_SCREENING,2026-10-01T08:46:59.640000+00:00,0.198,APPROVED,CONFIDENTIAL
RSK_001087,CUST_008527,CREDIT_EVALUATION,2026-10-01T08:47:01.861000+00:00,0.726,REJECTED,CONFIDENTIAL
RSK_001088,CUST_004206,AML_SCREENING,2026-10-01T08:47:05.881000+00:00,0.03,APPROVED,CONFIDENTIAL
RSK_001089,CUST_001191,FRAUD_DETECTION,2026-10-01T08:47:07.820000+00:00,0.531,FLAGGED_FOR_REVIEW,CONFIDENTIAL
RSK_001090,CUST_006782,FRAUD_DETECTION,2026-10-01T08:47:09.134000+00:00,0.109,APPROVED,CONFIDENTIAL
RSK_001091,CUST_004776,LOAN_SCORING,2026-10-01T08:47:10.702000+00:00,0.079,APPROVED,CONFIDENTIAL
RSK_001092,CUST_002979,FRAUD_DETECTION,2026-10-01T08:47:13.079000+00:00,0.18,APPROVED,CONFIDENTIAL
RSK_001093,CUST_004055,FRAUD_DETECTION,2026-10-01T08:47:13.521000+00:00,0.498,FLAGGED_FOR_REVIEW,CONFIDENTIAL
RSK_001094,CUST_000922,FRAUD_DETECTION,2026-10-01T08:47:16.724000+00:00,0.251,APPROVED,CONFIDENTIAL
RSK_001095,CUST_008482,CREDIT_EVALUATION,2026-10-01T08:47:17.698000+00:00,0.515,FLAGGED_FOR_REVIEW,CONFIDENTIAL
RSK_001096,CUST_003234,CREDIT_EVALUATION,2026-10-01T08:47:19.979000+00:00,0.151,APPROVED,CONFIDENTIAL
RSK_001097,CUST_008767,AML_SCREENING,2026-10-01T08:47:24.957000+00:00,0.095,APPROVED,CONFIDENTIAL
RSK_001098,CUST_000240,LOAN_SCORING,2026-10-01T08:47:28.859000+00:00,0.557,FLAGGED_FOR_REVIEW,CONFIDENTIAL
RSK_001099,CUST_005194,CREDIT_EVALUATION,2026-10-01T08:47:29.965000+00:00,0.219,APPROVED,CONFIDENTIAL
RSK_001100,CUST_008169,CREDIT_EVALUATION,2026-10-01T08:47:32.168000+00:00,0.214,APPROVED,CONFIDENTIAL
RSK_001101,CUST_004590,FRAUD_DETECTION,2026-10-01T08:47:35.815000+00:00,0.1,APPROVED,CONFIDENTIAL
RSK_001102,CUST_003384,CREDIT_EVALUATION,2026-10-01T08:47:38.481000+00:00,0.551,FLAGGED_FOR_REVIEW,CONFIDENTIAL
RSK_001103,CUST_004206,FRAUD_DETECTION,2026-10-01T08:47:39.735000+00:00,0.111,APPROVED,CONFIDENTIAL
RSK_001104,CUST_005759,LOAN_SCORING,2026-10-01T08:47:43.085000+00:00,0.436,APPROVED,CONFIDENTIAL
RSK_001105,CUST_007407,FRAUD_DETECTION,2026-10-01T08:47:46.123000+00:00,0.131,APPROVED,CONFIDENTIAL
RSK_001106,CUST_003785,FRAUD_DETECTION,2026-10-01T08:47:49.147000+00:00,0.153,APPROVED,CONFIDENTIAL
RSK_001107,CUST_008387,LOAN_SCORING,2026-10-01T08:47:51.887000+00:00,0.253,APPROVED,CONFIDENTIAL
RSK_001108,CUST_009561,FRAUD_DETECTION,2026-10-01T08:47:54.122000+00:00,0.475,FLAGGED_FOR_REVIEW,CONFIDENTIAL
RSK_001109,CUST_004002,AML_SCREENING,2026-10-01T08:47:57.367000+00:00,0.146,APPROVED,CONFIDENTIAL
RSK_001110,CUST_006071,FRAUD_DETECTION,2026-10-01T08:48:00.783000+00:00,0.303,APPROVED,CONFIDENTIAL
RSK_001111,CUST_003959,LOAN_SCORING,2026-10-01T08:48:03.795000+00:00,0.616,FLAGGED_FOR_REVIEW,CONFIDENTIAL
RSK_001112,CUST_001720,LOAN_SCORING,2026-10-01T08:48:08.345000+00:00,0.112,APPROVED,CONFIDENTIAL
RSK_001113,CUST_001561,CREDIT_EVALUATION,2026-10-01T08:48:12.447000+00:00,0.085,APPROVED,CONFIDENTIAL
RSK_001114,CUST_004283,CREDIT_EVALUATION,2026-10-01T08:48:13.933000+00:00,0.357,APPROVED,CONFIDENTIAL
RSK_001115,CUST_009842,AML_SCREENING,2026-10-01T08:48:16.662000+00:00,0.427,APPROVED,CONFIDENTIAL
RSK_001116,CUST_008593,LOAN_SCORING,2026-10-01T08:48:19.807000+00:00,0.04,APPROVED,CONFIDENTIAL
RSK_001117,CUST_001263,AML_SCREENING,2026-10-01T08:48:23.213000+00:00,0.299,APPROVED,CONFIDENTIAL
RSK_001118,CUST_005128,LOAN_SCORING,2026-10-01T08:48:24.090000+00:00,0.04,APPROVED,CONFIDENTIAL
RSK_001119,CUST_005104,AML_SCREENING,2026-10-01T08:48:24.804000+00:00,0.614,FLAGGED_FOR_REVIEW,CONFIDENTIAL
RSK_001120,CUST_004073,AML_SCREENING,2026-10-01T08:48:29.544000+00:00,0.352,APPROVED,CONFIDENTIAL
RSK_001121,CUST_006803,LOAN_SCORING,2026-10-01T08:48:32.516000+00:00,0.013,APPROVED,CONFIDENTIAL
RSK_001122,CUST_009771,AML_SCREENING,2026-10-01T08:48:34.691000+00:00,0.391,APPROVED,CONFIDENTIAL
RSK_001123,CUST_004860,AML_SCREENING,2026-10-01T08:48:35.659000+00:00,0.066,APPROVED,CONFIDENTIAL
RSK_001124,CUST_007267,LOAN_SCORING,2026-10-01T08:48:37.200000+00:00,0.273,APPROVED,CONFIDENTIAL
RSK_001125,CUST_008921,AML_SCREENING,2026-10-01T08:48:38.656000+00:00,0.253,APPROVED,CONFIDENTIAL
RSK_001126,CUST_001574,LOAN_SCORING,2026-10-01T08:48:43.312000+00:00,0.403,APPROVED,CONFIDENTIAL
RSK_001127,CUST_003707,CREDIT_EVALUATION,2026-10-01T08:48:47.730000+00:00,0.19,APPROVED,CONFIDENTIAL
RSK_001128,CUST_008184,LOAN_SCORING,2026-10-01T08:48:49.182000+00:00,0.342,APPROVED,CONFIDENTIAL
RSK_001129,CUST_006207,AML_SCREENING,2026-10-01T08:48:53.997000+00:00,0.37,APPROVED,CONFIDENTIAL
RSK_001130,CUST_005376,CREDIT_EVALUATION,2026-10-01T08:48:58.333000+00:00,0.435,APPROVED,CONFIDENTIAL
RSK_001131,CUST_006755,CREDIT_EVALUATION,2026-10-01T08:49:01.115000+00:00,0.478,FLAGGED_FOR_REVIEW,CONFIDENTIAL
RSK_001132,CUST_000762,FRAUD_DETECTION,2026-10-01T08:49:04.474000+00:00,0.26,APPROVED,CONFIDENTIAL
RSK_001133,CUST_006736,FRAUD_DETECTION,2026-10-01T08:49:09.094000+00:00,0.413,APPROVED,CONFIDENTIAL
RSK_001134,CUST_003461,CREDIT_EVALUATION,2026-10-01T08:49:09.939000+00:00,0.25,APPROVED,CONFIDENTIAL
RSK_001135,CUST_008225,CREDIT_EVALUATION,2026-10-01T08:49:14.279000+00:00,0.252,APPROVED,CONFIDENTIAL
RSK_001136,CUST_000377,CREDIT_EVALUATION,2026-10-01T08:49:16.571000+00:00,0.164,APPROVED,CONFIDENTIAL
RSK_001137,CUST_009219,CREDIT_EVALUATION,2026-10-01T08:49:18.729000+00:00,0.179,APPROVED,CONFIDENTIAL
RSK_001138,CUST_008982,FRAUD_DETECTION,2026-10-01T08:49:22.727000+00:00,0.167,APPROVED,CONFIDENTIAL
RSK_001139,CUST_001193,CREDIT_EVALUATION,2026-10-01T08:49:24.967000+00:00,0.296,APPROVED,CONFIDENTIAL
RSK_001140,CUST_005674,FRAUD_DETECTION,2026-10-01T08:49:29.340000+00:00,0.399,APPROVED,CONFIDENTIAL
RSK_001141,CUST_004010,AML_SCREENING,2026-10-01T08:49:32.195000+00:00,0.117,APPROVED,CONFIDENTIAL
RSK_001142,CUST_003054,LOAN_SCORING,2026-10-01T08:49:32.793000+00:00,0.458,FLAGGED_FOR_REVIEW,CONFIDENTIAL
RSK_001143,CUST_002145,FRAUD_DETECTION,2026-10-01T08:49:33.859000+00:00,0.258,APPROVED,CONFIDENTIAL
RSK_001144,CUST_005211,LOAN_SCORING,2026-10-01T08:49:37.204000+00:00,0.282,APPROVED,CONFIDENTIAL
RSK_001145,CUST_000292,FRAUD_DETECTION,2026-10-01T08:49:39.822000+00:00,0.091,APPROVED,CONFIDENTIAL
RSK_001146,CUST_005830,LOAN_SCORING,2026-10-01T08:49:42.754000+00:00,0.117,APPROVED,CONFIDENTIAL
RSK_001147,CUST_002402,FRAUD_DETECTION,2026-10-01T08:49:47.460000+00:00,0.263,APPROVED,CONFIDENTIAL
RSK_001148,CUST_007778,AML_SCREENING,2026-10-01T08:49:52.347000+00:00,0.295,APPROVED,CONFIDENTIAL
RSK_001149,CUST_009440,LOAN_SCORING,2026-10-01T08:49:54.422000+00:00,0.46,FLAGGED_FOR_REVIEW,CONFIDENTIAL
RSK_001150,CUST_007899,FRAUD_DETECTION,2026-10-01T08:49:58.556000+00:00,0.26,APPROVED,CONFIDENTIAL
RSK_001151,CUST_002210,AML_SCREENING,2026-10-01T08:50:03.433000+00:00,0.367,APPROVED,CONFIDENTIAL
RSK_001152,CUST_004325,CREDIT_EVALUATION,2026-10-01T08:50:07.169000+00:00,0.118,APPROVED,CONFIDENTIAL
RSK_001153,CUST_009432,CREDIT_EVALUATION,2026-10-01T08:50:08.477000+00:00,0.372,APPROVED,CONFIDENTIAL
RSK_001154,CUST_001633,LOAN_SCORING,2026-10-01T08:50:10.327000+00:00,0.154,APPROVED,CONFIDENTIAL
RSK_001155,CUST_002399,LOAN_SCORING,2026-10-01T08:50:11.578000+00:00,0.059,APPROVED,CONFIDENTIAL
RSK_001156,CUST_007739,AML_SCREENING,2026-10-01T08:50:12.782000+00:00,0.157,APPROVED,CONFIDENTIAL
RSK_001157,CUST_006599,FRAUD_DETECTION,2026-10-01T08:50:13.562000+00:00,0.244,APPROVED,CONFIDENTIAL
RSK_001158,CUST_008243,CREDIT_EVALUATION,2026-10-01T08:50:13.910000+00:00,0.444,APPROVED,CONFIDENTIAL
RSK_001159,CUST_008204,LOAN_SCORING,2026-10-01T08:50:16.513000+00:00,0.289,APPROVED,CONFIDENTIAL
RSK_001160,CUST_009572,FRAUD_DETECTION,2026-10-01T08:50:17.372000+00:00,0.168,APPROVED,CONFIDENTIAL
RSK_001161,CUST_008166,AML_SCREENING,2026-10-01T08:50:21.817000+00:00,0.393,APPROVED,CONFIDENTIAL
RSK_001162,CUST_000428,FRAUD_DETECTION,2026-10-01T08:50:23.768000+00:00,0.343,APPROVED,CONFIDENTIAL
RSK_001163,CUST_001528,CREDIT_EVALUATION,2026-10-01T08:50:28.368000+00:00,0.174,APPROVED,CONFIDENTIAL
RSK_001164,CUST_008448,FRAUD_DETECTION,2026-10-01T08:50:31.001000+00:00,0.326,APPROVED,CONFIDENTIAL
RSK_001165,CUST_008637,CREDIT_EVALUATION,2026-10-01T08:50:34.308000+00:00,0.111,APPROVED,CONFIDENTIAL
RSK_001166,CUST_001442,LOAN_SCORING,2026-10-01T08:50:38.065000+00:00,0.208,APPROVED,CONFIDENTIAL
RSK_001167,CUST_005293,FRAUD_DETECTION,2026-10-01T08:50:39.238000+00:00,0.163,APPROVED,CONFIDENTIAL
RSK_001168,CUST_001192,AML_SCREENING,2026-10-01T08:50:40.653000+00:00,0.194,APPROVED,CONFIDENTIAL
RSK_001169,CUST_007543,LOAN_SCORING,2026-10-01T08:50:42.916000+00:00,0.31,APPROVED,CONFIDENTIAL
RSK_001170,CUST_000273,AML_SCREENING,2026-10-01T08:50:44.521000+00:00,0.245,APPROVED,CONFIDENTIAL
RSK_001171,CUST_004959,AML_SCREENING,2026-10-01T08:50:48.345000+00:00,0.404,APPROVED,CONFIDENTIAL
RSK_001172,CUST_001127,LOAN_SCORING,2026-10-01T08:50:49.427000+00:00,0.124,APPROVED,CONFIDENTIAL
RSK_001173,CUST_002343,LOAN_SCORING,2026-10-01T08:50:51.217000+00:00,0.025,APPROVED,CONFIDENTIAL
RSK_001174,CUST_005758,FRAUD_DETECTION,2026-10-01T08:50:55.515000+00:00,0.364,APPROVED,CONFIDENTIAL
RSK_001175,CUST_007229,LOAN_SCORING,2026-10-01T08:50:56.833000+00:00,0.339,APPROVED,CONFIDENTIAL
RSK_001176,CUST_002567,FRAUD_DETECTION,2026-10-01T08:50:58.192000+00:00,0.186,APPROVED,CONFIDENTIAL
RSK_001177,CUST_005589,AML_SCREENING,2026-10-01T08:51:02.657000+00:00,0.254,APPROVED,CONFIDENTIAL
RSK_001178,CUST_002265,CREDIT_EVALUATION,2026-10-01T08:51:06.703000+00:00,0.083,APPROVED,CONFIDENTIAL
RSK_001179,CUST_007114,AML_SCREENING,2026-10-01T08:51:09.873000+00:00,0.591,FLAGGED_FOR_REVIEW,CONFIDENTIAL
RSK_001180,CUST_001498,CREDIT_EVALUATION,2026-10-01T08:51:14.326000+00:00,0.35,APPROVED,CONFIDENTIAL
RSK_001181,CUST_009501,AML_SCREENING,2026-10-01T08:51:16.623000+00:00,0.251,APPROVED,CONFIDENTIAL
RSK_001182,CUST_000726,LOAN_SCORING,2026-10-01T08:51:18.053000+00:00,0.288,APPROVED,CONFIDENTIAL
RSK_001183,CUST_007036,AML_SCREENING,2026-10-01T08:51:19.539000+00:00,0.484,FLAGGED_FOR_REVIEW,CONFIDENTIAL
RSK_001184,CUST_007555,FRAUD_DETECTION,2026-10-01T08:51:24.049000+00:00,0.186,APPROVED,CONFIDENTIAL
RSK_001185,CUST_005582,FRAUD_DETECTION,2026-10-01T08:51:28.670000+00:00,0.412,APPROVED,CONFIDENTIAL
RSK_001186,CUST_002224,FRAUD_DETECTION,2026-10-01T08:51:29.358000+00:00,0.305,APPROVED,CONFIDENTIAL
RSK_001187,CUST_005747,CREDIT_EVALUATION,2026-10-01T08:51:29.958000+00:00,0.416,APPROVED,CONFIDENTIAL
RSK_001188,CUST_002642,FRAUD_DETECTION,2026-10-01T08:51:30.736000+00:00,0.164,APPROVED,CONFIDENTIAL
RSK_001189,CUST_001700,CREDIT_EVALUATION,2026-10-01T08:51:33.991000+00:00,0.412,APPROVED,CONFIDENTIAL
RSK_001190,CUST_004535,CREDIT_EVALUATION,2026-10-01T08:51:38.545000+00:00,0.513,FLAGGED_FOR_REVIEW,CONFIDENTIAL
RSK_001191,CUST_007164,LOAN_SCORING,2026-10-01T08:51:41.628000+00:00,0.246,APPROVED,CONFIDENTIAL
RSK_001192,CUST_008486,AML_SCREENING,2026-10-01T08:51:46.123000+00:00,0.184,APPROVED,CONFIDENTIAL
RSK_001193,CUST_003800,LOAN_SCORING,2026-10-01T08:51:47.169000+00:00,0.119,APPROVED,CONFIDENTIAL
RSK_001194,CUST_004892,FRAUD_DETECTION,2026-10-01T08:51:52.135000+00:00,0.208,APPROVED,CONFIDENTIAL
RSK_001195,CUST_008539,CREDIT_EVALUATION,2026-10-01T08:51:53.090000+00:00,0.327,APPROVED,CONFIDENTIAL
RSK_001196,CUST_002951,AML_SCREENING,2026-10-01T08:51:56.447000+00:00,0.512,FLAGGED_FOR_REVIEW,CONFIDENTIAL
RSK_001197,CUST_007701,AML_SCREENING,2026-10-01T08:52:01.022000+00:00,0.13,APPROVED,CONFIDENTIAL
RSK_001198,CUST_000964,FRAUD_DETECTION,2026-10-01T08:52:03.358000+00:00,0.157,APPROVED,CONFIDENTIAL
RSK_001199,CUST_007166,CREDIT_EVALUATION,2026-10-01T08:52:04.832000+00:00,0.229,APPROVED,CONFIDENTIAL
RSK_001200,CUST_006630,LOAN_SCORING,2026-10-01T08:52:06.118000+00:00,0.155,APPROVED,CONFIDENTIAL
RSK_001201,CUST_003657,CREDIT_EVALUATION,2026-10-01T08:52:08.066000+00:00,0.569,FLAGGED_FOR_REVIEW,CONFIDENTIAL
RSK_001202,CUST_000121,CREDIT_EVALUATION,2026-10-01T08:52:10.927000+00:00,0.296,APPROVED,CONFIDENTIAL
RSK_001203,CUST_000854,AML_SCREENING,2026-10-01T08:52:11.611000+00:00,0.383,APPROVED,CONFIDENTIAL
RSK_001204,CUST_008820,LOAN_SCORING,2026-10-01T08:52:13.051000+00:00,0.223,APPROVED,CONFIDENTIAL
RSK_001205,CUST_007277,CREDIT_EVALUATION,2026-10-01T08:52:15.923000+00:00,0.179,APPROVED,CONFIDENTIAL
RSK_001206,CUST_004831,CREDIT_EVALUATION,2026-10-01T08:52:19.675000+00:00,0.233,APPROVED,CONFIDENTIAL
RSK_001207,CUST_009057,AML_SCREENING,2026-10-01T08:52:23.239000+00:00,0.178,APPROVED,CONFIDENTIAL
RSK_001208,CUST_000257,AML_SCREENING,2026-10-01T08:52:25.753000+00:00,0.194,APPROVED,CONFIDENTIAL
RSK_001209,CUST_003586,CREDIT_EVALUATION,2026-10-01T08:52:30.401000+00:00,0.164,APPROVED,CONFIDENTIAL
RSK_001210,CUST_004209,FRAUD_DETECTION,2026-10-01T08:52:30.871000+00:00,0.222,APPROVED,CONFIDENTIAL
RSK_001211,CUST_001776,FRAUD_DETECTION,2026-10-01T08:52:35.670000+00:00,0.273,APPROVED,CONFIDENTIAL
RSK_001212,CUST_001509,CREDIT_EVALUATION,2026-10-01T08:52:36.825000+00:00,0.212,APPROVED,CONFIDENTIAL
RSK_001213,CUST_008121,AML_SCREENING,2026-10-01T08:52:38.564000+00:00,0.165,APPROVED,CONFIDENTIAL
RSK_001214,CUST_001900,FRAUD_DETECTION,2026-10-01T08:52:40.813000+00:00,0.346,APPROVED,CONFIDENTIAL
RSK_001215,CUST_009680,CREDIT_EVALUATION,2026-10-01T08:52:42.275000+00:00,0.34,APPROVED,CONFIDENTIAL
RSK_001216,CUST_000173,CREDIT_EVALUATION,2026-10-01T08:52:43.628000+00:00,0.312,APPROVED,CONFIDENTIAL
RSK_001217,CUST_000316,CREDIT_EVALUATION,2026-10-01T08:52:45.709000+00:00,0.131,APPROVED,CONFIDENTIAL
RSK_001218,CUST_000922,LOAN_SCORING,2026-10-01T08:52:46.469000+00:00,0.626,FLAGGED_FOR_REVIEW,CONFIDENTIAL
RSK_001219,CUST_002581,LOAN_SCORING,2026-10-01T08:52:49.891000+00:00,0.162,APPROVED,CONFIDENTIAL
RSK_001220,CUST_005819,CREDIT_EVALUATION,2026-10-01T08:52:53.501000+00:00,0.203,APPROVED,CONFIDENTIAL
RSK_001221,CUST_007612,AML_SCREENING,2026-10-01T08:52:58.052000+00:00,0.201,APPROVED,CONFIDENTIAL
RSK_001222,CUST_006405,CREDIT_EVALUATION,2026-10-01T08:52:58.770000+00:00,0.185,APPROVED,CONFIDENTIAL
RSK_001223,CUST_005644,CREDIT_EVALUATION,2026-10-01T08:53:03.575000+00:00,0.399,APPROVED,CONFIDENTIAL
RSK_001224,CUST_003922,AML_SCREENING,2026-10-01T08:53:06.832000+00:00,0.249,APPROVED,CONFIDENTIAL
RSK_001225,CUST_000602,CREDIT_EVALUATION,2026-10-01T08:53:07.681000+00:00,0.027,APPROVED,CONFIDENTIAL
RSK_001226,CUST_001101,LOAN_SCORING,2026-10-01T08:53:10.921000+00:00,0.207,APPROVED,CONFIDENTIAL
RSK_001227,CUST_000538,AML_SCREENING,2026-10-01T08:53:11.889000+00:00,0.426,APPROVED,CONFIDENTIAL
RSK_001228,CUST_008316,AML_SCREENING,2026-10-01T08:53:14.545000+00:00,0.259,APPROVED,CONFIDENTIAL
RSK_001229,CUST_005946,AML_SCREENING,2026-10-01T08:53:17.272000+00:00,0.054,APPROVED,CONFIDENTIAL
RSK_001230,CUST_004467,AML_SCREENING,2026-10-01T08:53:18.221000+00:00,0.285,APPROVED,CONFIDENTIAL
RSK_001231,CUST_001243,FRAUD_DETECTION,2026-10-01T08:53:19.502000+00:00,0.141,APPROVED,CONFIDENTIAL
RSK_001232,CUST_003902,AML_SCREENING,2026-10-01T08:53:21.369000+00:00,0.75,REJECTED,CONFIDENTIAL
RSK_001233,CUST_008814,LOAN_SCORING,2026-10-01T08:53:21.836000+00:00,0.565,FLAGGED_FOR_REVIEW,CONFIDENTIAL
RSK_001234,CUST_000464,AML_SCREENING,2026-10-01T08:53:25.096000+00:00,0.064,APPROVED,CONFIDENTIAL
RSK_001235,CUST_000431,FRAUD_DETECTION,2026-10-01T08:53:27.672000+00:00,0.226,APPROVED,CONFIDENTIAL
RSK_001236,CUST_002048,FRAUD_DETECTION,2026-10-01T08:53:28.402000+00:00,0.216,APPROVED,CONFIDENTIAL
RSK_001237,CUST_002001,CREDIT_EVALUATION,2026-10-01T08:53:29.939000+00:00,0.519,FLAGGED_FOR_REVIEW,CONFIDENTIAL
RSK_001238,CUST_000898,CREDIT_EVALUATION,2026-10-01T08:53:34.319000+00:00,0.296,APPROVED,CONFIDENTIAL
RSK_001239,CUST_000545,LOAN_SCORING,2026-10-01T08:53:36.888000+00:00,0.241,APPROVED,CONFIDENTIAL
RSK_001240,CUST_005175,FRAUD_DETECTION,2026-10-01T08:53:38.473000+00:00,0.202,APPROVED,CONFIDENTIAL
RSK_001241,CUST_005745,AML_SCREENING,2026-10-01T08:53:43.057000+00:00,0.125,APPROVED,CONFIDENTIAL
RSK_001242,CUST_007089,FRAUD_DETECTION,2026-10-01T08:53:45.855000+00:00,0.409,APPROVED,CONFIDENTIAL
RSK_001243,CUST_007478,LOAN_SCORING,2026-10-01T08:53:49.287000+00:00,0.181,APPROVED,CONFIDENTIAL
RSK_001244,CUST_007135,CREDIT_EVALUATION,2026-10-01T08:53:51.595000+00:00,0.085,APPROVED,CONFIDENTIAL
RSK_001245,CUST_000216,CREDIT_EVALUATION,2026-10-01T08:53:51.972000+00:00,0.137,APPROVED,CONFIDENTIAL
RSK_001246,CUST_000760,FRAUD_DETECTION,2026-10-01T08:53:52.969000+00:00,0.479,FLAGGED_FOR_REVIEW,CONFIDENTIAL
RSK_001247,CUST_006846,FRAUD_DETECTION,2026-10-01T08:53:55.459000+00:00,0.189,APPROVED,CONFIDENTIAL
RSK_001248,CUST_004890,FRAUD_DETECTION,2026-10-01T08:53:59.421000+00:00,0.4,APPROVED,CONFIDENTIAL
RSK_001249,CUST_009322,AML_SCREENING,2026-10-01T08:54:01.125000+00:00,0.312,APPROVED,CONFIDENTIAL
RSK_001250,CUST_000945,AML_SCREENING,2026-10-01T08:54:04.766000+00:00,0.228,APPROVED,CONFIDENTIAL
RSK_001251,CUST_002947,LOAN_SCORING,2026-10-01T08:54:07.181000+00:00,0.486,FLAGGED_FOR_REVIEW,CONFIDENTIAL
RSK_001252,CUST_007929,CREDIT_EVALUATION,2026-10-01T08:54:10.041000+00:00,0.654,FLAGGED_FOR_REVIEW,CONFIDENTIAL
RSK_001253,CUST_003297,LOAN_SCORING,2026-10-01T08:54:12.499000+00:00,0.269,APPROVED,CONFIDENTIAL
RSK_001254,CUST_008827,FRAUD_DETECTION,2026-10-01T08:54:16.874000+00:00,0.292,APPROVED,CONFIDENTIAL
RSK_001255,CUST_008731,CREDIT_EVALUATION,2026-10-01T08:54:19.902000+00:00,0.32,APPROVED,CONFIDENTIAL
RSK_001256,CUST_004065,AML_SCREENING,2026-10-01T08:54:21.919000+00:00,0.638,FLAGGED_FOR_REVIEW,CONFIDENTIAL
RSK_001257,CUST_007214,FRAUD_DETECTION,2026-10-01T08:54:22.558000+00:00,0.199,APPROVED,CONFIDENTIAL
RSK_001258,CUST_002285,AML_SCREENING,2026-10-01T08:54:26.245000+00:00,0.232,APPROVED,CONFIDENTIAL
RSK_001259,CUST_000137,CREDIT_EVALUATION,2026-10-01T08:54:28.126000+00:00,0.57,FLAGGED_FOR_REVIEW,CONFIDENTIAL
RSK_001260,CUST_009943,CREDIT_EVALUATION,2026-10-01T08:54:29.510000+00:00,0.262,APPROVED,CONFIDENTIAL
RSK_001261,CUST_007324,LOAN_SCORING,2026-10-01T08:54:33.503000+00:00,0.221,APPROVED,CONFIDENTIAL
RSK_001262,CUST_007395,FRAUD_DETECTION,2026-10-01T08:54:38.046000+00:00,0.565,FLAGGED_FOR_REVIEW,CONFIDENTIAL
RSK_001263,CUST_006228,LOAN_SCORING,2026-10-01T08:54:42.261000+00:00,0.25,APPROVED,CONFIDENTIAL
RSK_001264,CUST_002925,LOAN_SCORING,2026-10-01T08:54:44.083000+00:00,0.213,APPROVED,CONFIDENTIAL
RSK_001265,CUST_003688,AML_SCREENING,2026-10-01T08:54:45.009000+00:00,0.103,APPROVED,CONFIDENTIAL
RSK_001266,CUST_000505,CREDIT_EVALUATION,2026-10-01T08:54:49.386000+00:00,0.251,APPROVED,CONFIDENTIAL
RSK_001267,CUST_000733,LOAN_SCORING,2026-10-01T08:54:50.486000+00:00,0.022,APPROVED,CONFIDENTIAL
RSK_001268,CUST_001407,CREDIT_EVALUATION,2026-10-01T08:54:53.851000+00:00,0.334,APPROVED,CONFIDENTIAL
RSK_001269,CUST_006549,LOAN_SCORING,2026-10-01T08:54:57.061000+00:00,0.644,FLAGGED_FOR_REVIEW,CONFIDENTIAL
RSK_001270,CUST_004477,CREDIT_EVALUATION,2026-10-01T08:55:01.014000+00:00,0.294,APPROVED,CONFIDENTIAL
RSK_001271,CUST_001884,FRAUD_DETECTION,2026-10-01T08:55:02.776000+00:00,0.207,APPROVED,CONFIDENTIAL
RSK_001272,CUST_003036,LOAN_SCORING,2026-10-01T08:55:06.279000+00:00,0.367,APPROVED,CONFIDENTIAL
RSK_001273,CUST_009115,FRAUD_DETECTION,2026-10-01T08:55:08.781000+00:00,0.379,APPROVED,CONFIDENTIAL
RSK_001274,CUST_005828,CREDIT_EVALUATION,2026-10-01T08:55:12.554000+00:00,0.201,APPROVED,CONFIDENTIAL
RSK_001275,CUST_000720,AML_SCREENING,2026-10-01T08:55:13.950000+00:00,0.744,REJECTED,CONFIDENTIAL
RSK_001276,CUST_005114,CREDIT_EVALUATION,2026-10-01T08:55:14.418000+00:00,0.063,APPROVED,CONFIDENTIAL
RSK_001277,CUST_004753,CREDIT_EVALUATION,2026-10-01T08:55:15.634000+00:00,0.304,APPROVED,CONFIDENTIAL
RSK_001278,CUST_007467,CREDIT_EVALUATION,2026-10-01T08:55:19.804000+00:00,0.417,APPROVED,CONFIDENTIAL
RSK_001279,CUST_003081,FRAUD_DETECTION,2026-10-01T08:55:24.602000+00:00,0.356,APPROVED,CONFIDENTIAL
RSK_001280,CUST_009495,FRAUD_DETECTION,2026-10-01T08:55:27.917000+00:00,0.111,APPROVED,CONFIDENTIAL
RSK_001281,CUST_008118,LOAN_SCORING,2026-10-01T08:55:30.494000+00:00,0.535,FLAGGED_FOR_REVIEW,CONFIDENTIAL
RSK_001282,CUST_004755,CREDIT_EVALUATION,2026-10-01T08:55:32.518000+00:00,0.119,APPROVED,CONFIDENTIAL
RSK_001283,CUST_008460,LOAN_SCORING,2026-10-01T08:55:35.848000+00:00,0.462,FLAGGED_FOR_REVIEW,CONFIDENTIAL
RSK_001284,CUST_007665,AML_SCREENING,2026-10-01T08:55:36.842000+00:00,0.216,APPROVED,CONFIDENTIAL
RSK_001285,CUST_006897,AML_SCREENING,2026-10-01T08:55:41.784000+00:00,0.075,APPROVED,CONFIDENTIAL
RSK_001286,CUST_007767,LOAN_SCORING,2026-10-01T08:55:43.514000+00:00,0.23,APPROVED,CONFIDENTIAL
RSK_001287,CUST_002681,AML_SCREENING,2026-10-01T08:55:43.859000+00:00,0.207,APPROVED,CONFIDENTIAL
RSK_001288,CUST_002325,FRAUD_DETECTION,2026-10-01T08:55:47.908000+00:00,0.358,APPROVED,CONFIDENTIAL
RSK_001289,CUST_005464,AML_SCREENING,2026-10-01T08:55:50.968000+00:00,0.336,APPROVED,CONFIDENTIAL
RSK_001290,CUST_002060,LOAN_SCORING,2026-10-01T08:55:55.565000+00:00,0.419,APPROVED,CONFIDENTIAL
RSK_001291,CUST_007138,FRAUD_DETECTION,2026-10-01T08:55:59.004000+00:00,0.466,FLAGGED_FOR_REVIEW,CONFIDENTIAL
RSK_001292,CUST_005097,CREDIT_EVALUATION,2026-10-01T08:56:02.496000+00:00,0.45,APPROVED,CONFIDENTIAL
RSK_001293,CUST_007955,LOAN_SCORING,2026-10-01T08:56:04.697000+00:00,0.45,APPROVED,CONFIDENTIAL
RSK_001294,CUST_004043,FRAUD_DETECTION,2026-10-01T08:56:07.133000+00:00,0.195,APPROVED,CONFIDENTIAL
RSK_001295,CUST_008741,AML_SCREENING,2026-10-01T08:56:09.806000+00:00,0.369,APPROVED,CONFIDENTIAL
RSK_001296,CUST_003426,AML_SCREENING,2026-10-01T08:56:13.620000+00:00,0.172,APPROVED,CONFIDENTIAL
RSK_001297,CUST_000642,CREDIT_EVALUATION,2026-10-01T08:56:16.229000+00:00,0.245,APPROVED,CONFIDENTIAL
RSK_001298,CUST_006052,FRAUD_DETECTION,2026-10-01T08:56:20.731000+00:00,0.298,APPROVED,CONFIDENTIAL
RSK_001299,CUST_003976,AML_SCREENING,2026-10-01T08:56:24.460000+00:00,0.237,APPROVED,CONFIDENTIAL
RSK_001300,CUST_006027,CREDIT_EVALUATION,2026-10-01T08:56:28.077000+00:00,0.374,APPROVED,CONFIDENTIAL
RSK_001301,CUST_008557,FRAUD_DETECTION,2026-10-01T08:56:32.910000+00:00,0.655,FLAGGED_FOR_REVIEW,CONFIDENTIAL
RSK_001302,CUST_002345,CREDIT_EVALUATION,2026-10-01T08:56:34.312000+00:00,0.221,APPROVED,CONFIDENTIAL
RSK_001303,CUST_007948,CREDIT_EVALUATION,2026-10-01T08:56:38.360000+00:00,0.292,APPROVED,CONFIDENTIAL
RSK_001304,CUST_003187,LOAN_SCORING,2026-10-01T08:56:39.175000+00:00,0.084,APPROVED,CONFIDENTIAL
RSK_001305,CUST_009067,AML_SCREENING,2026-10-01T08:56:40.985000+00:00,0.106,APPROVED,CONFIDENTIAL
RSK_001306,CUST_007357,AML_SCREENING,2026-10-01T08:56:44.680000+00:00,0.148,APPROVED,CONFIDENTIAL
RSK_001307,CUST_009703,AML_SCREENING,2026-10-01T08:56:49.359000+00:00,0.303,APPROVED,CONFIDENTIAL
RSK_001308,CUST_004003,LOAN_SCORING,2026-10-01T08:56:52.197000+00:00,0.47,FLAGGED_FOR_REVIEW,CONFIDENTIAL
RSK_001309,CUST_003593,FRAUD_DETECTION,2026-10-01T08:56:54.998000+00:00,0.13,APPROVED,CONFIDENTIAL
RSK_001310,CUST_009695,AML_SCREENING,2026-10-01T08:56:57.266000+00:00,0.098,APPROVED,CONFIDENTIAL
RSK_001311,CUST_004336,LOAN_SCORING,2026-10-01T08:57:01.005000+00:00,0.089,APPROVED,CONFIDENTIAL
RSK_001312,CUST_009449,LOAN_SCORING,2026-10-01T08:57:03.310000+00:00,0.337,APPROVED,CONFIDENTIAL
RSK_001313,CUST_002601,AML_SCREENING,2026-10-01T08:57:07.422000+00:00,0.306,APPROVED,CONFIDENTIAL
RSK_001314,CUST_009728,CREDIT_EVALUATION,2026-10-01T08:57:10.662000+00:00,0.079,APPROVED,CONFIDENTIAL
RSK_001315,CUST_005943,FRAUD_DETECTION,2026-10-01T08:57:13.973000+00:00,0.738,REJECTED,CONFIDENTIAL
RSK_001316,CUST_004374,LOAN_SCORING,2026-10-01T08:57:16.069000+00:00,0.038,APPROVED,CONFIDENTIAL
RSK_001317,CUST_004285,LOAN_SCORING,2026-10-01T08:57:16.601000+00:00,0.159,APPROVED,CONFIDENTIAL
RSK_001318,CUST_008158,AML_SCREENING,2026-10-01T08:57:19.282000+00:00,0.414,APPROVED,CONFIDENTIAL
RSK_001319,CUST_004525,AML_SCREENING,2026-10-01T08:57:22.309000+00:00,0.373,APPROVED,CONFIDENTIAL
RSK_001320,CUST_005450,FRAUD_DETECTION,2026-10-01T08:57:22.571000+00:00,0.206,APPROVED,CONFIDENTIAL
RSK_001321,CUST_005094,FRAUD_DETECTION,2026-10-01T08:57:24.214000+00:00,0.282,APPROVED,CONFIDENTIAL
RSK_001322,CUST_004244,CREDIT_EVALUATION,2026-10-01T08:57:26.116000+00:00,0.169,APPROVED,CONFIDENTIAL
RSK_001323,CUST_001263,LOAN_SCORING,2026-10-01T08:57:28.904000+00:00,0.065,APPROVED,CONFIDENTIAL
RSK_001324,CUST_005878,CREDIT_EVALUATION,2026-10-01T08:57:32.135000+00:00,0.272,APPROVED,CONFIDENTIAL
RSK_001325,CUST_001938,FRAUD_DETECTION,2026-10-01T08:57:32.355000+00:00,0.243,APPROVED,CONFIDENTIAL
RSK_001326,CUST_003588,FRAUD_DETECTION,2026-10-01T08:57:35.470000+00:00,0.228,APPROVED,CONFIDENTIAL
RSK_001327,CUST_005632,FRAUD_DETECTION,2026-10-01T08:57:36.426000+00:00,0.16,APPROVED,CONFIDENTIAL
RSK_001328,CUST_000772,LOAN_SCORING,2026-10-01T08:57:40.478000+00:00,0.112,APPROVED,CONFIDENTIAL
RSK_001329,CUST_008796,CREDIT_EVALUATION,2026-10-01T08:57:44.095000+00:00,0.379,APPROVED,CONFIDENTIAL
RSK_001330,CUST_007876,AML_SCREENING,2026-10-01T08:57:47.336000+00:00,0.195,APPROVED,CONFIDENTIAL
RSK_001331,CUST_006719,AML_SCREENING,2026-10-01T08:57:49.487000+00:00,0.19,APPROVED,CONFIDENTIAL
RSK_001332,CUST_004888,LOAN_SCORING,2026-10-01T08:57:51.646000+00:00,0.492,FLAGGED_FOR_REVIEW,CONFIDENTIAL
RSK_001333,CUST_000401,FRAUD_DETECTION,2026-10-01T08:57:56.392000+00:00,0.072,APPROVED,CONFIDENTIAL
RSK_001334,CUST_003064,LOAN_SCORING,2026-10-01T08:58:01.085000+00:00,0.584,FLAGGED_FOR_REVIEW,CONFIDENTIAL
RSK_001335,CUST_005206,CREDIT_EVALUATION,2026-10-01T08:58:02.517000+00:00,0.113,APPROVED,CONFIDENTIAL
RSK_001336,CUST_005184,CREDIT_EVALUATION,2026-10-01T08:58:06.792000+00:00,0.242,APPROVED,CONFIDENTIAL
RSK_001337,CUST_008363,LOAN_SCORING,2026-10-01T08:58:07.242000+00:00,0.515,FLAGGED_FOR_REVIEW,CONFIDENTIAL
RSK_001338,CUST_007920,LOAN_SCORING,2026-10-01T08:58:08.533000+00:00,0.365,APPROVED,CONFIDENTIAL
RSK_001339,CUST_002389,LOAN_SCORING,2026-10-01T08:58:11.050000+00:00,0.04,APPROVED,CONFIDENTIAL
RSK_001340,CUST_000638,LOAN_SCORING,2026-10-01T08:58:11.703000+00:00,0.255,APPROVED,CONFIDENTIAL
RSK_001341,CUST_009503,FRAUD_DETECTION,2026-10-01T08:58:14.071000+00:00,0.164,APPROVED,CONFIDENTIAL
RSK_001342,CUST_001216,CREDIT_EVALUATION,2026-10-01T08:58:17.684000+00:00,0.101,APPROVED,CONFIDENTIAL
RSK_001343,CUST_003819,LOAN_SCORING,2026-10-01T08:58:20.139000+00:00,0.658,FLAGGED_FOR_REVIEW,CONFIDENTIAL
RSK_001344,CUST_007445,LOAN_SCORING,2026-10-01T08:58:22.737000+00:00,0.066,APPROVED,CONFIDENTIAL
RSK_001345,CUST_008780,FRAUD_DETECTION,2026-10-01T08:58:27.129000+00:00,0.191,APPROVED,CONFIDENTIAL
RSK_001346,CUST_003706,CREDIT_EVALUATION,2026-10-01T08:58:29.238000+00:00,0.207,APPROVED,CONFIDENTIAL
RSK_001347,CUST_000369,CREDIT_EVALUATION,2026-10-01T08:58:30.181000+00:00,0.298,APPROVED,CONFIDENTIAL
RSK_001348,CUST_009454,CREDIT_EVALUATION,2026-10-01T08:58:34.260000+00:00,0.298,APPROVED,CONFIDENTIAL
RSK_001349,CUST_008805,CREDIT_EVALUATION,2026-10-01T08:58:37.226000+00:00,0.278,APPROVED,CONFIDENTIAL
RSK_001350,CUST_006595,LOAN_SCORING,2026-10-01T08:58:41.362000+00:00,0.25,APPROVED,CONFIDENTIAL
RSK_001351,CUST_001937,LOAN_SCORING,2026-10-01T08:58:45.911000+00:00,0.295,APPROVED,CONFIDENTIAL
RSK_001352,CUST_003448,FRAUD_DETECTION,2026-10-01T08:58:49.795000+00:00,0.079,APPROVED,CONFIDENTIAL
RSK_001353,CUST_005898,LOAN_SCORING,2026-10-01T08:58:52.159000+00:00,0.265,APPROVED,CONFIDENTIAL
RSK_001354,CUST_006871,CREDIT_EVALUATION,2026-10-01T08:58:55.171000+00:00,0.599,FLAGGED_FOR_REVIEW,CONFIDENTIAL
RSK_001355,CUST_001066,CREDIT_EVALUATION,2026-10-01T08:58:56.069000+00:00,0.221,APPROVED,CONFIDENTIAL
RSK_001356,CUST_003189,CREDIT_EVALUATION,2026-10-01T08:58:57.491000+00:00,0.381,APPROVED,CONFIDENTIAL
RSK_001357,CUST_005504,CREDIT_EVALUATION,2026-10-01T08:59:01.727000+00:00,0.174,APPROVED,CONFIDENTIAL
RSK_001358,CUST_009246,FRAUD_DETECTION,2026-10-01T08:59:02.194000+00:00,0.51,FLAGGED_FOR_REVIEW,CONFIDENTIAL
RSK_001359,CUST_003452,AML_SCREENING,2026-10-01T08:59:06.338000+00:00,0.295,APPROVED,CONFIDENTIAL
RSK_001360,CUST_003034,CREDIT_EVALUATION,2026-10-01T08:59:07.898000+00:00,0.112,APPROVED,CONFIDENTIAL
RSK_001361,CUST_003194,CREDIT_EVALUATION,2026-10-01T08:59:08.395000+00:00,0.072,APPROVED,CONFIDENTIAL
RSK_001362,CUST_003027,FRAUD_DETECTION,2026-10-01T08:59:12.772000+00:00,0.618,FLAGGED_FOR_REVIEW,CONFIDENTIAL
RSK_001363,CUST_004514,CREDIT_EVALUATION,2026-10-01T08:59:16.927000+00:00,0.231,APPROVED,CONFIDENTIAL
RSK_001364,CUST_008472,CREDIT_EVALUATION,2026-10-01T08:59:17.334000+00:00,0.204,APPROVED,CONFIDENTIAL
RSK_001365,CUST_007150,LOAN_SCORING,2026-10-01T08:59:20.696000+00:00,0.285,APPROVED,CONFIDENTIAL
RSK_001366,CUST_001351,FRAUD_DETECTION,2026-10-01T08:59:25.561000+00:00,0.253,APPROVED,CONFIDENTIAL
RSK_001367,CUST_002515,AML_SCREENING,2026-10-01T08:59:27.341000+00:00,0.215,APPROVED,CONFIDENTIAL
RSK_001368,CUST_001511,FRAUD_DETECTION,2026-10-01T08:59:29.257000+00:00,0.189,APPROVED,CONFIDENTIAL
RSK_001369,CUST_005854,AML_SCREENING,2026-10-01T08:59:33.554000+00:00,0.498,FLAGGED_FOR_REVIEW,CONFIDENTIAL
RSK_001370,CUST_009373,FRAUD_DETECTION,2026-10-01T08:59:37.418000+00:00,0.178,APPROVED,CONFIDENTIAL
RSK_001371,CUST_004744,LOAN_SCORING,2026-10-01T08:59:40.480000+00:00,0.165,APPROVED,CONFIDENTIAL
RSK_001372,CUST_003037,LOAN_SCORING,2026-10-01T08:59:44.942000+00:00,0.618,FLAGGED_FOR_REVIEW,CONFIDENTIAL
RSK_001373,CUST_002605,CREDIT_EVALUATION,2026-10-01T08:59:47.045000+00:00,0.073,APPROVED,CONFIDENTIAL
RSK_001374,CUST_000757,CREDIT_EVALUATION,2026-10-01T08:59:50.171000+00:00,0.12,APPROVED,CONFIDENTIAL
RSK_001375,CUST_009385,AML_SCREENING,2026-10-01T08:59:50.448000+00:00,0.315,APPROVED,CONFIDENTIAL
RSK_001376,CUST_002309,FRAUD_DETECTION,2026-10-01T08:59:51.082000+00:00,0.178,APPROVED,CONFIDENTIAL
RSK_001377,CUST_006986,AML_SCREENING,2026-10-01T08:59:56.005000+00:00,0.088,APPROVED,CONFIDENTIAL
RSK_001378,CUST_003086,CREDIT_EVALUATION,2026-10-01T08:59:57.265000+00:00,0.231,APPROVED,CONFIDENTIAL
RSK_001379,CUST_004973,FRAUD_DETECTION,2026-10-01T09:00:00.379000+00:00,0.266,APPROVED,CONFIDENTIAL
RSK_001380,CUST_007141,LOAN_SCORING,2026-10-01T09:00:03.611000+00:00,0.545,FLAGGED_FOR_REVIEW,CONFIDENTIAL
RSK_001381,CUST_007959,FRAUD_DETECTION,2026-10-01T09:00:07.565000+00:00,0.157,APPROVED,CONFIDENTIAL
RSK_001382,CUST_004978,FRAUD_DETECTION,2026-10-01T09:00:08.936000+00:00,0.073,APPROVED,CONFIDENTIAL
RSK_001383,CUST_001105,AML_SCREENING,2026-10-01T09:00:10.748000+00:00,0.162,APPROVED,CONFIDENTIAL
RSK_001384,CUST_007986,CREDIT_EVALUATION,2026-10-01T09:00:14.563000+00:00,0.22,APPROVED,CONFIDENTIAL
RSK_001385,CUST_005013,FRAUD_DETECTION,2026-10-01T09:00:19.257000+00:00,0.217,APPROVED,CONFIDENTIAL
RSK_001386,CUST_006975,CREDIT_EVALUATION,2026-10-01T09:00:23.058000+00:00,0.255,APPROVED,CONFIDENTIAL
RSK_001387,CUST_003254,LOAN_SCORING,2026-10-01T09:00:26.938000+00:00,0.429,APPROVED,CONFIDENTIAL
RSK_001388,CUST_007867,CREDIT_EVALUATION,2026-10-01T09:00:28.696000+00:00,0.196,APPROVED,CONFIDENTIAL
RSK_001389,CUST_004732,CREDIT_EVALUATION,2026-10-01T09:00:32.474000+00:00,0.297,APPROVED,CONFIDENTIAL
RSK_001390,CUST_008760,FRAUD_DETECTION,2026-10-01T09:00:32.910000+00:00,0.061,APPROVED,CONFIDENTIAL
RSK_001391,CUST_001490,FRAUD_DETECTION,2026-10-01T09:00:36.933000+00:00,0.157,APPROVED,CONFIDENTIAL
RSK_001392,CUST_009428,FRAUD_DETECTION,2026-10-01T09:00:38.258000+00:00,0.284,APPROVED,CONFIDENTIAL
RSK_001393,CUST_009703,AML_SCREENING,2026-10-01T09:00:42.628000+00:00,0.445,APPROVED,CONFIDENTIAL
RSK_001394,CUST_002057,LOAN_SCORING,2026-10-01T09:00:47.493000+00:00,0.23,APPROVED,CONFIDENTIAL
RSK_001395,CUST_007274,CREDIT_EVALUATION,2026-10-01T09:00:48.754000+00:00,0.153,APPROVED,CONFIDENTIAL
RSK_001396,CUST_003664,AML_SCREENING,2026-10-01T09:00:49.595000+00:00,0.302,APPROVED,CONFIDENTIAL
RSK_001397,CUST_002773,FRAUD_DETECTION,2026-10-01T09:00:50.096000+00:00,0.397,APPROVED,CONFIDENTIAL
RSK_001398,CUST_001229,LOAN_SCORING,2026-10-01T09:00:51.249000+00:00,0.082,APPROVED,CONFIDENTIAL
RSK_001399,CUST_009038,AML_SCREENING,2026-10-01T09:00:54.486000+00:00,0.309,APPROVED,CONFIDENTIAL
RSK_001400,CUST_001067,LOAN_SCORING,2026-10-01T09:00:57.372000+00:00,0.478,FLAGGED_FOR_REVIEW,CONFIDENTIAL
RSK_001401,CUST_008198,FRAUD_DETECTION,2026-10-01T09:01:01.013000+00:00,0.267,APPROVED,CONFIDENTIAL
RSK_001402,CUST_008361,AML_SCREENING,2026-10-01T09:01:04.690000+00:00,0.237,APPROVED,CONFIDENTIAL
RSK_001403,CUST_007205,FRAUD_DETECTION,2026-10-01T09:01:06.482000+00:00,0.156,APPROVED,CONFIDENTIAL
RSK_001404,CUST_004771,CREDIT_EVALUATION,2026-10-01T09:01:08.033000+00:00,0.578,FLAGGED_FOR_REVIEW,CONFIDENTIAL
RSK_001405,CUST_005751,CREDIT_EVALUATION,2026-10-01T09:01:12.470000+00:00,0.092,APPROVED,CONFIDENTIAL
RSK_001406,CUST_006810,CREDIT_EVALUATION,2026-10-01T09:01:13.444000+00:00,0.416,APPROVED,CONFIDENTIAL
RSK_001407,CUST_005869,CREDIT_EVALUATION,2026-10-01T09:01:16.694000+00:00,0.27,APPROVED,CONFIDENTIAL
RSK_001408,CUST_003274,CREDIT_EVALUATION,2026-10-01T09:01:17.773000+00:00,0.204,APPROVED,CONFIDENTIAL
RSK_001409,CUST_009343,CREDIT_EVALUATION,2026-10-01T09:01:20.607000+00:00,0.258,APPROVED,CONFIDENTIAL
RSK_001410,CUST_005568,FRAUD_DETECTION,2026-10-01T09:01:22.098000+00:00,0.094,APPROVED,CONFIDENTIAL
RSK_001411,CUST_003463,LOAN_SCORING,2026-10-01T09:01:22.373000+00:00,0.336,APPROVED,CONFIDENTIAL
RSK_001412,CUST_007559,FRAUD_DETECTION,2026-10-01T09:01:22.606000+00:00,0.329,APPROVED,CONFIDENTIAL
RSK_001413,CUST_006833,LOAN_SCORING,2026-10-01T09:01:23.914000+00:00,0.385,APPROVED,CONFIDENTIAL
RSK_001414,CUST_009272,FRAUD_DETECTION,2026-10-01T09:01:24.883000+00:00,0.429,APPROVED,CONFIDENTIAL
RSK_001415,CUST_000842,CREDIT_EVALUATION,2026-10-01T09:01:26.995000+00:00,0.061,APPROVED,CONFIDENTIAL
RSK_001416,CUST_007648,CREDIT_EVALUATION,2026-10-01T09:01:27.293000+00:00,0.013,APPROVED,CONFIDENTIAL
RSK_001417,CUST_000228,FRAUD_DETECTION,2026-10-01T09:01:28.023000+00:00,0.336,APPROVED,CONFIDENTIAL
RSK_001418,CUST_004212,LOAN_SCORING,2026-10-01T09:01:31.418000+00:00,0.266,APPROVED,CONFIDENTIAL
RSK_001419,CUST_004138,AML_SCREENING,2026-10-01T09:01:35.505000+00:00,0.095,APPROVED,CONFIDENTIAL
RSK_001420,CUST_005462,AML_SCREENING,2026-10-01T09:01:36.528000+00:00,0.195,APPROVED,CONFIDENTIAL
RSK_001421,CUST_008759,AML_SCREENING,2026-10-01T09:01:39.139000+00:00,0.334,APPROVED,CONFIDENTIAL
RSK_001422,CUST_000701,AML_SCREENING,2026-10-01T09:01:43.691000+00:00,0.178,APPROVED,CONFIDENTIAL
RSK_001423,CUST_001310,LOAN_SCORING,2026-10-01T09:01:46.379000+00:00,0.111,APPROVED,CONFIDENTIAL
RSK_001424,CUST_006891,AML_SCREENING,2026-10-01T09:01:51.114000+00:00,0.753,REJECTED,CONFIDENTIAL
RSK_001425,CUST_007255,FRAUD_DETECTION,2026-10-01T09:01:54.640000+00:00,0.396,APPROVED,CONFIDENTIAL
RSK_001426,CUST_005742,LOAN_SCORING,2026-10-01T09:01:59.111000+00:00,0.676,FLAGGED_FOR_REVIEW,CONFIDENTIAL
RSK_001427,CUST_005127,LOAN_SCORING,2026-10-01T09:02:02.223000+00:00,0.381,APPROVED,CONFIDENTIAL
RSK_001428,CUST_006701,CREDIT_EVALUATION,2026-10-01T09:02:06.441000+00:00,0.261,APPROVED,CONFIDENTIAL
RSK_001429,CUST_001049,FRAUD_DETECTION,2026-10-01T09:02:08.628000+00:00,0.359,APPROVED,CONFIDENTIAL
RSK_001430,CUST_005626,AML_SCREENING,2026-10-01T09:02:13.470000+00:00,0.434,APPROVED,CONFIDENTIAL
RSK_001431,CUST_006220,FRAUD_DETECTION,2026-10-01T09:02:13.962000+00:00,0.222,APPROVED,CONFIDENTIAL
RSK_001432,CUST_008758,CREDIT_EVALUATION,2026-10-01T09:02:15.694000+00:00,0.251,APPROVED,CONFIDENTIAL
RSK_001433,CUST_009447,FRAUD_DETECTION,2026-10-01T09:02:16.607000+00:00,0.387,APPROVED,CONFIDENTIAL
RSK_001434,CUST_007265,AML_SCREENING,2026-10-01T09:02:21.214000+00:00,0.111,APPROVED,CONFIDENTIAL
RSK_001435,CUST_005946,AML_SCREENING,2026-10-01T09:02:22.124000+00:00,0.213,APPROVED,CONFIDENTIAL
RSK_001436,CUST_008109,FRAUD_DETECTION,2026-10-01T09:02:23.949000+00:00,0.348,APPROVED,CONFIDENTIAL
RSK_001437,CUST_001606,LOAN_SCORING,2026-10-01T09:02:28.080000+00:00,0.172,APPROVED,CONFIDENTIAL
RSK_001438,CUST_000034,CREDIT_EVALUATION,2026-10-01T09:02:31.655000+00:00,0.204,APPROVED,CONFIDENTIAL
RSK_001439,CUST_001714,AML_SCREENING,2026-10-01T09:02:36.623000+00:00,0.548,FLAGGED_FOR_REVIEW,CONFIDENTIAL
RSK_001440,CUST_009348,FRAUD_DETECTION,2026-10-01T09:02:40.686000+00:00,0.33,APPROVED,CONFIDENTIAL
RSK_001441,CUST_003428,FRAUD_DETECTION,2026-10-01T09:02:44.572000+00:00,0.342,APPROVED,CONFIDENTIAL
RSK_001442,CUST_008204,FRAUD_DETECTION,2026-10-01T09:02:49.220000+00:00,0.338,APPROVED,CONFIDENTIAL
RSK_001443,CUST_001577,AML_SCREENING,2026-10-01T09:02:52.925000+00:00,0.49,FLAGGED_FOR_REVIEW,CONFIDENTIAL
RSK_001444,CUST_007672,FRAUD_DETECTION,2026-10-01T09:02:54.342000+00:00,0.204,APPROVED,CONFIDENTIAL
RSK_001445,CUST_008501,CREDIT_EVALUATION,2026-10-01T09:02:55.051000+00:00,0.557,FLAGGED_FOR_REVIEW,CONFIDENTIAL
RSK_001446,CUST_009328,FRAUD_DETECTION,2026-10-01T09:02:55.872000+00:00,0.524,FLAGGED_FOR_REVIEW,CONFIDENTIAL
RSK_001447,CUST_000576,CREDIT_EVALUATION,2026-10-01T09:02:57.456000+00:00,0.04,APPROVED,CONFIDENTIAL
RSK_001448,CUST_006885,LOAN_SCORING,2026-10-01T09:02:59.114000+00:00,0.155,APPROVED,CONFIDENTIAL
RSK_001449,CUST_006550,LOAN_SCORING,2026-10-01T09:03:02.815000+00:00,0.189,APPROVED,CONFIDENTIAL
RSK_001450,CUST_008957,FRAUD_DETECTION,2026-10-01T09:03:05.336000+00:00,0.128,APPROVED,CONFIDENTIAL
RSK_001451,CUST_002132,AML_SCREENING,2026-10-01T09:03:05.798000+00:00,0.374,APPROVED,CONFIDENTIAL
RSK_001452,CUST_003421,FRAUD_DETECTION,2026-10-01T09:03:08.131000+00:00,0.435,APPROVED,CONFIDENTIAL
RSK_001453,CUST_008430,LOAN_SCORING,2026-10-01T09:03:10.224000+00:00,0.311,APPROVED,CONFIDENTIAL
RSK_001454,CUST_008538,FRAUD_DETECTION,2026-10-01T09:03:11.052000+00:00,0.499,FLAGGED_FOR_REVIEW,CONFIDENTIAL
RSK_001455,CUST_004698,LOAN_SCORING,2026-10-01T09:03:15.605000+00:00,0.542,FLAGGED_FOR_REVIEW,CONFIDENTIAL
RSK_001456,CUST_007168,AML_SCREENING,2026-10-01T09:03:17.686000+00:00,0.136,APPROVED,CONFIDENTIAL
RSK_001457,CUST_005541,FRAUD_DETECTION,2026-10-01T09:03:18.504000+00:00,0.17,APPROVED,CONFIDENTIAL
RSK_001458,CUST_005594,CREDIT_EVALUATION,2026-10-01T09:03:22.096000+00:00,0.461,FLAGGED_FOR_REVIEW,CONFIDENTIAL
RSK_001459,CUST_002726,CREDIT_EVALUATION,2026-10-01T09:03:24.105000+00:00,0.265,APPROVED,CONFIDENTIAL
RSK_001460,CUST_000709,FRAUD_DETECTION,2026-10-01T09:03:24.755000+00:00,0.422,APPROVED,CONFIDENTIAL
RSK_001461,CUST_008276,LOAN_SCORING,2026-10-01T09:03:27.997000+00:00,0.34,APPROVED,CONFIDENTIAL
RSK_001462,CUST_001492,CREDIT_EVALUATION,2026-10-01T09:03:31.600000+00:00,0.088,APPROVED,CONFIDENTIAL
RSK_001463,CUST_009023,CREDIT_EVALUATION,2026-10-01T09:03:31.955000+00:00,0.283,APPROVED,CONFIDENTIAL
RSK_001464,CUST_000478,CREDIT_EVALUATION,2026-10-01T09:03:33.675000+00:00,0.191,APPROVED,CONFIDENTIAL
RSK_001465,CUST_007154,AML_SCREENING,2026-10-01T09:03:37.722000+00:00,0.433,APPROVED,CONFIDENTIAL
RSK_001466,CUST_004977,LOAN_SCORING,2026-10-01T09:03:40.797000+00:00,0.181,APPROVED,CONFIDENTIAL
RSK_001467,CUST_003118,AML_SCREENING,2026-10-01T09:03:44.999000+00:00,0.275,APPROVED,CONFIDENTIAL
RSK_001468,CUST_003313,FRAUD_DETECTION,2026-10-01T09:03:46.779000+00:00,0.231,APPROVED,CONFIDENTIAL
RSK_001469,CUST_005536,LOAN_SCORING,2026-10-01T09:03:49.672000+00:00,0.1,APPROVED,CONFIDENTIAL
RSK_001470,CUST_005626,CREDIT_EVALUATION,2026-10-01T09:03:54.028000+00:00,0.196,APPROVED,CONFIDENTIAL
RSK_001471,CUST_008205,AML_SCREENING,2026-10-01T09:03:54.746000+00:00,0.365,APPROVED,CONFIDENTIAL
RSK_001472,CUST_007066,AML_SCREENING,2026-10-01T09:03:55.791000+00:00,0.28,APPROVED,CONFIDENTIAL
RSK_001473,CUST_007846,CREDIT_EVALUATION,2026-10-01T09:04:00.045000+00:00,0.289,APPROVED,CONFIDENTIAL
RSK_001474,CUST_002759,FRAUD_DETECTION,2026-10-01T09:04:04.378000+00:00,0.275,APPROVED,CONFIDENTIAL
RSK_001475,CUST_003120,AML_SCREENING,2026-10-01T09:04:08.121000+00:00,0.175,APPROVED,CONFIDENTIAL
RSK_001476,CUST_001920,FRAUD_DETECTION,2026-10-01T09:04:09.819000+00:00,0.11,APPROVED,CONFIDENTIAL
RSK_001477,CUST_002747,FRAUD_DETECTION,2026-10-01T09:04:10.204000+00:00,0.313,APPROVED,CONFIDENTIAL
RSK_001478,CUST_003718,AML_SCREENING,2026-10-01T09:04:12.990000+00:00,0.25,APPROVED,CONFIDENTIAL
RSK_001479,CUST_007420,CREDIT_EVALUATION,2026-10-01T09:04:13.975000+00:00,0.277,APPROVED,CONFIDENTIAL
RSK_001480,CUST_005218,LOAN_SCORING,2026-10-01T09:04:15.113000+00:00,0.363,APPROVED,CONFIDENTIAL
RSK_001481,CUST_008250,LOAN_SCORING,2026-10-01T09:04:16.260000+00:00,0.224,APPROVED,CONFIDENTIAL
RSK_001482,CUST_004433,AML_SCREENING,2026-10-01T09:04:18.358000+00:00,0.145,APPROVED,CONFIDENTIAL
RSK_001483,CUST_005782,FRAUD_DETECTION,2026-10-01T09:04:19.930000+00:00,0.284,APPROVED,CONFIDENTIAL
RSK_001484,CUST_006481,LOAN_SCORING,2026-10-01T09:04:20.254000+00:00,0.272,APPROVED,CONFIDENTIAL
RSK_001485,CUST_006922,LOAN_SCORING,2026-10-01T09:04:22.729000+00:00,0.421,APPROVED,CONFIDENTIAL
RSK_001486,CUST_007381,FRAUD_DETECTION,2026-10-01T09:04:24.334000+00:00,0.369,APPROVED,CONFIDENTIAL
RSK_001487,CUST_008646,CREDIT_EVALUATION,2026-10-01T09:04:27.419000+00:00,0.243,APPROVED,CONFIDENTIAL
RSK_001488,CUST_004830,CREDIT_EVALUATION,2026-10-01T09:04:31.700000+00:00,0.359,APPROVED,CONFIDENTIAL
RSK_001489,CUST_003318,CREDIT_EVALUATION,2026-10-01T09:04:34.579000+00:00,0.132,APPROVED,CONFIDENTIAL
RSK_001490,CUST_003247,AML_SCREENING,2026-10-01T09:04:37.960000+00:00,0.344,APPROVED,CONFIDENTIAL
RSK_001491,CUST_003365,CREDIT_EVALUATION,2026-10-01T09:04:40.027000+00:00,0.504,FLAGGED_FOR_REVIEW,CONFIDENTIAL
RSK_001492,CUST_004979,FRAUD_DETECTION,2026-10-01T09:04:41.757000+00:00,0.298,APPROVED,CONFIDENTIAL
RSK_001493,CUST_006012,LOAN_SCORING,2026-10-01T09:04:42.341000+00:00,0.206,APPROVED,CONFIDENTIAL
RSK_001494,CUST_008058,CREDIT_EVALUATION,2026-10-01T09:04:46.793000+00:00,0.172,APPROVED,CONFIDENTIAL
RSK_001495,CUST_003085,AML_SCREENING,2026-10-01T09:04:49.718000+00:00,0.423,APPROVED,CONFIDENTIAL
RSK_001496,CUST_002013,FRAUD_DETECTION,2026-10-01T09:04:50.663000+00:00,0.055,APPROVED,CONFIDENTIAL
RSK_001497,CUST_000507,AML_SCREENING,2026-10-01T09:04:52.121000+00:00,0.35,APPROVED,CONFIDENTIAL
RSK_001498,CUST_001353,AML_SCREENING,2026-10-01T09:04:54.151000+00:00,0.409,APPROVED,CONFIDENTIAL
RSK_001499,CUST_009136,LOAN_SCORING,2026-10-01T09:04:55.455000+00:00,0.254,APPROVED,CONFIDENTIAL
RSK_001500,CUST_008804,FRAUD_DETECTION,2026-10-01T09:04:58.324000+00:00,0.518,FLAGGED_FOR_REVIEW,CONFIDENTIAL
RSK_001501,CUST_000842,CREDIT_EVALUATION,2026-10-01T09:05:00.324000+00:00,0.416,APPROVED,CONFIDENTIAL
RSK_001502,CUST_000312,AML_SCREENING,2026-10-01T09:05:02.540000+00:00,0.162,APPROVED,CONFIDENTIAL
RSK_001503,CUST_002287,CREDIT_EVALUATION,2026-10-01T09:05:06.083000+00:00,0.354,APPROVED,CONFIDENTIAL
RSK_001504,CUST_004575,AML_SCREENING,2026-10-01T09:05:07.051000+00:00,0.298,APPROVED,CONFIDENTIAL
RSK_001505,CUST_001932,AML_SCREENING,2026-10-01T09:05:11.748000+00:00,0.009,APPROVED,CONFIDENTIAL
RSK_001506,CUST_006478,CREDIT_EVALUATION,2026-10-01T09:05:16.689000+00:00,0.416,APPROVED,CONFIDENTIAL
RSK_001507,CUST_008868,FRAUD_DETECTION,2026-10-01T09:05:19.730000+00:00,0.079,APPROVED,CONFIDENTIAL
RSK_001508,CUST_007784,LOAN_SCORING,2026-10-01T09:05:23.991000+00:00,0.229,APPROVED,CONFIDENTIAL
RSK_001509,CUST_007705,CREDIT_EVALUATION,2026-10-01T09:05:25.498000+00:00,0.232,APPROVED,CONFIDENTIAL
RSK_001510,CUST_007769,CREDIT_EVALUATION,2026-10-01T09:05:29.416000+00:00,0.31,APPROVED,CONFIDENTIAL
RSK_001511,CUST_007357,LOAN_SCORING,2026-10-01T09:05:30.100000+00:00,0.272,APPROVED,CONFIDENTIAL
RSK_001512,CUST_005505,LOAN_SCORING,2026-10-01T09:05:30.592000+00:00,0.302,APPROVED,CONFIDENTIAL
RSK_001513,CUST_006351,AML_SCREENING,2026-10-01T09:05:35.231000+00:00,0.096,APPROVED,CONFIDENTIAL
RSK_001514,CUST_000101,FRAUD_DETECTION,2026-10-01T09:05:38.915000+00:00,0.095,APPROVED,CONFIDENTIAL
RSK_001515,CUST_007490,CREDIT_EVALUATION,2026-10-01T09:05:41.674000+00:00,0.366,APPROVED,CONFIDENTIAL
RSK_001516,CUST_007684,CREDIT_EVALUATION,2026-10-01T09:05:46.370000+00:00,0.026,APPROVED,CONFIDENTIAL
RSK_001517,CUST_006403,LOAN_SCORING,2026-10-01T09:05:49.310000+00:00,0.461,FLAGGED_FOR_REVIEW,CONFIDENTIAL
RSK_001518,CUST_004467,CREDIT_EVALUATION,2026-10-01T09:05:53.443000+00:00,0.305,APPROVED,CONFIDENTIAL
RSK_001519,CUST_003466,CREDIT_EVALUATION,2026-10-01T09:05:56.079000+00:00,0.191,APPROVED,CONFIDENTIAL
RSK_001520,CUST_001149,FRAUD_DETECTION,2026-10-01T09:05:59.203000+00:00,0.203,APPROVED,CONFIDENTIAL
RSK_001521,CUST_006739,CREDIT_EVALUATION,2026-10-01T09:06:03.640000+00:00,0.107,APPROVED,CONFIDENTIAL
RSK_001522,CUST_005726,FRAUD_DETECTION,2026-10-01T09:06:07.651000+00:00,0.393,APPROVED,CONFIDENTIAL
RSK_001523,CUST_008114,AML_SCREENING,2026-10-01T09:06:12.130000+00:00,0.28,APPROVED,CONFIDENTIAL
RSK_001524,CUST_009437,LOAN_SCORING,2026-10-01T09:06:13.826000+00:00,0.392,APPROVED,CONFIDENTIAL
RSK_001525,CUST_000603,LOAN_SCORING,2026-10-01T09:06:16.026000+00:00,0.142,APPROVED,CONFIDENTIAL
RSK_001526,CUST_003107,AML_SCREENING,2026-10-01T09:06:17.624000+00:00,0.102,APPROVED,CONFIDENTIAL
RSK_001527,CUST_003253,AML_SCREENING,2026-10-01T09:06:21.613000+00:00,0.05,APPROVED,CONFIDENTIAL
RSK_001528,CUST_005652,LOAN_SCORING,2026-10-01T09:06:22.773000+00:00,0.429,APPROVED,CONFIDENTIAL
RSK_001529,CUST_000690,CREDIT_EVALUATION,2026-10-01T09:06:27.063000+00:00,0.288,APPROVED,CONFIDENTIAL
RSK_001530,CUST_000430,LOAN_SCORING,2026-10-01T09:06:30.307000+00:00,0.397,APPROVED,CONFIDENTIAL
RSK_001531,CUST_004599,AML_SCREENING,2026-10-01T09:06:31.738000+00:00,0.067,APPROVED,CONFIDENTIAL
RSK_001532,CUST_007272,FRAUD_DETECTION,2026-10-01T09:06:34.586000+00:00,0.228,APPROVED,CONFIDENTIAL
RSK_001533,CUST_001490,AML_SCREENING,2026-10-01T09:06:36.634000+00:00,0.167,APPROVED,CONFIDENTIAL
RSK_001534,CUST_009526,FRAUD_DETECTION,2026-10-01T09:06:37.358000+00:00,0.652,FLAGGED_FOR_REVIEW,CONFIDENTIAL
RSK_001535,CUST_004014,AML_SCREENING,2026-10-01T09:06:38.591000+00:00,0.284,APPROVED,CONFIDENTIAL
RSK_001536,CUST_009110,CREDIT_EVALUATION,2026-10-01T09:06:42.909000+00:00,0.275,APPROVED,CONFIDENTIAL
RSK_001537,CUST_002123,FRAUD_DETECTION,2026-10-01T09:06:46.340000+00:00,0.201,APPROVED,CONFIDENTIAL
RSK_001538,CUST_007115,LOAN_SCORING,2026-10-01T09:06:50.802000+00:00,0.256,APPROVED,CONFIDENTIAL
RSK_001539,CUST_000224,LOAN_SCORING,2026-10-01T09:06:51.350000+00:00,0.367,APPROVED,CONFIDENTIAL
RSK_001540,CUST_005067,CREDIT_EVALUATION,2026-10-01T09:06:55.552000+00:00,0.256,APPROVED,CONFIDENTIAL
RSK_001541,CUST_006005,AML_SCREENING,2026-10-01T09:06:57.562000+00:00,0.233,APPROVED,CONFIDENTIAL
RSK_001542,CUST_008535,FRAUD_DETECTION,2026-10-01T09:06:58.727000+00:00,0.322,APPROVED,CONFIDENTIAL
RSK_001543,CUST_009736,LOAN_SCORING,2026-10-01T09:07:00.588000+00:00,0.236,APPROVED,CONFIDENTIAL
RSK_001544,CUST_001864,FRAUD_DETECTION,2026-10-01T09:07:05.529000+00:00,0.514,FLAGGED_FOR_REVIEW,CONFIDENTIAL
RSK_001545,CUST_003323,CREDIT_EVALUATION,2026-10-01T09:07:08.187000+00:00,0.316,APPROVED,CONFIDENTIAL
RSK_001546,CUST_007797,FRAUD_DETECTION,2026-10-01T09:07:09.138000+00:00,0.187,APPROVED,CONFIDENTIAL
RSK_001547,CUST_008917,AML_SCREENING,2026-10-01T09:07:14.065000+00:00,0.154,APPROVED,CONFIDENTIAL
RSK_001548,CUST_003077,LOAN_SCORING,2026-10-01T09:07:18.843000+00:00,0.059,APPROVED,CONFIDENTIAL
RSK_001549,CUST_008318,AML_SCREENING,2026-10-01T09:07:20.944000+00:00,0.114,APPROVED,CONFIDENTIAL
RSK_001550,CUST_002298,CREDIT_EVALUATION,2026-10-01T09:07:23.047000+00:00,0.288,APPROVED,CONFIDENTIAL
RSK_001551,CUST_001072,FRAUD_DETECTION,2026-10-01T09:07:25.354000+00:00,0.411,APPROVED,CONFIDENTIAL
RSK_001552,CUST_002496,AML_SCREENING,2026-10-01T09:07:28.624000+00:00,0.234,APPROVED,CONFIDENTIAL
RSK_001553,CUST_001993,LOAN_SCORING,2026-10-01T09:07:32.270000+00:00,0.464,FLAGGED_FOR_REVIEW,CONFIDENTIAL
RSK_001554,CUST_007414,LOAN_SCORING,2026-10-01T09:07:33.357000+00:00,0.254,APPROVED,CONFIDENTIAL
RSK_001555,CUST_004758,CREDIT_EVALUATION,2026-10-01T09:07:37.435000+00:00,0.122,APPROVED,CONFIDENTIAL
RSK_001556,CUST_007384,CREDIT_EVALUATION,2026-10-01T09:07:37.665000+00:00,0.568,FLAGGED_FOR_REVIEW,CONFIDENTIAL
RSK_001557,CUST_008734,FRAUD_DETECTION,2026-10-01T09:07:38.534000+00:00,0.045,APPROVED,CONFIDENTIAL
RSK_001558,CUST_005614,LOAN_SCORING,2026-10-01T09:07:40.591000+00:00,0.312,APPROVED,CONFIDENTIAL
RSK_001559,CUST_006361,LOAN_SCORING,2026-10-01T09:07:43.037000+00:00,0.103,APPROVED,CONFIDENTIAL
RSK_001560,CUST_001558,LOAN_SCORING,2026-10-01T09:07:46.138000+00:00,0.289,APPROVED,CONFIDENTIAL
RSK_001561,CUST_004883,FRAUD_DETECTION,2026-10-01T09:07:47.216000+00:00,0.284,APPROVED,CONFIDENTIAL
RSK_001562,CUST_001016,LOAN_SCORING,2026-10-01T09:07:52.195000+00:00,0.075,APPROVED,CONFIDENTIAL
RSK_001563,CUST_002698,LOAN_SCORING,2026-10-01T09:07:56.571000+00:00,0.338,APPROVED,CONFIDENTIAL
RSK_001564,CUST_000859,AML_SCREENING,2026-10-01T09:07:58.273000+00:00,0.259,APPROVED,CONFIDENTIAL
RSK_001565,CUST_009359,FRAUD_DETECTION,2026-10-01T09:08:03.259000+00:00,0.423,APPROVED,CONFIDENTIAL
RSK_001566,CUST_005526,AML_SCREENING,2026-10-01T09:08:04.920000+00:00,0.118,APPROVED,CONFIDENTIAL
RSK_001567,CUST_006654,LOAN_SCORING,2026-10-01T09:08:06.874000+00:00,0.053,APPROVED,CONFIDENTIAL
RSK_001568,CUST_006176,LOAN_SCORING,2026-10-01T09:08:08.472000+00:00,0.126,APPROVED,CONFIDENTIAL
RSK_001569,CUST_008532,CREDIT_EVALUATION,2026-10-01T09:08:10.806000+00:00,0.288,APPROVED,CONFIDENTIAL
RSK_001570,CUST_006186,LOAN_SCORING,2026-10-01T09:08:15.712000+00:00,0.303,APPROVED,CONFIDENTIAL
RSK_001571,CUST_000848,CREDIT_EVALUATION,2026-10-01T09:08:17.220000+00:00,0.168,APPROVED,CONFIDENTIAL
RSK_001572,CUST_005999,FRAUD_DETECTION,2026-10-01T09:08:18.256000+00:00,0.442,APPROVED,CONFIDENTIAL
RSK_001573,CUST_003882,CREDIT_EVALUATION,2026-10-01T09:08:20.951000+00:00,0.079,APPROVED,CONFIDENTIAL
RSK_001574,CUST_002976,AML_SCREENING,2026-10-01T09:08:25.692000+00:00,0.499,FLAGGED_FOR_REVIEW,CONFIDENTIAL
RSK_001575,CUST_007352,AML_SCREENING,2026-10-01T09:08:28.022000+00:00,0.183,APPROVED,CONFIDENTIAL
RSK_001576,CUST_005682,LOAN_SCORING,2026-10-01T09:08:28.966000+00:00,0.076,APPROVED,CONFIDENTIAL
RSK_001577,CUST_001716,LOAN_SCORING,2026-10-01T09:08:32.518000+00:00,0.345,APPROVED,CONFIDENTIAL
RSK_001578,CUST_003351,LOAN_SCORING,2026-10-01T09:08:35.401000+00:00,0.235,APPROVED,CONFIDENTIAL
RSK_001579,CUST_003268,CREDIT_EVALUATION,2026-10-01T09:08:38.064000+00:00,0.337,APPROVED,CONFIDENTIAL
RSK_001580,CUST_006879,AML_SCREENING,2026-10-01T09:08:40.977000+00:00,0.415,APPROVED,CONFIDENTIAL
RSK_001581,CUST_003002,LOAN_SCORING,2026-10-01T09:08:42.353000+00:00,0.301,APPROVED,CONFIDENTIAL
RSK_001582,CUST_004280,LOAN_SCORING,2026-10-01T09:08:45.495000+00:00,0.076,APPROVED,CONFIDENTIAL
RSK_001583,CUST_006036,FRAUD_DETECTION,2026-10-01T09:08:50.188000+00:00,0.136,APPROVED,CONFIDENTIAL
RSK_001584,CUST_005333,FRAUD_DETECTION,2026-10-01T09:08:52.569000+00:00,0.07,APPROVED,CONFIDENTIAL
RSK_001585,CUST_006948,FRAUD_DETECTION,2026-10-01T09:08:55.072000+00:00,0.427,APPROVED,CONFIDENTIAL
RSK_001586,CUST_006819,CREDIT_EVALUATION,2026-10-01T09:08:57.510000+00:00,0.218,APPROVED,CONFIDENTIAL
RSK_001587,CUST_002352,AML_SCREENING,2026-10-01T09:09:02.271000+00:00,0.451,FLAGGED_FOR_REVIEW,CONFIDENTIAL
RSK_001588,CUST_008552,CREDIT_EVALUATION,2026-10-01T09:09:03.407000+00:00,0.253,APPROVED,CONFIDENTIAL
RSK_001589,CUST_007747,AML_SCREENING,2026-10-01T09:09:04.727000+00:00,0.348,APPROVED,CONFIDENTIAL
RSK_001590,CUST_003584,FRAUD_DETECTION,2026-10-01T09:09:06.948000+00:00,0.028,APPROVED,CONFIDENTIAL
RSK_001591,CUST_001112,FRAUD_DETECTION,2026-10-01T09:09:07.289000+00:00,0.389,APPROVED,CONFIDENTIAL
RSK_001592,CUST_005692,AML_SCREENING,2026-10-01T09:09:12.047000+00:00,0.39,APPROVED,CONFIDENTIAL
RSK_001593,CUST_000279,CREDIT_EVALUATION,2026-10-01T09:09:13.644000+00:00,0.371,APPROVED,CONFIDENTIAL
RSK_001594,CUST_009997,FRAUD_DETECTION,2026-10-01T09:09:18.134000+00:00,0.268,APPROVED,CONFIDENTIAL
RSK_001595,CUST_007259,CREDIT_EVALUATION,2026-10-01T09:09:21.361000+00:00,0.206,APPROVED,CONFIDENTIAL
RSK_001596,CUST_003893,AML_SCREENING,2026-10-01T09:09:23.699000+00:00,0.399,APPROVED,CONFIDENTIAL
RSK_001597,CUST_002698,CREDIT_EVALUATION,2026-10-01T09:09:26.837000+00:00,0.168,APPROVED,CONFIDENTIAL
RSK_001598,CUST_007377,CREDIT_EVALUATION,2026-10-01T09:09:29.444000+00:00,0.369,APPROVED,CONFIDENTIAL
RSK_001599,CUST_000043,FRAUD_DETECTION,2026-10-01T09:09:33.381000+00:00,0.297,APPROVED,CONFIDENTIAL
RSK_001600,CUST_007898,CREDIT_EVALUATION,2026-10-01T09:09:36.124000+00:00,0.04,APPROVED,CONFIDENTIAL
RSK_001601,CUST_003231,LOAN_SCORING,2026-10-01T09:09:39.218000+00:00,0.25,APPROVED,CONFIDENTIAL
RSK_001602,CUST_000243,LOAN_SCORING,2026-10-01T09:09:42.347000+00:00,0.175,APPROVED,CONFIDENTIAL
RSK_001603,CUST_002646,CREDIT_EVALUATION,2026-10-01T09:09:46.918000+00:00,0.191,APPROVED,CONFIDENTIAL
RSK_001604,CUST_007864,CREDIT_EVALUATION,2026-10-01T09:09:50.812000+00:00,0.347,APPROVED,CONFIDENTIAL
RSK_001605,CUST_001809,CREDIT_EVALUATION,2026-10-01T09:09:52.887000+00:00,0.156,APPROVED,CONFIDENTIAL
RSK_001606,CUST_008742,FRAUD_DETECTION,2026-10-01T09:09:54.760000+00:00,0.055,APPROVED,CONFIDENTIAL
RSK_001607,CUST_002894,FRAUD_DETECTION,2026-10-01T09:09:55.712000+00:00,0.159,APPROVED,CONFIDENTIAL
RSK_001608,CUST_004080,FRAUD_DETECTION,2026-10-01T09:10:00.582000+00:00,0.268,APPROVED,CONFIDENTIAL
RSK_001609,CUST_007482,CREDIT_EVALUATION,2026-10-01T09:10:02.485000+00:00,0.441,APPROVED,CONFIDENTIAL
RSK_001610,CUST_008389,AML_SCREENING,2026-10-01T09:10:03.281000+00:00,0.191,APPROVED,CONFIDENTIAL
RSK_001611,CUST_007769,AML_SCREENING,2026-10-01T09:10:04.259000+00:00,0.237,APPROVED,CONFIDENTIAL
RSK_001612,CUST_004332,LOAN_SCORING,2026-10-01T09:10:07.177000+00:00,0.164,APPROVED,CONFIDENTIAL
RSK_001613,CUST_007878,CREDIT_EVALUATION,2026-10-01T09:10:08.742000+00:00,0.394,APPROVED,CONFIDENTIAL
RSK_001614,CUST_004986,CREDIT_EVALUATION,2026-10-01T09:10:13.068000+00:00,0.053,APPROVED,CONFIDENTIAL
RSK_001615,CUST_001556,CREDIT_EVALUATION,2026-10-01T09:10:13.579000+00:00,0.425,APPROVED,CONFIDENTIAL
RSK_001616,CUST_005820,LOAN_SCORING,2026-10-01T09:10:15.346000+00:00,0.152,APPROVED,CONFIDENTIAL
RSK_001617,CUST_005709,CREDIT_EVALUATION,2026-10-01T09:10:19.506000+00:00,0.231,APPROVED,CONFIDENTIAL
RSK_001618,CUST_007980,LOAN_SCORING,2026-10-01T09:10:20.231000+00:00,0.274,APPROVED,CONFIDENTIAL
RSK_001619,CUST_003093,LOAN_SCORING,2026-10-01T09:10:21.951000+00:00,0.18,APPROVED,CONFIDENTIAL
RSK_001620,CUST_000129,FRAUD_DETECTION,2026-10-01T09:10:23.126000+00:00,0.472,FLAGGED_FOR_REVIEW,CONFIDENTIAL
RSK_001621,CUST_005047,AML_SCREENING,2026-10-01T09:10:23.590000+00:00,0.633,FLAGGED_FOR_REVIEW,CONFIDENTIAL
RSK_001622,CUST_003048,FRAUD_DETECTION,2026-10-01T09:10:28.539000+00:00,0.052,APPROVED,CONFIDENTIAL
RSK_001623,CUST_000414,AML_SCREENING,2026-10-01T09:10:29.577000+00:00,0.446,APPROVED,CONFIDENTIAL
RSK_001624,CUST_009808,LOAN_SCORING,2026-10-01T09:10:33.922000+00:00,0.095,APPROVED,CONFIDENTIAL
RSK_001625,CUST_006147,AML_SCREENING,2026-10-01T09:10:34.882000+00:00,0.097,APPROVED,CONFIDENTIAL
RSK_001626,CUST_006256,FRAUD_DETECTION,2026-10-01T09:10:39.825000+00:00,0.357,APPROVED,CONFIDENTIAL
RSK_001627,CUST_003087,CREDIT_EVALUATION,2026-10-01T09:10:42.358000+00:00,0.51,FLAGGED_FOR_REVIEW,CONFIDENTIAL
RSK_001628,CUST_000904,CREDIT_EVALUATION,2026-10-01T09:10:43.902000+00:00,0.422,APPROVED,CONFIDENTIAL
RSK_001629,CUST_006352,CREDIT_EVALUATION,2026-10-01T09:10:48.238000+00:00,0.571,FLAGGED_FOR_REVIEW,CONFIDENTIAL
RSK_001630,CUST_004868,LOAN_SCORING,2026-10-01T09:10:53.228000+00:00,0.168,APPROVED,CONFIDENTIAL
RSK_001631,CUST_000808,LOAN_SCORING,2026-10-01T09:10:54.769000+00:00,0.127,APPROVED,CONFIDENTIAL
RSK_001632,CUST_009031,AML_SCREENING,2026-10-01T09:10:56.996000+00:00,0.395,APPROVED,CONFIDENTIAL
RSK_001633,CUST_007870,LOAN_SCORING,2026-10-01T09:10:59.439000+00:00,0.096,APPROVED,CONFIDENTIAL
RSK_001634,CUST_009587,CREDIT_EVALUATION,2026-10-01T09:11:02.016000+00:00,0.421,APPROVED,CONFIDENTIAL
RSK_001635,CUST_009278,CREDIT_EVALUATION,2026-10-01T09:11:06.675000+00:00,0.318,APPROVED,CONFIDENTIAL
RSK_001636,CUST_007806,CREDIT_EVALUATION,2026-10-01T09:11:07.207000+00:00,0.389,APPROVED,CONFIDENTIAL
RSK_001637,CUST_003048,CREDIT_EVALUATION,2026-10-01T09:11:09.003000+00:00,0.605,FLAGGED_FOR_REVIEW,CONFIDENTIAL
RSK_001638,CUST_009173,AML_SCREENING,2026-10-01T09:11:09.487000+00:00,0.181,APPROVED,CONFIDENTIAL
RSK_001639,CUST_008965,AML_SCREENING,2026-10-01T09:11:09.920000+00:00,0.15,APPROVED,CONFIDENTIAL
RSK_001640,CUST_003694,CREDIT_EVALUATION,2026-10-01T09:11:10.607000+00:00,0.172,APPROVED,CONFIDENTIAL
RSK_001641,CUST_008306,LOAN_SCORING,2026-10-01T09:11:11.423000+00:00,0.547,FLAGGED_FOR_REVIEW,CONFIDENTIAL
RSK_001642,CUST_003824,AML_SCREENING,2026-10-01T09:11:12.946000+00:00,0.562,FLAGGED_FOR_REVIEW,CONFIDENTIAL
RSK_001643,CUST_002136,CREDIT_EVALUATION,2026-10-01T09:11:13.882000+00:00,0.43,APPROVED,CONFIDENTIAL
RSK_001644,CUST_009968,FRAUD_DETECTION,2026-10-01T09:11:16.516000+00:00,0.247,APPROVED,CONFIDENTIAL
RSK_001645,CUST_004958,LOAN_SCORING,2026-10-01T09:11:18.415000+00:00,0.208,APPROVED,CONFIDENTIAL
RSK_001646,CUST_006388,FRAUD_DETECTION,2026-10-01T09:11:20.116000+00:00,0.414,APPROVED,CONFIDENTIAL
RSK_001647,CUST_000893,CREDIT_EVALUATION,2026-10-01T09:11:21.301000+00:00,0.118,APPROVED,CONFIDENTIAL
RSK_001648,CUST_006771,FRAUD_DETECTION,2026-10-01T09:11:22.844000+00:00,0.061,APPROVED,CONFIDENTIAL
RSK_001649,CUST_002401,LOAN_SCORING,2026-10-01T09:11:26.260000+00:00,0.158,APPROVED,CONFIDENTIAL
RSK_001650,CUST_006198,CREDIT_EVALUATION,2026-10-01T09:11:29.632000+00:00,0.228,APPROVED,CONFIDENTIAL
RSK_001651,CUST_006882,CREDIT_EVALUATION,2026-10-01T09:11:31.329000+00:00,0.425,APPROVED,CONFIDENTIAL
RSK_001652,CUST_006150,CREDIT_EVALUATION,2026-10-01T09:11:35.787000+00:00,0.234,APPROVED,CONFIDENTIAL
RSK_001653,CUST_002945,FRAUD_DETECTION,2026-10-01T09:11:37.503000+00:00,0.524,FLAGGED_FOR_REVIEW,CONFIDENTIAL
RSK_001654,CUST_005673,AML_SCREENING,2026-10-01T09:11:39.749000+00:00,0.047,APPROVED,CONFIDENTIAL
RSK_001655,CUST_006612,CREDIT_EVALUATION,2026-10-01T09:11:42.573000+00:00,0.505,FLAGGED_FOR_REVIEW,CONFIDENTIAL
RSK_001656,CUST_003083,FRAUD_DETECTION,2026-10-01T09:11:44.333000+00:00,0.067,APPROVED,CONFIDENTIAL
RSK_001657,CUST_007992,CREDIT_EVALUATION,2026-10-01T09:11:47.850000+00:00,0.312,APPROVED,CONFIDENTIAL
RSK_001658,CUST_001797,FRAUD_DETECTION,2026-10-01T09:11:52.022000+00:00,0.452,FLAGGED_FOR_REVIEW,CONFIDENTIAL
RSK_001659,CUST_009160,CREDIT_EVALUATION,2026-10-01T09:11:56.359000+00:00,0.636,FLAGGED_FOR_REVIEW,CONFIDENTIAL
RSK_001660,CUST_006027,CREDIT_EVALUATION,2026-10-01T09:11:57.931000+00:00,0.092,APPROVED,CONFIDENTIAL
RSK_001661,CUST_005257,CREDIT_EVALUATION,2026-10-01T09:12:02.766000+00:00,0.281,APPROVED,CONFIDENTIAL
RSK_001662,CUST_004105,AML_SCREENING,2026-10-01T09:12:03.027000+00:00,0.14,APPROVED,CONFIDENTIAL
RSK_001663,CUST_004835,LOAN_SCORING,2026-10-01T09:12:03.546000+00:00,0.604,FLAGGED_FOR_REVIEW,CONFIDENTIAL
RSK_001664,CUST_006152,CREDIT_EVALUATION,2026-10-01T09:12:07.268000+00:00,0.472,FLAGGED_FOR_REVIEW,CONFIDENTIAL
RSK_001665,CUST_006378,LOAN_SCORING,2026-10-01T09:12:09.928000+00:00,0.17,APPROVED,CONFIDENTIAL
RSK_001666,CUST_006332,FRAUD_DETECTION,2026-10-01T09:12:11.924000+00:00,0.753,REJECTED,CONFIDENTIAL
RSK_001667,CUST_009984,FRAUD_DETECTION,2026-10-01T09:12:16.480000+00:00,0.12,APPROVED,CONFIDENTIAL
RSK_001668,CUST_005663,LOAN_SCORING,2026-10-01T09:12:21.336000+00:00,0.192,APPROVED,CONFIDENTIAL
RSK_001669,CUST_002791,CREDIT_EVALUATION,2026-10-01T09:12:25.229000+00:00,0.345,APPROVED,CONFIDENTIAL
RSK_001670,CUST_008808,LOAN_SCORING,2026-10-01T09:12:25.567000+00:00,0.477,FLAGGED_FOR_REVIEW,CONFIDENTIAL
RSK_001671,CUST_001006,AML_SCREENING,2026-10-01T09:12:25.965000+00:00,0.544,FLAGGED_FOR_REVIEW,CONFIDENTIAL
RSK_001672,CUST_003989,CREDIT_EVALUATION,2026-10-01T09:12:29.388000+00:00,0.789,REJECTED,CONFIDENTIAL
RSK_001673,CUST_001849,CREDIT_EVALUATION,2026-10-01T09:12:31.758000+00:00,0.459,FLAGGED_FOR_REVIEW,CONFIDENTIAL
RSK_001674,CUST_009457,FRAUD_DETECTION,2026-10-01T09:12:34.902000+00:00,0.242,APPROVED,CONFIDENTIAL
RSK_001675,CUST_009556,AML_SCREENING,2026-10-01T09:12:39.900000+00:00,0.282,APPROVED,CONFIDENTIAL
RSK_001676,CUST_001442,CREDIT_EVALUATION,2026-10-01T09:12:44.012000+00:00,0.505,FLAGGED_FOR_REVIEW,CONFIDENTIAL
RSK_001677,CUST_005634,LOAN_SCORING,2026-10-01T09:12:45.989000+00:00,0.259,APPROVED,CONFIDENTIAL
RSK_001678,CUST_009838,FRAUD_DETECTION,2026-10-01T09:12:46.479000+00:00,0.074,APPROVED,CONFIDENTIAL
RSK_001679,CUST_003110,AML_SCREENING,2026-10-01T09:12:49.313000+00:00,0.337,APPROVED,CONFIDENTIAL
RSK_001680,CUST_007952,AML_SCREENING,2026-10-01T09:12:54.239000+00:00,0.485,FLAGGED_FOR_REVIEW,CONFIDENTIAL
RSK_001681,CUST_003841,FRAUD_DETECTION,2026-10-01T09:12:56.001000+00:00,0.113,APPROVED,CONFIDENTIAL
RSK_001682,CUST_004858,AML_SCREENING,2026-10-01T09:12:59.240000+00:00,0.33,APPROVED,CONFIDENTIAL
RSK_001683,CUST_006646,AML_SCREENING,2026-10-01T09:13:00.390000+00:00,0.311,APPROVED,CONFIDENTIAL
RSK_001684,CUST_006654,AML_SCREENING,2026-10-01T09:13:00.903000+00:00,0.351,APPROVED,CONFIDENTIAL
RSK_001685,CUST_007588,CREDIT_EVALUATION,2026-10-01T09:13:05.704000+00:00,0.14,APPROVED,CONFIDENTIAL
RSK_001686,CUST_003107,AML_SCREENING,2026-10-01T09:13:08.780000+00:00,0.259,APPROVED,CONFIDENTIAL
RSK_001687,CUST_001336,LOAN_SCORING,2026-10-01T09:13:13.470000+00:00,0.529,FLAGGED_FOR_REVIEW,CONFIDENTIAL
RSK_001688,CUST_004417,LOAN_SCORING,2026-10-01T09:13:14.888000+00:00,0.404,APPROVED,CONFIDENTIAL
RSK_001689,CUST_009495,CREDIT_EVALUATION,2026-10-01T09:13:16.448000+00:00,0.217,APPROVED,CONFIDENTIAL
RSK_001690,CUST_005535,AML_SCREENING,2026-10-01T09:13:17.392000+00:00,0.29,APPROVED,CONFIDENTIAL
RSK_001691,CUST_009260,FRAUD_DETECTION,2026-10-01T09:13:18.913000+00:00,0.648,FLAGGED_FOR_REVIEW,CONFIDENTIAL
RSK_001692,CUST_005498,CREDIT_EVALUATION,2026-10-01T09:13:19.517000+00:00,0.524,FLAGGED_FOR_REVIEW,CONFIDENTIAL
RSK_001693,CUST_003344,AML_SCREENING,2026-10-01T09:13:24.332000+00:00,0.521,FLAGGED_FOR_REVIEW,CONFIDENTIAL
RSK_001694,CUST_003602,FRAUD_DETECTION,2026-10-01T09:13:26.974000+00:00,0.168,APPROVED,CONFIDENTIAL
RSK_001695,CUST_003317,AML_SCREENING,2026-10-01T09:13:28.683000+00:00,0.359,APPROVED,CONFIDENTIAL
RSK_001696,CUST_003397,FRAUD_DETECTION,2026-10-01T09:13:29.022000+00:00,0.221,APPROVED,CONFIDENTIAL
RSK_001697,CUST_001444,CREDIT_EVALUATION,2026-10-01T09:13:33.239000+00:00,0.246,APPROVED,CONFIDENTIAL
RSK_001698,CUST_006421,FRAUD_DETECTION,2026-10-01T09:13:36.933000+00:00,0.157,APPROVED,CONFIDENTIAL
RSK_001699,CUST_002738,AML_SCREENING,2026-10-01T09:13:37.409000+00:00,0.33,APPROVED,CONFIDENTIAL
RSK_001700,CUST_008172,LOAN_SCORING,2026-10-01T09:13:39.552000+00:00,0.085,APPROVED,CONFIDENTIAL
RSK_001701,CUST_004022,LOAN_SCORING,2026-10-01T09:13:43.455000+00:00,0.461,FLAGGED_FOR_REVIEW,CONFIDENTIAL
RSK_001702,CUST_008886,LOAN_SCORING,2026-10-01T09:13:46.406000+00:00,0.501,FLAGGED_FOR_REVIEW,CONFIDENTIAL
RSK_001703,CUST_009013,LOAN_SCORING,2026-10-01T09:13:49.304000+00:00,0.443,APPROVED,CONFIDENTIAL
RSK_001704,CUST_002408,FRAUD_DETECTION,2026-10-01T09:13:50.815000+00:00,0.52,FLAGGED_FOR_REVIEW,CONFIDENTIAL
RSK_001705,CUST_008549,CREDIT_EVALUATION,2026-10-01T09:13:53.823000+00:00,0.055,APPROVED,CONFIDENTIAL
RSK_001706,CUST_001407,LOAN_SCORING,2026-10-01T09:13:56.558000+00:00,0.165,APPROVED,CONFIDENTIAL
RSK_001707,CUST_004543,CREDIT_EVALUATION,2026-10-01T09:13:57.281000+00:00,0.258,APPROVED,CONFIDENTIAL
RSK_001708,CUST_005337,CREDIT_EVALUATION,2026-10-01T09:13:59.437000+00:00,0.143,APPROVED,CONFIDENTIAL
RSK_001709,CUST_003351,CREDIT_EVALUATION,2026-10-01T09:14:04.159000+00:00,0.188,APPROVED,CONFIDENTIAL
RSK_001710,CUST_005608,CREDIT_EVALUATION,2026-10-01T09:14:08.247000+00:00,0.411,APPROVED,CONFIDENTIAL
RSK_001711,CUST_002128,CREDIT_EVALUATION,2026-10-01T09:14:10.938000+00:00,0.156,APPROVED,CONFIDENTIAL
RSK_001712,CUST_003310,CREDIT_EVALUATION,2026-10-01T09:14:12.874000+00:00,0.505,FLAGGED_FOR_REVIEW,CONFIDENTIAL
RSK_001713,CUST_003351,CREDIT_EVALUATION,2026-10-01T09:14:16.604000+00:00,0.134,APPROVED,CONFIDENTIAL
RSK_001714,CUST_009082,AML_SCREENING,2026-10-01T09:14:20.988000+00:00,0.105,APPROVED,CONFIDENTIAL
RSK_001715,CUST_000208,CREDIT_EVALUATION,2026-10-01T09:14:25.893000+00:00,0.36,APPROVED,CONFIDENTIAL
RSK_001716,CUST_001935,LOAN_SCORING,2026-10-01T09:14:27.508000+00:00,0.579,FLAGGED_FOR_REVIEW,CONFIDENTIAL
RSK_001717,CUST_007867,FRAUD_DETECTION,2026-10-01T09:14:29.935000+00:00,0.381,APPROVED,CONFIDENTIAL
RSK_001718,CUST_001538,AML_SCREENING,2026-10-01T09:14:34.509000+00:00,0.186,APPROVED,CONFIDENTIAL
RSK_001719,CUST_002629,AML_SCREENING,2026-10-01T09:14:36.898000+00:00,0.106,APPROVED,CONFIDENTIAL
RSK_001720,CUST_005775,CREDIT_EVALUATION,2026-10-01T09:14:38.580000+00:00,0.412,APPROVED,CONFIDENTIAL
RSK_001721,CUST_006349,AML_SCREENING,2026-10-01T09:14:41.329000+00:00,0.197,APPROVED,CONFIDENTIAL
RSK_001722,CUST_002301,AML_SCREENING,2026-10-01T09:14:43.745000+00:00,0.492,FLAGGED_FOR_REVIEW,CONFIDENTIAL
RSK_001723,CUST_002418,FRAUD_DETECTION,2026-10-01T09:14:46.222000+00:00,0.294,APPROVED,CONFIDENTIAL
RSK_001724,CUST_007182,AML_SCREENING,2026-10-01T09:14:48.879000+00:00,0.353,APPROVED,CONFIDENTIAL
RSK_001725,CUST_009958,AML_SCREENING,2026-10-01T09:14:49.121000+00:00,0.316,APPROVED,CONFIDENTIAL
RSK_001726,CUST_001195,FRAUD_DETECTION,2026-10-01T09:14:53.584000+00:00,0.465,FLAGGED_FOR_REVIEW,CONFIDENTIAL
RSK_001727,CUST_008881,LOAN_SCORING,2026-10-01T09:14:55.164000+00:00,0.654,FLAGGED_FOR_REVIEW,CONFIDENTIAL
RSK_001728,CUST_006781,CREDIT_EVALUATION,2026-10-01T09:14:58.260000+00:00,0.39,APPROVED,CONFIDENTIAL
RSK_001729,CUST_007677,AML_SCREENING,2026-10-01T09:15:02.961000+00:00,0.034,APPROVED,CONFIDENTIAL
RSK_001730,CUST_007776,CREDIT_EVALUATION,2026-10-01T09:15:07.192000+00:00,0.31,APPROVED,CONFIDENTIAL
RSK_001731,CUST_004547,FRAUD_DETECTION,2026-10-01T09:15:09.147000+00:00,0.306,APPROVED,CONFIDENTIAL
RSK_001732,CUST_004848,CREDIT_EVALUATION,2026-10-01T09:15:10.077000+00:00,0.282,APPROVED,CONFIDENTIAL
RSK_001733,CUST_000190,FRAUD_DETECTION,2026-10-01T09:15:13.273000+00:00,0.377,APPROVED,CONFIDENTIAL
RSK_001734,CUST_003844,LOAN_SCORING,2026-10-01T09:15:15.607000+00:00,0.566,FLAGGED_FOR_REVIEW,CONFIDENTIAL
RSK_001735,CUST_002815,LOAN_SCORING,2026-10-01T09:15:18.970000+00:00,0.559,FLAGGED_FOR_REVIEW,CONFIDENTIAL
RSK_001736,CUST_003059,FRAUD_DETECTION,2026-10-01T09:15:21.176000+00:00,0.139,APPROVED,CONFIDENTIAL
RSK_001737,CUST_005033,CREDIT_EVALUATION,2026-10-01T09:15:22.438000+00:00,0.355,APPROVED,CONFIDENTIAL
RSK_001738,CUST_004848,LOAN_SCORING,2026-10-01T09:15:25.609000+00:00,0.359,APPROVED,CONFIDENTIAL
RSK_001739,CUST_002509,LOAN_SCORING,2026-10-01T09:15:29.889000+00:00,0.344,APPROVED,CONFIDENTIAL
RSK_001740,CUST_003134,CREDIT_EVALUATION,2026-10-01T09:15:34.450000+00:00,0.09,APPROVED,CONFIDENTIAL
RSK_001741,CUST_008724,FRAUD_DETECTION,2026-10-01T09:15:35.352000+00:00,0.277,APPROVED,CONFIDENTIAL
RSK_001742,CUST_008987,AML_SCREENING,2026-10-01T09:15:40.032000+00:00,0.59,FLAGGED_FOR_REVIEW,CONFIDENTIAL
RSK_001743,CUST_004832,AML_SCREENING,2026-10-01T09:15:43.491000+00:00,0.375,APPROVED,CONFIDENTIAL
RSK_001744,CUST_001336,LOAN_SCORING,2026-10-01T09:15:47.335000+00:00,0.135,APPROVED,CONFIDENTIAL
RSK_001745,CUST_009225,FRAUD_DETECTION,2026-10-01T09:15:50.743000+00:00,0.387,APPROVED,CONFIDENTIAL
RSK_001746,CUST_006726,AML_SCREENING,2026-10-01T09:15:51.005000+00:00,0.62,FLAGGED_FOR_REVIEW,CONFIDENTIAL
RSK_001747,CUST_000089,AML_SCREENING,2026-10-01T09:15:52.871000+00:00,0.441,APPROVED,CONFIDENTIAL
RSK_001748,CUST_007049,AML_SCREENING,2026-10-01T09:15:53.593000+00:00,0.427,APPROVED,CONFIDENTIAL
RSK_001749,CUST_008136,AML_SCREENING,2026-10-01T09:15:55.514000+00:00,0.337,APPROVED,CONFIDENTIAL
RSK_001750,CUST_001004,CREDIT_EVALUATION,2026-10-01T09:15:56.027000+00:00,0.426,APPROVED,CONFIDENTIAL
RSK_001751,CUST_005943,LOAN_SCORING,2026-10-01T09:15:56.522000+00:00,0.561,FLAGGED_FOR_REVIEW,CONFIDENTIAL
RSK_001752,CUST_001755,FRAUD_DETECTION,2026-10-01T09:15:59.516000+00:00,0.201,APPROVED,CONFIDENTIAL
RSK_001753,CUST_008142,LOAN_SCORING,2026-10-01T09:16:03.129000+00:00,0.275,APPROVED,CONFIDENTIAL
RSK_001754,CUST_000839,LOAN_SCORING,2026-10-01T09:16:05.094000+00:00,0.18,APPROVED,CONFIDENTIAL
RSK_001755,CUST_000764,CREDIT_EVALUATION,2026-10-01T09:16:05.709000+00:00,0.18,APPROVED,CONFIDENTIAL
RSK_001756,CUST_003083,FRAUD_DETECTION,2026-10-01T09:16:09.985000+00:00,0.394,APPROVED,CONFIDENTIAL
RSK_001757,CUST_004834,LOAN_SCORING,2026-10-01T09:16:14.913000+00:00,0.239,APPROVED,CONFIDENTIAL
RSK_001758,CUST_004602,AML_SCREENING,2026-10-01T09:16:18.186000+00:00,0.146,APPROVED,CONFIDENTIAL
RSK_001759,CUST_002043,FRAUD_DETECTION,2026-10-01T09:16:19.579000+00:00,0.328,APPROVED,CONFIDENTIAL
RSK_001760,CUST_006292,LOAN_SCORING,2026-10-01T09:16:22.348000+00:00,0.138,APPROVED,CONFIDENTIAL
RSK_001761,CUST_005031,LOAN_SCORING,2026-10-01T09:16:27.145000+00:00,0.556,FLAGGED_FOR_REVIEW,CONFIDENTIAL
RSK_001762,CUST_005992,FRAUD_DETECTION,2026-10-01T09:16:28.768000+00:00,0.585,FLAGGED_FOR_REVIEW,CONFIDENTIAL
RSK_001763,CUST_001779,AML_SCREENING,2026-10-01T09:16:33.563000+00:00,0.261,APPROVED,CONFIDENTIAL
RSK_001764,CUST_000891,LOAN_SCORING,2026-10-01T09:16:34.804000+00:00,0.13,APPROVED,CONFIDENTIAL
RSK_001765,CUST_007875,LOAN_SCORING,2026-10-01T09:16:38.961000+00:00,0.363,APPROVED,CONFIDENTIAL
RSK_001766,CUST_006766,AML_SCREENING,2026-10-01T09:16:42.616000+00:00,0.612,FLAGGED_FOR_REVIEW,CONFIDENTIAL
RSK_001767,CUST_003271,FRAUD_DETECTION,2026-10-01T09:16:43.821000+00:00,0.635,FLAGGED_FOR_REVIEW,CONFIDENTIAL
RSK_001768,CUST_003390,FRAUD_DETECTION,2026-10-01T09:16:46.087000+00:00,0.185,APPROVED,CONFIDENTIAL
RSK_001769,CUST_008366,AML_SCREENING,2026-10-01T09:16:46.536000+00:00,0.141,APPROVED,CONFIDENTIAL
RSK_001770,CUST_007087,AML_SCREENING,2026-10-01T09:16:47.304000+00:00,0.135,APPROVED,CONFIDENTIAL
RSK_001771,CUST_000282,FRAUD_DETECTION,2026-10-01T09:16:50.131000+00:00,0.726,REJECTED,CONFIDENTIAL
RSK_001772,CUST_005650,LOAN_SCORING,2026-10-01T09:16:53.101000+00:00,0.041,APPROVED,CONFIDENTIAL
RSK_001773,CUST_006157,AML_SCREENING,2026-10-01T09:16:53.770000+00:00,0.473,FLAGGED_FOR_REVIEW,CONFIDENTIAL
RSK_001774,CUST_004417,CREDIT_EVALUATION,2026-10-01T09:16:57.558000+00:00,0.061,APPROVED,CONFIDENTIAL
RSK_001775,CUST_009803,LOAN_SCORING,2026-10-01T09:17:00.522000+00:00,0.452,FLAGGED_FOR_REVIEW,CONFIDENTIAL
RSK_001776,CUST_000375,CREDIT_EVALUATION,2026-10-01T09:17:02.604000+00:00,0.241,APPROVED,CONFIDENTIAL
RSK_001777,CUST_004154,FRAUD_DETECTION,2026-10-01T09:17:03.015000+00:00,0.214,APPROVED,CONFIDENTIAL
RSK_001778,CUST_007016,AML_SCREENING,2026-10-01T09:17:06.057000+00:00,0.681,FLAGGED_FOR_REVIEW,CONFIDENTIAL
RSK_001779,CUST_007956,LOAN_SCORING,2026-10-01T09:17:10.828000+00:00,0.382,APPROVED,CONFIDENTIAL
RSK_001780,CUST_003724,LOAN_SCORING,2026-10-01T09:17:15.070000+00:00,0.146,APPROVED,CONFIDENTIAL
RSK_001781,CUST_000052,LOAN_SCORING,2026-10-01T09:17:16.260000+00:00,0.255,APPROVED,CONFIDENTIAL
RSK_001782,CUST_001899,FRAUD_DETECTION,2026-10-01T09:17:16.666000+00:00,0.345,APPROVED,CONFIDENTIAL
RSK_001783,CUST_009182,LOAN_SCORING,2026-10-01T09:17:18.179000+00:00,0.325,APPROVED,CONFIDENTIAL
RSK_001784,CUST_005755,CREDIT_EVALUATION,2026-10-01T09:17:19.081000+00:00,0.425,APPROVED,CONFIDENTIAL
RSK_001785,CUST_001300,CREDIT_EVALUATION,2026-10-01T09:17:20.729000+00:00,0.33,APPROVED,CONFIDENTIAL
RSK_001786,CUST_008582,FRAUD_DETECTION,2026-10-01T09:17:25.141000+00:00,0.029,APPROVED,CONFIDENTIAL
RSK_001787,CUST_004712,CREDIT_EVALUATION,2026-10-01T09:17:29.327000+00:00,0.128,APPROVED,CONFIDENTIAL
RSK_001788,CUST_003336,CREDIT_EVALUATION,2026-10-01T09:17:31.696000+00:00,0.23,APPROVED,CONFIDENTIAL
RSK_001789,CUST_003595,FRAUD_DETECTION,2026-10-01T09:17:33.248000+00:00,0.084,APPROVED,CONFIDENTIAL
RSK_001790,CUST_005816,LOAN_SCORING,2026-10-01T09:17:33.690000+00:00,0.085,APPROVED,CONFIDENTIAL
RSK_001791,CUST_005684,LOAN_SCORING,2026-10-01T09:17:38.019000+00:00,0.185,APPROVED,CONFIDENTIAL
RSK_001792,CUST_001953,LOAN_SCORING,2026-10-01T09:17:41.433000+00:00,0.113,APPROVED,CONFIDENTIAL
RSK_001793,CUST_003635,CREDIT_EVALUATION,2026-10-01T09:17:41.733000+00:00,0.561,FLAGGED_FOR_REVIEW,CONFIDENTIAL
RSK_001794,CUST_007396,CREDIT_EVALUATION,2026-10-01T09:17:42.483000+00:00,0.065,APPROVED,CONFIDENTIAL
RSK_001795,CUST_009671,AML_SCREENING,2026-10-01T09:17:45.056000+00:00,0.253,APPROVED,CONFIDENTIAL
RSK_001796,CUST_007074,AML_SCREENING,2026-10-01T09:17:48.139000+00:00,0.35,APPROVED,CONFIDENTIAL
RSK_001797,CUST_001004,CREDIT_EVALUATION,2026-10-01T09:17:50.488000+00:00,0.275,APPROVED,CONFIDENTIAL
RSK_001798,CUST_009961,CREDIT_EVALUATION,2026-10-01T09:17:54.663000+00:00,0.633,FLAGGED_FOR_REVIEW,CONFIDENTIAL
RSK_001799,CUST_006910,AML_SCREENING,2026-10-01T09:17:57.266000+00:00,0.199,APPROVED,CONFIDENTIAL
RSK_001800,CUST_002784,AML_SCREENING,2026-10-01T09:18:01.720000+00:00,0.064,APPROVED,CONFIDENTIAL
RSK_001801,CUST_003208,FRAUD_DETECTION,2026-10-01T09:18:06.021000+00:00,0.042,APPROVED,CONFIDENTIAL
RSK_001802,CUST_002115,AML_SCREENING,2026-10-01T09:18:08.065000+00:00,0.149,APPROVED,CONFIDENTIAL
RSK_001803,CUST_004244,FRAUD_DETECTION,2026-10-01T09:18:11.550000+00:00,0.087,APPROVED,CONFIDENTIAL
RSK_001804,CUST_009538,LOAN_SCORING,2026-10-01T09:18:12.697000+00:00,0.066,APPROVED,CONFIDENTIAL
RSK_001805,CUST_008391,LOAN_SCORING,2026-10-01T09:18:16.704000+00:00,0.2,APPROVED,CONFIDENTIAL
RSK_001806,CUST_002368,LOAN_SCORING,2026-10-01T09:18:18.060000+00:00,0.161,APPROVED,CONFIDENTIAL
RSK_001807,CUST_005465,CREDIT_EVALUATION,2026-10-01T09:18:20.580000+00:00,0.276,APPROVED,CONFIDENTIAL
RSK_001808,CUST_007312,CREDIT_EVALUATION,2026-10-01T09:18:22.968000+00:00,0.202,APPROVED,CONFIDENTIAL
RSK_001809,CUST_000005,LOAN_SCORING,2026-10-01T09:18:24.267000+00:00,0.262,APPROVED,CONFIDENTIAL
RSK_001810,CUST_007473,AML_SCREENING,2026-10-01T09:18:26.328000+00:00,0.241,APPROVED,CONFIDENTIAL
RSK_001811,CUST_005360,FRAUD_DETECTION,2026-10-01T09:18:28.392000+00:00,0.614,FLAGGED_FOR_REVIEW,CONFIDENTIAL
RSK_001812,CUST_006503,CREDIT_EVALUATION,2026-10-01T09:18:29.475000+00:00,0.03,APPROVED,CONFIDENTIAL
RSK_001813,CUST_004371,FRAUD_DETECTION,2026-10-01T09:18:30.075000+00:00,0.603,FLAGGED_FOR_REVIEW,CONFIDENTIAL
RSK_001814,CUST_004475,AML_SCREENING,2026-10-01T09:18:34.057000+00:00,0.171,APPROVED,CONFIDENTIAL
RSK_001815,CUST_004733,LOAN_SCORING,2026-10-01T09:18:38.877000+00:00,0.268,APPROVED,CONFIDENTIAL
RSK_001816,CUST_000802,FRAUD_DETECTION,2026-10-01T09:18:39.984000+00:00,0.235,APPROVED,CONFIDENTIAL
RSK_001817,CUST_008430,LOAN_SCORING,2026-10-01T09:18:41.788000+00:00,0.267,APPROVED,CONFIDENTIAL
RSK_001818,CUST_004042,LOAN_SCORING,2026-10-01T09:18:44.456000+00:00,0.364,APPROVED,CONFIDENTIAL
RSK_001819,CUST_006316,FRAUD_DETECTION,2026-10-01T09:18:48.982000+00:00,0.39,APPROVED,CONFIDENTIAL
RSK_001820,CUST_009188,FRAUD_DETECTION,2026-10-01T09:18:53.716000+00:00,0.29,APPROVED,CONFIDENTIAL
RSK_001821,CUST_007054,FRAUD_DETECTION,2026-10-01T09:18:56.418000+00:00,0.252,APPROVED,CONFIDENTIAL
RSK_001822,CUST_005402,FRAUD_DETECTION,2026-10-01T09:19:00.334000+00:00,0.291,APPROVED,CONFIDENTIAL
RSK_001823,CUST_001960,LOAN_SCORING,2026-10-01T09:19:01.767000+00:00,0.236,APPROVED,CONFIDENTIAL
RSK_001824,CUST_005419,FRAUD_DETECTION,2026-10-01T09:19:03.114000+00:00,0.326,APPROVED,CONFIDENTIAL
RSK_001825,CUST_005703,CREDIT_EVALUATION,2026-10-01T09:19:04.170000+00:00,0.619,FLAGGED_FOR_REVIEW,CONFIDENTIAL
RSK_001826,CUST_004102,FRAUD_DETECTION,2026-10-01T09:19:06.234000+00:00,0.354,APPROVED,CONFIDENTIAL
RSK_001827,CUST_001166,CREDIT_EVALUATION,2026-10-01T09:19:06.894000+00:00,0.139,APPROVED,CONFIDENTIAL
RSK_001828,CUST_004544,FRAUD_DETECTION,2026-10-01T09:19:08.844000+00:00,0.448,APPROVED,CONFIDENTIAL
RSK_001829,CUST_001963,CREDIT_EVALUATION,2026-10-01T09:19:12.242000+00:00,0.282,APPROVED,CONFIDENTIAL
RSK_001830,CUST_001816,LOAN_SCORING,2026-10-01T09:19:12.780000+00:00,0.312,APPROVED,CONFIDENTIAL
RSK_001831,CUST_004613,FRAUD_DETECTION,2026-10-01T09:19:13.654000+00:00,0.188,APPROVED,CONFIDENTIAL
RSK_001832,CUST_008347,LOAN_SCORING,2026-10-01T09:19:15.766000+00:00,0.17,APPROVED,CONFIDENTIAL
RSK_001833,CUST_008489,AML_SCREENING,2026-10-01T09:19:18.773000+00:00,0.161,APPROVED,CONFIDENTIAL
RSK_001834,CUST_002669,FRAUD_DETECTION,2026-10-01T09:19:21.952000+00:00,0.244,APPROVED,CONFIDENTIAL
RSK_001835,CUST_003791,FRAUD_DETECTION,2026-10-01T09:19:24.760000+00:00,0.264,APPROVED,CONFIDENTIAL
RSK_001836,CUST_003405,FRAUD_DETECTION,2026-10-01T09:19:28.598000+00:00,0.171,APPROVED,CONFIDENTIAL
RSK_001837,CUST_001493,AML_SCREENING,2026-10-01T09:19:31.686000+00:00,0.287,APPROVED,CONFIDENTIAL
RSK_001838,CUST_007994,LOAN_SCORING,2026-10-01T09:19:33.269000+00:00,0.582,FLAGGED_FOR_REVIEW,CONFIDENTIAL
RSK_001839,CUST_009654,FRAUD_DETECTION,2026-10-01T09:19:37.918000+00:00,0.149,APPROVED,CONFIDENTIAL
RSK_001840,CUST_007126,LOAN_SCORING,2026-10-01T09:19:41.001000+00:00,0.283,APPROVED,CONFIDENTIAL
RSK_001841,CUST_002544,AML_SCREENING,2026-10-01T09:19:41.941000+00:00,0.047,APPROVED,CONFIDENTIAL
RSK_001842,CUST_009810,LOAN_SCORING,2026-10-01T09:19:43.817000+00:00,0.113,APPROVED,CONFIDENTIAL
RSK_001843,CUST_000857,CREDIT_EVALUATION,2026-10-01T09:19:47.146000+00:00,0.475,FLAGGED_FOR_REVIEW,CONFIDENTIAL
RSK_001844,CUST_004275,FRAUD_DETECTION,2026-10-01T09:19:47.691000+00:00,0.654,FLAGGED_FOR_REVIEW,CONFIDENTIAL
RSK_001845,CUST_007750,CREDIT_EVALUATION,2026-10-01T09:19:52.474000+00:00,0.454,FLAGGED_FOR_REVIEW,CONFIDENTIAL
RSK_001846,CUST_007679,LOAN_SCORING,2026-10-01T09:19:56.779000+00:00,0.341,APPROVED,CONFIDENTIAL
RSK_001847,CUST_000618,AML_SCREENING,2026-10-01T09:19:59.821000+00:00,0.49,FLAGGED_FOR_REVIEW,CONFIDENTIAL
RSK_001848,CUST_008403,CREDIT_EVALUATION,2026-10-01T09:20:02.995000+00:00,0.074,APPROVED,CONFIDENTIAL
RSK_001849,CUST_008026,FRAUD_DETECTION,2026-10-01T09:20:04.968000+00:00,0.033,APPROVED,CONFIDENTIAL
RSK_001850,CUST_008822,FRAUD_DETECTION,2026-10-01T09:20:07.664000+00:00,0.121,APPROVED,CONFIDENTIAL
RSK_001851,CUST_006342,AML_SCREENING,2026-10-01T09:20:11.373000+00:00,0.607,FLAGGED_FOR_REVIEW,CONFIDENTIAL
RSK_001852,CUST_008675,AML_SCREENING,2026-10-01T09:20:13.644000+00:00,0.349,APPROVED,CONFIDENTIAL
RSK_001853,CUST_003563,AML_SCREENING,2026-10-01T09:20:16.864000+00:00,0.025,APPROVED,CONFIDENTIAL
RSK_001854,CUST_003811,CREDIT_EVALUATION,2026-10-01T09:20:19.664000+00:00,0.045,APPROVED,CONFIDENTIAL
RSK_001855,CUST_008108,AML_SCREENING,2026-10-01T09:20:22.821000+00:00,0.456,FLAGGED_FOR_REVIEW,CONFIDENTIAL
RSK_001856,CUST_009860,CREDIT_EVALUATION,2026-10-01T09:20:23.740000+00:00,0.153,APPROVED,CONFIDENTIAL
RSK_001857,CUST_007210,AML_SCREENING,2026-10-01T09:20:26.109000+00:00,0.149,APPROVED,CONFIDENTIAL
RSK_001858,CUST_005393,FRAUD_DETECTION,2026-10-01T09:20:28.573000+00:00,0.488,FLAGGED_FOR_REVIEW,CONFIDENTIAL
RSK_001859,CUST_003172,CREDIT_EVALUATION,2026-10-01T09:20:30.531000+00:00,0.519,FLAGGED_FOR_REVIEW,CONFIDENTIAL
RSK_001860,CUST_008606,AML_SCREENING,2026-10-01T09:20:34.248000+00:00,0.188,APPROVED,CONFIDENTIAL
RSK_001861,CUST_007913,FRAUD_DETECTION,2026-10-01T09:20:35.341000+00:00,0.363,APPROVED,CONFIDENTIAL
RSK_001862,CUST_001280,AML_SCREENING,2026-10-01T09:20:38.359000+00:00,0.27,APPROVED,CONFIDENTIAL
RSK_001863,CUST_002372,LOAN_SCORING,2026-10-01T09:20:43.346000+00:00,0.282,APPROVED,CONFIDENTIAL
RSK_001864,CUST_003900,CREDIT_EVALUATION,2026-10-01T09:20:43.744000+00:00,0.414,APPROVED,CONFIDENTIAL
RSK_001865,CUST_009553,AML_SCREENING,2026-10-01T09:20:48.442000+00:00,0.387,APPROVED,CONFIDENTIAL
RSK_001866,CUST_005147,AML_SCREENING,2026-10-01T09:20:52.529000+00:00,0.157,APPROVED,CONFIDENTIAL
RSK_001867,CUST_004912,FRAUD_DETECTION,2026-10-01T09:20:56.266000+00:00,0.304,APPROVED,CONFIDENTIAL
RSK_001868,CUST_008387,CREDIT_EVALUATION,2026-10-01T09:20:57.626000+00:00,0.197,APPROVED,CONFIDENTIAL
RSK_001869,CUST_008803,CREDIT_EVALUATION,2026-10-01T09:21:00.066000+00:00,0.261,APPROVED,CONFIDENTIAL
RSK_001870,CUST_002434,FRAUD_DETECTION,2026-10-01T09:21:04.813000+00:00,0.208,APPROVED,CONFIDENTIAL
RSK_001871,CUST_006814,FRAUD_DETECTION,2026-10-01T09:21:05.551000+00:00,0.113,APPROVED,CONFIDENTIAL
RSK_001872,CUST_006835,CREDIT_EVALUATION,2026-10-01T09:21:08.954000+00:00,0.435,APPROVED,CONFIDENTIAL
RSK_001873,CUST_004980,CREDIT_EVALUATION,2026-10-01T09:21:13.800000+00:00,0.221,APPROVED,CONFIDENTIAL
RSK_001874,CUST_005526,LOAN_SCORING,2026-10-01T09:21:14.531000+00:00,0.196,APPROVED,CONFIDENTIAL
RSK_001875,CUST_008322,CREDIT_EVALUATION,2026-10-01T09:21:19.374000+00:00,0.42,APPROVED,CONFIDENTIAL
RSK_001876,CUST_000616,AML_SCREENING,2026-10-01T09:21:24.087000+00:00,0.322,APPROVED,CONFIDENTIAL
RSK_001877,CUST_001745,CREDIT_EVALUATION,2026-10-01T09:21:24.794000+00:00,0.263,APPROVED,CONFIDENTIAL
RSK_001878,CUST_002199,CREDIT_EVALUATION,2026-10-01T09:21:29.353000+00:00,0.515,FLAGGED_FOR_REVIEW,CONFIDENTIAL
RSK_001879,CUST_000488,FRAUD_DETECTION,2026-10-01T09:21:30.217000+00:00,0.264,APPROVED,CONFIDENTIAL
RSK_001880,CUST_005936,CREDIT_EVALUATION,2026-10-01T09:21:32.272000+00:00,0.55,FLAGGED_FOR_REVIEW,CONFIDENTIAL
RSK_001881,CUST_009378,AML_SCREENING,2026-10-01T09:21:33.222000+00:00,0.332,APPROVED,CONFIDENTIAL
RSK_001882,CUST_008261,CREDIT_EVALUATION,2026-10-01T09:21:36.304000+00:00,0.173,APPROVED,CONFIDENTIAL
RSK_001883,CUST_007692,AML_SCREENING,2026-10-01T09:21:37.991000+00:00,0.401,APPROVED,CONFIDENTIAL
RSK_001884,CUST_001598,LOAN_SCORING,2026-10-01T09:21:39.383000+00:00,0.137,APPROVED,CONFIDENTIAL
RSK_001885,CUST_009448,FRAUD_DETECTION,2026-10-01T09:21:41.275000+00:00,0.089,APPROVED,CONFIDENTIAL
RSK_001886,CUST_009440,LOAN_SCORING,2026-10-01T09:21:42.700000+00:00,0.122,APPROVED,CONFIDENTIAL
RSK_001887,CUST_005758,LOAN_SCORING,2026-10-01T09:21:46.380000+00:00,0.136,APPROVED,CONFIDENTIAL
RSK_001888,CUST_003193,AML_SCREENING,2026-10-01T09:21:46.764000+00:00,0.105,APPROVED,CONFIDENTIAL
RSK_001889,CUST_007754,LOAN_SCORING,2026-10-01T09:21:49.528000+00:00,0.33,APPROVED,CONFIDENTIAL
RSK_001890,CUST_009281,CREDIT_EVALUATION,2026-10-01T09:21:53.949000+00:00,0.257,APPROVED,CONFIDENTIAL
RSK_001891,CUST_007691,AML_SCREENING,2026-10-01T09:21:55.139000+00:00,0.134,APPROVED,CONFIDENTIAL
RSK_001892,CUST_004939,FRAUD_DETECTION,2026-10-01T09:21:58.074000+00:00,0.311,APPROVED,CONFIDENTIAL
RSK_001893,CUST_005317,LOAN_SCORING,2026-10-01T09:22:00.204000+00:00,0.389,APPROVED,CONFIDENTIAL
RSK_001894,CUST_003718,FRAUD_DETECTION,2026-10-01T09:22:04.567000+00:00,0.368,APPROVED,CONFIDENTIAL
RSK_001895,CUST_000230,LOAN_SCORING,2026-10-01T09:22:06.338000+00:00,0.282,APPROVED,CONFIDENTIAL
RSK_001896,CUST_009094,FRAUD_DETECTION,2026-10-01T09:22:09.740000+00:00,0.154,APPROVED,CONFIDENTIAL
RSK_001897,CUST_005687,CREDIT_EVALUATION,2026-10-01T09:22:11.467000+00:00,0.393,APPROVED,CONFIDENTIAL
RSK_001898,CUST_003292,AML_SCREENING,2026-10-01T09:22:13.653000+00:00,0.011,APPROVED,CONFIDENTIAL
RSK_001899,CUST_008190,FRAUD_DETECTION,2026-10-01T09:22:14.647000+00:00,0.012,APPROVED,CONFIDENTIAL
RSK_001900,CUST_008579,AML_SCREENING,2026-10-01T09:22:18.358000+00:00,0.126,APPROVED,CONFIDENTIAL
RSK_001901,CUST_002609,FRAUD_DETECTION,2026-10-01T09:22:20.525000+00:00,0.497,FLAGGED_FOR_REVIEW,CONFIDENTIAL
RSK_001902,CUST_003135,AML_SCREENING,2026-10-01T09:22:22.002000+00:00,0.204,APPROVED,CONFIDENTIAL
RSK_001903,CUST_007815,AML_SCREENING,2026-10-01T09:22:25.425000+00:00,0.572,FLAGGED_FOR_REVIEW,CONFIDENTIAL
RSK_001904,CUST_003043,CREDIT_EVALUATION,2026-10-01T09:22:29.620000+00:00,0.083,APPROVED,CONFIDENTIAL
RSK_001905,CUST_006037,FRAUD_DETECTION,2026-10-01T09:22:31.481000+00:00,0.255,APPROVED,CONFIDENTIAL
RSK_001906,CUST_009685,CREDIT_EVALUATION,2026-10-01T09:22:34.866000+00:00,0.263,APPROVED,CONFIDENTIAL
RSK_001907,CUST_002428,AML_SCREENING,2026-10-01T09:22:36.114000+00:00,0.042,APPROVED,CONFIDENTIAL
RSK_001908,CUST_008264,FRAUD_DETECTION,2026-10-01T09:22:39.358000+00:00,0.177,APPROVED,CONFIDENTIAL
RSK_001909,CUST_004842,AML_SCREENING,2026-10-01T09:22:39.619000+00:00,0.306,APPROVED,CONFIDENTIAL
RSK_001910,CUST_004540,AML_SCREENING,2026-10-01T09:22:43.912000+00:00,0.705,REJECTED,CONFIDENTIAL
RSK_001911,CUST_009732,AML_SCREENING,2026-10-01T09:22:46.277000+00:00,0.248,APPROVED,CONFIDENTIAL
RSK_001912,CUST_006756,AML_SCREENING,2026-10-01T09:22:49.761000+00:00,0.149,APPROVED,CONFIDENTIAL
RSK_001913,CUST_000554,LOAN_SCORING,2026-10-01T09:22:52.460000+00:00,0.112,APPROVED,CONFIDENTIAL
RSK_001914,CUST_009466,CREDIT_EVALUATION,2026-10-01T09:22:55.438000+00:00,0.031,APPROVED,CONFIDENTIAL
RSK_001915,CUST_002841,AML_SCREENING,2026-10-01T09:22:59.623000+00:00,0.091,APPROVED,CONFIDENTIAL
RSK_001916,CUST_000834,AML_SCREENING,2026-10-01T09:23:00.314000+00:00,0.215,APPROVED,CONFIDENTIAL
RSK_001917,CUST_001254,CREDIT_EVALUATION,2026-10-01T09:23:02.633000+00:00,0.107,APPROVED,CONFIDENTIAL
RSK_001918,CUST_009438,LOAN_SCORING,2026-10-01T09:23:03.647000+00:00,0.206,APPROVED,CONFIDENTIAL
RSK_001919,CUST_008029,LOAN_SCORING,2026-10-01T09:23:06.907000+00:00,0.338,APPROVED,CONFIDENTIAL
RSK_001920,CUST_008923,FRAUD_DETECTION,2026-10-01T09:23:11.893000+00:00,0.26,APPROVED,CONFIDENTIAL
RSK_001921,CUST_009942,AML_SCREENING,2026-10-01T09:23:15.004000+00:00,0.232,APPROVED,CONFIDENTIAL
RSK_001922,CUST_004007,FRAUD_DETECTION,2026-10-01T09:23:16.333000+00:00,0.216,APPROVED,CONFIDENTIAL
RSK_001923,CUST_005051,AML_SCREENING,2026-10-01T09:23:21.092000+00:00,0.366,APPROVED,CONFIDENTIAL
RSK_001924,CUST_002574,CREDIT_EVALUATION,2026-10-01T09:23:25.792000+00:00,0.07,APPROVED,CONFIDENTIAL
RSK_001925,CUST_005965,LOAN_SCORING,2026-10-01T09:23:30.143000+00:00,0.259,APPROVED,CONFIDENTIAL
RSK_001926,CUST_007558,AML_SCREENING,2026-10-01T09:23:34.248000+00:00,0.245,APPROVED,CONFIDENTIAL
RSK_001927,CUST_005674,FRAUD_DETECTION,2026-10-01T09:23:35.197000+00:00,0.751,REJECTED,CONFIDENTIAL
RSK_001928,CUST_005551,CREDIT_EVALUATION,2026-10-01T09:23:37.288000+00:00,0.153,APPROVED,CONFIDENTIAL
RSK_001929,CUST_004514,FRAUD_DETECTION,2026-10-01T09:23:41.493000+00:00,0.377,APPROVED,CONFIDENTIAL
RSK_001930,CUST_006352,LOAN_SCORING,2026-10-01T09:23:43.731000+00:00,0.156,APPROVED,CONFIDENTIAL
RSK_001931,CUST_003551,CREDIT_EVALUATION,2026-10-01T09:23:46.804000+00:00,0.381,APPROVED,CONFIDENTIAL
RSK_001932,CUST_006087,FRAUD_DETECTION,2026-10-01T09:23:47.561000+00:00,0.278,APPROVED,CONFIDENTIAL
RSK_001933,CUST_006934,FRAUD_DETECTION,2026-10-01T09:23:50.553000+00:00,0.68,FLAGGED_FOR_REVIEW,CONFIDENTIAL
RSK_001934,CUST_008400,CREDIT_EVALUATION,2026-10-01T09:23:54.469000+00:00,0.363,APPROVED,CONFIDENTIAL
RSK_001935,CUST_006094,CREDIT_EVALUATION,2026-10-01T09:23:56.546000+00:00,0.389,APPROVED,CONFIDENTIAL
RSK_001936,CUST_001046,CREDIT_EVALUATION,2026-10-01T09:23:58.188000+00:00,0.186,APPROVED,CONFIDENTIAL
RSK_001937,CUST_003746,CREDIT_EVALUATION,2026-10-01T09:24:01.832000+00:00,0.472,FLAGGED_FOR_REVIEW,CONFIDENTIAL
RSK_001938,CUST_007780,CREDIT_EVALUATION,2026-10-01T09:24:02.138000+00:00,0.079,APPROVED,CONFIDENTIAL
RSK_001939,CUST_009493,LOAN_SCORING,2026-10-01T09:24:02.791000+00:00,0.673,FLAGGED_FOR_REVIEW,CONFIDENTIAL
RSK_001940,CUST_001950,FRAUD_DETECTION,2026-10-01T09:24:05.016000+00:00,0.685,FLAGGED_FOR_REVIEW,CONFIDENTIAL
RSK_001941,CUST_006277,FRAUD_DETECTION,2026-10-01T09:24:07.154000+00:00,0.577,FLAGGED_FOR_REVIEW,CONFIDENTIAL
RSK_001942,CUST_000873,LOAN_SCORING,2026-10-01T09:24:09.021000+00:00,0.336,APPROVED,CONFIDENTIAL
RSK_001943,CUST_003310,AML_SCREENING,2026-10-01T09:24:11.253000+00:00,0.147,APPROVED,CONFIDENTIAL
RSK_001944,CUST_003979,AML_SCREENING,2026-10-01T09:24:13.432000+00:00,0.592,FLAGGED_FOR_REVIEW,CONFIDENTIAL
RSK_001945,CUST_004107,FRAUD_DETECTION,2026-10-01T09:24:13.999000+00:00,0.077,APPROVED,CONFIDENTIAL
RSK_001946,CUST_000536,CREDIT_EVALUATION,2026-10-01T09:24:18.625000+00:00,0.31,APPROVED,CONFIDENTIAL
RSK_001947,CUST_007644,LOAN_SCORING,2026-10-01T09:24:21.212000+00:00,0.359,APPROVED,CONFIDENTIAL
RSK_001948,CUST_005025,CREDIT_EVALUATION,2026-10-01T09:24:23.154000+00:00,0.261,APPROVED,CONFIDENTIAL
RSK_001949,CUST_002042,CREDIT_EVALUATION,2026-10-01T09:24:23.452000+00:00,0.137,APPROVED,CONFIDENTIAL
RSK_001950,CUST_006592,FRAUD_DETECTION,2026-10-01T09:24:25.180000+00:00,0.11,APPROVED,CONFIDENTIAL
RSK_001951,CUST_007195,AML_SCREENING,2026-10-01T09:24:29.392000+00:00,0.241,APPROVED,CONFIDENTIAL
RSK_001952,CUST_003978,FRAUD_DETECTION,2026-10-01T09:24:31.486000+00:00,0.143,APPROVED,CONFIDENTIAL
RSK_001953,CUST_003212,FRAUD_DETECTION,2026-10-01T09:24:36.377000+00:00,0.199,APPROVED,CONFIDENTIAL
RSK_001954,CUST_008881,LOAN_SCORING,2026-10-01T09:24:37.782000+00:00,0.466,FLAGGED_FOR_REVIEW,CONFIDENTIAL
RSK_001955,CUST_001192,CREDIT_EVALUATION,2026-10-01T09:24:39.428000+00:00,0.305,APPROVED,CONFIDENTIAL
RSK_001956,CUST_005403,CREDIT_EVALUATION,2026-10-01T09:24:39.868000+00:00,0.278,APPROVED,CONFIDENTIAL
RSK_001957,CUST_003019,FRAUD_DETECTION,2026-10-01T09:24:42.242000+00:00,0.633,FLAGGED_FOR_REVIEW,CONFIDENTIAL
RSK_001958,CUST_003667,CREDIT_EVALUATION,2026-10-01T09:24:46.377000+00:00,0.35,APPROVED,CONFIDENTIAL
RSK_001959,CUST_009134,CREDIT_EVALUATION,2026-10-01T09:24:49.807000+00:00,0.109,APPROVED,CONFIDENTIAL
RSK_001960,CUST_007462,AML_SCREENING,2026-10-01T09:24:50.160000+00:00,0.482,FLAGGED_FOR_REVIEW,CONFIDENTIAL
RSK_001961,CUST_008213,LOAN_SCORING,2026-10-01T09:24:52.900000+00:00,0.288,APPROVED,CONFIDENTIAL
RSK_001962,CUST_004362,LOAN_SCORING,2026-10-01T09:24:55.548000+00:00,0.453,FLAGGED_FOR_REVIEW,CONFIDENTIAL
RSK_001963,CUST_000215,LOAN_SCORING,2026-10-01T09:24:58.851000+00:00,0.152,APPROVED,CONFIDENTIAL
RSK_001964,CUST_001787,LOAN_SCORING,2026-10-01T09:24:59.856000+00:00,0.378,APPROVED,CONFIDENTIAL
RSK_001965,CUST_009840,CREDIT_EVALUATION,2026-10-01T09:25:02.553000+00:00,0.252,APPROVED,CONFIDENTIAL
RSK_001966,CUST_000543,AML_SCREENING,2026-10-01T09:25:05.604000+00:00,0.265,APPROVED,CONFIDENTIAL
RSK_001967,CUST_005898,LOAN_SCORING,2026-10-01T09:25:08.924000+00:00,0.333,APPROVED,CONFIDENTIAL
RSK_001968,CUST_005038,AML_SCREENING,2026-10-01T09:25:12.669000+00:00,0.399,APPROVED,CONFIDENTIAL
RSK_001969,CUST_009871,CREDIT_EVALUATION,2026-10-01T09:25:12.936000+00:00,0.16,APPROVED,CONFIDENTIAL
RSK_001970,CUST_000103,FRAUD_DETECTION,2026-10-01T09:25:17.669000+00:00,0.426,APPROVED,CONFIDENTIAL
RSK_001971,CUST_006592,FRAUD_DETECTION,2026-10-01T09:25:20.622000+00:00,0.15,APPROVED,CONFIDENTIAL
RSK_001972,CUST_008298,AML_SCREENING,2026-10-01T09:25:21.039000+00:00,0.166,APPROVED,CONFIDENTIAL
RSK_001973,CUST_007669,AML_SCREENING,2026-10-01T09:25:22.616000+00:00,0.345,APPROVED,CONFIDENTIAL
RSK_001974,CUST_004903,AML_SCREENING,2026-10-01T09:25:25.008000+00:00,0.311,APPROVED,CONFIDENTIAL
RSK_001975,CUST_007778,CREDIT_EVALUATION,2026-10-01T09:25:28.919000+00:00,0.184,APPROVED,CONFIDENTIAL
RSK_001976,CUST_000840,FRAUD_DETECTION,2026-10-01T09:25:30.753000+00:00,0.275,APPROVED,CONFIDENTIAL
RSK_001977,CUST_004649,FRAUD_DETECTION,2026-10-01T09:25:35.091000+00:00,0.34,APPROVED,CONFIDENTIAL
RSK_001978,CUST_004762,AML_SCREENING,2026-10-01T09:25:39.816000+00:00,0.362,APPROVED,CONFIDENTIAL
RSK_001979,CUST_007162,AML_SCREENING,2026-10-01T09:25:44.515000+00:00,0.403,APPROVED,CONFIDENTIAL
RSK_001980,CUST_004362,FRAUD_DETECTION,2026-10-01T09:25:44.925000+00:00,0.119,APPROVED,CONFIDENTIAL
RSK_001981,CUST_009707,AML_SCREENING,2026-10-01T09:25:45.745000+00:00,0.287,APPROVED,CONFIDENTIAL
RSK_001982,CUST_007906,AML_SCREENING,2026-10-01T09:25:50.597000+00:00,0.386,APPROVED,CONFIDENTIAL
RSK_001983,CUST_000035,LOAN_SCORING,2026-10-01T09:25:54.132000+00:00,0.583,FLAGGED_FOR_REVIEW,CONFIDENTIAL
RSK_001984,CUST_005971,CREDIT_EVALUATION,2026-10-01T09:25:55.597000+00:00,0.179,APPROVED,CONFIDENTIAL
RSK_001985,CUST_004691,AML_SCREENING,2026-10-01T09:25:59.514000+00:00,0.381,APPROVED,CONFIDENTIAL
RSK_001986,CUST_001885,CREDIT_EVALUATION,2026-10-01T09:26:02.139000+00:00,0.31,APPROVED,CONFIDENTIAL
RSK_001987,CUST_007069,FRAUD_DETECTION,2026-10-01T09:26:05.626000+00:00,0.131,APPROVED,CONFIDENTIAL
RSK_001988,CUST_003238,LOAN_SCORING,2026-10-01T09:26:10.375000+00:00,0.341,APPROVED,CONFIDENTIAL
RSK_001989,CUST_008391,AML_SCREENING,2026-10-01T09:26:14.387000+00:00,0.724,REJECTED,CONFIDENTIAL
RSK_001990,CUST_007508,LOAN_SCORING,2026-10-01T09:26:17.283000+00:00,0.2,APPROVED,CONFIDENTIAL
RSK_001991,CUST_006779,AML_SCREENING,2026-10-01T09:26:21.822000+00:00,0.273,APPROVED,CONFIDENTIAL
RSK_001992,CUST_001126,LOAN_SCORING,2026-10-01T09:26:24.982000+00:00,0.397,APPROVED,CONFIDENTIAL
RSK_001993,CUST_004425,AML_SCREENING,2026-10-01T09:26:25.279000+00:00,0.23,APPROVED,CONFIDENTIAL
RSK_001994,CUST_002112,AML_SCREENING,2026-10-01T09:26:29.650000+00:00,0.614,FLAGGED_FOR_REVIEW,CONFIDENTIAL
RSK_001995,CUST_009627,FRAUD_DETECTION,2026-10-01T09:26:31.998000+00:00,0.449,APPROVED,CONFIDENTIAL
RSK_001996,CUST_007190,AML_SCREENING,2026-10-01T09:26:35.189000+00:00,0.505,FLAGGED_FOR_REVIEW,CONFIDENTIAL
RSK_001997,CUST_009477,LOAN_SCORING,2026-10-01T09:26:35.654000+00:00,0.19,APPROVED,CONFIDENTIAL
RSK_001998,CUST_004464,AML_SCREENING,2026-10-01T09:26:36.467000+00:00,0.369,APPROVED,CONFIDENTIAL
RSK_001999,CUST_007835,FRAUD_DETECTION,2026-10-01T09:26:37.221000+00:00,0.448,APPROVED,CONFIDENTIAL
RSK_002000,CUST_009148,CREDIT_EVALUATION,2026-10-01T09:26:40.169000+00:00,0.187,APPROVED,CONFIDENTIAL
RSK_002001,CUST_001641,LOAN_SCORING,2026-10-01T09:26:42.639000+00:00,0.197,APPROVED,CONFIDENTIAL
RSK_002002,CUST_004703,FRAUD_DETECTION,2026-10-01T09:26:44.721000+00:00,0.39,APPROVED,CONFIDENTIAL
RSK_002003,CUST_003603,FRAUD_DETECTION,2026-10-01T09:26:48.180000+00:00,0.199,APPROVED,CONFIDENTIAL
RSK_002004,CUST_004361,CREDIT_EVALUATION,2026-10-01T09:26:51.944000+00:00,0.266,APPROVED,CONFIDENTIAL
RSK_002005,CUST_000628,AML_SCREENING,2026-10-01T09:26:56.285000+00:00,0.155,APPROVED,CONFIDENTIAL
RSK_002006,CUST_007338,CREDIT_EVALUATION,2026-10-01T09:27:01.051000+00:00,0.454,FLAGGED_FOR_REVIEW,CONFIDENTIAL
RSK_002007,CUST_009316,FRAUD_DETECTION,2026-10-01T09:27:04.556000+00:00,0.504,FLAGGED_FOR_REVIEW,CONFIDENTIAL
RSK_002008,CUST_003854,FRAUD_DETECTION,2026-10-01T09:27:07.159000+00:00,0.295,APPROVED,CONFIDENTIAL
RSK_002009,CUST_002414,FRAUD_DETECTION,2026-10-01T09:27:11.893000+00:00,0.595,FLAGGED_FOR_REVIEW,CONFIDENTIAL
RSK_002010,CUST_003444,LOAN_SCORING,2026-10-01T09:27:16.678000+00:00,0.143,APPROVED,CONFIDENTIAL
RSK_002011,CUST_002428,AML_SCREENING,2026-10-01T09:27:19.369000+00:00,0.151,APPROVED,CONFIDENTIAL
RSK_002012,CUST_004603,LOAN_SCORING,2026-10-01T09:27:20+00:00,0.41,APPROVED,CONFIDENTIAL
RSK_002013,CUST_000066,FRAUD_DETECTION,2026-10-01T09:27:24.559000+00:00,0.209,APPROVED,CONFIDENTIAL
RSK_002014,CUST_001603,LOAN_SCORING,2026-10-01T09:27:29.022000+00:00,0.311,APPROVED,CONFIDENTIAL
RSK_002015,CUST_009509,AML_SCREENING,2026-10-01T09:27:33.116000+00:00,0.211,APPROVED,CONFIDENTIAL
RSK_002016,CUST_006630,LOAN_SCORING,2026-10-01T09:27:34.667000+00:00,0.639,FLAGGED_FOR_REVIEW,CONFIDENTIAL
RSK_002017,CUST_004629,LOAN_SCORING,2026-10-01T09:27:39.663000+00:00,0.432,APPROVED,CONFIDENTIAL
RSK_002018,CUST_005144,FRAUD_DETECTION,2026-10-01T09:27:42.377000+00:00,0.653,FLAGGED_FOR_REVIEW,CONFIDENTIAL
RSK_002019,CUST_009640,CREDIT_EVALUATION,2026-10-01T09:27:43.341000+00:00,0.397,APPROVED,CONFIDENTIAL
RSK_002020,CUST_003777,FRAUD_DETECTION,2026-10-01T09:27:45.621000+00:00,0.272,APPROVED,CONFIDENTIAL
RSK_002021,CUST_002675,FRAUD_DETECTION,2026-10-01T09:27:47.952000+00:00,0.416,APPROVED,CONFIDENTIAL
RSK_002022,CUST_007004,CREDIT_EVALUATION,2026-10-01T09:27:50.904000+00:00,0.154,APPROVED,CONFIDENTIAL
RSK_002023,CUST_002926,LOAN_SCORING,2026-10-01T09:27:53.412000+00:00,0.381,APPROVED,CONFIDENTIAL
RSK_002024,CUST_002482,LOAN_SCORING,2026-10-01T09:27:57.027000+00:00,0.269,APPROVED,CONFIDENTIAL
RSK_002025,CUST_007248,AML_SCREENING,2026-10-01T09:28:01.281000+00:00,0.15,APPROVED,CONFIDENTIAL
RSK_002026,CUST_007382,AML_SCREENING,2026-10-01T09:28:04.659000+00:00,0.25,APPROVED,CONFIDENTIAL
RSK_002027,CUST_007996,CREDIT_EVALUATION,2026-10-01T09:28:09.099000+00:00,0.244,APPROVED,CONFIDENTIAL
RSK_002028,CUST_007004,LOAN_SCORING,2026-10-01T09:28:09.590000+00:00,0.574,FLAGGED_FOR_REVIEW,CONFIDENTIAL
RSK_002029,CUST_006063,CREDIT_EVALUATION,2026-10-01T09:28:13.326000+00:00,0.455,FLAGGED_FOR_REVIEW,CONFIDENTIAL
RSK_002030,CUST_000495,LOAN_SCORING,2026-10-01T09:28:17.982000+00:00,0.522,FLAGGED_FOR_REVIEW,CONFIDENTIAL
RSK_002031,CUST_009898,AML_SCREENING,2026-10-01T09:28:22.115000+00:00,0.351,APPROVED,CONFIDENTIAL
RSK_002032,CUST_000754,AML_SCREENING,2026-10-01T09:28:25.817000+00:00,0.183,APPROVED,CONFIDENTIAL
RSK_002033,CUST_007599,FRAUD_DETECTION,2026-10-01T09:28:26.972000+00:00,0.141,APPROVED,CONFIDENTIAL
RSK_002034,CUST_000243,AML_SCREENING,2026-10-01T09:28:29.139000+00:00,0.244,APPROVED,CONFIDENTIAL
RSK_002035,CUST_008503,FRAUD_DETECTION,2026-10-01T09:28:29.785000+00:00,0.445,APPROVED,CONFIDENTIAL
RSK_002036,CUST_006857,LOAN_SCORING,2026-10-01T09:28:34.626000+00:00,0.31,APPROVED,CONFIDENTIAL
RSK_002037,CUST_001108,FRAUD_DETECTION,2026-10-01T09:28:37.637000+00:00,0.27,APPROVED,CONFIDENTIAL
RSK_002038,CUST_005845,LOAN_SCORING,2026-10-01T09:28:39.939000+00:00,0.101,APPROVED,CONFIDENTIAL
RSK_002039,CUST_000020,AML_SCREENING,2026-10-01T09:28:41.524000+00:00,0.083,APPROVED,CONFIDENTIAL
RSK_002040,CUST_002790,LOAN_SCORING,2026-10-01T09:28:44.067000+00:00,0.422,APPROVED,CONFIDENTIAL
RSK_002041,CUST_009331,LOAN_SCORING,2026-10-01T09:28:46.560000+00:00,0.305,APPROVED,CONFIDENTIAL
RSK_002042,CUST_005825,CREDIT_EVALUATION,2026-10-01T09:28:47.444000+00:00,0.365,APPROVED,CONFIDENTIAL
RSK_002043,CUST_002162,LOAN_SCORING,2026-10-01T09:28:51.379000+00:00,0.356,APPROVED,CONFIDENTIAL
RSK_002044,CUST_009137,AML_SCREENING,2026-10-01T09:28:55.459000+00:00,0.192,APPROVED,CONFIDENTIAL
RSK_002045,CUST_001127,CREDIT_EVALUATION,2026-10-01T09:28:59.084000+00:00,0.265,APPROVED,CONFIDENTIAL
RSK_002046,CUST_005972,CREDIT_EVALUATION,2026-10-01T09:29:01.236000+00:00,0.423,APPROVED,CONFIDENTIAL
RSK_002047,CUST_003064,CREDIT_EVALUATION,2026-10-01T09:29:01.705000+00:00,0.067,APPROVED,CONFIDENTIAL
RSK_002048,CUST_000012,LOAN_SCORING,2026-10-01T09:29:04.962000+00:00,0.056,APPROVED,CONFIDENTIAL
RSK_002049,CUST_008335,LOAN_SCORING,2026-10-01T09:29:05.350000+00:00,0.627,FLAGGED_FOR_REVIEW,CONFIDENTIAL
RSK_002050,CUST_005952,LOAN_SCORING,2026-10-01T09:29:09.811000+00:00,0.093,APPROVED,CONFIDENTIAL
RSK_002051,CUST_003019,LOAN_SCORING,2026-10-01T09:29:10.534000+00:00,0.147,APPROVED,CONFIDENTIAL
RSK_002052,CUST_006930,CREDIT_EVALUATION,2026-10-01T09:29:14.356000+00:00,0.651,FLAGGED_FOR_REVIEW,CONFIDENTIAL
RSK_002053,CUST_008645,AML_SCREENING,2026-10-01T09:29:18.800000+00:00,0.553,FLAGGED_FOR_REVIEW,CONFIDENTIAL
RSK_002054,CUST_009896,FRAUD_DETECTION,2026-10-01T09:29:23.378000+00:00,0.302,APPROVED,CONFIDENTIAL
RSK_002055,CUST_007126,CREDIT_EVALUATION,2026-10-01T09:29:28.365000+00:00,0.178,APPROVED,CONFIDENTIAL
RSK_002056,CUST_006286,LOAN_SCORING,2026-10-01T09:29:30.073000+00:00,0.366,APPROVED,CONFIDENTIAL
RSK_002057,CUST_001091,LOAN_SCORING,2026-10-01T09:29:32.151000+00:00,0.324,APPROVED,CONFIDENTIAL
RSK_002058,CUST_000392,AML_SCREENING,2026-10-01T09:29:34.821000+00:00,0.172,APPROVED,CONFIDENTIAL
RSK_002059,CUST_009737,AML_SCREENING,2026-10-01T09:29:35.423000+00:00,0.317,APPROVED,CONFIDENTIAL
RSK_002060,CUST_007541,CREDIT_EVALUATION,2026-10-01T09:29:37.480000+00:00,0.21,APPROVED,CONFIDENTIAL
RSK_002061,CUST_005663,CREDIT_EVALUATION,2026-10-01T09:29:38.545000+00:00,0.298,APPROVED,CONFIDENTIAL
RSK_002062,CUST_001793,CREDIT_EVALUATION,2026-10-01T09:29:42.548000+00:00,0.074,APPROVED,CONFIDENTIAL
RSK_002063,CUST_005407,LOAN_SCORING,2026-10-01T09:29:45.546000+00:00,0.247,APPROVED,CONFIDENTIAL
RSK_002064,CUST_003635,LOAN_SCORING,2026-10-01T09:29:49.664000+00:00,0.476,FLAGGED_FOR_REVIEW,CONFIDENTIAL
RSK_002065,CUST_007796,CREDIT_EVALUATION,2026-10-01T09:29:51.698000+00:00,0.184,APPROVED,CONFIDENTIAL
RSK_002066,CUST_004057,LOAN_SCORING,2026-10-01T09:29:54.746000+00:00,0.118,APPROVED,CONFIDENTIAL
RSK_002067,CUST_000481,LOAN_SCORING,2026-10-01T09:29:56.817000+00:00,0.101,APPROVED,CONFIDENTIAL
RSK_002068,CUST_008354,CREDIT_EVALUATION,2026-10-01T09:30:01.056000+00:00,0.067,APPROVED,CONFIDENTIAL
RSK_002069,CUST_008954,AML_SCREENING,2026-10-01T09:30:04.015000+00:00,0.214,APPROVED,CONFIDENTIAL
RSK_002070,CUST_000423,LOAN_SCORING,2026-10-01T09:30:06.512000+00:00,0.029,APPROVED,CONFIDENTIAL
RSK_002071,CUST_003791,AML_SCREENING,2026-10-01T09:30:08.884000+00:00,0.185,APPROVED,CONFIDENTIAL
RSK_002072,CUST_004113,AML_SCREENING,2026-10-01T09:30:09.897000+00:00,0.153,APPROVED,CONFIDENTIAL
RSK_002073,CUST_007274,AML_SCREENING,2026-10-01T09:30:12.893000+00:00,0.259,APPROVED,CONFIDENTIAL
RSK_002074,CUST_002840,FRAUD_DETECTION,2026-10-01T09:30:14.296000+00:00,0.362,APPROVED,CONFIDENTIAL
RSK_002075,CUST_000296,AML_SCREENING,2026-10-01T09:30:15.120000+00:00,0.56,FLAGGED_FOR_REVIEW,CONFIDENTIAL
RSK_002076,CUST_008887,CREDIT_EVALUATION,2026-10-01T09:30:19.669000+00:00,0.47,FLAGGED_FOR_REVIEW,CONFIDENTIAL
RSK_002077,CUST_004150,FRAUD_DETECTION,2026-10-01T09:30:22.478000+00:00,0.497,FLAGGED_FOR_REVIEW,CONFIDENTIAL
RSK_002078,CUST_003795,AML_SCREENING,2026-10-01T09:30:23.901000+00:00,0.082,APPROVED,CONFIDENTIAL
RSK_002079,CUST_005313,AML_SCREENING,2026-10-01T09:30:25.343000+00:00,0.12,APPROVED,CONFIDENTIAL
RSK_002080,CUST_003629,AML_SCREENING,2026-10-01T09:30:29.222000+00:00,0.391,APPROVED,CONFIDENTIAL
RSK_002081,CUST_001020,CREDIT_EVALUATION,2026-10-01T09:30:33.779000+00:00,0.091,APPROVED,CONFIDENTIAL
RSK_002082,CUST_003327,AML_SCREENING,2026-10-01T09:30:37.579000+00:00,0.309,APPROVED,CONFIDENTIAL
RSK_002083,CUST_006241,AML_SCREENING,2026-10-01T09:30:39.227000+00:00,0.266,APPROVED,CONFIDENTIAL
RSK_002084,CUST_001387,FRAUD_DETECTION,2026-10-01T09:30:42.559000+00:00,0.299,APPROVED,CONFIDENTIAL
RSK_002085,CUST_008652,CREDIT_EVALUATION,2026-10-01T09:30:45.782000+00:00,0.48,FLAGGED_FOR_REVIEW,CONFIDENTIAL
RSK_002086,CUST_005126,AML_SCREENING,2026-10-01T09:30:49.938000+00:00,0.712,REJECTED,CONFIDENTIAL
RSK_002087,CUST_002927,AML_SCREENING,2026-10-01T09:30:54.813000+00:00,0.228,APPROVED,CONFIDENTIAL
RSK_002088,CUST_007450,LOAN_SCORING,2026-10-01T09:30:57.377000+00:00,0.387,APPROVED,CONFIDENTIAL
RSK_002089,CUST_001391,LOAN_SCORING,2026-10-01T09:31:00.585000+00:00,0.178,APPROVED,CONFIDENTIAL
RSK_002090,CUST_002309,FRAUD_DETECTION,2026-10-01T09:31:01.243000+00:00,0.231,APPROVED,CONFIDENTIAL
RSK_002091,CUST_009232,CREDIT_EVALUATION,2026-10-01T09:31:01.551000+00:00,0.385,APPROVED,CONFIDENTIAL
RSK_002092,CUST_008596,FRAUD_DETECTION,2026-10-01T09:31:05.008000+00:00,0.183,APPROVED,CONFIDENTIAL
RSK_002093,CUST_000056,LOAN_SCORING,2026-10-01T09:31:08.685000+00:00,0.321,APPROVED,CONFIDENTIAL
RSK_002094,CUST_001185,FRAUD_DETECTION,2026-10-01T09:31:12.959000+00:00,0.251,APPROVED,CONFIDENTIAL
RSK_002095,CUST_007273,CREDIT_EVALUATION,2026-10-01T09:31:17.341000+00:00,0.105,APPROVED,CONFIDENTIAL
RSK_002096,CUST_004792,CREDIT_EVALUATION,2026-10-01T09:31:20.305000+00:00,0.695,FLAGGED_FOR_REVIEW,CONFIDENTIAL
RSK_002097,CUST_008396,FRAUD_DETECTION,2026-10-01T09:31:22.656000+00:00,0.338,APPROVED,CONFIDENTIAL
RSK_002098,CUST_007380,AML_SCREENING,2026-10-01T09:31:26.392000+00:00,0.086,APPROVED,CONFIDENTIAL
RSK_002099,CUST_005577,CREDIT_EVALUATION,2026-10-01T09:31:28.565000+00:00,0.222,APPROVED,CONFIDENTIAL
RSK_002100,CUST_009569,FRAUD_DETECTION,2026-10-01T09:31:32.330000+00:00,0.175,APPROVED,CONFIDENTIAL
RSK_002101,CUST_006895,FRAUD_DETECTION,2026-10-01T09:31:32.751000+00:00,0.184,APPROVED,CONFIDENTIAL
RSK_002102,CUST_004846,FRAUD_DETECTION,2026-10-01T09:31:34.496000+00:00,0.237,APPROVED,CONFIDENTIAL
RSK_002103,CUST_006679,CREDIT_EVALUATION,2026-10-01T09:31:36.724000+00:00,0.067,APPROVED,CONFIDENTIAL
RSK_002104,CUST_004471,FRAUD_DETECTION,2026-10-01T09:31:40.018000+00:00,0.362,APPROVED,CONFIDENTIAL
RSK_002105,CUST_006111,AML_SCREENING,2026-10-01T09:31:41.214000+00:00,0.197,APPROVED,CONFIDENTIAL
RSK_002106,CUST_009436,LOAN_SCORING,2026-10-01T09:31:43.059000+00:00,0.237,APPROVED,CONFIDENTIAL
RSK_002107,CUST_008432,FRAUD_DETECTION,2026-10-01T09:31:46.268000+00:00,0.266,APPROVED,CONFIDENTIAL
RSK_002108,CUST_000403,AML_SCREENING,2026-10-01T09:31:49.406000+00:00,0.154,APPROVED,CONFIDENTIAL
RSK_002109,CUST_007461,LOAN_SCORING,2026-10-01T09:31:53.114000+00:00,0.384,APPROVED,CONFIDENTIAL
RSK_002110,CUST_004299,LOAN_SCORING,2026-10-01T09:31:54.868000+00:00,0.567,FLAGGED_FOR_REVIEW,CONFIDENTIAL
RSK_002111,CUST_002148,LOAN_SCORING,2026-10-01T09:31:58.933000+00:00,0.225,APPROVED,CONFIDENTIAL
RSK_002112,CUST_002307,CREDIT_EVALUATION,2026-10-01T09:32:02.113000+00:00,0.219,APPROVED,CONFIDENTIAL
RSK_002113,CUST_005672,FRAUD_DETECTION,2026-10-01T09:32:03.738000+00:00,0.413,APPROVED,CONFIDENTIAL
RSK_002114,CUST_003931,AML_SCREENING,2026-10-01T09:32:04.126000+00:00,0.362,APPROVED,CONFIDENTIAL
RSK_002115,CUST_005975,LOAN_SCORING,2026-10-01T09:32:06.755000+00:00,0.657,FLAGGED_FOR_REVIEW,CONFIDENTIAL
RSK_002116,CUST_001647,LOAN_SCORING,2026-10-01T09:32:10.527000+00:00,0.298,APPROVED,CONFIDENTIAL
RSK_002117,CUST_004604,LOAN_SCORING,2026-10-01T09:32:12.011000+00:00,0.425,APPROVED,CONFIDENTIAL
RSK_002118,CUST_009931,FRAUD_DETECTION,2026-10-01T09:32:14.778000+00:00,0.298,APPROVED,CONFIDENTIAL
RSK_002119,CUST_002735,FRAUD_DETECTION,2026-10-01T09:32:15.905000+00:00,0.293,APPROVED,CONFIDENTIAL
RSK_002120,CUST_003387,FRAUD_DETECTION,2026-10-01T09:32:17.834000+00:00,0.208,APPROVED,CONFIDENTIAL
RSK_002121,CUST_008339,FRAUD_DETECTION,2026-10-01T09:32:21.419000+00:00,0.215,APPROVED,CONFIDENTIAL
RSK_002122,CUST_008483,AML_SCREENING,2026-10-01T09:32:25.495000+00:00,0.071,APPROVED,CONFIDENTIAL
RSK_002123,CUST_005126,FRAUD_DETECTION,2026-10-01T09:32:29.298000+00:00,0.426,APPROVED,CONFIDENTIAL
RSK_002124,CUST_003698,FRAUD_DETECTION,2026-10-01T09:32:30.877000+00:00,0.168,APPROVED,CONFIDENTIAL
RSK_002125,CUST_002296,LOAN_SCORING,2026-10-01T09:32:31.460000+00:00,0.242,APPROVED,CONFIDENTIAL
RSK_002126,CUST_008058,FRAUD_DETECTION,2026-10-01T09:32:36.156000+00:00,0.081,APPROVED,CONFIDENTIAL
RSK_002127,CUST_002030,LOAN_SCORING,2026-10-01T09:32:38.248000+00:00,0.225,APPROVED,CONFIDENTIAL
RSK_002128,CUST_006952,FRAUD_DETECTION,2026-10-01T09:32:40.657000+00:00,0.357,APPROVED,CONFIDENTIAL
RSK_002129,CUST_003574,CREDIT_EVALUATION,2026-10-01T09:32:41.632000+00:00,0.073,APPROVED,CONFIDENTIAL
RSK_002130,CUST_000981,CREDIT_EVALUATION,2026-10-01T09:32:45.825000+00:00,0.266,APPROVED,CONFIDENTIAL
RSK_002131,CUST_007192,LOAN_SCORING,2026-10-01T09:32:50.375000+00:00,0.18,APPROVED,CONFIDENTIAL
RSK_002132,CUST_006247,CREDIT_EVALUATION,2026-10-01T09:32:52.721000+00:00,0.471,FLAGGED_FOR_REVIEW,CONFIDENTIAL
RSK_002133,CUST_000456,CREDIT_EVALUATION,2026-10-01T09:32:55.151000+00:00,0.554,FLAGGED_FOR_REVIEW,CONFIDENTIAL
RSK_002134,CUST_005367,AML_SCREENING,2026-10-01T09:32:57.525000+00:00,0.503,FLAGGED_FOR_REVIEW,CONFIDENTIAL
RSK_002135,CUST_001992,AML_SCREENING,2026-10-01T09:33:01.317000+00:00,0.525,FLAGGED_FOR_REVIEW,CONFIDENTIAL
RSK_002136,CUST_009440,CREDIT_EVALUATION,2026-10-01T09:33:05.750000+00:00,0.134,APPROVED,CONFIDENTIAL
RSK_002137,CUST_006373,AML_SCREENING,2026-10-01T09:33:09.795000+00:00,0.194,APPROVED,CONFIDENTIAL
RSK_002138,CUST_007558,CREDIT_EVALUATION,2026-10-01T09:33:14.694000+00:00,0.423,APPROVED,CONFIDENTIAL
RSK_002139,CUST_000683,AML_SCREENING,2026-10-01T09:33:17.649000+00:00,0.188,APPROVED,CONFIDENTIAL
RSK_002140,CUST_000328,CREDIT_EVALUATION,2026-10-01T09:33:21.234000+00:00,0.66,FLAGGED_FOR_REVIEW,CONFIDENTIAL
RSK_002141,CUST_002111,LOAN_SCORING,2026-10-01T09:33:21.965000+00:00,0.156,APPROVED,CONFIDENTIAL
RSK_002142,CUST_006123,CREDIT_EVALUATION,2026-10-01T09:33:22.185000+00:00,0.694,FLAGGED_FOR_REVIEW,CONFIDENTIAL
RSK_002143,CUST_006781,AML_SCREENING,2026-10-01T09:33:24.188000+00:00,0.42,APPROVED,CONFIDENTIAL
RSK_002144,CUST_004343,FRAUD_DETECTION,2026-10-01T09:33:24.571000+00:00,0.28,APPROVED,CONFIDENTIAL
RSK_002145,CUST_003931,AML_SCREENING,2026-10-01T09:33:28.777000+00:00,0.143,APPROVED,CONFIDENTIAL
RSK_002146,CUST_005220,LOAN_SCORING,2026-10-01T09:33:33.321000+00:00,0.353,APPROVED,CONFIDENTIAL
RSK_002147,CUST_005784,AML_SCREENING,2026-10-01T09:33:34.719000+00:00,0.42,APPROVED,CONFIDENTIAL
RSK_002148,CUST_009653,FRAUD_DETECTION,2026-10-01T09:33:35.806000+00:00,0.144,APPROVED,CONFIDENTIAL
RSK_002149,CUST_007500,LOAN_SCORING,2026-10-01T09:33:37.894000+00:00,0.509,FLAGGED_FOR_REVIEW,CONFIDENTIAL
RSK_002150,CUST_007653,LOAN_SCORING,2026-10-01T09:33:41.287000+00:00,0.113,APPROVED,CONFIDENTIAL
RSK_002151,CUST_005367,CREDIT_EVALUATION,2026-10-01T09:33:45.996000+00:00,0.269,APPROVED,CONFIDENTIAL
RSK_002152,CUST_006027,FRAUD_DETECTION,2026-10-01T09:33:46.750000+00:00,0.221,APPROVED,CONFIDENTIAL
RSK_002153,CUST_009576,FRAUD_DETECTION,2026-10-01T09:33:49.096000+00:00,0.108,APPROVED,CONFIDENTIAL
RSK_002154,CUST_002452,AML_SCREENING,2026-10-01T09:33:51.460000+00:00,0.318,APPROVED,CONFIDENTIAL
RSK_002155,CUST_003033,LOAN_SCORING,2026-10-01T09:33:55.402000+00:00,0.123,APPROVED,CONFIDENTIAL
RSK_002156,CUST_006481,AML_SCREENING,2026-10-01T09:33:57.988000+00:00,0.258,APPROVED,CONFIDENTIAL
RSK_002157,CUST_001204,AML_SCREENING,2026-10-01T09:33:58.604000+00:00,0.576,FLAGGED_FOR_REVIEW,CONFIDENTIAL
RSK_002158,CUST_008850,FRAUD_DETECTION,2026-10-01T09:34:01.917000+00:00,0.135,APPROVED,CONFIDENTIAL
RSK_002159,CUST_003844,FRAUD_DETECTION,2026-10-01T09:34:06.774000+00:00,0.388,APPROVED,CONFIDENTIAL
RSK_002160,CUST_005754,AML_SCREENING,2026-10-01T09:34:09.356000+00:00,0.366,APPROVED,CONFIDENTIAL
RSK_002161,CUST_000707,CREDIT_EVALUATION,2026-10-01T09:34:10.163000+00:00,0.37,APPROVED,CONFIDENTIAL
RSK_002162,CUST_003452,AML_SCREENING,2026-10-01T09:34:14.842000+00:00,0.165,APPROVED,CONFIDENTIAL
RSK_002163,CUST_000249,CREDIT_EVALUATION,2026-10-01T09:34:19.753000+00:00,0.512,FLAGGED_FOR_REVIEW,CONFIDENTIAL
RSK_002164,CUST_007762,AML_SCREENING,2026-10-01T09:34:20.611000+00:00,0.067,APPROVED,CONFIDENTIAL
RSK_002165,CUST_004742,FRAUD_DETECTION,2026-10-01T09:34:25.048000+00:00,0.39,APPROVED,CONFIDENTIAL
RSK_002166,CUST_004886,LOAN_SCORING,2026-10-01T09:34:26.985000+00:00,0.364,APPROVED,CONFIDENTIAL
RSK_002167,CUST_009053,CREDIT_EVALUATION,2026-10-01T09:34:31.940000+00:00,0.434,APPROVED,CONFIDENTIAL
RSK_002168,CUST_002711,FRAUD_DETECTION,2026-10-01T09:34:35.734000+00:00,0.027,APPROVED,CONFIDENTIAL
RSK_002169,CUST_007697,CREDIT_EVALUATION,2026-10-01T09:34:36.062000+00:00,0.197,APPROVED,CONFIDENTIAL
RSK_002170,CUST_000756,FRAUD_DETECTION,2026-10-01T09:34:38.687000+00:00,0.339,APPROVED,CONFIDENTIAL
RSK_002171,CUST_005351,AML_SCREENING,2026-10-01T09:34:41.381000+00:00,0.261,APPROVED,CONFIDENTIAL
RSK_002172,CUST_000441,CREDIT_EVALUATION,2026-10-01T09:34:43.891000+00:00,0.482,FLAGGED_FOR_REVIEW,CONFIDENTIAL
RSK_002173,CUST_002832,FRAUD_DETECTION,2026-10-01T09:34:46.011000+00:00,0.478,FLAGGED_FOR_REVIEW,CONFIDENTIAL
RSK_002174,CUST_007679,AML_SCREENING,2026-10-01T09:34:46.788000+00:00,0.472,FLAGGED_FOR_REVIEW,CONFIDENTIAL
RSK_002175,CUST_000306,CREDIT_EVALUATION,2026-10-01T09:34:49.025000+00:00,0.232,APPROVED,CONFIDENTIAL
RSK_002176,CUST_004315,LOAN_SCORING,2026-10-01T09:34:51.190000+00:00,0.1,APPROVED,CONFIDENTIAL
RSK_002177,CUST_004297,LOAN_SCORING,2026-10-01T09:34:52.472000+00:00,0.23,APPROVED,CONFIDENTIAL
RSK_002178,CUST_001356,FRAUD_DETECTION,2026-10-01T09:34:52.777000+00:00,0.486,FLAGGED_FOR_REVIEW,CONFIDENTIAL
RSK_002179,CUST_002517,CREDIT_EVALUATION,2026-10-01T09:34:54.273000+00:00,0.106,APPROVED,CONFIDENTIAL
RSK_002180,CUST_007618,AML_SCREENING,2026-10-01T09:34:55.334000+00:00,0.569,FLAGGED_FOR_REVIEW,CONFIDENTIAL
RSK_002181,CUST_007354,CREDIT_EVALUATION,2026-10-01T09:34:59.504000+00:00,0.053,APPROVED,CONFIDENTIAL
RSK_002182,CUST_001788,AML_SCREENING,2026-10-01T09:35:00.126000+00:00,0.346,APPROVED,CONFIDENTIAL
RSK_002183,CUST_002964,LOAN_SCORING,2026-10-01T09:35:00.989000+00:00,0.016,APPROVED,CONFIDENTIAL
RSK_002184,CUST_008795,FRAUD_DETECTION,2026-10-01T09:35:04.345000+00:00,0.238,APPROVED,CONFIDENTIAL
RSK_002185,CUST_001579,FRAUD_DETECTION,2026-10-01T09:35:07.702000+00:00,0.403,APPROVED,CONFIDENTIAL
RSK_002186,CUST_009608,CREDIT_EVALUATION,2026-10-01T09:35:08.836000+00:00,0.303,APPROVED,CONFIDENTIAL
RSK_002187,CUST_005900,FRAUD_DETECTION,2026-10-01T09:35:13.825000+00:00,0.161,APPROVED,CONFIDENTIAL
RSK_002188,CUST_008891,AML_SCREENING,2026-10-01T09:35:15.475000+00:00,0.189,APPROVED,CONFIDENTIAL
RSK_002189,CUST_009190,LOAN_SCORING,2026-10-01T09:35:16.174000+00:00,0.602,FLAGGED_FOR_REVIEW,CONFIDENTIAL
RSK_002190,CUST_009953,AML_SCREENING,2026-10-01T09:35:20.418000+00:00,0.096,APPROVED,CONFIDENTIAL
RSK_002191,CUST_004417,FRAUD_DETECTION,2026-10-01T09:35:22.213000+00:00,0.531,FLAGGED_FOR_REVIEW,CONFIDENTIAL
RSK_002192,CUST_008819,AML_SCREENING,2026-10-01T09:35:26.143000+00:00,0.136,APPROVED,CONFIDENTIAL
RSK_002193,CUST_006977,CREDIT_EVALUATION,2026-10-01T09:35:29.574000+00:00,0.228,APPROVED,CONFIDENTIAL
RSK_002194,CUST_005399,AML_SCREENING,2026-10-01T09:35:33.677000+00:00,0.054,APPROVED,CONFIDENTIAL
RSK_002195,CUST_001210,CREDIT_EVALUATION,2026-10-01T09:35:37.697000+00:00,0.253,APPROVED,CONFIDENTIAL
RSK_002196,CUST_002392,AML_SCREENING,2026-10-01T09:35:40.453000+00:00,0.351,APPROVED,CONFIDENTIAL
RSK_002197,CUST_008824,CREDIT_EVALUATION,2026-10-01T09:35:45.073000+00:00,0.191,APPROVED,CONFIDENTIAL
RSK_002198,CUST_007071,CREDIT_EVALUATION,2026-10-01T09:35:49.064000+00:00,0.185,APPROVED,CONFIDENTIAL
RSK_002199,CUST_002649,AML_SCREENING,2026-10-01T09:35:53.998000+00:00,0.552,FLAGGED_FOR_REVIEW,CONFIDENTIAL
RSK_002200,CUST_006014,CREDIT_EVALUATION,2026-10-01T09:35:56.697000+00:00,0.167,APPROVED,CONFIDENTIAL
RSK_002201,CUST_009930,CREDIT_EVALUATION,2026-10-01T09:36:01.533000+00:00,0.286,APPROVED,CONFIDENTIAL
RSK_002202,CUST_000492,CREDIT_EVALUATION,2026-10-01T09:36:05.277000+00:00,0.346,APPROVED,CONFIDENTIAL
RSK_002203,CUST_005703,CREDIT_EVALUATION,2026-10-01T09:36:06.496000+00:00,0.339,APPROVED,CONFIDENTIAL
RSK_002204,CUST_005197,FRAUD_DETECTION,2026-10-01T09:36:08.075000+00:00,0.405,APPROVED,CONFIDENTIAL
RSK_002205,CUST_000327,LOAN_SCORING,2026-10-01T09:36:11.346000+00:00,0.595,FLAGGED_FOR_REVIEW,CONFIDENTIAL
RSK_002206,CUST_008399,AML_SCREENING,2026-10-01T09:36:14.164000+00:00,0.301,APPROVED,CONFIDENTIAL
RSK_002207,CUST_009415,FRAUD_DETECTION,2026-10-01T09:36:18.833000+00:00,0.171,APPROVED,CONFIDENTIAL
RSK_002208,CUST_005650,CREDIT_EVALUATION,2026-10-01T09:36:23.470000+00:00,0.073,APPROVED,CONFIDENTIAL
RSK_002209,CUST_005588,LOAN_SCORING,2026-10-01T09:36:27.663000+00:00,0.258,APPROVED,CONFIDENTIAL
RSK_002210,CUST_004068,LOAN_SCORING,2026-10-01T09:36:31.601000+00:00,0.664,FLAGGED_FOR_REVIEW,CONFIDENTIAL
RSK_002211,CUST_000830,AML_SCREENING,2026-10-01T09:36:32.204000+00:00,0.334,APPROVED,CONFIDENTIAL
RSK_002212,CUST_002307,AML_SCREENING,2026-10-01T09:36:33.706000+00:00,0.116,APPROVED,CONFIDENTIAL
RSK_002213,CUST_006927,AML_SCREENING,2026-10-01T09:36:37.071000+00:00,0.213,APPROVED,CONFIDENTIAL
RSK_002214,CUST_006987,CREDIT_EVALUATION,2026-10-01T09:36:38.741000+00:00,0.178,APPROVED,CONFIDENTIAL
RSK_002215,CUST_009690,LOAN_SCORING,2026-10-01T09:36:39.381000+00:00,0.063,APPROVED,CONFIDENTIAL
RSK_002216,CUST_006310,CREDIT_EVALUATION,2026-10-01T09:36:44.368000+00:00,0.493,FLAGGED_FOR_REVIEW,CONFIDENTIAL
RSK_002217,CUST_009846,CREDIT_EVALUATION,2026-10-01T09:36:44.606000+00:00,0.147,APPROVED,CONFIDENTIAL
RSK_002218,CUST_007275,AML_SCREENING,2026-10-01T09:36:47.878000+00:00,0.424,APPROVED,CONFIDENTIAL
RSK_002219,CUST_001546,CREDIT_EVALUATION,2026-10-01T09:36:50.573000+00:00,0.41,APPROVED,CONFIDENTIAL
RSK_002220,CUST_003512,CREDIT_EVALUATION,2026-10-01T09:36:53.047000+00:00,0.286,APPROVED,CONFIDENTIAL
RSK_002221,CUST_004716,AML_SCREENING,2026-10-01T09:36:56.053000+00:00,0.296,APPROVED,CONFIDENTIAL
RSK_002222,CUST_006221,FRAUD_DETECTION,2026-10-01T09:36:57.705000+00:00,0.303,APPROVED,CONFIDENTIAL
RSK_002223,CUST_009013,CREDIT_EVALUATION,2026-10-01T09:36:58.428000+00:00,0.288,APPROVED,CONFIDENTIAL
RSK_002224,CUST_000301,CREDIT_EVALUATION,2026-10-01T09:36:59.953000+00:00,0.122,APPROVED,CONFIDENTIAL
RSK_002225,CUST_002808,AML_SCREENING,2026-10-01T09:37:02.280000+00:00,0.11,APPROVED,CONFIDENTIAL
RSK_002226,CUST_006978,AML_SCREENING,2026-10-01T09:37:05.078000+00:00,0.028,APPROVED,CONFIDENTIAL
RSK_002227,CUST_007007,LOAN_SCORING,2026-10-01T09:37:07.554000+00:00,0.348,APPROVED,CONFIDENTIAL
RSK_002228,CUST_008818,CREDIT_EVALUATION,2026-10-01T09:37:08.662000+00:00,0.243,APPROVED,CONFIDENTIAL
RSK_002229,CUST_001335,LOAN_SCORING,2026-10-01T09:37:13.428000+00:00,0.201,APPROVED,CONFIDENTIAL
RSK_002230,CUST_008962,CREDIT_EVALUATION,2026-10-01T09:37:15.508000+00:00,0.404,APPROVED,CONFIDENTIAL
RSK_002231,CUST_005161,AML_SCREENING,2026-10-01T09:37:19.740000+00:00,0.4,APPROVED,CONFIDENTIAL
RSK_002232,CUST_001709,CREDIT_EVALUATION,2026-10-01T09:37:20.733000+00:00,0.063,APPROVED,CONFIDENTIAL
RSK_002233,CUST_004864,LOAN_SCORING,2026-10-01T09:37:21.706000+00:00,0.192,APPROVED,CONFIDENTIAL
RSK_002234,CUST_003554,AML_SCREENING,2026-10-01T09:37:23.726000+00:00,0.42,APPROVED,CONFIDENTIAL
RSK_002235,CUST_007147,AML_SCREENING,2026-10-01T09:37:23.978000+00:00,0.431,APPROVED,CONFIDENTIAL
RSK_002236,CUST_000805,CREDIT_EVALUATION,2026-10-01T09:37:24.813000+00:00,0.324,APPROVED,CONFIDENTIAL
RSK_002237,CUST_004348,AML_SCREENING,2026-10-01T09:37:28.417000+00:00,0.118,APPROVED,CONFIDENTIAL
RSK_002238,CUST_004547,AML_SCREENING,2026-10-01T09:37:31.532000+00:00,0.106,APPROVED,CONFIDENTIAL
RSK_002239,CUST_005429,CREDIT_EVALUATION,2026-10-01T09:37:33.016000+00:00,0.209,APPROVED,CONFIDENTIAL
RSK_002240,CUST_007283,CREDIT_EVALUATION,2026-10-01T09:37:35.711000+00:00,0.588,FLAGGED_FOR_REVIEW,CONFIDENTIAL
RSK_002241,CUST_006655,AML_SCREENING,2026-10-01T09:37:39.608000+00:00,0.291,APPROVED,CONFIDENTIAL
RSK_002242,CUST_000895,FRAUD_DETECTION,2026-10-01T09:37:43.174000+00:00,0.305,APPROVED,CONFIDENTIAL
RSK_002243,CUST_002482,CREDIT_EVALUATION,2026-10-01T09:37:45.253000+00:00,0.156,APPROVED,CONFIDENTIAL
RSK_002244,CUST_006744,LOAN_SCORING,2026-10-01T09:37:46.977000+00:00,0.304,APPROVED,CONFIDENTIAL
RSK_002245,CUST_006260,AML_SCREENING,2026-10-01T09:37:49.588000+00:00,0.263,APPROVED,CONFIDENTIAL
RSK_002246,CUST_000535,FRAUD_DETECTION,2026-10-01T09:37:54.578000+00:00,0.098,APPROVED,CONFIDENTIAL
RSK_002247,CUST_002254,LOAN_SCORING,2026-10-01T09:37:57.003000+00:00,0.301,APPROVED,CONFIDENTIAL
RSK_002248,CUST_006324,FRAUD_DETECTION,2026-10-01T09:37:57.268000+00:00,0.072,APPROVED,CONFIDENTIAL
RSK_002249,CUST_007130,AML_SCREENING,2026-10-01T09:37:58.705000+00:00,0.067,APPROVED,CONFIDENTIAL
RSK_002250,CUST_001633,AML_SCREENING,2026-10-01T09:38:01.611000+00:00,0.302,APPROVED,CONFIDENTIAL
RSK_002251,CUST_009833,CREDIT_EVALUATION,2026-10-01T09:38:03.768000+00:00,0.087,APPROVED,CONFIDENTIAL
RSK_002252,CUST_007973,CREDIT_EVALUATION,2026-10-01T09:38:08.532000+00:00,0.408,APPROVED,CONFIDENTIAL
RSK_002253,CUST_000362,FRAUD_DETECTION,2026-10-01T09:38:08.988000+00:00,0.165,APPROVED,CONFIDENTIAL
RSK_002254,CUST_005220,FRAUD_DETECTION,2026-10-01T09:38:10.064000+00:00,0.335,APPROVED,CONFIDENTIAL
RSK_002255,CUST_002255,AML_SCREENING,2026-10-01T09:38:11.627000+00:00,0.104,APPROVED,CONFIDENTIAL
RSK_002256,CUST_003425,FRAUD_DETECTION,2026-10-01T09:38:11.958000+00:00,0.583,FLAGGED_FOR_REVIEW,CONFIDENTIAL
RSK_002257,CUST_005792,AML_SCREENING,2026-10-01T09:38:15.747000+00:00,0.459,FLAGGED_FOR_REVIEW,CONFIDENTIAL
RSK_002258,CUST_008144,LOAN_SCORING,2026-10-01T09:38:18.125000+00:00,0.298,APPROVED,CONFIDENTIAL
RSK_002259,CUST_005294,AML_SCREENING,2026-10-01T09:38:22.337000+00:00,0.622,FLAGGED_FOR_REVIEW,CONFIDENTIAL
RSK_002260,CUST_009114,LOAN_SCORING,2026-10-01T09:38:24.398000+00:00,0.15,APPROVED,CONFIDENTIAL
RSK_002261,CUST_004414,AML_SCREENING,2026-10-01T09:38:26.202000+00:00,0.73,REJECTED,CONFIDENTIAL
RSK_002262,CUST_004848,AML_SCREENING,2026-10-01T09:38:29.072000+00:00,0.137,APPROVED,CONFIDENTIAL
RSK_002263,CUST_000588,FRAUD_DETECTION,2026-10-01T09:38:33.072000+00:00,0.246,APPROVED,CONFIDENTIAL
RSK_002264,CUST_008022,LOAN_SCORING,2026-10-01T09:38:37.631000+00:00,0.099,APPROVED,CONFIDENTIAL
RSK_002265,CUST_005953,CREDIT_EVALUATION,2026-10-01T09:38:40.841000+00:00,0.247,APPROVED,CONFIDENTIAL
RSK_002266,CUST_003073,LOAN_SCORING,2026-10-01T09:38:45.816000+00:00,0.21,APPROVED,CONFIDENTIAL
RSK_002267,CUST_003348,FRAUD_DETECTION,2026-10-01T09:38:47.965000+00:00,0.253,APPROVED,CONFIDENTIAL
RSK_002268,CUST_005310,FRAUD_DETECTION,2026-10-01T09:38:50.095000+00:00,0.654,FLAGGED_FOR_REVIEW,CONFIDENTIAL
RSK_002269,CUST_009765,CREDIT_EVALUATION,2026-10-01T09:38:52.791000+00:00,0.202,APPROVED,CONFIDENTIAL
RSK_002270,CUST_004202,FRAUD_DETECTION,2026-10-01T09:38:55.281000+00:00,0.452,FLAGGED_FOR_REVIEW,CONFIDENTIAL
RSK_002271,CUST_000823,LOAN_SCORING,2026-10-01T09:38:58.990000+00:00,0.533,FLAGGED_FOR_REVIEW,CONFIDENTIAL
RSK_002272,CUST_004672,AML_SCREENING,2026-10-01T09:39:01.441000+00:00,0.135,APPROVED,CONFIDENTIAL
RSK_002273,CUST_003518,LOAN_SCORING,2026-10-01T09:39:04.922000+00:00,0.389,APPROVED,CONFIDENTIAL
RSK_002274,CUST_006973,FRAUD_DETECTION,2026-10-01T09:39:05.435000+00:00,0.196,APPROVED,CONFIDENTIAL
RSK_002275,CUST_002258,AML_SCREENING,2026-10-01T09:39:08.026000+00:00,0.209,APPROVED,CONFIDENTIAL
RSK_002276,CUST_005288,FRAUD_DETECTION,2026-10-01T09:39:08.230000+00:00,0.415,APPROVED,CONFIDENTIAL
RSK_002277,CUST_004523,AML_SCREENING,2026-10-01T09:39:11.116000+00:00,0.079,APPROVED,CONFIDENTIAL
RSK_002278,CUST_004204,CREDIT_EVALUATION,2026-10-01T09:39:11.757000+00:00,0.164,APPROVED,CONFIDENTIAL
RSK_002279,CUST_004952,AML_SCREENING,2026-10-01T09:39:15.555000+00:00,0.153,APPROVED,CONFIDENTIAL
RSK_002280,CUST_005242,AML_SCREENING,2026-10-01T09:39:17.306000+00:00,0.301,APPROVED,CONFIDENTIAL
RSK_002281,CUST_002372,AML_SCREENING,2026-10-01T09:39:18.907000+00:00,0.324,APPROVED,CONFIDENTIAL
RSK_002282,CUST_003871,AML_SCREENING,2026-10-01T09:39:23.413000+00:00,0.166,APPROVED,CONFIDENTIAL
RSK_002283,CUST_007365,LOAN_SCORING,2026-10-01T09:39:26.066000+00:00,0.315,APPROVED,CONFIDENTIAL
RSK_002284,CUST_001483,CREDIT_EVALUATION,2026-10-01T09:39:26.512000+00:00,0.234,APPROVED,CONFIDENTIAL
RSK_002285,CUST_004394,AML_SCREENING,2026-10-01T09:39:27.176000+00:00,0.39,APPROVED,CONFIDENTIAL
RSK_002286,CUST_005266,AML_SCREENING,2026-10-01T09:39:28.297000+00:00,0.584,FLAGGED_FOR_REVIEW,CONFIDENTIAL
RSK_002287,CUST_006896,LOAN_SCORING,2026-10-01T09:39:31.195000+00:00,0.203,APPROVED,CONFIDENTIAL
RSK_002288,CUST_009237,FRAUD_DETECTION,2026-10-01T09:39:36.031000+00:00,0.198,APPROVED,CONFIDENTIAL
RSK_002289,CUST_003015,FRAUD_DETECTION,2026-10-01T09:39:39.278000+00:00,0.086,APPROVED,CONFIDENTIAL
RSK_002290,CUST_000027,LOAN_SCORING,2026-10-01T09:39:44.191000+00:00,0.459,FLAGGED_FOR_REVIEW,CONFIDENTIAL
RSK_002291,CUST_001098,LOAN_SCORING,2026-10-01T09:39:49.176000+00:00,0.302,APPROVED,CONFIDENTIAL
RSK_002292,CUST_007293,LOAN_SCORING,2026-10-01T09:39:53.972000+00:00,0.356,APPROVED,CONFIDENTIAL
RSK_002293,CUST_007497,FRAUD_DETECTION,2026-10-01T09:39:55.280000+00:00,0.02,APPROVED,CONFIDENTIAL
RSK_002294,CUST_007180,AML_SCREENING,2026-10-01T09:39:55.653000+00:00,0.021,APPROVED,CONFIDENTIAL
RSK_002295,CUST_001749,LOAN_SCORING,2026-10-01T09:39:59.487000+00:00,0.165,APPROVED,CONFIDENTIAL
RSK_002296,CUST_001262,LOAN_SCORING,2026-10-01T09:40:00.332000+00:00,0.477,FLAGGED_FOR_REVIEW,CONFIDENTIAL
RSK_002297,CUST_006395,LOAN_SCORING,2026-10-01T09:40:03.393000+00:00,0.366,APPROVED,CONFIDENTIAL
RSK_002298,CUST_000418,LOAN_SCORING,2026-10-01T09:40:05.108000+00:00,0.303,APPROVED,CONFIDENTIAL
RSK_002299,CUST_006224,LOAN_SCORING,2026-10-01T09:40:09.632000+00:00,0.216,APPROVED,CONFIDENTIAL
RSK_002300,CUST_001435,AML_SCREENING,2026-10-01T09:40:10.624000+00:00,0.315,APPROVED,CONFIDENTIAL
RSK_002301,CUST_004515,LOAN_SCORING,2026-10-01T09:40:11.940000+00:00,0.46,FLAGGED_FOR_REVIEW,CONFIDENTIAL
RSK_002302,CUST_000777,LOAN_SCORING,2026-10-01T09:40:15.759000+00:00,0.217,APPROVED,CONFIDENTIAL
RSK_002303,CUST_002693,FRAUD_DETECTION,2026-10-01T09:40:20.175000+00:00,0.373,APPROVED,CONFIDENTIAL
RSK_002304,CUST_001112,CREDIT_EVALUATION,2026-10-01T09:40:24.049000+00:00,0.436,APPROVED,CONFIDENTIAL
RSK_002305,CUST_008902,CREDIT_EVALUATION,2026-10-01T09:40:28.941000+00:00,0.297,APPROVED,CONFIDENTIAL
RSK_002306,CUST_001658,FRAUD_DETECTION,2026-10-01T09:40:31.286000+00:00,0.149,APPROVED,CONFIDENTIAL
RSK_002307,CUST_008304,AML_SCREENING,2026-10-01T09:40:31.956000+00:00,0.356,APPROVED,CONFIDENTIAL
RSK_002308,CUST_009527,FRAUD_DETECTION,2026-10-01T09:40:33.577000+00:00,0.378,APPROVED,CONFIDENTIAL
RSK_002309,CUST_004173,LOAN_SCORING,2026-10-01T09:40:34.141000+00:00,0.607,FLAGGED_FOR_REVIEW,CONFIDENTIAL
RSK_002310,CUST_001276,LOAN_SCORING,2026-10-01T09:40:36.400000+00:00,0.326,APPROVED,CONFIDENTIAL
RSK_002311,CUST_001920,CREDIT_EVALUATION,2026-10-01T09:40:39.242000+00:00,0.323,APPROVED,CONFIDENTIAL
RSK_002312,CUST_005429,AML_SCREENING,2026-10-01T09:40:43.786000+00:00,0.74,REJECTED,CONFIDENTIAL
RSK_002313,CUST_007070,LOAN_SCORING,2026-10-01T09:40:45.109000+00:00,0.273,APPROVED,CONFIDENTIAL
RSK_002314,CUST_003243,LOAN_SCORING,2026-10-01T09:40:47.805000+00:00,0.155,APPROVED,CONFIDENTIAL
RSK_002315,CUST_002322,CREDIT_EVALUATION,2026-10-01T09:40:50.845000+00:00,0.23,APPROVED,CONFIDENTIAL
RSK_002316,CUST_005409,CREDIT_EVALUATION,2026-10-01T09:40:55.802000+00:00,0.558,FLAGGED_FOR_REVIEW,CONFIDENTIAL
RSK_002317,CUST_009465,CREDIT_EVALUATION,2026-10-01T09:40:59.156000+00:00,0.219,APPROVED,CONFIDENTIAL
RSK_002318,CUST_009051,LOAN_SCORING,2026-10-01T09:41:00.241000+00:00,0.238,APPROVED,CONFIDENTIAL
RSK_002319,CUST_004014,LOAN_SCORING,2026-10-01T09:41:00.722000+00:00,0.568,FLAGGED_FOR_REVIEW,CONFIDENTIAL
RSK_002320,CUST_007784,AML_SCREENING,2026-10-01T09:41:04.133000+00:00,0.192,APPROVED,CONFIDENTIAL
RSK_002321,CUST_000748,AML_SCREENING,2026-10-01T09:41:06.718000+00:00,0.183,APPROVED,CONFIDENTIAL
RSK_002322,CUST_006638,CREDIT_EVALUATION,2026-10-01T09:41:10.013000+00:00,0.152,APPROVED,CONFIDENTIAL
RSK_002323,CUST_000706,AML_SCREENING,2026-10-01T09:41:10.923000+00:00,0.338,APPROVED,CONFIDENTIAL
RSK_002324,CUST_008004,AML_SCREENING,2026-10-01T09:41:15.367000+00:00,0.503,FLAGGED_FOR_REVIEW,CONFIDENTIAL
RSK_002325,CUST_003638,FRAUD_DETECTION,2026-10-01T09:41:18.543000+00:00,0.445,APPROVED,CONFIDENTIAL
RSK_002326,CUST_002051,AML_SCREENING,2026-10-01T09:41:22.530000+00:00,0.319,APPROVED,CONFIDENTIAL
RSK_002327,CUST_000457,FRAUD_DETECTION,2026-10-01T09:41:23.761000+00:00,0.543,FLAGGED_FOR_REVIEW,CONFIDENTIAL
RSK_002328,CUST_001157,LOAN_SCORING,2026-10-01T09:41:27.764000+00:00,0.234,APPROVED,CONFIDENTIAL
RSK_002329,CUST_001739,AML_SCREENING,2026-10-01T09:41:29.780000+00:00,0.336,APPROVED,CONFIDENTIAL
RSK_002330,CUST_006732,FRAUD_DETECTION,2026-10-01T09:41:33.126000+00:00,0.505,FLAGGED_FOR_REVIEW,CONFIDENTIAL
RSK_002331,CUST_008398,AML_SCREENING,2026-10-01T09:41:33.366000+00:00,0.214,APPROVED,CONFIDENTIAL
RSK_002332,CUST_001135,AML_SCREENING,2026-10-01T09:41:36.718000+00:00,0.633,FLAGGED_FOR_REVIEW,CONFIDENTIAL
RSK_002333,CUST_001986,FRAUD_DETECTION,2026-10-01T09:41:40.273000+00:00,0.294,APPROVED,CONFIDENTIAL
RSK_002334,CUST_000907,LOAN_SCORING,2026-10-01T09:41:44.258000+00:00,0.175,APPROVED,CONFIDENTIAL
RSK_002335,CUST_008974,LOAN_SCORING,2026-10-01T09:41:48.885000+00:00,0.551,FLAGGED_FOR_REVIEW,CONFIDENTIAL
RSK_002336,CUST_002840,AML_SCREENING,2026-10-01T09:41:51.196000+00:00,0.697,FLAGGED_FOR_REVIEW,CONFIDENTIAL
RSK_002337,CUST_009643,AML_SCREENING,2026-10-01T09:41:55.098000+00:00,0.184,APPROVED,CONFIDENTIAL
RSK_002338,CUST_007111,AML_SCREENING,2026-10-01T09:41:59.120000+00:00,0.343,APPROVED,CONFIDENTIAL
RSK_002339,CUST_009355,AML_SCREENING,2026-10-01T09:42:02.603000+00:00,0.227,APPROVED,CONFIDENTIAL
RSK_002340,CUST_001252,FRAUD_DETECTION,2026-10-01T09:42:05.551000+00:00,0.278,APPROVED,CONFIDENTIAL
RSK_002341,CUST_008831,AML_SCREENING,2026-10-01T09:42:08.250000+00:00,0.523,FLAGGED_FOR_REVIEW,CONFIDENTIAL
RSK_002342,CUST_004616,CREDIT_EVALUATION,2026-10-01T09:42:08.792000+00:00,0.078,APPROVED,CONFIDENTIAL
RSK_002343,CUST_008541,LOAN_SCORING,2026-10-01T09:42:10.507000+00:00,0.112,APPROVED,CONFIDENTIAL
RSK_002344,CUST_006204,CREDIT_EVALUATION,2026-10-01T09:42:13.545000+00:00,0.076,APPROVED,CONFIDENTIAL
RSK_002345,CUST_004522,CREDIT_EVALUATION,2026-10-01T09:42:17.039000+00:00,0.416,APPROVED,CONFIDENTIAL
RSK_002346,CUST_003119,CREDIT_EVALUATION,2026-10-01T09:42:19.911000+00:00,0.131,APPROVED,CONFIDENTIAL
RSK_002347,CUST_003530,LOAN_SCORING,2026-10-01T09:42:20.395000+00:00,0.261,APPROVED,CONFIDENTIAL
RSK_002348,CUST_006629,LOAN_SCORING,2026-10-01T09:42:24.322000+00:00,0.658,FLAGGED_FOR_REVIEW,CONFIDENTIAL
RSK_002349,CUST_003131,CREDIT_EVALUATION,2026-10-01T09:42:28.644000+00:00,0.499,FLAGGED_FOR_REVIEW,CONFIDENTIAL
RSK_002350,CUST_003393,CREDIT_EVALUATION,2026-10-01T09:42:33.038000+00:00,0.168,APPROVED,CONFIDENTIAL
RSK_002351,CUST_009150,LOAN_SCORING,2026-10-01T09:42:37.938000+00:00,0.405,APPROVED,CONFIDENTIAL
RSK_002352,CUST_008248,AML_SCREENING,2026-10-01T09:42:41.295000+00:00,0.244,APPROVED,CONFIDENTIAL
RSK_002353,CUST_004291,CREDIT_EVALUATION,2026-10-01T09:42:43.694000+00:00,0.301,APPROVED,CONFIDENTIAL
RSK_002354,CUST_002877,AML_SCREENING,2026-10-01T09:42:47.512000+00:00,0.348,APPROVED,CONFIDENTIAL
RSK_002355,CUST_002760,LOAN_SCORING,2026-10-01T09:42:51.792000+00:00,0.183,APPROVED,CONFIDENTIAL
RSK_002356,CUST_003922,AML_SCREENING,2026-10-01T09:42:56.008000+00:00,0.123,APPROVED,CONFIDENTIAL
RSK_002357,CUST_009167,AML_SCREENING,2026-10-01T09:42:57.891000+00:00,0.206,APPROVED,CONFIDENTIAL
RSK_002358,CUST_004401,LOAN_SCORING,2026-10-01T09:43:02.135000+00:00,0.181,APPROVED,CONFIDENTIAL
RSK_002359,CUST_009603,AML_SCREENING,2026-10-01T09:43:02.620000+00:00,0.414,APPROVED,CONFIDENTIAL
RSK_002360,CUST_004353,CREDIT_EVALUATION,2026-10-01T09:43:06.452000+00:00,0.314,APPROVED,CONFIDENTIAL
RSK_002361,CUST_001668,CREDIT_EVALUATION,2026-10-01T09:43:10.380000+00:00,0.259,APPROVED,CONFIDENTIAL
RSK_002362,CUST_006686,LOAN_SCORING,2026-10-01T09:43:14.195000+00:00,0.397,APPROVED,CONFIDENTIAL
RSK_002363,CUST_007172,AML_SCREENING,2026-10-01T09:43:18.256000+00:00,0.073,APPROVED,CONFIDENTIAL
RSK_002364,CUST_008797,CREDIT_EVALUATION,2026-10-01T09:43:21.583000+00:00,0.2,APPROVED,CONFIDENTIAL
RSK_002365,CUST_006626,AML_SCREENING,2026-10-01T09:43:25.361000+00:00,0.014,APPROVED,CONFIDENTIAL
RSK_002366,CUST_008105,CREDIT_EVALUATION,2026-10-01T09:43:26.017000+00:00,0.271,APPROVED,CONFIDENTIAL
RSK_002367,CUST_009136,LOAN_SCORING,2026-10-01T09:43:29.210000+00:00,0.173,APPROVED,CONFIDENTIAL
RSK_002368,CUST_000013,AML_SCREENING,2026-10-01T09:43:31.244000+00:00,0.17,APPROVED,CONFIDENTIAL
RSK_002369,CUST_003960,FRAUD_DETECTION,2026-10-01T09:43:35.533000+00:00,0.459,FLAGGED_FOR_REVIEW,CONFIDENTIAL
RSK_002370,CUST_005290,CREDIT_EVALUATION,2026-10-01T09:43:37.405000+00:00,0.477,FLAGGED_FOR_REVIEW,CONFIDENTIAL
RSK_002371,CUST_006055,CREDIT_EVALUATION,2026-10-01T09:43:38.622000+00:00,0.217,APPROVED,CONFIDENTIAL
RSK_002372,CUST_000595,CREDIT_EVALUATION,2026-10-01T09:43:43.386000+00:00,0.424,APPROVED,CONFIDENTIAL
RSK_002373,CUST_008445,FRAUD_DETECTION,2026-10-01T09:43:46.753000+00:00,0.612,FLAGGED_FOR_REVIEW,CONFIDENTIAL
RSK_002374,CUST_007184,FRAUD_DETECTION,2026-10-01T09:43:51.494000+00:00,0.279,APPROVED,CONFIDENTIAL
RSK_002375,CUST_008961,FRAUD_DETECTION,2026-10-01T09:43:53.408000+00:00,0.179,APPROVED,CONFIDENTIAL
RSK_002376,CUST_009741,AML_SCREENING,2026-10-01T09:43:53.953000+00:00,0.048,APPROVED,CONFIDENTIAL
RSK_002377,CUST_001274,AML_SCREENING,2026-10-01T09:43:58.846000+00:00,0.394,APPROVED,CONFIDENTIAL
RSK_002378,CUST_007804,AML_SCREENING,2026-10-01T09:44:01.945000+00:00,0.553,FLAGGED_FOR_REVIEW,CONFIDENTIAL
RSK_002379,CUST_003543,LOAN_SCORING,2026-10-01T09:44:06.093000+00:00,0.043,APPROVED,CONFIDENTIAL
RSK_002380,CUST_002289,CREDIT_EVALUATION,2026-10-01T09:44:10.096000+00:00,0.248,APPROVED,CONFIDENTIAL
RSK_002381,CUST_004083,FRAUD_DETECTION,2026-10-01T09:44:11.578000+00:00,0.157,APPROVED,CONFIDENTIAL
RSK_002382,CUST_009531,AML_SCREENING,2026-10-01T09:44:14.766000+00:00,0.409,APPROVED,CONFIDENTIAL
RSK_002383,CUST_007205,CREDIT_EVALUATION,2026-10-01T09:44:17.903000+00:00,0.182,APPROVED,CONFIDENTIAL
RSK_002384,CUST_000952,AML_SCREENING,2026-10-01T09:44:20.427000+00:00,0.333,APPROVED,CONFIDENTIAL
RSK_002385,CUST_006579,LOAN_SCORING,2026-10-01T09:44:21.250000+00:00,0.292,APPROVED,CONFIDENTIAL
RSK_002386,CUST_004055,FRAUD_DETECTION,2026-10-01T09:44:23.314000+00:00,0.09,APPROVED,CONFIDENTIAL
RSK_002387,CUST_001178,FRAUD_DETECTION,2026-10-01T09:44:25.553000+00:00,0.449,APPROVED,CONFIDENTIAL
RSK_002388,CUST_002310,CREDIT_EVALUATION,2026-10-01T09:44:28.258000+00:00,0.653,FLAGGED_FOR_REVIEW,CONFIDENTIAL
RSK_002389,CUST_004096,LOAN_SCORING,2026-10-01T09:44:30.333000+00:00,0.175,APPROVED,CONFIDENTIAL
RSK_002390,CUST_008183,AML_SCREENING,2026-10-01T09:44:34.544000+00:00,0.243,APPROVED,CONFIDENTIAL
RSK_002391,CUST_002211,CREDIT_EVALUATION,2026-10-01T09:44:35.936000+00:00,0.731,REJECTED,CONFIDENTIAL
RSK_002392,CUST_009495,FRAUD_DETECTION,2026-10-01T09:44:37.116000+00:00,0.21,APPROVED,CONFIDENTIAL
RSK_002393,CUST_000909,CREDIT_EVALUATION,2026-10-01T09:44:37.704000+00:00,0.239,APPROVED,CONFIDENTIAL
RSK_002394,CUST_009587,CREDIT_EVALUATION,2026-10-01T09:44:41.942000+00:00,0.173,APPROVED,CONFIDENTIAL
RSK_002395,CUST_002510,CREDIT_EVALUATION,2026-10-01T09:44:45.304000+00:00,0.21,APPROVED,CONFIDENTIAL
RSK_002396,CUST_007148,AML_SCREENING,2026-10-01T09:44:47.534000+00:00,0.433,APPROVED,CONFIDENTIAL
RSK_002397,CUST_002937,AML_SCREENING,2026-10-01T09:44:48.001000+00:00,0.246,APPROVED,CONFIDENTIAL
RSK_002398,CUST_001757,FRAUD_DETECTION,2026-10-01T09:44:49.964000+00:00,0.32,APPROVED,CONFIDENTIAL
RSK_002399,CUST_009605,LOAN_SCORING,2026-10-01T09:44:51.573000+00:00,0.262,APPROVED,CONFIDENTIAL
RSK_002400,CUST_003638,LOAN_SCORING,2026-10-01T09:44:54.814000+00:00,0.59,FLAGGED_FOR_REVIEW,CONFIDENTIAL
RSK_002401,CUST_006309,LOAN_SCORING,2026-10-01T09:44:55.195000+00:00,0.339,APPROVED,CONFIDENTIAL
RSK_002402,CUST_007016,LOAN_SCORING,2026-10-01T09:44:59.840000+00:00,0.087,APPROVED,CONFIDENTIAL
RSK_002403,CUST_009122,CREDIT_EVALUATION,2026-10-01T09:45:01.863000+00:00,0.415,APPROVED,CONFIDENTIAL
RSK_002404,CUST_009977,CREDIT_EVALUATION,2026-10-01T09:45:03.701000+00:00,0.242,APPROVED,CONFIDENTIAL
RSK_002405,CUST_003137,FRAUD_DETECTION,2026-10-01T09:45:06.489000+00:00,0.558,FLAGGED_FOR_REVIEW,CONFIDENTIAL
RSK_002406,CUST_005748,CREDIT_EVALUATION,2026-10-01T09:45:08.050000+00:00,0.326,APPROVED,CONFIDENTIAL
RSK_002407,CUST_001279,FRAUD_DETECTION,2026-10-01T09:45:10.053000+00:00,0.314,APPROVED,CONFIDENTIAL
RSK_002408,CUST_001563,CREDIT_EVALUATION,2026-10-01T09:45:13.695000+00:00,0.433,APPROVED,CONFIDENTIAL
RSK_002409,CUST_009570,FRAUD_DETECTION,2026-10-01T09:45:16.869000+00:00,0.357,APPROVED,CONFIDENTIAL
RSK_002410,CUST_000917,FRAUD_DETECTION,2026-10-01T09:45:18.861000+00:00,0.522,FLAGGED_FOR_REVIEW,CONFIDENTIAL
RSK_002411,CUST_000303,AML_SCREENING,2026-10-01T09:45:21.535000+00:00,0.442,APPROVED,CONFIDENTIAL
RSK_002412,CUST_009477,CREDIT_EVALUATION,2026-10-01T09:45:25.187000+00:00,0.358,APPROVED,CONFIDENTIAL
RSK_002413,CUST_002731,LOAN_SCORING,2026-10-01T09:45:25.488000+00:00,0.423,APPROVED,CONFIDENTIAL
RSK_002414,CUST_000207,LOAN_SCORING,2026-10-01T09:45:27.463000+00:00,0.331,APPROVED,CONFIDENTIAL
RSK_002415,CUST_002490,AML_SCREENING,2026-10-01T09:45:28.337000+00:00,0.385,APPROVED,CONFIDENTIAL
RSK_002416,CUST_001608,AML_SCREENING,2026-10-01T09:45:29.045000+00:00,0.09,APPROVED,CONFIDENTIAL
RSK_002417,CUST_002316,FRAUD_DETECTION,2026-10-01T09:45:30.747000+00:00,0.285,APPROVED,CONFIDENTIAL
RSK_002418,CUST_002987,AML_SCREENING,2026-10-01T09:45:33.689000+00:00,0.188,APPROVED,CONFIDENTIAL
RSK_002419,CUST_008736,CREDIT_EVALUATION,2026-10-01T09:45:35.194000+00:00,0.288,APPROVED,CONFIDENTIAL
RSK_002420,CUST_001816,CREDIT_EVALUATION,2026-10-01T09:45:35.916000+00:00,0.387,APPROVED,CONFIDENTIAL
RSK_002421,CUST_004222,CREDIT_EVALUATION,2026-10-01T09:45:38.143000+00:00,0.636,FLAGGED_FOR_REVIEW,CONFIDENTIAL
RSK_002422,CUST_003485,CREDIT_EVALUATION,2026-10-01T09:45:42.334000+00:00,0.264,APPROVED,CONFIDENTIAL
RSK_002423,CUST_003794,FRAUD_DETECTION,2026-10-01T09:45:45.269000+00:00,0.125,APPROVED,CONFIDENTIAL
RSK_002424,CUST_003133,AML_SCREENING,2026-10-01T09:45:48.114000+00:00,0.348,APPROVED,CONFIDENTIAL
RSK_002425,CUST_002524,CREDIT_EVALUATION,2026-10-01T09:45:52.561000+00:00,0.126,APPROVED,CONFIDENTIAL
RSK_002426,CUST_006415,LOAN_SCORING,2026-10-01T09:45:53.378000+00:00,0.064,APPROVED,CONFIDENTIAL
RSK_002427,CUST_004343,FRAUD_DETECTION,2026-10-01T09:45:54.305000+00:00,0.373,APPROVED,CONFIDENTIAL
RSK_002428,CUST_009281,CREDIT_EVALUATION,2026-10-01T09:45:55.950000+00:00,0.176,APPROVED,CONFIDENTIAL
RSK_002429,CUST_005611,CREDIT_EVALUATION,2026-10-01T09:45:57.064000+00:00,0.334,APPROVED,CONFIDENTIAL
RSK_002430,CUST_005106,AML_SCREENING,2026-10-01T09:46:01.801000+00:00,0.354,APPROVED,CONFIDENTIAL
RSK_002431,CUST_002061,CREDIT_EVALUATION,2026-10-01T09:46:02.515000+00:00,0.256,APPROVED,CONFIDENTIAL
RSK_002432,CUST_002134,LOAN_SCORING,2026-10-01T09:46:03.136000+00:00,0.396,APPROVED,CONFIDENTIAL
RSK_002433,CUST_004186,CREDIT_EVALUATION,2026-10-01T09:46:07.695000+00:00,0.288,APPROVED,CONFIDENTIAL
RSK_002434,CUST_004563,CREDIT_EVALUATION,2026-10-01T09:46:10.109000+00:00,0.294,APPROVED,CONFIDENTIAL
RSK_002435,CUST_002899,CREDIT_EVALUATION,2026-10-01T09:46:12.434000+00:00,0.173,APPROVED,CONFIDENTIAL
RSK_002436,CUST_000608,LOAN_SCORING,2026-10-01T09:46:16.929000+00:00,0.205,APPROVED,CONFIDENTIAL
RSK_002437,CUST_004319,CREDIT_EVALUATION,2026-10-01T09:46:19.078000+00:00,0.287,APPROVED,CONFIDENTIAL
RSK_002438,CUST_006307,FRAUD_DETECTION,2026-10-01T09:46:21.557000+00:00,0.328,APPROVED,CONFIDENTIAL
RSK_002439,CUST_001677,FRAUD_DETECTION,2026-10-01T09:46:26.386000+00:00,0.079,APPROVED,CONFIDENTIAL
RSK_002440,CUST_005910,AML_SCREENING,2026-10-01T09:46:27.363000+00:00,0.113,APPROVED,CONFIDENTIAL
RSK_002441,CUST_009766,CREDIT_EVALUATION,2026-10-01T09:46:30.559000+00:00,0.441,APPROVED,CONFIDENTIAL
RSK_002442,CUST_006926,FRAUD_DETECTION,2026-10-01T09:46:33.482000+00:00,0.322,APPROVED,CONFIDENTIAL
RSK_002443,CUST_005166,CREDIT_EVALUATION,2026-10-01T09:46:35.215000+00:00,0.171,APPROVED,CONFIDENTIAL
RSK_002444,CUST_003119,CREDIT_EVALUATION,2026-10-01T09:46:36.329000+00:00,0.671,FLAGGED_FOR_REVIEW,CONFIDENTIAL
RSK_002445,CUST_003192,LOAN_SCORING,2026-10-01T09:46:39.117000+00:00,0.184,APPROVED,CONFIDENTIAL
RSK_002446,CUST_007314,LOAN_SCORING,2026-10-01T09:46:42.546000+00:00,0.148,APPROVED,CONFIDENTIAL
RSK_002447,CUST_003428,LOAN_SCORING,2026-10-01T09:46:44.010000+00:00,0.162,APPROVED,CONFIDENTIAL
RSK_002448,CUST_008915,FRAUD_DETECTION,2026-10-01T09:46:46.301000+00:00,0.271,APPROVED,CONFIDENTIAL
RSK_002449,CUST_007497,FRAUD_DETECTION,2026-10-01T09:46:48.613000+00:00,0.774,REJECTED,CONFIDENTIAL
RSK_002450,CUST_004127,LOAN_SCORING,2026-10-01T09:46:51.181000+00:00,0.407,APPROVED,CONFIDENTIAL
RSK_002451,CUST_003988,LOAN_SCORING,2026-10-01T09:46:52.159000+00:00,0.486,FLAGGED_FOR_REVIEW,CONFIDENTIAL
RSK_002452,CUST_000892,CREDIT_EVALUATION,2026-10-01T09:46:52.531000+00:00,0.445,APPROVED,CONFIDENTIAL
RSK_002453,CUST_009002,AML_SCREENING,2026-10-01T09:46:55.505000+00:00,0.206,APPROVED,CONFIDENTIAL
RSK_002454,CUST_002896,FRAUD_DETECTION,2026-10-01T09:46:59.476000+00:00,0.307,APPROVED,CONFIDENTIAL
RSK_002455,CUST_008444,LOAN_SCORING,2026-10-01T09:47:01.073000+00:00,0.01,APPROVED,CONFIDENTIAL
RSK_002456,CUST_002067,LOAN_SCORING,2026-10-01T09:47:03.850000+00:00,0.1,APPROVED,CONFIDENTIAL
RSK_002457,CUST_006022,FRAUD_DETECTION,2026-10-01T09:47:05.019000+00:00,0.149,APPROVED,CONFIDENTIAL
RSK_002458,CUST_009409,FRAUD_DETECTION,2026-10-01T09:47:09.078000+00:00,0.094,APPROVED,CONFIDENTIAL
RSK_002459,CUST_005667,FRAUD_DETECTION,2026-10-01T09:47:11.944000+00:00,0.144,APPROVED,CONFIDENTIAL
RSK_002460,CUST_000550,LOAN_SCORING,2026-10-01T09:47:13.624000+00:00,0.382,APPROVED,CONFIDENTIAL
RSK_002461,CUST_000298,LOAN_SCORING,2026-10-01T09:47:17.261000+00:00,0.143,APPROVED,CONFIDENTIAL
RSK_002462,CUST_007976,FRAUD_DETECTION,2026-10-01T09:47:19.359000+00:00,0.302,APPROVED,CONFIDENTIAL
RSK_002463,CUST_001787,CREDIT_EVALUATION,2026-10-01T09:47:23.817000+00:00,0.148,APPROVED,CONFIDENTIAL
RSK_002464,CUST_001244,FRAUD_DETECTION,2026-10-01T09:47:28.752000+00:00,0.055,APPROVED,CONFIDENTIAL
RSK_002465,CUST_005460,LOAN_SCORING,2026-10-01T09:47:30.979000+00:00,0.261,APPROVED,CONFIDENTIAL
RSK_002466,CUST_005125,CREDIT_EVALUATION,2026-10-01T09:47:35.614000+00:00,0.244,APPROVED,CONFIDENTIAL
RSK_002467,CUST_000243,CREDIT_EVALUATION,2026-10-01T09:47:37.522000+00:00,0.403,APPROVED,CONFIDENTIAL
RSK_002468,CUST_007346,AML_SCREENING,2026-10-01T09:47:38.124000+00:00,0.121,APPROVED,CONFIDENTIAL
RSK_002469,CUST_006332,CREDIT_EVALUATION,2026-10-01T09:47:40.376000+00:00,0.12,APPROVED,CONFIDENTIAL
RSK_002470,CUST_007582,FRAUD_DETECTION,2026-10-01T09:47:45.307000+00:00,0.442,APPROVED,CONFIDENTIAL
RSK_002471,CUST_004068,FRAUD_DETECTION,2026-10-01T09:47:48.768000+00:00,0.081,APPROVED,CONFIDENTIAL
RSK_002472,CUST_007903,LOAN_SCORING,2026-10-01T09:47:49.178000+00:00,0.365,APPROVED,CONFIDENTIAL
RSK_002473,CUST_006671,CREDIT_EVALUATION,2026-10-01T09:47:50.574000+00:00,0.181,APPROVED,CONFIDENTIAL
RSK_002474,CUST_005254,LOAN_SCORING,2026-10-01T09:47:55.350000+00:00,0.123,APPROVED,CONFIDENTIAL
RSK_002475,CUST_008359,FRAUD_DETECTION,2026-10-01T09:47:56.714000+00:00,0.544,FLAGGED_FOR_REVIEW,CONFIDENTIAL
RSK_002476,CUST_002667,CREDIT_EVALUATION,2026-10-01T09:47:56.973000+00:00,0.224,APPROVED,CONFIDENTIAL
RSK_002477,CUST_001712,LOAN_SCORING,2026-10-01T09:48:01.409000+00:00,0.417,APPROVED,CONFIDENTIAL
RSK_002478,CUST_009904,AML_SCREENING,2026-10-01T09:48:02.697000+00:00,0.344,APPROVED,CONFIDENTIAL
RSK_002479,CUST_009999,CREDIT_EVALUATION,2026-10-01T09:48:04.110000+00:00,0.518,FLAGGED_FOR_REVIEW,CONFIDENTIAL
RSK_002480,CUST_009604,FRAUD_DETECTION,2026-10-01T09:48:04.466000+00:00,0.427,APPROVED,CONFIDENTIAL
RSK_002481,CUST_004251,AML_SCREENING,2026-10-01T09:48:04.770000+00:00,0.046,APPROVED,CONFIDENTIAL
RSK_002482,CUST_000242,CREDIT_EVALUATION,2026-10-01T09:48:05.138000+00:00,0.291,APPROVED,CONFIDENTIAL
RSK_002483,CUST_007609,FRAUD_DETECTION,2026-10-01T09:48:06.125000+00:00,0.142,APPROVED,CONFIDENTIAL
RSK_002484,CUST_003183,FRAUD_DETECTION,2026-10-01T09:48:10.261000+00:00,0.387,APPROVED,CONFIDENTIAL
RSK_002485,CUST_001892,AML_SCREENING,2026-10-01T09:48:10.673000+00:00,0.071,APPROVED,CONFIDENTIAL
RSK_002486,CUST_007291,CREDIT_EVALUATION,2026-10-01T09:48:14.688000+00:00,0.217,APPROVED,CONFIDENTIAL
RSK_002487,CUST_005876,AML_SCREENING,2026-10-01T09:48:17.495000+00:00,0.162,APPROVED,CONFIDENTIAL
RSK_002488,CUST_006834,CREDIT_EVALUATION,2026-10-01T09:48:18.283000+00:00,0.51,FLAGGED_FOR_REVIEW,CONFIDENTIAL
RSK_002489,CUST_000457,LOAN_SCORING,2026-10-01T09:48:22.372000+00:00,0.273,APPROVED,CONFIDENTIAL
RSK_002490,CUST_003371,FRAUD_DETECTION,2026-10-01T09:48:26.006000+00:00,0.233,APPROVED,CONFIDENTIAL
RSK_002491,CUST_009954,FRAUD_DETECTION,2026-10-01T09:48:29.590000+00:00,0.095,APPROVED,CONFIDENTIAL
RSK_002492,CUST_001694,AML_SCREENING,2026-10-01T09:48:32.583000+00:00,0.34,APPROVED,CONFIDENTIAL
RSK_002493,CUST_001289,LOAN_SCORING,2026-10-01T09:48:36.575000+00:00,0.231,APPROVED,CONFIDENTIAL
RSK_002494,CUST_003559,CREDIT_EVALUATION,2026-10-01T09:48:37.139000+00:00,0.674,FLAGGED_FOR_REVIEW,CONFIDENTIAL
RSK_002495,CUST_007617,FRAUD_DETECTION,2026-10-01T09:48:38.465000+00:00,0.162,APPROVED,CONFIDENTIAL
RSK_002496,CUST_005091,CREDIT_EVALUATION,2026-10-01T09:48:40.758000+00:00,0.264,APPROVED,CONFIDENTIAL
RSK_002497,CUST_008679,AML_SCREENING,2026-10-01T09:48:44.415000+00:00,0.377,APPROVED,CONFIDENTIAL
RSK_002498,CUST_009381,LOAN_SCORING,2026-10-01T09:48:45.381000+00:00,0.084,APPROVED,CONFIDENTIAL
RSK_002499,CUST_009947,CREDIT_EVALUATION,2026-10-01T09:48:47.921000+00:00,0.309,APPROVED,CONFIDENTIAL
RSK_002500,CUST_005138,FRAUD_DETECTION,2026-10-01T09:48:51.081000+00:00,0.018,APPROVED,CONFIDENTIAL
RSK_002501,CUST_006007,LOAN_SCORING,2026-10-01T09:48:51.902000+00:00,0.524,FLAGGED_FOR_REVIEW,CONFIDENTIAL
RSK_002502,CUST_009980,FRAUD_DETECTION,2026-10-01T09:48:53.790000+00:00,0.441,APPROVED,CONFIDENTIAL
RSK_002503,CUST_009441,AML_SCREENING,2026-10-01T09:48:55.051000+00:00,0.066,APPROVED,CONFIDENTIAL
RSK_002504,CUST_009491,FRAUD_DETECTION,2026-10-01T09:48:59.140000+00:00,0.26,APPROVED,CONFIDENTIAL
RSK_002505,CUST_001397,FRAUD_DETECTION,2026-10-01T09:49:03.454000+00:00,0.17,APPROVED,CONFIDENTIAL
RSK_002506,CUST_007238,FRAUD_DETECTION,2026-10-01T09:49:05.379000+00:00,0.235,APPROVED,CONFIDENTIAL
RSK_002507,CUST_006722,CREDIT_EVALUATION,2026-10-01T09:49:08.093000+00:00,0.267,APPROVED,CONFIDENTIAL
RSK_002508,CUST_001684,FRAUD_DETECTION,2026-10-01T09:49:11.070000+00:00,0.564,FLAGGED_FOR_REVIEW,CONFIDENTIAL
RSK_002509,CUST_009407,CREDIT_EVALUATION,2026-10-01T09:49:15.512000+00:00,0.115,APPROVED,CONFIDENTIAL
RSK_002510,CUST_005574,CREDIT_EVALUATION,2026-10-01T09:49:18.488000+00:00,0.273,APPROVED,CONFIDENTIAL
RSK_002511,CUST_008275,FRAUD_DETECTION,2026-10-01T09:49:19.127000+00:00,0.485,FLAGGED_FOR_REVIEW,CONFIDENTIAL
RSK_002512,CUST_000004,CREDIT_EVALUATION,2026-10-01T09:49:19.876000+00:00,0.214,APPROVED,CONFIDENTIAL
RSK_002513,CUST_000645,LOAN_SCORING,2026-10-01T09:49:24.692000+00:00,0.161,APPROVED,CONFIDENTIAL
RSK_002514,CUST_001932,LOAN_SCORING,2026-10-01T09:49:25.207000+00:00,0.302,APPROVED,CONFIDENTIAL
RSK_002515,CUST_005448,FRAUD_DETECTION,2026-10-01T09:49:28.850000+00:00,0.246,APPROVED,CONFIDENTIAL
RSK_002516,CUST_009546,FRAUD_DETECTION,2026-10-01T09:49:33.242000+00:00,0.132,APPROVED,CONFIDENTIAL
RSK_002517,CUST_003857,CREDIT_EVALUATION,2026-10-01T09:49:38.236000+00:00,0.454,FLAGGED_FOR_REVIEW,CONFIDENTIAL
RSK_002518,CUST_004219,FRAUD_DETECTION,2026-10-01T09:49:42.782000+00:00,0.143,APPROVED,CONFIDENTIAL
RSK_002519,CUST_001595,CREDIT_EVALUATION,2026-10-01T09:49:46.801000+00:00,0.098,APPROVED,CONFIDENTIAL
RSK_002520,CUST_009342,AML_SCREENING,2026-10-01T09:49:50.973000+00:00,0.603,FLAGGED_FOR_REVIEW,CONFIDENTIAL
RSK_002521,CUST_000633,LOAN_SCORING,2026-10-01T09:49:54.569000+00:00,0.525,FLAGGED_FOR_REVIEW,CONFIDENTIAL
RSK_002522,CUST_006349,CREDIT_EVALUATION,2026-10-01T09:49:57.108000+00:00,0.151,APPROVED,CONFIDENTIAL
RSK_002523,CUST_001612,FRAUD_DETECTION,2026-10-01T09:49:57.387000+00:00,0.247,APPROVED,CONFIDENTIAL
RSK_002524,CUST_004085,CREDIT_EVALUATION,2026-10-01T09:50:00.699000+00:00,0.578,FLAGGED_FOR_REVIEW,CONFIDENTIAL
RSK_002525,CUST_006278,CREDIT_EVALUATION,2026-10-01T09:50:04.879000+00:00,0.181,APPROVED,CONFIDENTIAL
RSK_002526,CUST_006935,FRAUD_DETECTION,2026-10-01T09:50:08.401000+00:00,0.507,FLAGGED_FOR_REVIEW,CONFIDENTIAL
RSK_002527,CUST_000490,LOAN_SCORING,2026-10-01T09:50:12.531000+00:00,0.04,APPROVED,CONFIDENTIAL
RSK_002528,CUST_007371,LOAN_SCORING,2026-10-01T09:50:16.594000+00:00,0.085,APPROVED,CONFIDENTIAL
RSK_002529,CUST_002243,LOAN_SCORING,2026-10-01T09:50:17.384000+00:00,0.726,REJECTED,CONFIDENTIAL
RSK_002530,CUST_003941,FRAUD_DETECTION,2026-10-01T09:50:21.967000+00:00,0.28,APPROVED,CONFIDENTIAL
RSK_002531,CUST_003231,FRAUD_DETECTION,2026-10-01T09:50:26.523000+00:00,0.174,APPROVED,CONFIDENTIAL
RSK_002532,CUST_007844,FRAUD_DETECTION,2026-10-01T09:50:30.707000+00:00,0.314,APPROVED,CONFIDENTIAL
RSK_002533,CUST_006897,AML_SCREENING,2026-10-01T09:50:31.614000+00:00,0.142,APPROVED,CONFIDENTIAL
RSK_002534,CUST_002984,LOAN_SCORING,2026-10-01T09:50:32.700000+00:00,0.088,APPROVED,CONFIDENTIAL
RSK_002535,CUST_009813,AML_SCREENING,2026-10-01T09:50:34.782000+00:00,0.33,APPROVED,CONFIDENTIAL
RSK_002536,CUST_006772,CREDIT_EVALUATION,2026-10-01T09:50:38.473000+00:00,0.261,APPROVED,CONFIDENTIAL
RSK_002537,CUST_009295,CREDIT_EVALUATION,2026-10-01T09:50:42.317000+00:00,0.203,APPROVED,CONFIDENTIAL
RSK_002538,CUST_003966,AML_SCREENING,2026-10-01T09:50:43.974000+00:00,0.07,APPROVED,CONFIDENTIAL
RSK_002539,CUST_009593,AML_SCREENING,2026-10-01T09:50:48.878000+00:00,0.286,APPROVED,CONFIDENTIAL
RSK_002540,CUST_006117,CREDIT_EVALUATION,2026-10-01T09:50:51.272000+00:00,0.096,APPROVED,CONFIDENTIAL
RSK_002541,CUST_001615,CREDIT_EVALUATION,2026-10-01T09:50:51.711000+00:00,0.161,APPROVED,CONFIDENTIAL
RSK_002542,CUST_003058,LOAN_SCORING,2026-10-01T09:50:54.885000+00:00,0.206,APPROVED,CONFIDENTIAL
RSK_002543,CUST_000273,LOAN_SCORING,2026-10-01T09:50:56.931000+00:00,0.505,FLAGGED_FOR_REVIEW,CONFIDENTIAL
RSK_002544,CUST_009510,AML_SCREENING,2026-10-01T09:50:59.973000+00:00,0.528,FLAGGED_FOR_REVIEW,CONFIDENTIAL
RSK_002545,CUST_004228,CREDIT_EVALUATION,2026-10-01T09:51:03.906000+00:00,0.335,APPROVED,CONFIDENTIAL
RSK_002546,CUST_003147,AML_SCREENING,2026-10-01T09:51:04.689000+00:00,0.158,APPROVED,CONFIDENTIAL
RSK_002547,CUST_003407,CREDIT_EVALUATION,2026-10-01T09:51:06.148000+00:00,0.759,REJECTED,CONFIDENTIAL
RSK_002548,CUST_007647,LOAN_SCORING,2026-10-01T09:51:08.405000+00:00,0.251,APPROVED,CONFIDENTIAL
RSK_002549,CUST_002682,LOAN_SCORING,2026-10-01T09:51:08.879000+00:00,0.066,APPROVED,CONFIDENTIAL
RSK_002550,CUST_008853,AML_SCREENING,2026-10-01T09:51:13.603000+00:00,0.288,APPROVED,CONFIDENTIAL
RSK_002551,CUST_007858,FRAUD_DETECTION,2026-10-01T09:51:15.612000+00:00,0.133,APPROVED,CONFIDENTIAL
RSK_002552,CUST_005359,CREDIT_EVALUATION,2026-10-01T09:51:20.463000+00:00,0.277,APPROVED,CONFIDENTIAL
RSK_002553,CUST_009888,LOAN_SCORING,2026-10-01T09:51:25.246000+00:00,0.433,APPROVED,CONFIDENTIAL
RSK_002554,CUST_000647,CREDIT_EVALUATION,2026-10-01T09:51:29.477000+00:00,0.311,APPROVED,CONFIDENTIAL
RSK_002555,CUST_009858,LOAN_SCORING,2026-10-01T09:51:33.441000+00:00,0.381,APPROVED,CONFIDENTIAL
RSK_002556,CUST_008071,AML_SCREENING,2026-10-01T09:51:35.635000+00:00,0.398,APPROVED,CONFIDENTIAL
RSK_002557,CUST_001761,LOAN_SCORING,2026-10-01T09:51:36.716000+00:00,0.153,APPROVED,CONFIDENTIAL
RSK_002558,CUST_002247,LOAN_SCORING,2026-10-01T09:51:40.260000+00:00,0.147,APPROVED,CONFIDENTIAL
RSK_002559,CUST_001929,AML_SCREENING,2026-10-01T09:51:44.359000+00:00,0.232,APPROVED,CONFIDENTIAL
RSK_002560,CUST_009842,AML_SCREENING,2026-10-01T09:51:46.046000+00:00,0.18,APPROVED,CONFIDENTIAL
RSK_002561,CUST_009897,FRAUD_DETECTION,2026-10-01T09:51:49.627000+00:00,0.251,APPROVED,CONFIDENTIAL
RSK_002562,CUST_008298,AML_SCREENING,2026-10-01T09:51:53.092000+00:00,0.527,FLAGGED_FOR_REVIEW,CONFIDENTIAL
RSK_002563,CUST_004689,LOAN_SCORING,2026-10-01T09:51:56.856000+00:00,0.579,FLAGGED_FOR_REVIEW,CONFIDENTIAL
RSK_002564,CUST_006368,CREDIT_EVALUATION,2026-10-01T09:52:01.001000+00:00,0.363,APPROVED,CONFIDENTIAL
RSK_002565,CUST_004381,CREDIT_EVALUATION,2026-10-01T09:52:01.891000+00:00,0.493,FLAGGED_FOR_REVIEW,CONFIDENTIAL
RSK_002566,CUST_002446,FRAUD_DETECTION,2026-10-01T09:52:02.270000+00:00,0.123,APPROVED,CONFIDENTIAL
RSK_002567,CUST_007071,CREDIT_EVALUATION,2026-10-01T09:52:02.780000+00:00,0.023,APPROVED,CONFIDENTIAL
RSK_002568,CUST_006485,FRAUD_DETECTION,2026-10-01T09:52:04.893000+00:00,0.338,APPROVED,CONFIDENTIAL
RSK_002569,CUST_006974,AML_SCREENING,2026-10-01T09:52:05.945000+00:00,0.349,APPROVED,CONFIDENTIAL
RSK_002570,CUST_009326,AML_SCREENING,2026-10-01T09:52:09.873000+00:00,0.263,APPROVED,CONFIDENTIAL
RSK_002571,CUST_001017,CREDIT_EVALUATION,2026-10-01T09:52:14.345000+00:00,0.525,FLAGGED_FOR_REVIEW,CONFIDENTIAL
RSK_002572,CUST_007421,LOAN_SCORING,2026-10-01T09:52:17.319000+00:00,0.266,APPROVED,CONFIDENTIAL
RSK_002573,CUST_004525,LOAN_SCORING,2026-10-01T09:52:17.541000+00:00,0.256,APPROVED,CONFIDENTIAL
RSK_002574,CUST_005617,FRAUD_DETECTION,2026-10-01T09:52:17.797000+00:00,0.459,FLAGGED_FOR_REVIEW,CONFIDENTIAL
RSK_002575,CUST_004274,FRAUD_DETECTION,2026-10-01T09:52:20.305000+00:00,0.104,APPROVED,CONFIDENTIAL
RSK_002576,CUST_005636,FRAUD_DETECTION,2026-10-01T09:52:24.930000+00:00,0.143,APPROVED,CONFIDENTIAL
RSK_002577,CUST_006816,AML_SCREENING,2026-10-01T09:52:26.783000+00:00,0.144,APPROVED,CONFIDENTIAL
RSK_002578,CUST_005884,FRAUD_DETECTION,2026-10-01T09:52:27.792000+00:00,0.31,APPROVED,CONFIDENTIAL
RSK_002579,CUST_006850,CREDIT_EVALUATION,2026-10-01T09:52:30.925000+00:00,0.237,APPROVED,CONFIDENTIAL
RSK_002580,CUST_006626,AML_SCREENING,2026-10-01T09:52:34.416000+00:00,0.402,APPROVED,CONFIDENTIAL
RSK_002581,CUST_006609,CREDIT_EVALUATION,2026-10-01T09:52:38.148000+00:00,0.125,APPROVED,CONFIDENTIAL
RSK_002582,CUST_002828,AML_SCREENING,2026-10-01T09:52:42.434000+00:00,0.414,APPROVED,CONFIDENTIAL
RSK_002583,CUST_007329,FRAUD_DETECTION,2026-10-01T09:52:46.561000+00:00,0.185,APPROVED,CONFIDENTIAL
RSK_002584,CUST_005731,LOAN_SCORING,2026-10-01T09:52:51.205000+00:00,0.334,APPROVED,CONFIDENTIAL
RSK_002585,CUST_007828,CREDIT_EVALUATION,2026-10-01T09:52:55.757000+00:00,0.101,APPROVED,CONFIDENTIAL
RSK_002586,CUST_008479,FRAUD_DETECTION,2026-10-01T09:52:58.327000+00:00,0.056,APPROVED,CONFIDENTIAL
RSK_002587,CUST_008801,AML_SCREENING,2026-10-01T09:53:03.199000+00:00,0.181,APPROVED,CONFIDENTIAL
RSK_002588,CUST_005862,FRAUD_DETECTION,2026-10-01T09:53:06.480000+00:00,0.239,APPROVED,CONFIDENTIAL
RSK_002589,CUST_002604,LOAN_SCORING,2026-10-01T09:53:10.149000+00:00,0.445,APPROVED,CONFIDENTIAL
RSK_002590,CUST_006447,FRAUD_DETECTION,2026-10-01T09:53:12.494000+00:00,0.416,APPROVED,CONFIDENTIAL
RSK_002591,CUST_006916,CREDIT_EVALUATION,2026-10-01T09:53:15.844000+00:00,0.104,APPROVED,CONFIDENTIAL
RSK_002592,CUST_000353,LOAN_SCORING,2026-10-01T09:53:18.718000+00:00,0.217,APPROVED,CONFIDENTIAL
RSK_002593,CUST_005488,CREDIT_EVALUATION,2026-10-01T09:53:22.873000+00:00,0.253,APPROVED,CONFIDENTIAL
RSK_002594,CUST_001381,LOAN_SCORING,2026-10-01T09:53:24.902000+00:00,0.3,APPROVED,CONFIDENTIAL
RSK_002595,CUST_001087,LOAN_SCORING,2026-10-01T09:53:28.965000+00:00,0.226,APPROVED,CONFIDENTIAL
RSK_002596,CUST_004735,AML_SCREENING,2026-10-01T09:53:31.280000+00:00,0.229,APPROVED,CONFIDENTIAL
RSK_002597,CUST_000399,CREDIT_EVALUATION,2026-10-01T09:53:36.076000+00:00,0.493,FLAGGED_FOR_REVIEW,CONFIDENTIAL
RSK_002598,CUST_000766,LOAN_SCORING,2026-10-01T09:53:39.279000+00:00,0.231,APPROVED,CONFIDENTIAL
RSK_002599,CUST_002834,AML_SCREENING,2026-10-01T09:53:42.998000+00:00,0.343,APPROVED,CONFIDENTIAL
RSK_002600,CUST_005478,LOAN_SCORING,2026-10-01T09:53:46.381000+00:00,0.101,APPROVED,CONFIDENTIAL
RSK_002601,CUST_000956,LOAN_SCORING,2026-10-01T09:53:47.034000+00:00,0.282,APPROVED,CONFIDENTIAL
RSK_002602,CUST_009846,CREDIT_EVALUATION,2026-10-01T09:53:49.697000+00:00,0.249,APPROVED,CONFIDENTIAL
RSK_002603,CUST_000976,AML_SCREENING,2026-10-01T09:53:53.065000+00:00,0.026,APPROVED,CONFIDENTIAL
RSK_002604,CUST_004199,AML_SCREENING,2026-10-01T09:53:57.218000+00:00,0.14,APPROVED,CONFIDENTIAL
RSK_002605,CUST_004848,LOAN_SCORING,2026-10-01T09:53:58.335000+00:00,0.233,APPROVED,CONFIDENTIAL
RSK_002606,CUST_008096,AML_SCREENING,2026-10-01T09:54:01.554000+00:00,0.269,APPROVED,CONFIDENTIAL
RSK_002607,CUST_007054,CREDIT_EVALUATION,2026-10-01T09:54:02.253000+00:00,0.161,APPROVED,CONFIDENTIAL
RSK_002608,CUST_000841,AML_SCREENING,2026-10-01T09:54:06.394000+00:00,0.488,FLAGGED_FOR_REVIEW,CONFIDENTIAL
RSK_002609,CUST_009199,CREDIT_EVALUATION,2026-10-01T09:54:10.068000+00:00,0.13,APPROVED,CONFIDENTIAL
RSK_002610,CUST_008068,LOAN_SCORING,2026-10-01T09:54:13.862000+00:00,0.529,FLAGGED_FOR_REVIEW,CONFIDENTIAL
RSK_002611,CUST_007258,LOAN_SCORING,2026-10-01T09:54:17.480000+00:00,0.262,APPROVED,CONFIDENTIAL
RSK_002612,CUST_007383,LOAN_SCORING,2026-10-01T09:54:20.481000+00:00,0.475,FLAGGED_FOR_REVIEW,CONFIDENTIAL
RSK_002613,CUST_003436,LOAN_SCORING,2026-10-01T09:54:21.788000+00:00,0.193,APPROVED,CONFIDENTIAL
RSK_002614,CUST_008916,FRAUD_DETECTION,2026-10-01T09:54:25.597000+00:00,0.173,APPROVED,CONFIDENTIAL
RSK_002615,CUST_005451,LOAN_SCORING,2026-10-01T09:54:27.829000+00:00,0.226,APPROVED,CONFIDENTIAL
RSK_002616,CUST_005007,LOAN_SCORING,2026-10-01T09:54:29.058000+00:00,0.544,FLAGGED_FOR_REVIEW,CONFIDENTIAL
RSK_002617,CUST_004211,CREDIT_EVALUATION,2026-10-01T09:54:33.254000+00:00,0.243,APPROVED,CONFIDENTIAL
RSK_002618,CUST_000577,CREDIT_EVALUATION,2026-10-01T09:54:34.890000+00:00,0.386,APPROVED,CONFIDENTIAL
RSK_002619,CUST_003532,LOAN_SCORING,2026-10-01T09:54:39.110000+00:00,0.577,FLAGGED_FOR_REVIEW,CONFIDENTIAL
RSK_002620,CUST_002480,CREDIT_EVALUATION,2026-10-01T09:54:42.246000+00:00,0.477,FLAGGED_FOR_REVIEW,CONFIDENTIAL
RSK_002621,CUST_005565,FRAUD_DETECTION,2026-10-01T09:54:43.367000+00:00,0.095,APPROVED,CONFIDENTIAL
RSK_002622,CUST_007262,AML_SCREENING,2026-10-01T09:54:43.741000+00:00,0.122,APPROVED,CONFIDENTIAL
RSK_002623,CUST_008872,LOAN_SCORING,2026-10-01T09:54:47.228000+00:00,0.184,APPROVED,CONFIDENTIAL
RSK_002624,CUST_006629,AML_SCREENING,2026-10-01T09:54:52.131000+00:00,0.178,APPROVED,CONFIDENTIAL
RSK_002625,CUST_003976,AML_SCREENING,2026-10-01T09:54:53.916000+00:00,0.027,APPROVED,CONFIDENTIAL
RSK_002626,CUST_001570,AML_SCREENING,2026-10-01T09:54:55.354000+00:00,0.319,APPROVED,CONFIDENTIAL
RSK_002627,CUST_001288,FRAUD_DETECTION,2026-10-01T09:54:55.747000+00:00,0.215,APPROVED,CONFIDENTIAL
RSK_002628,CUST_008078,CREDIT_EVALUATION,2026-10-01T09:54:58.091000+00:00,0.358,APPROVED,CONFIDENTIAL
RSK_002629,CUST_005258,AML_SCREENING,2026-10-01T09:55:02.489000+00:00,0.371,APPROVED,CONFIDENTIAL
RSK_002630,CUST_000017,LOAN_SCORING,2026-10-01T09:55:04.223000+00:00,0.241,APPROVED,CONFIDENTIAL
RSK_002631,CUST_002863,CREDIT_EVALUATION,2026-10-01T09:55:07.913000+00:00,0.276,APPROVED,CONFIDENTIAL
RSK_002632,CUST_004079,FRAUD_DETECTION,2026-10-01T09:55:08.739000+00:00,0.465,FLAGGED_FOR_REVIEW,CONFIDENTIAL
RSK_002633,CUST_004413,CREDIT_EVALUATION,2026-10-01T09:55:12.031000+00:00,0.033,APPROVED,CONFIDENTIAL
RSK_002634,CUST_004280,FRAUD_DETECTION,2026-10-01T09:55:16.258000+00:00,0.013,APPROVED,CONFIDENTIAL
RSK_002635,CUST_003695,LOAN_SCORING,2026-10-01T09:55:18.232000+00:00,0.331,APPROVED,CONFIDENTIAL
RSK_002636,CUST_005384,FRAUD_DETECTION,2026-10-01T09:55:21.005000+00:00,0.639,FLAGGED_FOR_REVIEW,CONFIDENTIAL
RSK_002637,CUST_001013,LOAN_SCORING,2026-10-01T09:55:23.751000+00:00,0.23,APPROVED,CONFIDENTIAL
RSK_002638,CUST_001434,AML_SCREENING,2026-10-01T09:55:28.313000+00:00,0.07,APPROVED,CONFIDENTIAL
RSK_002639,CUST_008959,FRAUD_DETECTION,2026-10-01T09:55:29.527000+00:00,0.849,REJECTED,CONFIDENTIAL
RSK_002640,CUST_000326,LOAN_SCORING,2026-10-01T09:55:31.701000+00:00,0.482,FLAGGED_FOR_REVIEW,CONFIDENTIAL
RSK_002641,CUST_007651,CREDIT_EVALUATION,2026-10-01T09:55:32.068000+00:00,0.277,APPROVED,CONFIDENTIAL
RSK_002642,CUST_000138,AML_SCREENING,2026-10-01T09:55:35.826000+00:00,0.34,APPROVED,CONFIDENTIAL
RSK_002643,CUST_006533,FRAUD_DETECTION,2026-10-01T09:55:38.892000+00:00,0.202,APPROVED,CONFIDENTIAL
RSK_002644,CUST_002725,LOAN_SCORING,2026-10-01T09:55:41.059000+00:00,0.338,APPROVED,CONFIDENTIAL
RSK_002645,CUST_007428,AML_SCREENING,2026-10-01T09:55:43.617000+00:00,0.315,APPROVED,CONFIDENTIAL
RSK_002646,CUST_001969,LOAN_SCORING,2026-10-01T09:55:44.741000+00:00,0.344,APPROVED,CONFIDENTIAL
RSK_002647,CUST_009430,AML_SCREENING,2026-10-01T09:55:49.416000+00:00,0.083,APPROVED,CONFIDENTIAL
RSK_002648,CUST_004548,CREDIT_EVALUATION,2026-10-01T09:55:52.504000+00:00,0.271,APPROVED,CONFIDENTIAL
RSK_002649,CUST_008323,FRAUD_DETECTION,2026-10-01T09:55:54.590000+00:00,0.201,APPROVED,CONFIDENTIAL
RSK_002650,CUST_001185,LOAN_SCORING,2026-10-01T09:55:55.419000+00:00,0.486,FLAGGED_FOR_REVIEW,CONFIDENTIAL
RSK_002651,CUST_007827,FRAUD_DETECTION,2026-10-01T09:55:58.349000+00:00,0.218,APPROVED,CONFIDENTIAL
RSK_002652,CUST_003346,AML_SCREENING,2026-10-01T09:56:02.658000+00:00,0.16,APPROVED,CONFIDENTIAL
RSK_002653,CUST_000984,FRAUD_DETECTION,2026-10-01T09:56:06.092000+00:00,0.225,APPROVED,CONFIDENTIAL
RSK_002654,CUST_005959,AML_SCREENING,2026-10-01T09:56:09.422000+00:00,0.15,APPROVED,CONFIDENTIAL
RSK_002655,CUST_009315,CREDIT_EVALUATION,2026-10-01T09:56:13.661000+00:00,0.195,APPROVED,CONFIDENTIAL
RSK_002656,CUST_002591,LOAN_SCORING,2026-10-01T09:56:14.023000+00:00,0.384,APPROVED,CONFIDENTIAL
RSK_002657,CUST_001946,LOAN_SCORING,2026-10-01T09:56:15.514000+00:00,0.085,APPROVED,CONFIDENTIAL
RSK_002658,CUST_005495,CREDIT_EVALUATION,2026-10-01T09:56:19.288000+00:00,0.164,APPROVED,CONFIDENTIAL
RSK_002659,CUST_002302,LOAN_SCORING,2026-10-01T09:56:22.101000+00:00,0.122,APPROVED,CONFIDENTIAL
RSK_002660,CUST_006755,FRAUD_DETECTION,2026-10-01T09:56:26.614000+00:00,0.263,APPROVED,CONFIDENTIAL
RSK_002661,CUST_002509,FRAUD_DETECTION,2026-10-01T09:56:28.477000+00:00,0.163,APPROVED,CONFIDENTIAL
RSK_002662,CUST_000290,LOAN_SCORING,2026-10-01T09:56:29.088000+00:00,0.287,APPROVED,CONFIDENTIAL
RSK_002663,CUST_002069,AML_SCREENING,2026-10-01T09:56:30.219000+00:00,0.338,APPROVED,CONFIDENTIAL
RSK_002664,CUST_004901,CREDIT_EVALUATION,2026-10-01T09:56:34.933000+00:00,0.087,APPROVED,CONFIDENTIAL
RSK_002665,CUST_004084,LOAN_SCORING,2026-10-01T09:56:38.342000+00:00,0.605,FLAGGED_FOR_REVIEW,CONFIDENTIAL
RSK_002666,CUST_007091,CREDIT_EVALUATION,2026-10-01T09:56:40.568000+00:00,0.516,FLAGGED_FOR_REVIEW,CONFIDENTIAL
RSK_002667,CUST_007754,AML_SCREENING,2026-10-01T09:56:42.815000+00:00,0.497,FLAGGED_FOR_REVIEW,CONFIDENTIAL
RSK_002668,CUST_005960,CREDIT_EVALUATION,2026-10-01T09:56:43.545000+00:00,0.411,APPROVED,CONFIDENTIAL
RSK_002669,CUST_000483,CREDIT_EVALUATION,2026-10-01T09:56:48.432000+00:00,0.225,APPROVED,CONFIDENTIAL
RSK_002670,CUST_004911,AML_SCREENING,2026-10-01T09:56:50.934000+00:00,0.128,APPROVED,CONFIDENTIAL
RSK_002671,CUST_003903,LOAN_SCORING,2026-10-01T09:56:53.573000+00:00,0.228,APPROVED,CONFIDENTIAL
RSK_002672,CUST_000729,FRAUD_DETECTION,2026-10-01T09:56:58.305000+00:00,0.515,FLAGGED_FOR_REVIEW,CONFIDENTIAL
RSK_002673,CUST_007981,CREDIT_EVALUATION,2026-10-01T09:57:02.351000+00:00,0.147,APPROVED,CONFIDENTIAL
RSK_002674,CUST_008270,AML_SCREENING,2026-10-01T09:57:02.909000+00:00,0.435,APPROVED,CONFIDENTIAL
RSK_002675,CUST_001203,FRAUD_DETECTION,2026-10-01T09:57:03.709000+00:00,0.317,APPROVED,CONFIDENTIAL
RSK_002676,CUST_002359,AML_SCREENING,2026-10-01T09:57:05.436000+00:00,0.304,APPROVED,CONFIDENTIAL
RSK_002677,CUST_005157,AML_SCREENING,2026-10-01T09:57:08.917000+00:00,0.489,FLAGGED_FOR_REVIEW,CONFIDENTIAL
RSK_002678,CUST_006949,CREDIT_EVALUATION,2026-10-01T09:57:11.534000+00:00,0.029,APPROVED,CONFIDENTIAL
RSK_002679,CUST_003673,LOAN_SCORING,2026-10-01T09:57:15.871000+00:00,0.338,APPROVED,CONFIDENTIAL
RSK_002680,CUST_002137,FRAUD_DETECTION,2026-10-01T09:57:18.647000+00:00,0.11,APPROVED,CONFIDENTIAL
RSK_002681,CUST_006597,CREDIT_EVALUATION,2026-10-01T09:57:21.233000+00:00,0.23,APPROVED,CONFIDENTIAL
RSK_002682,CUST_003965,CREDIT_EVALUATION,2026-10-01T09:57:22.691000+00:00,0.25,APPROVED,CONFIDENTIAL
RSK_002683,CUST_009954,LOAN_SCORING,2026-10-01T09:57:25.640000+00:00,0.346,APPROVED,CONFIDENTIAL
RSK_002684,CUST_009609,LOAN_SCORING,2026-10-01T09:57:29.103000+00:00,0.564,FLAGGED_FOR_REVIEW,CONFIDENTIAL
RSK_002685,CUST_002678,CREDIT_EVALUATION,2026-10-01T09:57:33.898000+00:00,0.501,FLAGGED_FOR_REVIEW,CONFIDENTIAL
RSK_002686,CUST_002870,AML_SCREENING,2026-10-01T09:57:35.815000+00:00,0.317,APPROVED,CONFIDENTIAL
RSK_002687,CUST_006898,LOAN_SCORING,2026-10-01T09:57:38.243000+00:00,0.214,APPROVED,CONFIDENTIAL
RSK_002688,CUST_007459,FRAUD_DETECTION,2026-10-01T09:57:41.471000+00:00,0.257,APPROVED,CONFIDENTIAL
RSK_002689,CUST_008945,AML_SCREENING,2026-10-01T09:57:43.971000+00:00,0.152,APPROVED,CONFIDENTIAL
RSK_002690,CUST_008703,LOAN_SCORING,2026-10-01T09:57:45.420000+00:00,0.141,APPROVED,CONFIDENTIAL
RSK_002691,CUST_007561,LOAN_SCORING,2026-10-01T09:57:49.322000+00:00,0.414,APPROVED,CONFIDENTIAL
RSK_002692,CUST_006468,AML_SCREENING,2026-10-01T09:57:53.117000+00:00,0.499,FLAGGED_FOR_REVIEW,CONFIDENTIAL
RSK_002693,CUST_007908,AML_SCREENING,2026-10-01T09:57:57.956000+00:00,0.368,APPROVED,CONFIDENTIAL
RSK_002694,CUST_005532,CREDIT_EVALUATION,2026-10-01T09:58:01.146000+00:00,0.048,APPROVED,CONFIDENTIAL
RSK_002695,CUST_004253,CREDIT_EVALUATION,2026-10-01T09:58:03.950000+00:00,0.272,APPROVED,CONFIDENTIAL
RSK_002696,CUST_003440,LOAN_SCORING,2026-10-01T09:58:08.930000+00:00,0.047,APPROVED,CONFIDENTIAL
RSK_002697,CUST_007152,AML_SCREENING,2026-10-01T09:58:12.717000+00:00,0.315,APPROVED,CONFIDENTIAL
RSK_002698,CUST_001172,AML_SCREENING,2026-10-01T09:58:17.320000+00:00,0.044,APPROVED,CONFIDENTIAL
RSK_002699,CUST_007434,FRAUD_DETECTION,2026-10-01T09:58:20.522000+00:00,0.289,APPROVED,CONFIDENTIAL
RSK_002700,CUST_008558,FRAUD_DETECTION,2026-10-01T09:58:22.239000+00:00,0.211,APPROVED,CONFIDENTIAL
RSK_002701,CUST_007486,LOAN_SCORING,2026-10-01T09:58:25.904000+00:00,0.151,APPROVED,CONFIDENTIAL
RSK_002702,CUST_006858,FRAUD_DETECTION,2026-10-01T09:58:28.914000+00:00,0.117,APPROVED,CONFIDENTIAL
RSK_002703,CUST_000025,AML_SCREENING,2026-10-01T09:58:30.311000+00:00,0.63,FLAGGED_FOR_REVIEW,CONFIDENTIAL
RSK_002704,CUST_002440,LOAN_SCORING,2026-10-01T09:58:31.858000+00:00,0.462,FLAGGED_FOR_REVIEW,CONFIDENTIAL
RSK_002705,CUST_000311,FRAUD_DETECTION,2026-10-01T09:58:33.013000+00:00,0.117,APPROVED,CONFIDENTIAL
RSK_002706,CUST_008367,AML_SCREENING,2026-10-01T09:58:36.504000+00:00,0.054,APPROVED,CONFIDENTIAL
RSK_002707,CUST_007306,LOAN_SCORING,2026-10-01T09:58:40.568000+00:00,0.335,APPROVED,CONFIDENTIAL
RSK_002708,CUST_004762,AML_SCREENING,2026-10-01T09:58:44.373000+00:00,0.254,APPROVED,CONFIDENTIAL
RSK_002709,CUST_002207,AML_SCREENING,2026-10-01T09:58:44.875000+00:00,0.052,APPROVED,CONFIDENTIAL
RSK_002710,CUST_002844,FRAUD_DETECTION,2026-10-01T09:58:49.051000+00:00,0.53,FLAGGED_FOR_REVIEW,CONFIDENTIAL
RSK_002711,CUST_003901,FRAUD_DETECTION,2026-10-01T09:58:53.130000+00:00,0.077,APPROVED,CONFIDENTIAL
RSK_002712,CUST_006863,AML_SCREENING,2026-10-01T09:58:54.164000+00:00,0.215,APPROVED,CONFIDENTIAL
RSK_002713,CUST_005537,AML_SCREENING,2026-10-01T09:58:57.761000+00:00,0.084,APPROVED,CONFIDENTIAL
RSK_002714,CUST_003553,CREDIT_EVALUATION,2026-10-01T09:59:01.302000+00:00,0.423,APPROVED,CONFIDENTIAL
RSK_002715,CUST_009354,CREDIT_EVALUATION,2026-10-01T09:59:03.872000+00:00,0.133,APPROVED,CONFIDENTIAL
RSK_002716,CUST_003896,FRAUD_DETECTION,2026-10-01T09:59:05.894000+00:00,0.405,APPROVED,CONFIDENTIAL
RSK_002717,CUST_000392,CREDIT_EVALUATION,2026-10-01T09:59:07.459000+00:00,0.263,APPROVED,CONFIDENTIAL
RSK_002718,CUST_006866,FRAUD_DETECTION,2026-10-01T09:59:08.866000+00:00,0.081,APPROVED,CONFIDENTIAL
RSK_002719,CUST_006121,CREDIT_EVALUATION,2026-10-01T09:59:09.194000+00:00,0.261,APPROVED,CONFIDENTIAL
RSK_002720,CUST_005565,LOAN_SCORING,2026-10-01T09:59:13.341000+00:00,0.086,APPROVED,CONFIDENTIAL
RSK_002721,CUST_003392,AML_SCREENING,2026-10-01T09:59:16.501000+00:00,0.126,APPROVED,CONFIDENTIAL
RSK_002722,CUST_002561,FRAUD_DETECTION,2026-10-01T09:59:17.401000+00:00,0.081,APPROVED,CONFIDENTIAL
RSK_002723,CUST_001389,LOAN_SCORING,2026-10-01T09:59:18.500000+00:00,0.391,APPROVED,CONFIDENTIAL
RSK_002724,CUST_005820,FRAUD_DETECTION,2026-10-01T09:59:22.620000+00:00,0.122,APPROVED,CONFIDENTIAL
RSK_002725,CUST_005577,AML_SCREENING,2026-10-01T09:59:25.636000+00:00,0.672,FLAGGED_FOR_REVIEW,CONFIDENTIAL
RSK_002726,CUST_005333,FRAUD_DETECTION,2026-10-01T09:59:30.147000+00:00,0.095,APPROVED,CONFIDENTIAL
RSK_002727,CUST_009043,AML_SCREENING,2026-10-01T09:59:31.771000+00:00,0.473,FLAGGED_FOR_REVIEW,CONFIDENTIAL
RSK_002728,CUST_007237,FRAUD_DETECTION,2026-10-01T09:59:35.186000+00:00,0.012,APPROVED,CONFIDENTIAL
RSK_002729,CUST_000313,AML_SCREENING,2026-10-01T09:59:38.800000+00:00,0.271,APPROVED,CONFIDENTIAL
RSK_002730,CUST_009561,LOAN_SCORING,2026-10-01T09:59:43.243000+00:00,0.653,FLAGGED_FOR_REVIEW,CONFIDENTIAL
RSK_002731,CUST_009133,LOAN_SCORING,2026-10-01T09:59:46.555000+00:00,0.419,APPROVED,CONFIDENTIAL
RSK_002732,CUST_009806,LOAN_SCORING,2026-10-01T09:59:48.024000+00:00,0.077,APPROVED,CONFIDENTIAL
RSK_002733,CUST_005291,LOAN_SCORING,2026-10-01T09:59:51.482000+00:00,0.579,FLAGGED_FOR_REVIEW,CONFIDENTIAL
RSK_002734,CUST_009974,LOAN_SCORING,2026-10-01T09:59:55.761000+00:00,0.144,APPROVED,CONFIDENTIAL
RSK_002735,CUST_002704,CREDIT_EVALUATION,2026-10-01T09:59:59.071000+00:00,0.235,APPROVED,CONFIDENTIAL
RSK_002736,CUST_006566,CREDIT_EVALUATION,2026-10-01T10:00:00.073000+00:00,0.571,FLAGGED_FOR_REVIEW,CONFIDENTIAL
RSK_002737,CUST_002474,FRAUD_DETECTION,2026-10-01T10:00:00.650000+00:00,0.037,APPROVED,CONFIDENTIAL
RSK_002738,CUST_001350,FRAUD_DETECTION,2026-10-01T10:00:04.512000+00:00,0.189,APPROVED,CONFIDENTIAL
RSK_002739,CUST_003642,AML_SCREENING,2026-10-01T10:00:05.487000+00:00,0.082,APPROVED,CONFIDENTIAL
RSK_002740,CUST_003381,CREDIT_EVALUATION,2026-10-01T10:00:07.359000+00:00,0.238,APPROVED,CONFIDENTIAL
RSK_002741,CUST_003885,FRAUD_DETECTION,2026-10-01T10:00:12.166000+00:00,0.666,FLAGGED_FOR_REVIEW,CONFIDENTIAL
RSK_002742,CUST_004965,AML_SCREENING,2026-10-01T10:00:13.962000+00:00,0.525,FLAGGED_FOR_REVIEW,CONFIDENTIAL
RSK_002743,CUST_009037,FRAUD_DETECTION,2026-10-01T10:00:16.426000+00:00,0.277,APPROVED,CONFIDENTIAL
RSK_002744,CUST_005905,CREDIT_EVALUATION,2026-10-01T10:00:19.477000+00:00,0.201,APPROVED,CONFIDENTIAL
RSK_002745,CUST_002500,CREDIT_EVALUATION,2026-10-01T10:00:24.208000+00:00,0.294,APPROVED,CONFIDENTIAL
RSK_002746,CUST_009356,LOAN_SCORING,2026-10-01T10:00:26.092000+00:00,0.06,APPROVED,CONFIDENTIAL
RSK_002747,CUST_008680,CREDIT_EVALUATION,2026-10-01T10:00:29.371000+00:00,0.435,APPROVED,CONFIDENTIAL
RSK_002748,CUST_001082,LOAN_SCORING,2026-10-01T10:00:32.778000+00:00,0.075,APPROVED,CONFIDENTIAL
RSK_002749,CUST_008979,CREDIT_EVALUATION,2026-10-01T10:00:35.995000+00:00,0.389,APPROVED,CONFIDENTIAL
RSK_002750,CUST_004573,CREDIT_EVALUATION,2026-10-01T10:00:36.557000+00:00,0.319,APPROVED,CONFIDENTIAL
RSK_002751,CUST_007655,CREDIT_EVALUATION,2026-10-01T10:00:39.558000+00:00,0.418,APPROVED,CONFIDENTIAL
RSK_002752,CUST_004964,FRAUD_DETECTION,2026-10-01T10:00:39.927000+00:00,0.297,APPROVED,CONFIDENTIAL
RSK_002753,CUST_008067,FRAUD_DETECTION,2026-10-01T10:00:44.732000+00:00,0.275,APPROVED,CONFIDENTIAL
RSK_002754,CUST_008017,AML_SCREENING,2026-10-01T10:00:45.238000+00:00,0.092,APPROVED,CONFIDENTIAL
RSK_002755,CUST_000081,LOAN_SCORING,2026-10-01T10:00:45.689000+00:00,0.27,APPROVED,CONFIDENTIAL
RSK_002756,CUST_009605,FRAUD_DETECTION,2026-10-01T10:00:46.063000+00:00,0.177,APPROVED,CONFIDENTIAL
RSK_002757,CUST_007670,FRAUD_DETECTION,2026-10-01T10:00:48.698000+00:00,0.488,FLAGGED_FOR_REVIEW,CONFIDENTIAL
RSK_002758,CUST_007630,AML_SCREENING,2026-10-01T10:00:52.150000+00:00,0.181,APPROVED,CONFIDENTIAL
RSK_002759,CUST_008449,CREDIT_EVALUATION,2026-10-01T10:00:55.551000+00:00,0.105,APPROVED,CONFIDENTIAL
RSK_002760,CUST_003567,AML_SCREENING,2026-10-01T10:00:58.576000+00:00,0.303,APPROVED,CONFIDENTIAL
RSK_002761,CUST_001247,LOAN_SCORING,2026-10-01T10:01:00.444000+00:00,0.22,APPROVED,CONFIDENTIAL
RSK_002762,CUST_003628,AML_SCREENING,2026-10-01T10:01:03.276000+00:00,0.094,APPROVED,CONFIDENTIAL
RSK_002763,CUST_007612,LOAN_SCORING,2026-10-01T10:01:05.929000+00:00,0.361,APPROVED,CONFIDENTIAL
RSK_002764,CUST_003596,FRAUD_DETECTION,2026-10-01T10:01:10.613000+00:00,0.106,APPROVED,CONFIDENTIAL
RSK_002765,CUST_000334,CREDIT_EVALUATION,2026-10-01T10:01:11.720000+00:00,0.56,FLAGGED_FOR_REVIEW,CONFIDENTIAL
RSK_002766,CUST_003663,CREDIT_EVALUATION,2026-10-01T10:01:15.478000+00:00,0.338,APPROVED,CONFIDENTIAL
RSK_002767,CUST_002592,FRAUD_DETECTION,2026-10-01T10:01:18.554000+00:00,0.276,APPROVED,CONFIDENTIAL
RSK_002768,CUST_007677,LOAN_SCORING,2026-10-01T10:01:22.628000+00:00,0.433,APPROVED,CONFIDENTIAL
RSK_002769,CUST_007851,AML_SCREENING,2026-10-01T10:01:26.877000+00:00,0.258,APPROVED,CONFIDENTIAL
RSK_002770,CUST_005407,AML_SCREENING,2026-10-01T10:01:30.811000+00:00,0.145,APPROVED,CONFIDENTIAL
RSK_002771,CUST_003065,CREDIT_EVALUATION,2026-10-01T10:01:32.341000+00:00,0.575,FLAGGED_FOR_REVIEW,CONFIDENTIAL
RSK_002772,CUST_009961,LOAN_SCORING,2026-10-01T10:01:34.015000+00:00,0.495,FLAGGED_FOR_REVIEW,CONFIDENTIAL
RSK_002773,CUST_004075,AML_SCREENING,2026-10-01T10:01:34.828000+00:00,0.475,FLAGGED_FOR_REVIEW,CONFIDENTIAL
RSK_002774,CUST_003394,LOAN_SCORING,2026-10-01T10:01:38.058000+00:00,0.368,APPROVED,CONFIDENTIAL
RSK_002775,CUST_006050,AML_SCREENING,2026-10-01T10:01:39.375000+00:00,0.482,FLAGGED_FOR_REVIEW,CONFIDENTIAL
RSK_002776,CUST_006843,AML_SCREENING,2026-10-01T10:01:41.345000+00:00,0.236,APPROVED,CONFIDENTIAL
RSK_002777,CUST_007529,CREDIT_EVALUATION,2026-10-01T10:01:45.003000+00:00,0.285,APPROVED,CONFIDENTIAL
RSK_002778,CUST_005389,FRAUD_DETECTION,2026-10-01T10:01:48.680000+00:00,0.373,APPROVED,CONFIDENTIAL
RSK_002779,CUST_007558,AML_SCREENING,2026-10-01T10:01:50.591000+00:00,0.492,FLAGGED_FOR_REVIEW,CONFIDENTIAL
RSK_002780,CUST_000177,FRAUD_DETECTION,2026-10-01T10:01:54.776000+00:00,0.304,APPROVED,CONFIDENTIAL
RSK_002781,CUST_006836,FRAUD_DETECTION,2026-10-01T10:01:58.102000+00:00,0.213,APPROVED,CONFIDENTIAL
RSK_002782,CUST_006071,CREDIT_EVALUATION,2026-10-01T10:02:01.730000+00:00,0.334,APPROVED,CONFIDENTIAL
RSK_002783,CUST_001250,AML_SCREENING,2026-10-01T10:02:03.282000+00:00,0.545,FLAGGED_FOR_REVIEW,CONFIDENTIAL
RSK_002784,CUST_006645,FRAUD_DETECTION,2026-10-01T10:02:08.196000+00:00,0.155,APPROVED,CONFIDENTIAL
RSK_002785,CUST_000310,CREDIT_EVALUATION,2026-10-01T10:02:10.425000+00:00,0.084,APPROVED,CONFIDENTIAL
RSK_002786,CUST_008320,FRAUD_DETECTION,2026-10-01T10:02:11.063000+00:00,0.212,APPROVED,CONFIDENTIAL
RSK_002787,CUST_002703,FRAUD_DETECTION,2026-10-01T10:02:12.150000+00:00,0.294,APPROVED,CONFIDENTIAL
RSK_002788,CUST_004639,LOAN_SCORING,2026-10-01T10:02:13.989000+00:00,0.309,APPROVED,CONFIDENTIAL
RSK_002789,CUST_003389,CREDIT_EVALUATION,2026-10-01T10:02:16.556000+00:00,0.157,APPROVED,CONFIDENTIAL
RSK_002790,CUST_006866,CREDIT_EVALUATION,2026-10-01T10:02:17.565000+00:00,0.437,APPROVED,CONFIDENTIAL
RSK_002791,CUST_000042,AML_SCREENING,2026-10-01T10:02:18.515000+00:00,0.293,APPROVED,CONFIDENTIAL
RSK_002792,CUST_007281,AML_SCREENING,2026-10-01T10:02:19.454000+00:00,0.05,APPROVED,CONFIDENTIAL
RSK_002793,CUST_006135,LOAN_SCORING,2026-10-01T10:02:22.743000+00:00,0.032,APPROVED,CONFIDENTIAL
RSK_002794,CUST_007862,CREDIT_EVALUATION,2026-10-01T10:02:24.190000+00:00,0.156,APPROVED,CONFIDENTIAL
RSK_002795,CUST_006867,AML_SCREENING,2026-10-01T10:02:28.616000+00:00,0.449,APPROVED,CONFIDENTIAL
RSK_002796,CUST_009913,CREDIT_EVALUATION,2026-10-01T10:02:30.118000+00:00,0.116,APPROVED,CONFIDENTIAL
RSK_002797,CUST_004315,AML_SCREENING,2026-10-01T10:02:32.796000+00:00,0.276,APPROVED,CONFIDENTIAL
RSK_002798,CUST_009335,AML_SCREENING,2026-10-01T10:02:33.874000+00:00,0.174,APPROVED,CONFIDENTIAL
RSK_002799,CUST_005014,CREDIT_EVALUATION,2026-10-01T10:02:38.057000+00:00,0.613,FLAGGED_FOR_REVIEW,CONFIDENTIAL
RSK_002800,CUST_007477,FRAUD_DETECTION,2026-10-01T10:02:41.088000+00:00,0.242,APPROVED,CONFIDENTIAL
RSK_002801,CUST_002759,FRAUD_DETECTION,2026-10-01T10:02:43.746000+00:00,0.609,FLAGGED_FOR_REVIEW,CONFIDENTIAL
RSK_002802,CUST_003920,FRAUD_DETECTION,2026-10-01T10:02:47.055000+00:00,0.438,APPROVED,CONFIDENTIAL
RSK_002803,CUST_008122,CREDIT_EVALUATION,2026-10-01T10:02:48.671000+00:00,0.685,FLAGGED_FOR_REVIEW,CONFIDENTIAL
RSK_002804,CUST_005334,FRAUD_DETECTION,2026-10-01T10:02:52.547000+00:00,0.324,APPROVED,CONFIDENTIAL
RSK_002805,CUST_004476,AML_SCREENING,2026-10-01T10:02:55.641000+00:00,0.066,APPROVED,CONFIDENTIAL
RSK_002806,CUST_003139,LOAN_SCORING,2026-10-01T10:03:00.455000+00:00,0.294,APPROVED,CONFIDENTIAL
RSK_002807,CUST_003125,LOAN_SCORING,2026-10-01T10:03:03.972000+00:00,0.33,APPROVED,CONFIDENTIAL
RSK_002808,CUST_007934,LOAN_SCORING,2026-10-01T10:03:07.524000+00:00,0.167,APPROVED,CONFIDENTIAL
RSK_002809,CUST_000795,AML_SCREENING,2026-10-01T10:03:08.134000+00:00,0.268,APPROVED,CONFIDENTIAL
RSK_002810,CUST_000353,CREDIT_EVALUATION,2026-10-01T10:03:09.125000+00:00,0.23,APPROVED,CONFIDENTIAL
RSK_002811,CUST_001335,AML_SCREENING,2026-10-01T10:03:11.775000+00:00,0.124,APPROVED,CONFIDENTIAL
RSK_002812,CUST_003992,FRAUD_DETECTION,2026-10-01T10:03:15.097000+00:00,0.215,APPROVED,CONFIDENTIAL
RSK_002813,CUST_001993,CREDIT_EVALUATION,2026-10-01T10:03:18.486000+00:00,0.399,APPROVED,CONFIDENTIAL
RSK_002814,CUST_009944,AML_SCREENING,2026-10-01T10:03:18.717000+00:00,0.549,FLAGGED_FOR_REVIEW,CONFIDENTIAL
RSK_002815,CUST_000394,CREDIT_EVALUATION,2026-10-01T10:03:20.074000+00:00,0.397,APPROVED,CONFIDENTIAL
RSK_002816,CUST_000283,LOAN_SCORING,2026-10-01T10:03:23.579000+00:00,0.127,APPROVED,CONFIDENTIAL
RSK_002817,CUST_002390,LOAN_SCORING,2026-10-01T10:03:25.351000+00:00,0.233,APPROVED,CONFIDENTIAL
RSK_002818,CUST_000886,LOAN_SCORING,2026-10-01T10:03:30.022000+00:00,0.17,APPROVED,CONFIDENTIAL
RSK_002819,CUST_000938,AML_SCREENING,2026-10-01T10:03:32.589000+00:00,0.365,APPROVED,CONFIDENTIAL
RSK_002820,CUST_000006,CREDIT_EVALUATION,2026-10-01T10:03:37.054000+00:00,0.115,APPROVED,CONFIDENTIAL
RSK_002821,CUST_001184,CREDIT_EVALUATION,2026-10-01T10:03:41.487000+00:00,0.105,APPROVED,CONFIDENTIAL
RSK_002822,CUST_002052,LOAN_SCORING,2026-10-01T10:03:43.157000+00:00,0.37,APPROVED,CONFIDENTIAL
RSK_002823,CUST_005451,AML_SCREENING,2026-10-01T10:03:44.118000+00:00,0.148,APPROVED,CONFIDENTIAL
RSK_002824,CUST_005549,CREDIT_EVALUATION,2026-10-01T10:03:45.428000+00:00,0.133,APPROVED,CONFIDENTIAL
RSK_002825,CUST_008098,LOAN_SCORING,2026-10-01T10:03:49.227000+00:00,0.225,APPROVED,CONFIDENTIAL
RSK_002826,CUST_001459,AML_SCREENING,2026-10-01T10:03:50.662000+00:00,0.304,APPROVED,CONFIDENTIAL
RSK_002827,CUST_009874,AML_SCREENING,2026-10-01T10:03:54.248000+00:00,0.464,FLAGGED_FOR_REVIEW,CONFIDENTIAL
RSK_002828,CUST_004628,CREDIT_EVALUATION,2026-10-01T10:03:57.328000+00:00,0.152,APPROVED,CONFIDENTIAL
RSK_002829,CUST_008691,AML_SCREENING,2026-10-01T10:03:57.609000+00:00,0.159,APPROVED,CONFIDENTIAL
RSK_002830,CUST_001937,AML_SCREENING,2026-10-01T10:03:58.654000+00:00,0.214,APPROVED,CONFIDENTIAL
RSK_002831,CUST_000240,LOAN_SCORING,2026-10-01T10:04:01.021000+00:00,0.521,FLAGGED_FOR_REVIEW,CONFIDENTIAL
RSK_002832,CUST_001062,LOAN_SCORING,2026-10-01T10:04:03.355000+00:00,0.452,FLAGGED_FOR_REVIEW,CONFIDENTIAL
RSK_002833,CUST_008613,AML_SCREENING,2026-10-01T10:04:04.712000+00:00,0.348,APPROVED,CONFIDENTIAL
RSK_002834,CUST_006773,LOAN_SCORING,2026-10-01T10:04:08.490000+00:00,0.499,FLAGGED_FOR_REVIEW,CONFIDENTIAL
RSK_002835,CUST_006899,CREDIT_EVALUATION,2026-10-01T10:04:11.208000+00:00,0.126,APPROVED,CONFIDENTIAL
RSK_002836,CUST_005363,FRAUD_DETECTION,2026-10-01T10:04:14.776000+00:00,0.181,APPROVED,CONFIDENTIAL
RSK_002837,CUST_000553,FRAUD_DETECTION,2026-10-01T10:04:15.196000+00:00,0.376,APPROVED,CONFIDENTIAL
RSK_002838,CUST_007011,AML_SCREENING,2026-10-01T10:04:17.204000+00:00,0.053,APPROVED,CONFIDENTIAL
RSK_002839,CUST_008565,LOAN_SCORING,2026-10-01T10:04:19.192000+00:00,0.479,FLAGGED_FOR_REVIEW,CONFIDENTIAL
RSK_002840,CUST_003961,CREDIT_EVALUATION,2026-10-01T10:04:20.316000+00:00,0.651,FLAGGED_FOR_REVIEW,CONFIDENTIAL
RSK_002841,CUST_009340,CREDIT_EVALUATION,2026-10-01T10:04:22.249000+00:00,0.244,APPROVED,CONFIDENTIAL
RSK_002842,CUST_001942,CREDIT_EVALUATION,2026-10-01T10:04:23.672000+00:00,0.441,APPROVED,CONFIDENTIAL
RSK_002843,CUST_004339,AML_SCREENING,2026-10-01T10:04:24.425000+00:00,0.356,APPROVED,CONFIDENTIAL
RSK_002844,CUST_003503,CREDIT_EVALUATION,2026-10-01T10:04:27.033000+00:00,0.1,APPROVED,CONFIDENTIAL
RSK_002845,CUST_009624,LOAN_SCORING,2026-10-01T10:04:28.102000+00:00,0.611,FLAGGED_FOR_REVIEW,CONFIDENTIAL
RSK_002846,CUST_001902,FRAUD_DETECTION,2026-10-01T10:04:31.139000+00:00,0.394,APPROVED,CONFIDENTIAL
RSK_002847,CUST_006761,FRAUD_DETECTION,2026-10-01T10:04:34.895000+00:00,0.298,APPROVED,CONFIDENTIAL
RSK_002848,CUST_002846,LOAN_SCORING,2026-10-01T10:04:37.868000+00:00,0.191,APPROVED,CONFIDENTIAL
RSK_002849,CUST_005269,FRAUD_DETECTION,2026-10-01T10:04:40.453000+00:00,0.123,APPROVED,CONFIDENTIAL
RSK_002850,CUST_009867,CREDIT_EVALUATION,2026-10-01T10:04:41.325000+00:00,0.696,FLAGGED_FOR_REVIEW,CONFIDENTIAL
RSK_002851,CUST_007775,AML_SCREENING,2026-10-01T10:04:44.513000+00:00,0.367,APPROVED,CONFIDENTIAL
RSK_002852,CUST_009342,CREDIT_EVALUATION,2026-10-01T10:04:49.385000+00:00,0.511,FLAGGED_FOR_REVIEW,CONFIDENTIAL
RSK_002853,CUST_008665,LOAN_SCORING,2026-10-01T10:04:53.470000+00:00,0.409,APPROVED,CONFIDENTIAL
RSK_002854,CUST_000462,FRAUD_DETECTION,2026-10-01T10:04:54.496000+00:00,0.358,APPROVED,CONFIDENTIAL
RSK_002855,CUST_004888,FRAUD_DETECTION,2026-10-01T10:04:55.383000+00:00,0.183,APPROVED,CONFIDENTIAL
RSK_002856,CUST_000334,AML_SCREENING,2026-10-01T10:04:56.514000+00:00,0.054,APPROVED,CONFIDENTIAL
RSK_002857,CUST_009827,LOAN_SCORING,2026-10-01T10:04:56.900000+00:00,0.218,APPROVED,CONFIDENTIAL
RSK_002858,CUST_006836,AML_SCREENING,2026-10-01T10:05:01.090000+00:00,0.175,APPROVED,CONFIDENTIAL
RSK_002859,CUST_005507,CREDIT_EVALUATION,2026-10-01T10:05:04.606000+00:00,0.207,APPROVED,CONFIDENTIAL
RSK_002860,CUST_002426,AML_SCREENING,2026-10-01T10:05:05.328000+00:00,0.066,APPROVED,CONFIDENTIAL
RSK_002861,CUST_006413,AML_SCREENING,2026-10-01T10:05:09.040000+00:00,0.144,APPROVED,CONFIDENTIAL
RSK_002862,CUST_000982,AML_SCREENING,2026-10-01T10:05:13.032000+00:00,0.671,FLAGGED_FOR_REVIEW,CONFIDENTIAL
RSK_002863,CUST_006353,AML_SCREENING,2026-10-01T10:05:14.013000+00:00,0.628,FLAGGED_FOR_REVIEW,CONFIDENTIAL
RSK_002864,CUST_009157,CREDIT_EVALUATION,2026-10-01T10:05:14.633000+00:00,0.209,APPROVED,CONFIDENTIAL
RSK_002865,CUST_000818,LOAN_SCORING,2026-10-01T10:05:19.188000+00:00,0.073,APPROVED,CONFIDENTIAL
RSK_002866,CUST_001504,LOAN_SCORING,2026-10-01T10:05:21.152000+00:00,0.304,APPROVED,CONFIDENTIAL
RSK_002867,CUST_005979,FRAUD_DETECTION,2026-10-01T10:05:25.751000+00:00,0.54,FLAGGED_FOR_REVIEW,CONFIDENTIAL
RSK_002868,CUST_008672,CREDIT_EVALUATION,2026-10-01T10:05:26.076000+00:00,0.595,FLAGGED_FOR_REVIEW,CONFIDENTIAL
RSK_002869,CUST_009372,CREDIT_EVALUATION,2026-10-01T10:05:30.067000+00:00,0.564,FLAGGED_FOR_REVIEW,CONFIDENTIAL
RSK_002870,CUST_009669,FRAUD_DETECTION,2026-10-01T10:05:30.735000+00:00,0.547,FLAGGED_FOR_REVIEW,CONFIDENTIAL
RSK_002871,CUST_009331,CREDIT_EVALUATION,2026-10-01T10:05:31.152000+00:00,0.066,APPROVED,CONFIDENTIAL
RSK_002872,CUST_008400,CREDIT_EVALUATION,2026-10-01T10:05:33.766000+00:00,0.448,APPROVED,CONFIDENTIAL
RSK_002873,CUST_004858,CREDIT_EVALUATION,2026-10-01T10:05:36.817000+00:00,0.387,APPROVED,CONFIDENTIAL
RSK_002874,CUST_007399,AML_SCREENING,2026-10-01T10:05:40.389000+00:00,0.431,APPROVED,CONFIDENTIAL
RSK_002875,CUST_004893,FRAUD_DETECTION,2026-10-01T10:05:43.312000+00:00,0.12,APPROVED,CONFIDENTIAL
RSK_002876,CUST_004109,LOAN_SCORING,2026-10-01T10:05:46.321000+00:00,0.517,FLAGGED_FOR_REVIEW,CONFIDENTIAL
RSK_002877,CUST_001344,FRAUD_DETECTION,2026-10-01T10:05:50.547000+00:00,0.62,FLAGGED_FOR_REVIEW,CONFIDENTIAL
RSK_002878,CUST_002915,LOAN_SCORING,2026-10-01T10:05:50.769000+00:00,0.345,APPROVED,CONFIDENTIAL
RSK_002879,CUST_002043,FRAUD_DETECTION,2026-10-01T10:05:51.718000+00:00,0.388,APPROVED,CONFIDENTIAL
RSK_002880,CUST_000938,CREDIT_EVALUATION,2026-10-01T10:05:55.496000+00:00,0.049,APPROVED,CONFIDENTIAL
RSK_002881,CUST_008276,LOAN_SCORING,2026-10-01T10:05:57.189000+00:00,0.097,APPROVED,CONFIDENTIAL
RSK_002882,CUST_007614,FRAUD_DETECTION,2026-10-01T10:06:00.965000+00:00,0.349,APPROVED,CONFIDENTIAL
RSK_002883,CUST_002967,FRAUD_DETECTION,2026-10-01T10:06:03.014000+00:00,0.072,APPROVED,CONFIDENTIAL
RSK_002884,CUST_001688,CREDIT_EVALUATION,2026-10-01T10:06:05.778000+00:00,0.09,APPROVED,CONFIDENTIAL
RSK_002885,CUST_000674,FRAUD_DETECTION,2026-10-01T10:06:10.215000+00:00,0.503,FLAGGED_FOR_REVIEW,CONFIDENTIAL
RSK_002886,CUST_002864,CREDIT_EVALUATION,2026-10-01T10:06:15.039000+00:00,0.044,APPROVED,CONFIDENTIAL
RSK_002887,CUST_008680,LOAN_SCORING,2026-10-01T10:06:18.368000+00:00,0.223,APPROVED,CONFIDENTIAL
RSK_002888,CUST_007852,AML_SCREENING,2026-10-01T10:06:19.055000+00:00,0.335,APPROVED,CONFIDENTIAL
RSK_002889,CUST_000724,FRAUD_DETECTION,2026-10-01T10:06:21.225000+00:00,0.123,APPROVED,CONFIDENTIAL
RSK_002890,CUST_005040,AML_SCREENING,2026-10-01T10:06:23.844000+00:00,0.153,APPROVED,CONFIDENTIAL
RSK_002891,CUST_009947,LOAN_SCORING,2026-10-01T10:06:26.867000+00:00,0.327,APPROVED,CONFIDENTIAL
RSK_002892,CUST_003781,AML_SCREENING,2026-10-01T10:06:31.041000+00:00,0.166,APPROVED,CONFIDENTIAL
RSK_002893,CUST_001196,CREDIT_EVALUATION,2026-10-01T10:06:35.151000+00:00,0.325,APPROVED,CONFIDENTIAL
RSK_002894,CUST_002253,AML_SCREENING,2026-10-01T10:06:37.139000+00:00,0.199,APPROVED,CONFIDENTIAL
RSK_002895,CUST_000334,LOAN_SCORING,2026-10-01T10:06:38.491000+00:00,0.17,APPROVED,CONFIDENTIAL
RSK_002896,CUST_004103,FRAUD_DETECTION,2026-10-01T10:06:41.933000+00:00,0.073,APPROVED,CONFIDENTIAL
RSK_002897,CUST_007440,LOAN_SCORING,2026-10-01T10:06:46.219000+00:00,0.143,APPROVED,CONFIDENTIAL
RSK_002898,CUST_004239,CREDIT_EVALUATION,2026-10-01T10:06:49.328000+00:00,0.081,APPROVED,CONFIDENTIAL
RSK_002899,CUST_008679,AML_SCREENING,2026-10-01T10:06:52.835000+00:00,0.349,APPROVED,CONFIDENTIAL
RSK_002900,CUST_009744,AML_SCREENING,2026-10-01T10:06:53.656000+00:00,0.479,FLAGGED_FOR_REVIEW,CONFIDENTIAL
RSK_002901,CUST_002048,CREDIT_EVALUATION,2026-10-01T10:06:58.421000+00:00,0.278,APPROVED,CONFIDENTIAL
RSK_002902,CUST_002082,CREDIT_EVALUATION,2026-10-01T10:07:01.863000+00:00,0.26,APPROVED,CONFIDENTIAL
RSK_002903,CUST_004329,FRAUD_DETECTION,2026-10-01T10:07:02.212000+00:00,0.247,APPROVED,CONFIDENTIAL
RSK_002904,CUST_003067,FRAUD_DETECTION,2026-10-01T10:07:03.876000+00:00,0.4,APPROVED,CONFIDENTIAL
RSK_002905,CUST_008229,LOAN_SCORING,2026-10-01T10:07:08.813000+00:00,0.43,APPROVED,CONFIDENTIAL
RSK_002906,CUST_000211,FRAUD_DETECTION,2026-10-01T10:07:13.508000+00:00,0.238,APPROVED,CONFIDENTIAL
RSK_002907,CUST_005800,CREDIT_EVALUATION,2026-10-01T10:07:17.937000+00:00,0.111,APPROVED,CONFIDENTIAL
RSK_002908,CUST_006692,AML_SCREENING,2026-10-01T10:07:18.720000+00:00,0.202,APPROVED,CONFIDENTIAL
RSK_002909,CUST_006697,LOAN_SCORING,2026-10-01T10:07:21.571000+00:00,0.398,APPROVED,CONFIDENTIAL
RSK_002910,CUST_009428,FRAUD_DETECTION,2026-10-01T10:07:21.781000+00:00,0.482,FLAGGED_FOR_REVIEW,CONFIDENTIAL
RSK_002911,CUST_002220,FRAUD_DETECTION,2026-10-01T10:07:24.029000+00:00,0.049,APPROVED,CONFIDENTIAL
RSK_002912,CUST_000592,LOAN_SCORING,2026-10-01T10:07:25.531000+00:00,0.141,APPROVED,CONFIDENTIAL
RSK_002913,CUST_000927,FRAUD_DETECTION,2026-10-01T10:07:30.519000+00:00,0.278,APPROVED,CONFIDENTIAL
RSK_002914,CUST_000610,AML_SCREENING,2026-10-01T10:07:34.913000+00:00,0.098,APPROVED,CONFIDENTIAL
RSK_002915,CUST_001099,CREDIT_EVALUATION,2026-10-01T10:07:37.133000+00:00,0.265,APPROVED,CONFIDENTIAL
RSK_002916,CUST_005134,FRAUD_DETECTION,2026-10-01T10:07:38.687000+00:00,0.429,APPROVED,CONFIDENTIAL
RSK_002917,CUST_003881,FRAUD_DETECTION,2026-10-01T10:07:41.054000+00:00,0.246,APPROVED,CONFIDENTIAL
RSK_002918,CUST_007006,LOAN_SCORING,2026-10-01T10:07:44.276000+00:00,0.186,APPROVED,CONFIDENTIAL
RSK_002919,CUST_007209,AML_SCREENING,2026-10-01T10:07:49.099000+00:00,0.153,APPROVED,CONFIDENTIAL
RSK_002920,CUST_008875,LOAN_SCORING,2026-10-01T10:07:49.840000+00:00,0.323,APPROVED,CONFIDENTIAL
RSK_002921,CUST_009182,LOAN_SCORING,2026-10-01T10:07:53.654000+00:00,0.122,APPROVED,CONFIDENTIAL
RSK_002922,CUST_002490,FRAUD_DETECTION,2026-10-01T10:07:55.173000+00:00,0.211,APPROVED,CONFIDENTIAL
RSK_002923,CUST_007536,CREDIT_EVALUATION,2026-10-01T10:07:55.966000+00:00,0.373,APPROVED,CONFIDENTIAL
RSK_002924,CUST_004825,FRAUD_DETECTION,2026-10-01T10:07:59.034000+00:00,0.26,APPROVED,CONFIDENTIAL
RSK_002925,CUST_001196,LOAN_SCORING,2026-10-01T10:08:02.008000+00:00,0.107,APPROVED,CONFIDENTIAL
RSK_002926,CUST_005458,AML_SCREENING,2026-10-01T10:08:05.785000+00:00,0.373,APPROVED,CONFIDENTIAL
RSK_002927,CUST_000263,AML_SCREENING,2026-10-01T10:08:06.854000+00:00,0.225,APPROVED,CONFIDENTIAL
RSK_002928,CUST_006859,CREDIT_EVALUATION,2026-10-01T10:08:10.989000+00:00,0.236,APPROVED,CONFIDENTIAL
RSK_002929,CUST_006942,LOAN_SCORING,2026-10-01T10:08:15.965000+00:00,0.737,REJECTED,CONFIDENTIAL
RSK_002930,CUST_006392,CREDIT_EVALUATION,2026-10-01T10:08:17.152000+00:00,0.13,APPROVED,CONFIDENTIAL
RSK_002931,CUST_007693,LOAN_SCORING,2026-10-01T10:08:21.715000+00:00,0.228,APPROVED,CONFIDENTIAL
RSK_002932,CUST_009041,AML_SCREENING,2026-10-01T10:08:25.535000+00:00,0.066,APPROVED,CONFIDENTIAL
RSK_002933,CUST_002321,AML_SCREENING,2026-10-01T10:08:28.183000+00:00,0.237,APPROVED,CONFIDENTIAL
RSK_002934,CUST_005867,LOAN_SCORING,2026-10-01T10:08:32.026000+00:00,0.528,FLAGGED_FOR_REVIEW,CONFIDENTIAL
RSK_002935,CUST_009746,FRAUD_DETECTION,2026-10-01T10:08:33.421000+00:00,0.425,APPROVED,CONFIDENTIAL
RSK_002936,CUST_002436,AML_SCREENING,2026-10-01T10:08:36.547000+00:00,0.21,APPROVED,CONFIDENTIAL
RSK_002937,CUST_009332,LOAN_SCORING,2026-10-01T10:08:38.117000+00:00,0.263,APPROVED,CONFIDENTIAL
RSK_002938,CUST_000867,AML_SCREENING,2026-10-01T10:08:38.765000+00:00,0.044,APPROVED,CONFIDENTIAL
RSK_002939,CUST_006406,CREDIT_EVALUATION,2026-10-01T10:08:42.522000+00:00,0.189,APPROVED,CONFIDENTIAL
RSK_002940,CUST_009401,CREDIT_EVALUATION,2026-10-01T10:08:45.720000+00:00,0.528,FLAGGED_FOR_REVIEW,CONFIDENTIAL
RSK_002941,CUST_000699,FRAUD_DETECTION,2026-10-01T10:08:46.196000+00:00,0.247,APPROVED,CONFIDENTIAL
RSK_002942,CUST_009562,FRAUD_DETECTION,2026-10-01T10:08:49.754000+00:00,0.028,APPROVED,CONFIDENTIAL
RSK_002943,CUST_002038,CREDIT_EVALUATION,2026-10-01T10:08:53.398000+00:00,0.525,FLAGGED_FOR_REVIEW,CONFIDENTIAL
RSK_002944,CUST_002056,AML_SCREENING,2026-10-01T10:08:54.249000+00:00,0.068,APPROVED,CONFIDENTIAL
RSK_002945,CUST_008642,AML_SCREENING,2026-10-01T10:08:58.075000+00:00,0.355,APPROVED,CONFIDENTIAL
RSK_002946,CUST_002510,FRAUD_DETECTION,2026-10-01T10:09:00.120000+00:00,0.473,FLAGGED_FOR_REVIEW,CONFIDENTIAL
RSK_002947,CUST_009757,FRAUD_DETECTION,2026-10-01T10:09:00.454000+00:00,0.472,FLAGGED_FOR_REVIEW,CONFIDENTIAL
RSK_002948,CUST_008742,FRAUD_DETECTION,2026-10-01T10:09:03.559000+00:00,0.527,FLAGGED_FOR_REVIEW,CONFIDENTIAL
RSK_002949,CUST_009377,FRAUD_DETECTION,2026-10-01T10:09:07.478000+00:00,0.29,APPROVED,CONFIDENTIAL
RSK_002950,CUST_009530,AML_SCREENING,2026-10-01T10:09:08.910000+00:00,0.564,FLAGGED_FOR_REVIEW,CONFIDENTIAL
RSK_002951,CUST_004230,LOAN_SCORING,2026-10-01T10:09:12.564000+00:00,0.147,APPROVED,CONFIDENTIAL
RSK_002952,CUST_003724,CREDIT_EVALUATION,2026-10-01T10:09:15.942000+00:00,0.248,APPROVED,CONFIDENTIAL
RSK_002953,CUST_001212,LOAN_SCORING,2026-10-01T10:09:19.772000+00:00,0.432,APPROVED,CONFIDENTIAL
RSK_002954,CUST_003728,LOAN_SCORING,2026-10-01T10:09:23.207000+00:00,0.265,APPROVED,CONFIDENTIAL
RSK_002955,CUST_006454,CREDIT_EVALUATION,2026-10-01T10:09:26.742000+00:00,0.375,APPROVED,CONFIDENTIAL
RSK_002956,CUST_000617,AML_SCREENING,2026-10-01T10:09:30.569000+00:00,0.251,APPROVED,CONFIDENTIAL
RSK_002957,CUST_002682,FRAUD_DETECTION,2026-10-01T10:09:34.536000+00:00,0.322,APPROVED,CONFIDENTIAL
RSK_002958,CUST_007296,LOAN_SCORING,2026-10-01T10:09:37.330000+00:00,0.248,APPROVED,CONFIDENTIAL
RSK_002959,CUST_009792,FRAUD_DETECTION,2026-10-01T10:09:38.565000+00:00,0.411,APPROVED,CONFIDENTIAL
RSK_002960,CUST_004030,LOAN_SCORING,2026-10-01T10:09:43.238000+00:00,0.295,APPROVED,CONFIDENTIAL
RSK_002961,CUST_009969,AML_SCREENING,2026-10-01T10:09:47.021000+00:00,0.096,APPROVED,CONFIDENTIAL
RSK_002962,CUST_009483,AML_SCREENING,2026-10-01T10:09:48.607000+00:00,0.17,APPROVED,CONFIDENTIAL
RSK_002963,CUST_009154,FRAUD_DETECTION,2026-10-01T10:09:51.368000+00:00,0.106,APPROVED,CONFIDENTIAL
RSK_002964,CUST_008466,FRAUD_DETECTION,2026-10-01T10:09:54.465000+00:00,0.205,APPROVED,CONFIDENTIAL
RSK_002965,CUST_000043,CREDIT_EVALUATION,2026-10-01T10:09:55.028000+00:00,0.398,APPROVED,CONFIDENTIAL
RSK_002966,CUST_005676,AML_SCREENING,2026-10-01T10:09:56.114000+00:00,0.281,APPROVED,CONFIDENTIAL
RSK_002967,CUST_005158,LOAN_SCORING,2026-10-01T10:09:57.075000+00:00,0.165,APPROVED,CONFIDENTIAL
RSK_002968,CUST_004322,LOAN_SCORING,2026-10-01T10:10:00.106000+00:00,0.478,FLAGGED_FOR_REVIEW,CONFIDENTIAL
RSK_002969,CUST_004629,CREDIT_EVALUATION,2026-10-01T10:10:00.725000+00:00,0.328,APPROVED,CONFIDENTIAL
RSK_002970,CUST_004142,FRAUD_DETECTION,2026-10-01T10:10:03.085000+00:00,0.078,APPROVED,CONFIDENTIAL
RSK_002971,CUST_004472,LOAN_SCORING,2026-10-01T10:10:03.956000+00:00,0.151,APPROVED,CONFIDENTIAL
RSK_002972,CUST_009149,CREDIT_EVALUATION,2026-10-01T10:10:07.737000+00:00,0.256,APPROVED,CONFIDENTIAL
RSK_002973,CUST_002474,CREDIT_EVALUATION,2026-10-01T10:10:12.658000+00:00,0.161,APPROVED,CONFIDENTIAL
RSK_002974,CUST_001130,AML_SCREENING,2026-10-01T10:10:15.272000+00:00,0.371,APPROVED,CONFIDENTIAL
RSK_002975,CUST_001195,AML_SCREENING,2026-10-01T10:10:15.669000+00:00,0.351,APPROVED,CONFIDENTIAL
RSK_002976,CUST_007077,CREDIT_EVALUATION,2026-10-01T10:10:17.063000+00:00,0.035,APPROVED,CONFIDENTIAL
RSK_002977,CUST_004175,LOAN_SCORING,2026-10-01T10:10:21.632000+00:00,0.209,APPROVED,CONFIDENTIAL
RSK_002978,CUST_006271,FRAUD_DETECTION,2026-10-01T10:10:24.361000+00:00,0.19,APPROVED,CONFIDENTIAL
RSK_002979,CUST_002228,FRAUD_DETECTION,2026-10-01T10:10:29.310000+00:00,0.207,APPROVED,CONFIDENTIAL
RSK_002980,CUST_007749,AML_SCREENING,2026-10-01T10:10:29.964000+00:00,0.582,FLAGGED_FOR_REVIEW,CONFIDENTIAL
RSK_002981,CUST_001525,FRAUD_DETECTION,2026-10-01T10:10:30.442000+00:00,0.14,APPROVED,CONFIDENTIAL
RSK_002982,CUST_003968,CREDIT_EVALUATION,2026-10-01T10:10:34.027000+00:00,0.453,FLAGGED_FOR_REVIEW,CONFIDENTIAL
RSK_002983,CUST_008284,LOAN_SCORING,2026-10-01T10:10:36.867000+00:00,0.293,APPROVED,CONFIDENTIAL
RSK_002984,CUST_002330,CREDIT_EVALUATION,2026-10-01T10:10:37.421000+00:00,0.163,APPROVED,CONFIDENTIAL
RSK_002985,CUST_009525,CREDIT_EVALUATION,2026-10-01T10:10:37.844000+00:00,0.164,APPROVED,CONFIDENTIAL
RSK_002986,CUST_007756,CREDIT_EVALUATION,2026-10-01T10:10:39.337000+00:00,0.174,APPROVED,CONFIDENTIAL
RSK_002987,CUST_003378,FRAUD_DETECTION,2026-10-01T10:10:42.589000+00:00,0.232,APPROVED,CONFIDENTIAL
RSK_002988,CUST_004414,CREDIT_EVALUATION,2026-10-01T10:10:44.773000+00:00,0.027,APPROVED,CONFIDENTIAL
RSK_002989,CUST_001797,FRAUD_DETECTION,2026-10-01T10:10:47.154000+00:00,0.179,APPROVED,CONFIDENTIAL
RSK_002990,CUST_003537,AML_SCREENING,2026-10-01T10:10:49.347000+00:00,0.499,FLAGGED_FOR_REVIEW,CONFIDENTIAL
RSK_002991,CUST_008559,FRAUD_DETECTION,2026-10-01T10:10:53.048000+00:00,0.071,APPROVED,CONFIDENTIAL
RSK_002992,CUST_007363,AML_SCREENING,2026-10-01T10:10:55.227000+00:00,0.184,APPROVED,CONFIDENTIAL
RSK_002993,CUST_003941,FRAUD_DETECTION,2026-10-01T10:10:56.093000+00:00,0.262,APPROVED,CONFIDENTIAL
RSK_002994,CUST_000226,CREDIT_EVALUATION,2026-10-01T10:10:57.076000+00:00,0.189,APPROVED,CONFIDENTIAL
RSK_002995,CUST_006154,FRAUD_DETECTION,2026-10-01T10:11:02.026000+00:00,0.524,FLAGGED_FOR_REVIEW,CONFIDENTIAL
RSK_002996,CUST_002803,LOAN_SCORING,2026-10-01T10:11:02.556000+00:00,0.047,APPROVED,CONFIDENTIAL
RSK_002997,CUST_001625,CREDIT_EVALUATION,2026-10-01T10:11:06.966000+00:00,0.219,APPROVED,CONFIDENTIAL
RSK_002998,CUST_003245,AML_SCREENING,2026-10-01T10:11:11.123000+00:00,0.124,APPROVED,CONFIDENTIAL
RSK_002999,CUST_008710,AML_SCREENING,2026-10-01T10:11:15.486000+00:00,0.292,APPROVED,CONFIDENTIAL
RSK_003000,CUST_006226,CREDIT_EVALUATION,2026-10-01T10:11:18.448000+00:00,0.269,APPROVED,CONFIDENTIAL
RSK_003001,CUST_002448,AML_SCREENING,2026-10-01T10:11:22.709000+00:00,0.369,APPROVED,CONFIDENTIAL
RSK_003002,CUST_007456,AML_SCREENING,2026-10-01T10:11:26.205000+00:00,0.432,APPROVED,CONFIDENTIAL
RSK_003003,CUST_005050,LOAN_SCORING,2026-10-01T10:11:27.624000+00:00,0.66,FLAGGED_FOR_REVIEW,CONFIDENTIAL
RSK_003004,CUST_000015,FRAUD_DETECTION,2026-10-01T10:11:28.782000+00:00,0.307,APPROVED,CONFIDENTIAL
RSK_003005,CUST_001782,LOAN_SCORING,2026-10-01T10:11:29.850000+00:00,0.421,APPROVED,CONFIDENTIAL
RSK_003006,CUST_008461,CREDIT_EVALUATION,2026-10-01T10:11:34.743000+00:00,0.24,APPROVED,CONFIDENTIAL
RSK_003007,CUST_000447,CREDIT_EVALUATION,2026-10-01T10:11:38.792000+00:00,0.241,APPROVED,CONFIDENTIAL
RSK_003008,CUST_005721,AML_SCREENING,2026-10-01T10:11:39.346000+00:00,0.278,APPROVED,CONFIDENTIAL
RSK_003009,CUST_000741,LOAN_SCORING,2026-10-01T10:11:43.956000+00:00,0.501,FLAGGED_FOR_REVIEW,CONFIDENTIAL
RSK_003010,CUST_007788,AML_SCREENING,2026-10-01T10:11:48.751000+00:00,0.504,FLAGGED_FOR_REVIEW,CONFIDENTIAL
RSK_003011,CUST_002712,CREDIT_EVALUATION,2026-10-01T10:11:50.183000+00:00,0.271,APPROVED,CONFIDENTIAL
RSK_003012,CUST_009000,FRAUD_DETECTION,2026-10-01T10:11:53.832000+00:00,0.394,APPROVED,CONFIDENTIAL
RSK_003013,CUST_003667,LOAN_SCORING,2026-10-01T10:11:55.458000+00:00,0.197,APPROVED,CONFIDENTIAL
RSK_003014,CUST_001809,FRAUD_DETECTION,2026-10-01T10:11:56.241000+00:00,0.262,APPROVED,CONFIDENTIAL
RSK_003015,CUST_000176,AML_SCREENING,2026-10-01T10:12:00.159000+00:00,0.003,APPROVED,CONFIDENTIAL
RSK_003016,CUST_009252,CREDIT_EVALUATION,2026-10-01T10:12:00.686000+00:00,0.102,APPROVED,CONFIDENTIAL
RSK_003017,CUST_005987,LOAN_SCORING,2026-10-01T10:12:01.279000+00:00,0.224,APPROVED,CONFIDENTIAL
RSK_003018,CUST_008346,AML_SCREENING,2026-10-01T10:12:03.835000+00:00,0.394,APPROVED,CONFIDENTIAL
RSK_003019,CUST_008043,AML_SCREENING,2026-10-01T10:12:04.452000+00:00,0.115,APPROVED,CONFIDENTIAL
RSK_003020,CUST_007117,AML_SCREENING,2026-10-01T10:12:05.444000+00:00,0.266,APPROVED,CONFIDENTIAL
RSK_003021,CUST_001028,AML_SCREENING,2026-10-01T10:12:10.239000+00:00,0.558,FLAGGED_FOR_REVIEW,CONFIDENTIAL
RSK_003022,CUST_007693,AML_SCREENING,2026-10-01T10:12:10.711000+00:00,0.461,FLAGGED_FOR_REVIEW,CONFIDENTIAL
RSK_003023,CUST_008047,FRAUD_DETECTION,2026-10-01T10:12:10.955000+00:00,0.389,APPROVED,CONFIDENTIAL
RSK_003024,CUST_001656,CREDIT_EVALUATION,2026-10-01T10:12:11.627000+00:00,0.179,APPROVED,CONFIDENTIAL
RSK_003025,CUST_003647,CREDIT_EVALUATION,2026-10-01T10:12:15.455000+00:00,0.209,APPROVED,CONFIDENTIAL
RSK_003026,CUST_005641,CREDIT_EVALUATION,2026-10-01T10:12:15.940000+00:00,0.197,APPROVED,CONFIDENTIAL
RSK_003027,CUST_004610,AML_SCREENING,2026-10-01T10:12:19.722000+00:00,0.283,APPROVED,CONFIDENTIAL
RSK_003028,CUST_001458,LOAN_SCORING,2026-10-01T10:12:21.990000+00:00,0.509,FLAGGED_FOR_REVIEW,CONFIDENTIAL
RSK_003029,CUST_003679,FRAUD_DETECTION,2026-10-01T10:12:25.844000+00:00,0.432,APPROVED,CONFIDENTIAL
RSK_003030,CUST_002564,CREDIT_EVALUATION,2026-10-01T10:12:29.910000+00:00,0.227,APPROVED,CONFIDENTIAL
RSK_003031,CUST_008510,AML_SCREENING,2026-10-01T10:12:31.030000+00:00,0.216,APPROVED,CONFIDENTIAL
RSK_003032,CUST_003351,AML_SCREENING,2026-10-01T10:12:33.474000+00:00,0.369,APPROVED,CONFIDENTIAL
RSK_003033,CUST_005046,LOAN_SCORING,2026-10-01T10:12:35.170000+00:00,0.331,APPROVED,CONFIDENTIAL
RSK_003034,CUST_006049,CREDIT_EVALUATION,2026-10-01T10:12:40.152000+00:00,0.422,APPROVED,CONFIDENTIAL
RSK_003035,CUST_006519,FRAUD_DETECTION,2026-10-01T10:12:42.131000+00:00,0.016,APPROVED,CONFIDENTIAL
RSK_003036,CUST_007034,CREDIT_EVALUATION,2026-10-01T10:12:44.965000+00:00,0.232,APPROVED,CONFIDENTIAL
RSK_003037,CUST_009269,CREDIT_EVALUATION,2026-10-01T10:12:47.338000+00:00,0.3,APPROVED,CONFIDENTIAL
RSK_003038,CUST_000098,LOAN_SCORING,2026-10-01T10:12:50.995000+00:00,0.177,APPROVED,CONFIDENTIAL
RSK_003039,CUST_006158,AML_SCREENING,2026-10-01T10:12:55.754000+00:00,0.176,APPROVED,CONFIDENTIAL
RSK_003040,CUST_001246,AML_SCREENING,2026-10-01T10:12:59.053000+00:00,0.378,APPROVED,CONFIDENTIAL
RSK_003041,CUST_007817,AML_SCREENING,2026-10-01T10:13:03.274000+00:00,0.125,APPROVED,CONFIDENTIAL
RSK_003042,CUST_006171,LOAN_SCORING,2026-10-01T10:13:04.421000+00:00,0.447,APPROVED,CONFIDENTIAL
RSK_003043,CUST_005667,FRAUD_DETECTION,2026-10-01T10:13:04.894000+00:00,0.334,APPROVED,CONFIDENTIAL
RSK_003044,CUST_008178,AML_SCREENING,2026-10-01T10:13:07.334000+00:00,0.388,APPROVED,CONFIDENTIAL
RSK_003045,CUST_000695,CREDIT_EVALUATION,2026-10-01T10:13:11.271000+00:00,0.247,APPROVED,CONFIDENTIAL
RSK_003046,CUST_008881,AML_SCREENING,2026-10-01T10:13:15.229000+00:00,0.208,APPROVED,CONFIDENTIAL
RSK_003047,CUST_003980,LOAN_SCORING,2026-10-01T10:13:17.552000+00:00,0.17,APPROVED,CONFIDENTIAL
RSK_003048,CUST_009549,FRAUD_DETECTION,2026-10-01T10:13:21.072000+00:00,0.588,FLAGGED_FOR_REVIEW,CONFIDENTIAL
RSK_003049,CUST_008740,CREDIT_EVALUATION,2026-10-01T10:13:22.185000+00:00,0.186,APPROVED,CONFIDENTIAL
RSK_003050,CUST_008546,LOAN_SCORING,2026-10-01T10:13:27.136000+00:00,0.023,APPROVED,CONFIDENTIAL
RSK_003051,CUST_006568,FRAUD_DETECTION,2026-10-01T10:13:27.430000+00:00,0.299,APPROVED,CONFIDENTIAL
RSK_003052,CUST_005218,AML_SCREENING,2026-10-01T10:13:28.026000+00:00,0.778,REJECTED,CONFIDENTIAL
RSK_003053,CUST_002932,AML_SCREENING,2026-10-01T10:13:28.723000+00:00,0.423,APPROVED,CONFIDENTIAL
RSK_003054,CUST_008744,LOAN_SCORING,2026-10-01T10:13:31.699000+00:00,0.158,APPROVED,CONFIDENTIAL
RSK_003055,CUST_005632,LOAN_SCORING,2026-10-01T10:13:33.598000+00:00,0.303,APPROVED,CONFIDENTIAL
RSK_003056,CUST_004982,FRAUD_DETECTION,2026-10-01T10:13:35.066000+00:00,0.165,APPROVED,CONFIDENTIAL
RSK_003057,CUST_009704,CREDIT_EVALUATION,2026-10-01T10:13:39.503000+00:00,0.48,FLAGGED_FOR_REVIEW,CONFIDENTIAL
RSK_003058,CUST_002601,CREDIT_EVALUATION,2026-10-01T10:13:42.383000+00:00,0.046,APPROVED,CONFIDENTIAL
RSK_003059,CUST_002541,FRAUD_DETECTION,2026-10-01T10:13:43.754000+00:00,0.43,APPROVED,CONFIDENTIAL
RSK_003060,CUST_007518,LOAN_SCORING,2026-10-01T10:13:47.172000+00:00,0.065,APPROVED,CONFIDENTIAL
RSK_003061,CUST_000406,LOAN_SCORING,2026-10-01T10:13:47.779000+00:00,0.421,APPROVED,CONFIDENTIAL
RSK_003062,CUST_008572,LOAN_SCORING,2026-10-01T10:13:51.967000+00:00,0.575,FLAGGED_FOR_REVIEW,CONFIDENTIAL
RSK_003063,CUST_009890,AML_SCREENING,2026-10-01T10:13:56.365000+00:00,0.324,APPROVED,CONFIDENTIAL
RSK_003064,CUST_008858,AML_SCREENING,2026-10-01T10:13:58.452000+00:00,0.075,APPROVED,CONFIDENTIAL
RSK_003065,CUST_007471,AML_SCREENING,2026-10-01T10:14:00.706000+00:00,0.173,APPROVED,CONFIDENTIAL
RSK_003066,CUST_001792,AML_SCREENING,2026-10-01T10:14:04.958000+00:00,0.442,APPROVED,CONFIDENTIAL
RSK_003067,CUST_002457,LOAN_SCORING,2026-10-01T10:14:05.515000+00:00,0.51,FLAGGED_FOR_REVIEW,CONFIDENTIAL
RSK_003068,CUST_002740,FRAUD_DETECTION,2026-10-01T10:14:09.512000+00:00,0.102,APPROVED,CONFIDENTIAL
RSK_003069,CUST_001443,FRAUD_DETECTION,2026-10-01T10:14:10.471000+00:00,0.316,APPROVED,CONFIDENTIAL
RSK_003070,CUST_008597,AML_SCREENING,2026-10-01T10:14:12.332000+00:00,0.107,APPROVED,CONFIDENTIAL
RSK_003071,CUST_008928,CREDIT_EVALUATION,2026-10-01T10:14:16.675000+00:00,0.148,APPROVED,CONFIDENTIAL
RSK_003072,CUST_002559,LOAN_SCORING,2026-10-01T10:14:19.177000+00:00,0.121,APPROVED,CONFIDENTIAL
RSK_003073,CUST_007872,AML_SCREENING,2026-10-01T10:14:21.561000+00:00,0.086,APPROVED,CONFIDENTIAL
RSK_003074,CUST_001319,AML_SCREENING,2026-10-01T10:14:22.538000+00:00,0.018,APPROVED,CONFIDENTIAL
RSK_003075,CUST_001495,AML_SCREENING,2026-10-01T10:14:25.021000+00:00,0.273,APPROVED,CONFIDENTIAL
RSK_003076,CUST_008769,FRAUD_DETECTION,2026-10-01T10:14:29.363000+00:00,0.518,FLAGGED_FOR_REVIEW,CONFIDENTIAL
RSK_003077,CUST_008465,CREDIT_EVALUATION,2026-10-01T10:14:33.418000+00:00,0.495,FLAGGED_FOR_REVIEW,CONFIDENTIAL
RSK_003078,CUST_002275,FRAUD_DETECTION,2026-10-01T10:14:36.404000+00:00,0.111,APPROVED,CONFIDENTIAL
RSK_003079,CUST_003407,AML_SCREENING,2026-10-01T10:14:37.668000+00:00,0.161,APPROVED,CONFIDENTIAL
RSK_003080,CUST_007970,AML_SCREENING,2026-10-01T10:14:42.237000+00:00,0.52,FLAGGED_FOR_REVIEW,CONFIDENTIAL
RSK_003081,CUST_001330,FRAUD_DETECTION,2026-10-01T10:14:46.720000+00:00,0.118,APPROVED,CONFIDENTIAL
RSK_003082,CUST_006362,AML_SCREENING,2026-10-01T10:14:48.926000+00:00,0.188,APPROVED,CONFIDENTIAL
RSK_003083,CUST_005809,AML_SCREENING,2026-10-01T10:14:51.075000+00:00,0.122,APPROVED,CONFIDENTIAL
RSK_003084,CUST_006830,FRAUD_DETECTION,2026-10-01T10:14:51.372000+00:00,0.357,APPROVED,CONFIDENTIAL
RSK_003085,CUST_006678,AML_SCREENING,2026-10-01T10:14:52.090000+00:00,0.323,APPROVED,CONFIDENTIAL
RSK_003086,CUST_002117,FRAUD_DETECTION,2026-10-01T10:14:56.289000+00:00,0.311,APPROVED,CONFIDENTIAL
RSK_003087,CUST_009018,LOAN_SCORING,2026-10-01T10:14:56.874000+00:00,0.25,APPROVED,CONFIDENTIAL
RSK_003088,CUST_001651,CREDIT_EVALUATION,2026-10-01T10:15:01.218000+00:00,0.243,APPROVED,CONFIDENTIAL
RSK_003089,CUST_000354,FRAUD_DETECTION,2026-10-01T10:15:02.082000+00:00,0.07,APPROVED,CONFIDENTIAL
RSK_003090,CUST_004445,CREDIT_EVALUATION,2026-10-01T10:15:03.108000+00:00,0.329,APPROVED,CONFIDENTIAL
RSK_003091,CUST_008785,AML_SCREENING,2026-10-01T10:15:04.154000+00:00,0.055,APPROVED,CONFIDENTIAL
RSK_003092,CUST_004357,FRAUD_DETECTION,2026-10-01T10:15:04.454000+00:00,0.148,APPROVED,CONFIDENTIAL
RSK_003093,CUST_006481,FRAUD_DETECTION,2026-10-01T10:15:06.593000+00:00,0.309,APPROVED,CONFIDENTIAL
RSK_003094,CUST_002819,FRAUD_DETECTION,2026-10-01T10:15:11.399000+00:00,0.285,APPROVED,CONFIDENTIAL
RSK_003095,CUST_006088,AML_SCREENING,2026-10-01T10:15:12.712000+00:00,0.388,APPROVED,CONFIDENTIAL
RSK_003096,CUST_008919,FRAUD_DETECTION,2026-10-01T10:15:17.245000+00:00,0.145,APPROVED,CONFIDENTIAL
RSK_003097,CUST_007837,CREDIT_EVALUATION,2026-10-01T10:15:18.041000+00:00,0.206,APPROVED,CONFIDENTIAL
RSK_003098,CUST_000552,AML_SCREENING,2026-10-01T10:15:19.251000+00:00,0.157,APPROVED,CONFIDENTIAL
RSK_003099,CUST_006440,CREDIT_EVALUATION,2026-10-01T10:15:22.561000+00:00,0.436,APPROVED,CONFIDENTIAL
RSK_003100,CUST_001024,CREDIT_EVALUATION,2026-10-01T10:15:27.278000+00:00,0.341,APPROVED,CONFIDENTIAL
RSK_003101,CUST_003737,CREDIT_EVALUATION,2026-10-01T10:15:31.617000+00:00,0.187,APPROVED,CONFIDENTIAL
RSK_003102,CUST_006753,AML_SCREENING,2026-10-01T10:15:35.345000+00:00,0.084,APPROVED,CONFIDENTIAL
RSK_003103,CUST_004852,CREDIT_EVALUATION,2026-10-01T10:15:39.117000+00:00,0.575,FLAGGED_FOR_REVIEW,CONFIDENTIAL
RSK_003104,CUST_005726,AML_SCREENING,2026-10-01T10:15:41.313000+00:00,0.129,APPROVED,CONFIDENTIAL
RSK_003105,CUST_003610,AML_SCREENING,2026-10-01T10:15:45.603000+00:00,0.091,APPROVED,CONFIDENTIAL
RSK_003106,CUST_005557,LOAN_SCORING,2026-10-01T10:15:46.985000+00:00,0.215,APPROVED,CONFIDENTIAL
RSK_003107,CUST_009076,CREDIT_EVALUATION,2026-10-01T10:15:48.419000+00:00,0.507,FLAGGED_FOR_REVIEW,CONFIDENTIAL
RSK_003108,CUST_008574,AML_SCREENING,2026-10-01T10:15:48.711000+00:00,0.156,APPROVED,CONFIDENTIAL
RSK_003109,CUST_002027,CREDIT_EVALUATION,2026-10-01T10:15:51.353000+00:00,0.197,APPROVED,CONFIDENTIAL
RSK_003110,CUST_004868,FRAUD_DETECTION,2026-10-01T10:15:53.254000+00:00,0.435,APPROVED,CONFIDENTIAL
RSK_003111,CUST_005877,FRAUD_DETECTION,2026-10-01T10:15:54.977000+00:00,0.304,APPROVED,CONFIDENTIAL
RSK_003112,CUST_002648,CREDIT_EVALUATION,2026-10-01T10:15:58.734000+00:00,0.345,APPROVED,CONFIDENTIAL
RSK_003113,CUST_007802,LOAN_SCORING,2026-10-01T10:16:03.410000+00:00,0.463,FLAGGED_FOR_REVIEW,CONFIDENTIAL
RSK_003114,CUST_004319,FRAUD_DETECTION,2026-10-01T10:16:07.549000+00:00,0.324,APPROVED,CONFIDENTIAL
RSK_003115,CUST_008739,LOAN_SCORING,2026-10-01T10:16:08.773000+00:00,0.575,FLAGGED_FOR_REVIEW,CONFIDENTIAL
RSK_003116,CUST_002271,CREDIT_EVALUATION,2026-10-01T10:16:11.997000+00:00,0.02,APPROVED,CONFIDENTIAL
RSK_003117,CUST_008830,CREDIT_EVALUATION,2026-10-01T10:16:14.415000+00:00,0.116,APPROVED,CONFIDENTIAL
RSK_003118,CUST_007469,FRAUD_DETECTION,2026-10-01T10:16:15.898000+00:00,0.258,APPROVED,CONFIDENTIAL
RSK_003119,CUST_004451,AML_SCREENING,2026-10-01T10:16:20.322000+00:00,0.082,APPROVED,CONFIDENTIAL
RSK_003120,CUST_008898,CREDIT_EVALUATION,2026-10-01T10:16:21.372000+00:00,0.501,FLAGGED_FOR_REVIEW,CONFIDENTIAL
RSK_003121,CUST_002954,LOAN_SCORING,2026-10-01T10:16:26.150000+00:00,0.374,APPROVED,CONFIDENTIAL
RSK_003122,CUST_008369,LOAN_SCORING,2026-10-01T10:16:29.908000+00:00,0.316,APPROVED,CONFIDENTIAL
RSK_003123,CUST_003263,CREDIT_EVALUATION,2026-10-01T10:16:31.079000+00:00,0.149,APPROVED,CONFIDENTIAL
RSK_003124,CUST_003683,AML_SCREENING,2026-10-01T10:16:34.426000+00:00,0.101,APPROVED,CONFIDENTIAL
RSK_003125,CUST_006614,FRAUD_DETECTION,2026-10-01T10:16:38.547000+00:00,0.2,APPROVED,CONFIDENTIAL
RSK_003126,CUST_009661,LOAN_SCORING,2026-10-01T10:16:42.747000+00:00,0.25,APPROVED,CONFIDENTIAL
RSK_003127,CUST_001250,CREDIT_EVALUATION,2026-10-01T10:16:47.686000+00:00,0.099,APPROVED,CONFIDENTIAL
RSK_003128,CUST_003782,LOAN_SCORING,2026-10-01T10:16:49.435000+00:00,0.273,APPROVED,CONFIDENTIAL
RSK_003129,CUST_009969,LOAN_SCORING,2026-10-01T10:16:51.950000+00:00,0.21,APPROVED,CONFIDENTIAL
RSK_003130,CUST_002096,FRAUD_DETECTION,2026-10-01T10:16:56.935000+00:00,0.466,FLAGGED_FOR_REVIEW,CONFIDENTIAL
RSK_003131,CUST_003718,CREDIT_EVALUATION,2026-10-01T10:16:59.386000+00:00,0.184,APPROVED,CONFIDENTIAL
RSK_003132,CUST_007703,LOAN_SCORING,2026-10-01T10:17:03.428000+00:00,0.256,APPROVED,CONFIDENTIAL
RSK_003133,CUST_007851,FRAUD_DETECTION,2026-10-01T10:17:06.220000+00:00,0.286,APPROVED,CONFIDENTIAL
RSK_003134,CUST_008932,AML_SCREENING,2026-10-01T10:17:10.192000+00:00,0.454,FLAGGED_FOR_REVIEW,CONFIDENTIAL
RSK_003135,CUST_004803,AML_SCREENING,2026-10-01T10:17:11.624000+00:00,0.39,APPROVED,CONFIDENTIAL
RSK_003136,CUST_006062,CREDIT_EVALUATION,2026-10-01T10:17:12.245000+00:00,0.342,APPROVED,CONFIDENTIAL
RSK_003137,CUST_002342,AML_SCREENING,2026-10-01T10:17:16.608000+00:00,0.255,APPROVED,CONFIDENTIAL
RSK_003138,CUST_003163,CREDIT_EVALUATION,2026-10-01T10:17:18.226000+00:00,0.579,FLAGGED_FOR_REVIEW,CONFIDENTIAL
RSK_003139,CUST_006302,CREDIT_EVALUATION,2026-10-01T10:17:19.922000+00:00,0.49,FLAGGED_FOR_REVIEW,CONFIDENTIAL
RSK_003140,CUST_001824,LOAN_SCORING,2026-10-01T10:17:21.864000+00:00,0.305,APPROVED,CONFIDENTIAL
RSK_003141,CUST_006366,CREDIT_EVALUATION,2026-10-01T10:17:24.115000+00:00,0.254,APPROVED,CONFIDENTIAL
RSK_003142,CUST_004595,CREDIT_EVALUATION,2026-10-01T10:17:27.695000+00:00,0.165,APPROVED,CONFIDENTIAL
RSK_003143,CUST_000008,FRAUD_DETECTION,2026-10-01T10:17:29.065000+00:00,0.292,APPROVED,CONFIDENTIAL
RSK_003144,CUST_002920,FRAUD_DETECTION,2026-10-01T10:17:32.906000+00:00,0.059,APPROVED,CONFIDENTIAL
RSK_003145,CUST_004973,LOAN_SCORING,2026-10-01T10:17:37.617000+00:00,0.141,APPROVED,CONFIDENTIAL
RSK_003146,CUST_005835,CREDIT_EVALUATION,2026-10-01T10:17:40.971000+00:00,0.29,APPROVED,CONFIDENTIAL
RSK_003147,CUST_008680,FRAUD_DETECTION,2026-10-01T10:17:45.586000+00:00,0.123,APPROVED,CONFIDENTIAL
RSK_003148,CUST_000871,CREDIT_EVALUATION,2026-10-01T10:17:46.085000+00:00,0.174,APPROVED,CONFIDENTIAL
RSK_003149,CUST_009201,FRAUD_DETECTION,2026-10-01T10:17:49.797000+00:00,0.153,APPROVED,CONFIDENTIAL
RSK_003150,CUST_003700,AML_SCREENING,2026-10-01T10:17:53.211000+00:00,0.165,APPROVED,CONFIDENTIAL
RSK_003151,CUST_007162,CREDIT_EVALUATION,2026-10-01T10:17:53.514000+00:00,0.151,APPROVED,CONFIDENTIAL
RSK_003152,CUST_003069,FRAUD_DETECTION,2026-10-01T10:17:56.334000+00:00,0.148,APPROVED,CONFIDENTIAL
RSK_003153,CUST_008920,LOAN_SCORING,2026-10-01T10:17:56.632000+00:00,0.544,FLAGGED_FOR_REVIEW,CONFIDENTIAL
RSK_003154,CUST_002497,CREDIT_EVALUATION,2026-10-01T10:18:01.126000+00:00,0.229,APPROVED,CONFIDENTIAL
RSK_003155,CUST_009466,FRAUD_DETECTION,2026-10-01T10:18:04.140000+00:00,0.275,APPROVED,CONFIDENTIAL
RSK_003156,CUST_002888,AML_SCREENING,2026-10-01T10:18:04.928000+00:00,0.357,APPROVED,CONFIDENTIAL
RSK_003157,CUST_001644,AML_SCREENING,2026-10-01T10:18:06.452000+00:00,0.242,APPROVED,CONFIDENTIAL
RSK_003158,CUST_005852,FRAUD_DETECTION,2026-10-01T10:18:10.288000+00:00,0.274,APPROVED,CONFIDENTIAL
RSK_003159,CUST_003057,AML_SCREENING,2026-10-01T10:18:14.066000+00:00,0.082,APPROVED,CONFIDENTIAL
RSK_003160,CUST_005052,AML_SCREENING,2026-10-01T10:18:17.024000+00:00,0.032,APPROVED,CONFIDENTIAL
RSK_003161,CUST_000404,FRAUD_DETECTION,2026-10-01T10:18:18.389000+00:00,0.611,FLAGGED_FOR_REVIEW,CONFIDENTIAL
RSK_003162,CUST_004030,FRAUD_DETECTION,2026-10-01T10:18:20.063000+00:00,0.248,APPROVED,CONFIDENTIAL
RSK_003163,CUST_002806,LOAN_SCORING,2026-10-01T10:18:21.277000+00:00,0.237,APPROVED,CONFIDENTIAL
RSK_003164,CUST_008415,FRAUD_DETECTION,2026-10-01T10:18:22.991000+00:00,0.351,APPROVED,CONFIDENTIAL
RSK_003165,CUST_007412,FRAUD_DETECTION,2026-10-01T10:18:23.550000+00:00,0.254,APPROVED,CONFIDENTIAL
RSK_003166,CUST_001050,AML_SCREENING,2026-10-01T10:18:25.497000+00:00,0.307,APPROVED,CONFIDENTIAL
RSK_003167,CUST_004389,CREDIT_EVALUATION,2026-10-01T10:18:28.820000+00:00,0.057,APPROVED,CONFIDENTIAL
RSK_003168,CUST_009032,AML_SCREENING,2026-10-01T10:18:31.252000+00:00,0.133,APPROVED,CONFIDENTIAL
RSK_003169,CUST_001828,CREDIT_EVALUATION,2026-10-01T10:18:31.599000+00:00,0.401,APPROVED,CONFIDENTIAL
RSK_003170,CUST_005184,FRAUD_DETECTION,2026-10-01T10:18:34.469000+00:00,0.085,APPROVED,CONFIDENTIAL
RSK_003171,CUST_004265,FRAUD_DETECTION,2026-10-01T10:18:38.799000+00:00,0.483,FLAGGED_FOR_REVIEW,CONFIDENTIAL
RSK_003172,CUST_008939,FRAUD_DETECTION,2026-10-01T10:18:40.415000+00:00,0.087,APPROVED,CONFIDENTIAL
RSK_003173,CUST_002849,LOAN_SCORING,2026-10-01T10:18:42.377000+00:00,0.248,APPROVED,CONFIDENTIAL
RSK_003174,CUST_004132,CREDIT_EVALUATION,2026-10-01T10:18:44.566000+00:00,0.446,APPROVED,CONFIDENTIAL
RSK_003175,CUST_004759,CREDIT_EVALUATION,2026-10-01T10:18:46.392000+00:00,0.106,APPROVED,CONFIDENTIAL
RSK_003176,CUST_008463,LOAN_SCORING,2026-10-01T10:18:48.329000+00:00,0.251,APPROVED,CONFIDENTIAL
RSK_003177,CUST_001716,AML_SCREENING,2026-10-01T10:18:50.072000+00:00,0.289,APPROVED,CONFIDENTIAL
RSK_003178,CUST_001517,FRAUD_DETECTION,2026-10-01T10:18:54.973000+00:00,0.039,APPROVED,CONFIDENTIAL
RSK_003179,CUST_008895,FRAUD_DETECTION,2026-10-01T10:18:55.475000+00:00,0.801,REJECTED,CONFIDENTIAL
RSK_003180,CUST_007306,AML_SCREENING,2026-10-01T10:18:57.024000+00:00,0.221,APPROVED,CONFIDENTIAL
RSK_003181,CUST_001568,LOAN_SCORING,2026-10-01T10:18:59.640000+00:00,0.336,APPROVED,CONFIDENTIAL
RSK_003182,CUST_002891,LOAN_SCORING,2026-10-01T10:19:00.619000+00:00,0.325,APPROVED,CONFIDENTIAL
RSK_003183,CUST_004948,AML_SCREENING,2026-10-01T10:19:01.059000+00:00,0.131,APPROVED,CONFIDENTIAL
RSK_003184,CUST_009771,CREDIT_EVALUATION,2026-10-01T10:19:01.745000+00:00,0.216,APPROVED,CONFIDENTIAL
RSK_003185,CUST_008276,LOAN_SCORING,2026-10-01T10:19:02.096000+00:00,0.37,APPROVED,CONFIDENTIAL
RSK_003186,CUST_001196,LOAN_SCORING,2026-10-01T10:19:04.637000+00:00,0.15,APPROVED,CONFIDENTIAL
RSK_003187,CUST_006412,CREDIT_EVALUATION,2026-10-01T10:19:09.460000+00:00,0.481,FLAGGED_FOR_REVIEW,CONFIDENTIAL
RSK_003188,CUST_000697,FRAUD_DETECTION,2026-10-01T10:19:12.924000+00:00,0.131,APPROVED,CONFIDENTIAL
RSK_003189,CUST_004349,LOAN_SCORING,2026-10-01T10:19:14.539000+00:00,0.443,APPROVED,CONFIDENTIAL
RSK_003190,CUST_007873,FRAUD_DETECTION,2026-10-01T10:19:17.942000+00:00,0.272,APPROVED,CONFIDENTIAL
RSK_003191,CUST_002693,AML_SCREENING,2026-10-01T10:19:22.161000+00:00,0.349,APPROVED,CONFIDENTIAL
RSK_003192,CUST_007382,AML_SCREENING,2026-10-01T10:19:22.877000+00:00,0.392,APPROVED,CONFIDENTIAL
RSK_003193,CUST_005339,FRAUD_DETECTION,2026-10-01T10:19:25.391000+00:00,0.201,APPROVED,CONFIDENTIAL
RSK_003194,CUST_008899,FRAUD_DETECTION,2026-10-01T10:19:27.123000+00:00,0.271,APPROVED,CONFIDENTIAL
RSK_003195,CUST_007929,LOAN_SCORING,2026-10-01T10:19:27.763000+00:00,0.144,APPROVED,CONFIDENTIAL
RSK_003196,CUST_007925,FRAUD_DETECTION,2026-10-01T10:19:30.211000+00:00,0.161,APPROVED,CONFIDENTIAL
RSK_003197,CUST_002611,AML_SCREENING,2026-10-01T10:19:32.621000+00:00,0.206,APPROVED,CONFIDENTIAL
RSK_003198,CUST_008581,AML_SCREENING,2026-10-01T10:19:33.724000+00:00,0.37,APPROVED,CONFIDENTIAL
RSK_003199,CUST_000711,CREDIT_EVALUATION,2026-10-01T10:19:38.560000+00:00,0.274,APPROVED,CONFIDENTIAL
RSK_003200,CUST_000266,AML_SCREENING,2026-10-01T10:19:39.191000+00:00,0.393,APPROVED,CONFIDENTIAL
RSK_003201,CUST_007322,CREDIT_EVALUATION,2026-10-01T10:19:42.553000+00:00,0.68,FLAGGED_FOR_REVIEW,CONFIDENTIAL
RSK_003202,CUST_006166,CREDIT_EVALUATION,2026-10-01T10:19:47.047000+00:00,0.339,APPROVED,CONFIDENTIAL
RSK_003203,CUST_007503,AML_SCREENING,2026-10-01T10:19:47.859000+00:00,0.268,APPROVED,CONFIDENTIAL
RSK_003204,CUST_001976,AML_SCREENING,2026-10-01T10:19:48.944000+00:00,0.59,FLAGGED_FOR_REVIEW,CONFIDENTIAL
RSK_003205,CUST_000933,AML_SCREENING,2026-10-01T10:19:51.975000+00:00,0.385,APPROVED,CONFIDENTIAL
RSK_003206,CUST_006663,LOAN_SCORING,2026-10-01T10:19:55.605000+00:00,0.195,APPROVED,CONFIDENTIAL
RSK_003207,CUST_001928,LOAN_SCORING,2026-10-01T10:19:56.223000+00:00,0.33,APPROVED,CONFIDENTIAL
RSK_003208,CUST_007968,FRAUD_DETECTION,2026-10-01T10:20:00.014000+00:00,0.277,APPROVED,CONFIDENTIAL
RSK_003209,CUST_009127,AML_SCREENING,2026-10-01T10:20:02.497000+00:00,0.306,APPROVED,CONFIDENTIAL
RSK_003210,CUST_001517,LOAN_SCORING,2026-10-01T10:20:07.224000+00:00,0.229,APPROVED,CONFIDENTIAL
RSK_003211,CUST_005935,FRAUD_DETECTION,2026-10-01T10:20:11.075000+00:00,0.048,APPROVED,CONFIDENTIAL
RSK_003212,CUST_003129,FRAUD_DETECTION,2026-10-01T10:20:12.238000+00:00,0.319,APPROVED,CONFIDENTIAL
RSK_003213,CUST_005700,LOAN_SCORING,2026-10-01T10:20:14.670000+00:00,0.268,APPROVED,CONFIDENTIAL
RSK_003214,CUST_001123,FRAUD_DETECTION,2026-10-01T10:20:16.725000+00:00,0.112,APPROVED,CONFIDENTIAL
RSK_003215,CUST_009536,FRAUD_DETECTION,2026-10-01T10:20:19.405000+00:00,0.247,APPROVED,CONFIDENTIAL
RSK_003216,CUST_008605,FRAUD_DETECTION,2026-10-01T10:20:23.525000+00:00,0.329,APPROVED,CONFIDENTIAL
RSK_003217,CUST_007526,CREDIT_EVALUATION,2026-10-01T10:20:28.465000+00:00,0.31,APPROVED,CONFIDENTIAL
RSK_003218,CUST_008735,CREDIT_EVALUATION,2026-10-01T10:20:32.368000+00:00,0.563,FLAGGED_FOR_REVIEW,CONFIDENTIAL
RSK_003219,CUST_001542,AML_SCREENING,2026-10-01T10:20:35.449000+00:00,0.227,APPROVED,CONFIDENTIAL
RSK_003220,CUST_007149,AML_SCREENING,2026-10-01T10:20:38.435000+00:00,0.27,APPROVED,CONFIDENTIAL
RSK_003221,CUST_007153,AML_SCREENING,2026-10-01T10:20:38.936000+00:00,0.351,APPROVED,CONFIDENTIAL
RSK_003222,CUST_005158,FRAUD_DETECTION,2026-10-01T10:20:40.364000+00:00,0.152,APPROVED,CONFIDENTIAL
RSK_003223,CUST_008614,FRAUD_DETECTION,2026-10-01T10:20:43.672000+00:00,0.134,APPROVED,CONFIDENTIAL
RSK_003224,CUST_007077,AML_SCREENING,2026-10-01T10:20:48.393000+00:00,0.084,APPROVED,CONFIDENTIAL
RSK_003225,CUST_004604,LOAN_SCORING,2026-10-01T10:20:49.998000+00:00,0.133,APPROVED,CONFIDENTIAL
RSK_003226,CUST_009769,FRAUD_DETECTION,2026-10-01T10:20:50.772000+00:00,0.097,APPROVED,CONFIDENTIAL
RSK_003227,CUST_002468,FRAUD_DETECTION,2026-10-01T10:20:53.511000+00:00,0.076,APPROVED,CONFIDENTIAL
RSK_003228,CUST_009964,CREDIT_EVALUATION,2026-10-01T10:20:57.277000+00:00,0.139,APPROVED,CONFIDENTIAL
RSK_003229,CUST_003820,LOAN_SCORING,2026-10-01T10:21:01.242000+00:00,0.317,APPROVED,CONFIDENTIAL
RSK_003230,CUST_003047,CREDIT_EVALUATION,2026-10-01T10:21:05.878000+00:00,0.247,APPROVED,CONFIDENTIAL
RSK_003231,CUST_003428,FRAUD_DETECTION,2026-10-01T10:21:07.485000+00:00,0.535,FLAGGED_FOR_REVIEW,CONFIDENTIAL
RSK_003232,CUST_009302,FRAUD_DETECTION,2026-10-01T10:21:11.724000+00:00,0.119,APPROVED,CONFIDENTIAL
RSK_003233,CUST_007181,AML_SCREENING,2026-10-01T10:21:15.641000+00:00,0.264,APPROVED,CONFIDENTIAL
RSK_003234,CUST_002598,FRAUD_DETECTION,2026-10-01T10:21:16.850000+00:00,0.21,APPROVED,CONFIDENTIAL
RSK_003235,CUST_001311,AML_SCREENING,2026-10-01T10:21:19.952000+00:00,0.195,APPROVED,CONFIDENTIAL
RSK_003236,CUST_007387,FRAUD_DETECTION,2026-10-01T10:21:22.762000+00:00,0.143,APPROVED,CONFIDENTIAL
RSK_003237,CUST_000446,LOAN_SCORING,2026-10-01T10:21:23.108000+00:00,0.078,APPROVED,CONFIDENTIAL
RSK_003238,CUST_006002,LOAN_SCORING,2026-10-01T10:21:24.606000+00:00,0.189,APPROVED,CONFIDENTIAL
RSK_003239,CUST_003473,FRAUD_DETECTION,2026-10-01T10:21:26.634000+00:00,0.139,APPROVED,CONFIDENTIAL
RSK_003240,CUST_003422,CREDIT_EVALUATION,2026-10-01T10:21:28.701000+00:00,0.316,APPROVED,CONFIDENTIAL
RSK_003241,CUST_001052,FRAUD_DETECTION,2026-10-01T10:21:29.721000+00:00,0.11,APPROVED,CONFIDENTIAL
RSK_003242,CUST_004612,CREDIT_EVALUATION,2026-10-01T10:21:33.363000+00:00,0.089,APPROVED,CONFIDENTIAL
RSK_003243,CUST_008049,AML_SCREENING,2026-10-01T10:21:34.426000+00:00,0.654,FLAGGED_FOR_REVIEW,CONFIDENTIAL
RSK_003244,CUST_007747,LOAN_SCORING,2026-10-01T10:21:38.249000+00:00,0.344,APPROVED,CONFIDENTIAL
RSK_003245,CUST_001476,CREDIT_EVALUATION,2026-10-01T10:21:42.888000+00:00,0.498,FLAGGED_FOR_REVIEW,CONFIDENTIAL
RSK_003246,CUST_000685,CREDIT_EVALUATION,2026-10-01T10:21:46.778000+00:00,0.267,APPROVED,CONFIDENTIAL
RSK_003247,CUST_008472,FRAUD_DETECTION,2026-10-01T10:21:50.001000+00:00,0.466,FLAGGED_FOR_REVIEW,CONFIDENTIAL
RSK_003248,CUST_009240,AML_SCREENING,2026-10-01T10:21:53.985000+00:00,0.357,APPROVED,CONFIDENTIAL
RSK_003249,CUST_002200,AML_SCREENING,2026-10-01T10:21:56.851000+00:00,0.496,FLAGGED_FOR_REVIEW,CONFIDENTIAL
RSK_003250,CUST_003936,FRAUD_DETECTION,2026-10-01T10:21:57.656000+00:00,0.332,APPROVED,CONFIDENTIAL
RSK_003251,CUST_005790,AML_SCREENING,2026-10-01T10:21:59.425000+00:00,0.461,FLAGGED_FOR_REVIEW,CONFIDENTIAL
RSK_003252,CUST_009916,AML_SCREENING,2026-10-01T10:21:59.795000+00:00,0.453,FLAGGED_FOR_REVIEW,CONFIDENTIAL
RSK_003253,CUST_000542,AML_SCREENING,2026-10-01T10:22:03.428000+00:00,0.425,APPROVED,CONFIDENTIAL
RSK_003254,CUST_002105,LOAN_SCORING,2026-10-01T10:22:04.568000+00:00,0.224,APPROVED,CONFIDENTIAL
RSK_003255,CUST_002442,FRAUD_DETECTION,2026-10-01T10:22:07.879000+00:00,0.105,APPROVED,CONFIDENTIAL
RSK_003256,CUST_007948,CREDIT_EVALUATION,2026-10-01T10:22:08.563000+00:00,0.718,REJECTED,CONFIDENTIAL
RSK_003257,CUST_006332,LOAN_SCORING,2026-10-01T10:22:10.359000+00:00,0.286,APPROVED,CONFIDENTIAL
RSK_003258,CUST_007075,FRAUD_DETECTION,2026-10-01T10:22:14.989000+00:00,0.176,APPROVED,CONFIDENTIAL
RSK_003259,CUST_000439,LOAN_SCORING,2026-10-01T10:22:15.795000+00:00,0.806,REJECTED,CONFIDENTIAL
RSK_003260,CUST_000114,LOAN_SCORING,2026-10-01T10:22:18.491000+00:00,0.15,APPROVED,CONFIDENTIAL
RSK_003261,CUST_009511,FRAUD_DETECTION,2026-10-01T10:22:22.094000+00:00,0.334,APPROVED,CONFIDENTIAL
RSK_003262,CUST_002247,LOAN_SCORING,2026-10-01T10:22:25.271000+00:00,0.257,APPROVED,CONFIDENTIAL
RSK_003263,CUST_007688,AML_SCREENING,2026-10-01T10:22:28.834000+00:00,0.159,APPROVED,CONFIDENTIAL
RSK_003264,CUST_004620,LOAN_SCORING,2026-10-01T10:22:31.981000+00:00,0.401,APPROVED,CONFIDENTIAL
RSK_003265,CUST_007402,AML_SCREENING,2026-10-01T10:22:32.845000+00:00,0.367,APPROVED,CONFIDENTIAL
RSK_003266,CUST_006367,FRAUD_DETECTION,2026-10-01T10:22:33.437000+00:00,0.159,APPROVED,CONFIDENTIAL
RSK_003267,CUST_009599,CREDIT_EVALUATION,2026-10-01T10:22:35.121000+00:00,0.198,APPROVED,CONFIDENTIAL
RSK_003268,CUST_006846,LOAN_SCORING,2026-10-01T10:22:40.089000+00:00,0.307,APPROVED,CONFIDENTIAL
RSK_003269,CUST_002794,LOAN_SCORING,2026-10-01T10:22:42.589000+00:00,0.377,APPROVED,CONFIDENTIAL
RSK_003270,CUST_000916,CREDIT_EVALUATION,2026-10-01T10:22:44.525000+00:00,0.195,APPROVED,CONFIDENTIAL
RSK_003271,CUST_007136,LOAN_SCORING,2026-10-01T10:22:45.523000+00:00,0.371,APPROVED,CONFIDENTIAL
RSK_003272,CUST_001966,AML_SCREENING,2026-10-01T10:22:48.944000+00:00,0.169,APPROVED,CONFIDENTIAL
RSK_003273,CUST_004895,CREDIT_EVALUATION,2026-10-01T10:22:53.016000+00:00,0.347,APPROVED,CONFIDENTIAL
RSK_003274,CUST_006532,LOAN_SCORING,2026-10-01T10:22:53.586000+00:00,0.248,APPROVED,CONFIDENTIAL
RSK_003275,CUST_004674,LOAN_SCORING,2026-10-01T10:22:54.956000+00:00,0.141,APPROVED,CONFIDENTIAL
RSK_003276,CUST_004472,CREDIT_EVALUATION,2026-10-01T10:22:57.910000+00:00,0.528,FLAGGED_FOR_REVIEW,CONFIDENTIAL
RSK_003277,CUST_007357,AML_SCREENING,2026-10-01T10:23:01.606000+00:00,0.379,APPROVED,CONFIDENTIAL
RSK_003278,CUST_003224,AML_SCREENING,2026-10-01T10:23:06.274000+00:00,0.606,FLAGGED_FOR_REVIEW,CONFIDENTIAL
RSK_003279,CUST_007244,CREDIT_EVALUATION,2026-10-01T10:23:10.796000+00:00,0.216,APPROVED,CONFIDENTIAL
RSK_003280,CUST_007511,LOAN_SCORING,2026-10-01T10:23:12.416000+00:00,0.287,APPROVED,CONFIDENTIAL
RSK_003281,CUST_001381,FRAUD_DETECTION,2026-10-01T10:23:16.787000+00:00,0.378,APPROVED,CONFIDENTIAL
RSK_003282,CUST_006558,AML_SCREENING,2026-10-01T10:23:17.072000+00:00,0.064,APPROVED,CONFIDENTIAL
RSK_003283,CUST_005426,FRAUD_DETECTION,2026-10-01T10:23:18.275000+00:00,0.159,APPROVED,CONFIDENTIAL
RSK_003284,CUST_006588,FRAUD_DETECTION,2026-10-01T10:23:20.711000+00:00,0.314,APPROVED,CONFIDENTIAL
RSK_003285,CUST_005795,AML_SCREENING,2026-10-01T10:23:25.579000+00:00,0.151,APPROVED,CONFIDENTIAL
RSK_003286,CUST_001225,LOAN_SCORING,2026-10-01T10:23:30.062000+00:00,0.261,APPROVED,CONFIDENTIAL
RSK_003287,CUST_005578,AML_SCREENING,2026-10-01T10:23:32.383000+00:00,0.254,APPROVED,CONFIDENTIAL
RSK_003288,CUST_004173,FRAUD_DETECTION,2026-10-01T10:23:32.818000+00:00,0.241,APPROVED,CONFIDENTIAL
RSK_003289,CUST_008498,LOAN_SCORING,2026-10-01T10:23:33.462000+00:00,0.657,FLAGGED_FOR_REVIEW,CONFIDENTIAL
RSK_003290,CUST_000519,AML_SCREENING,2026-10-01T10:23:33.706000+00:00,0.146,APPROVED,CONFIDENTIAL
RSK_003291,CUST_008996,FRAUD_DETECTION,2026-10-01T10:23:36.107000+00:00,0.249,APPROVED,CONFIDENTIAL
RSK_003292,CUST_003969,AML_SCREENING,2026-10-01T10:23:39.479000+00:00,0.344,APPROVED,CONFIDENTIAL
RSK_003293,CUST_008326,FRAUD_DETECTION,2026-10-01T10:23:41.253000+00:00,0.16,APPROVED,CONFIDENTIAL
RSK_003294,CUST_008764,FRAUD_DETECTION,2026-10-01T10:23:42.961000+00:00,0.679,FLAGGED_FOR_REVIEW,CONFIDENTIAL
RSK_003295,CUST_005926,AML_SCREENING,2026-10-01T10:23:43.962000+00:00,0.14,APPROVED,CONFIDENTIAL
RSK_003296,CUST_008124,FRAUD_DETECTION,2026-10-01T10:23:45.303000+00:00,0.129,APPROVED,CONFIDENTIAL
RSK_003297,CUST_001490,LOAN_SCORING,2026-10-01T10:23:46.221000+00:00,0.267,APPROVED,CONFIDENTIAL
RSK_003298,CUST_005621,FRAUD_DETECTION,2026-10-01T10:23:50.215000+00:00,0.114,APPROVED,CONFIDENTIAL
RSK_003299,CUST_008032,FRAUD_DETECTION,2026-10-01T10:23:55.157000+00:00,0.274,APPROVED,CONFIDENTIAL
RSK_003300,CUST_008887,AML_SCREENING,2026-10-01T10:23:56.628000+00:00,0.115,APPROVED,CONFIDENTIAL
RSK_003301,CUST_000108,LOAN_SCORING,2026-10-01T10:23:57.942000+00:00,0.37,APPROVED,CONFIDENTIAL
RSK_003302,CUST_003093,CREDIT_EVALUATION,2026-10-01T10:23:59.190000+00:00,0.325,APPROVED,CONFIDENTIAL
RSK_003303,CUST_008586,LOAN_SCORING,2026-10-01T10:24:02.132000+00:00,0.339,APPROVED,CONFIDENTIAL
RSK_003304,CUST_004783,AML_SCREENING,2026-10-01T10:24:03.671000+00:00,0.182,APPROVED,CONFIDENTIAL
RSK_003305,CUST_003677,CREDIT_EVALUATION,2026-10-01T10:24:06.110000+00:00,0.448,APPROVED,CONFIDENTIAL
RSK_003306,CUST_001172,AML_SCREENING,2026-10-01T10:24:06.919000+00:00,0.406,APPROVED,CONFIDENTIAL
RSK_003307,CUST_004847,CREDIT_EVALUATION,2026-10-01T10:24:08.106000+00:00,0.395,APPROVED,CONFIDENTIAL
RSK_003308,CUST_002582,FRAUD_DETECTION,2026-10-01T10:24:10.296000+00:00,0.315,APPROVED,CONFIDENTIAL
RSK_003309,CUST_001282,LOAN_SCORING,2026-10-01T10:24:12.437000+00:00,0.428,APPROVED,CONFIDENTIAL
RSK_003310,CUST_007500,LOAN_SCORING,2026-10-01T10:24:15.977000+00:00,0.177,APPROVED,CONFIDENTIAL
RSK_003311,CUST_004694,CREDIT_EVALUATION,2026-10-01T10:24:16.211000+00:00,0.191,APPROVED,CONFIDENTIAL
RSK_003312,CUST_008159,FRAUD_DETECTION,2026-10-01T10:24:18.701000+00:00,0.057,APPROVED,CONFIDENTIAL
RSK_003313,CUST_000257,FRAUD_DETECTION,2026-10-01T10:24:23.031000+00:00,0.136,APPROVED,CONFIDENTIAL
RSK_003314,CUST_005065,FRAUD_DETECTION,2026-10-01T10:24:24.177000+00:00,0.191,APPROVED,CONFIDENTIAL
RSK_003315,CUST_003045,CREDIT_EVALUATION,2026-10-01T10:24:28.315000+00:00,0.112,APPROVED,CONFIDENTIAL
RSK_003316,CUST_007180,AML_SCREENING,2026-10-01T10:24:28.672000+00:00,0.261,APPROVED,CONFIDENTIAL
RSK_003317,CUST_004506,CREDIT_EVALUATION,2026-10-01T10:24:30.728000+00:00,0.674,FLAGGED_FOR_REVIEW,CONFIDENTIAL
RSK_003318,CUST_003942,FRAUD_DETECTION,2026-10-01T10:24:32.463000+00:00,0.283,APPROVED,CONFIDENTIAL
RSK_003319,CUST_003084,CREDIT_EVALUATION,2026-10-01T10:24:36.767000+00:00,0.182,APPROVED,CONFIDENTIAL
RSK_003320,CUST_006338,CREDIT_EVALUATION,2026-10-01T10:24:37.838000+00:00,0.175,APPROVED,CONFIDENTIAL
RSK_003321,CUST_008399,CREDIT_EVALUATION,2026-10-01T10:24:42.282000+00:00,0.583,FLAGGED_FOR_REVIEW,CONFIDENTIAL
RSK_003322,CUST_002927,FRAUD_DETECTION,2026-10-01T10:24:44.394000+00:00,0.729,REJECTED,CONFIDENTIAL
RSK_003323,CUST_004847,CREDIT_EVALUATION,2026-10-01T10:24:47.364000+00:00,0.341,APPROVED,CONFIDENTIAL
RSK_003324,CUST_009906,CREDIT_EVALUATION,2026-10-01T10:24:50.818000+00:00,0.167,APPROVED,CONFIDENTIAL
RSK_003325,CUST_007235,LOAN_SCORING,2026-10-01T10:24:55.445000+00:00,0.251,APPROVED,CONFIDENTIAL
RSK_003326,CUST_008112,LOAN_SCORING,2026-10-01T10:24:55.931000+00:00,0.493,FLAGGED_FOR_REVIEW,CONFIDENTIAL
RSK_003327,CUST_006569,AML_SCREENING,2026-10-01T10:24:58+00:00,0.229,APPROVED,CONFIDENTIAL
RSK_003328,CUST_008491,AML_SCREENING,2026-10-01T10:24:58.943000+00:00,0.04,APPROVED,CONFIDENTIAL
RSK_003329,CUST_001384,CREDIT_EVALUATION,2026-10-01T10:25:00.103000+00:00,0.238,APPROVED,CONFIDENTIAL
RSK_003330,CUST_004339,FRAUD_DETECTION,2026-10-01T10:25:04.404000+00:00,0.088,APPROVED,CONFIDENTIAL
RSK_003331,CUST_001134,AML_SCREENING,2026-10-01T10:25:06.365000+00:00,0.702,REJECTED,CONFIDENTIAL
RSK_003332,CUST_003223,AML_SCREENING,2026-10-01T10:25:09.452000+00:00,0.772,REJECTED,CONFIDENTIAL
RSK_003333,CUST_009453,LOAN_SCORING,2026-10-01T10:25:13.728000+00:00,0.496,FLAGGED_FOR_REVIEW,CONFIDENTIAL
RSK_003334,CUST_004704,CREDIT_EVALUATION,2026-10-01T10:25:14.889000+00:00,0.608,FLAGGED_FOR_REVIEW,CONFIDENTIAL
RSK_003335,CUST_008687,AML_SCREENING,2026-10-01T10:25:16.028000+00:00,0.553,FLAGGED_FOR_REVIEW,CONFIDENTIAL
RSK_003336,CUST_005773,AML_SCREENING,2026-10-01T10:25:20.600000+00:00,0.25,APPROVED,CONFIDENTIAL
RSK_003337,CUST_000841,FRAUD_DETECTION,2026-10-01T10:25:22.378000+00:00,0.198,APPROVED,CONFIDENTIAL
RSK_003338,CUST_006149,CREDIT_EVALUATION,2026-10-01T10:25:23.181000+00:00,0.653,FLAGGED_FOR_REVIEW,CONFIDENTIAL
RSK_003339,CUST_008577,FRAUD_DETECTION,2026-10-01T10:25:27.249000+00:00,0.069,APPROVED,CONFIDENTIAL
RSK_003340,CUST_009403,CREDIT_EVALUATION,2026-10-01T10:25:27.461000+00:00,0.25,APPROVED,CONFIDENTIAL
RSK_003341,CUST_007068,AML_SCREENING,2026-10-01T10:25:30.350000+00:00,0.014,APPROVED,CONFIDENTIAL
RSK_003342,CUST_001119,LOAN_SCORING,2026-10-01T10:25:30.804000+00:00,0.311,APPROVED,CONFIDENTIAL
RSK_003343,CUST_007380,LOAN_SCORING,2026-10-01T10:25:35.114000+00:00,0.485,FLAGGED_FOR_REVIEW,CONFIDENTIAL
RSK_003344,CUST_009530,AML_SCREENING,2026-10-01T10:25:38.042000+00:00,0.224,APPROVED,CONFIDENTIAL
RSK_003345,CUST_000579,CREDIT_EVALUATION,2026-10-01T10:25:40.689000+00:00,0.263,APPROVED,CONFIDENTIAL
RSK_003346,CUST_004653,AML_SCREENING,2026-10-01T10:25:43.337000+00:00,0.256,APPROVED,CONFIDENTIAL
RSK_003347,CUST_004862,FRAUD_DETECTION,2026-10-01T10:25:45.553000+00:00,0.28,APPROVED,CONFIDENTIAL
RSK_003348,CUST_006676,LOAN_SCORING,2026-10-01T10:25:46.344000+00:00,0.046,APPROVED,CONFIDENTIAL
RSK_003349,CUST_009105,CREDIT_EVALUATION,2026-10-01T10:25:47.162000+00:00,0.315,APPROVED,CONFIDENTIAL
RSK_003350,CUST_004399,FRAUD_DETECTION,2026-10-01T10:25:51.618000+00:00,0.136,APPROVED,CONFIDENTIAL
RSK_003351,CUST_000639,CREDIT_EVALUATION,2026-10-01T10:25:54.886000+00:00,0.44,APPROVED,CONFIDENTIAL
RSK_003352,CUST_002237,FRAUD_DETECTION,2026-10-01T10:25:57.806000+00:00,0.162,APPROVED,CONFIDENTIAL
RSK_003353,CUST_006292,LOAN_SCORING,2026-10-01T10:25:58.181000+00:00,0.476,FLAGGED_FOR_REVIEW,CONFIDENTIAL
RSK_003354,CUST_004699,FRAUD_DETECTION,2026-10-01T10:26:01.380000+00:00,0.105,APPROVED,CONFIDENTIAL
RSK_003355,CUST_008939,AML_SCREENING,2026-10-01T10:26:01.929000+00:00,0.188,APPROVED,CONFIDENTIAL
RSK_003356,CUST_006675,FRAUD_DETECTION,2026-10-01T10:26:05.662000+00:00,0.386,APPROVED,CONFIDENTIAL
RSK_003357,CUST_001252,CREDIT_EVALUATION,2026-10-01T10:26:08.624000+00:00,0.19,APPROVED,CONFIDENTIAL
RSK_003358,CUST_006951,AML_SCREENING,2026-10-01T10:26:10.885000+00:00,0.262,APPROVED,CONFIDENTIAL
RSK_003359,CUST_007105,LOAN_SCORING,2026-10-01T10:26:13.168000+00:00,0.442,APPROVED,CONFIDENTIAL
RSK_003360,CUST_003973,FRAUD_DETECTION,2026-10-01T10:26:14.068000+00:00,0.205,APPROVED,CONFIDENTIAL
RSK_003361,CUST_004740,CREDIT_EVALUATION,2026-10-01T10:26:15.693000+00:00,0.543,FLAGGED_FOR_REVIEW,CONFIDENTIAL
RSK_003362,CUST_002069,AML_SCREENING,2026-10-01T10:26:16.529000+00:00,0.13,APPROVED,CONFIDENTIAL
RSK_003363,CUST_002387,FRAUD_DETECTION,2026-10-01T10:26:20.141000+00:00,0.281,APPROVED,CONFIDENTIAL
RSK_003364,CUST_003659,AML_SCREENING,2026-10-01T10:26:23.812000+00:00,0.698,FLAGGED_FOR_REVIEW,CONFIDENTIAL
RSK_003365,CUST_001202,FRAUD_DETECTION,2026-10-01T10:26:26.063000+00:00,0.204,APPROVED,CONFIDENTIAL
RSK_003366,CUST_003787,LOAN_SCORING,2026-10-01T10:26:27.283000+00:00,0.493,FLAGGED_FOR_REVIEW,CONFIDENTIAL
RSK_003367,CUST_007616,CREDIT_EVALUATION,2026-10-01T10:26:29.933000+00:00,0.383,APPROVED,CONFIDENTIAL
RSK_003368,CUST_004438,FRAUD_DETECTION,2026-10-01T10:26:33.187000+00:00,0.401,APPROVED,CONFIDENTIAL
RSK_003369,CUST_000003,CREDIT_EVALUATION,2026-10-01T10:26:34.572000+00:00,0.129,APPROVED,CONFIDENTIAL
RSK_003370,CUST_005535,LOAN_SCORING,2026-10-01T10:26:36.618000+00:00,0.054,APPROVED,CONFIDENTIAL
RSK_003371,CUST_000522,CREDIT_EVALUATION,2026-10-01T10:26:38.883000+00:00,0.632,FLAGGED_FOR_REVIEW,CONFIDENTIAL
RSK_003372,CUST_003765,FRAUD_DETECTION,2026-10-01T10:26:43.172000+00:00,0.386,APPROVED,CONFIDENTIAL
RSK_003373,CUST_005239,LOAN_SCORING,2026-10-01T10:26:47.388000+00:00,0.453,FLAGGED_FOR_REVIEW,CONFIDENTIAL
RSK_003374,CUST_000455,AML_SCREENING,2026-10-01T10:26:49.813000+00:00,0.137,APPROVED,CONFIDENTIAL
RSK_003375,CUST_003688,AML_SCREENING,2026-10-01T10:26:53.070000+00:00,0.21,APPROVED,CONFIDENTIAL
RSK_003376,CUST_001055,FRAUD_DETECTION,2026-10-01T10:26:57.417000+00:00,0.317,APPROVED,CONFIDENTIAL
RSK_003377,CUST_005720,CREDIT_EVALUATION,2026-10-01T10:26:58.908000+00:00,0.358,APPROVED,CONFIDENTIAL
RSK_003378,CUST_004103,AML_SCREENING,2026-10-01T10:27:03.328000+00:00,0.268,APPROVED,CONFIDENTIAL
RSK_003379,CUST_000591,AML_SCREENING,2026-10-01T10:27:06.287000+00:00,0.258,APPROVED,CONFIDENTIAL
RSK_003380,CUST_002313,AML_SCREENING,2026-10-01T10:27:07.994000+00:00,0.073,APPROVED,CONFIDENTIAL
RSK_003381,CUST_006911,CREDIT_EVALUATION,2026-10-01T10:27:11.985000+00:00,0.109,APPROVED,CONFIDENTIAL
RSK_003382,CUST_000761,FRAUD_DETECTION,2026-10-01T10:27:12.428000+00:00,0.336,APPROVED,CONFIDENTIAL
RSK_003383,CUST_008418,CREDIT_EVALUATION,2026-10-01T10:27:17.330000+00:00,0.465,FLAGGED_FOR_REVIEW,CONFIDENTIAL
RSK_003384,CUST_006847,LOAN_SCORING,2026-10-01T10:27:21.670000+00:00,0.524,FLAGGED_FOR_REVIEW,CONFIDENTIAL
RSK_003385,CUST_004580,CREDIT_EVALUATION,2026-10-01T10:27:26.160000+00:00,0.302,APPROVED,CONFIDENTIAL
RSK_003386,CUST_007169,AML_SCREENING,2026-10-01T10:27:29.434000+00:00,0.239,APPROVED,CONFIDENTIAL
RSK_003387,CUST_003274,LOAN_SCORING,2026-10-01T10:27:30.370000+00:00,0.423,APPROVED,CONFIDENTIAL
RSK_003388,CUST_001845,LOAN_SCORING,2026-10-01T10:27:31.123000+00:00,0.28,APPROVED,CONFIDENTIAL
RSK_003389,CUST_004692,LOAN_SCORING,2026-10-01T10:27:31.647000+00:00,0.322,APPROVED,CONFIDENTIAL
RSK_003390,CUST_000378,LOAN_SCORING,2026-10-01T10:27:35.439000+00:00,0.213,APPROVED,CONFIDENTIAL
RSK_003391,CUST_001165,AML_SCREENING,2026-10-01T10:27:40.397000+00:00,0.038,APPROVED,CONFIDENTIAL
RSK_003392,CUST_007281,LOAN_SCORING,2026-10-01T10:27:44.521000+00:00,0.206,APPROVED,CONFIDENTIAL
RSK_003393,CUST_005634,AML_SCREENING,2026-10-01T10:27:45.561000+00:00,0.511,FLAGGED_FOR_REVIEW,CONFIDENTIAL
RSK_003394,CUST_001834,AML_SCREENING,2026-10-01T10:27:47.108000+00:00,0.503,FLAGGED_FOR_REVIEW,CONFIDENTIAL
RSK_003395,CUST_001817,FRAUD_DETECTION,2026-10-01T10:27:49.500000+00:00,0.138,APPROVED,CONFIDENTIAL
RSK_003396,CUST_003485,CREDIT_EVALUATION,2026-10-01T10:27:53.942000+00:00,0.499,FLAGGED_FOR_REVIEW,CONFIDENTIAL
RSK_003397,CUST_001145,CREDIT_EVALUATION,2026-10-01T10:27:58.634000+00:00,0.407,APPROVED,CONFIDENTIAL
RSK_003398,CUST_003069,AML_SCREENING,2026-10-01T10:27:59.841000+00:00,0.592,FLAGGED_FOR_REVIEW,CONFIDENTIAL
RSK_003399,CUST_007302,FRAUD_DETECTION,2026-10-01T10:28:03.155000+00:00,0.467,FLAGGED_FOR_REVIEW,CONFIDENTIAL
RSK_003400,CUST_007504,LOAN_SCORING,2026-10-01T10:28:05.369000+00:00,0.071,APPROVED,CONFIDENTIAL
RSK_003401,CUST_001992,CREDIT_EVALUATION,2026-10-01T10:28:06.874000+00:00,0.207,APPROVED,CONFIDENTIAL
RSK_003402,CUST_007050,LOAN_SCORING,2026-10-01T10:28:09.081000+00:00,0.08,APPROVED,CONFIDENTIAL
RSK_003403,CUST_006092,LOAN_SCORING,2026-10-01T10:28:13.304000+00:00,0.098,APPROVED,CONFIDENTIAL
RSK_003404,CUST_008575,FRAUD_DETECTION,2026-10-01T10:28:14.753000+00:00,0.452,FLAGGED_FOR_REVIEW,CONFIDENTIAL
RSK_003405,CUST_000637,LOAN_SCORING,2026-10-01T10:28:18.548000+00:00,0.236,APPROVED,CONFIDENTIAL
RSK_003406,CUST_009023,FRAUD_DETECTION,2026-10-01T10:28:22.459000+00:00,0.676,FLAGGED_FOR_REVIEW,CONFIDENTIAL
RSK_003407,CUST_006780,LOAN_SCORING,2026-10-01T10:28:22.816000+00:00,0.1,APPROVED,CONFIDENTIAL
RSK_003408,CUST_007166,CREDIT_EVALUATION,2026-10-01T10:28:27.321000+00:00,0.47,FLAGGED_FOR_REVIEW,CONFIDENTIAL
RSK_003409,CUST_000894,LOAN_SCORING,2026-10-01T10:28:28.241000+00:00,0.372,APPROVED,CONFIDENTIAL
RSK_003410,CUST_009229,CREDIT_EVALUATION,2026-10-01T10:28:30.786000+00:00,0.346,APPROVED,CONFIDENTIAL
RSK_003411,CUST_003545,AML_SCREENING,2026-10-01T10:28:35.634000+00:00,0.155,APPROVED,CONFIDENTIAL
RSK_003412,CUST_005404,AML_SCREENING,2026-10-01T10:28:37.620000+00:00,0.063,APPROVED,CONFIDENTIAL
RSK_003413,CUST_006152,FRAUD_DETECTION,2026-10-01T10:28:41.226000+00:00,0.431,APPROVED,CONFIDENTIAL
RSK_003414,CUST_003495,LOAN_SCORING,2026-10-01T10:28:43.007000+00:00,0.659,FLAGGED_FOR_REVIEW,CONFIDENTIAL
RSK_003415,CUST_002109,LOAN_SCORING,2026-10-01T10:28:45.398000+00:00,0.267,APPROVED,CONFIDENTIAL
RSK_003416,CUST_001490,LOAN_SCORING,2026-10-01T10:28:47.270000+00:00,0.133,APPROVED,CONFIDENTIAL
RSK_003417,CUST_001083,LOAN_SCORING,2026-10-01T10:28:50.561000+00:00,0.393,APPROVED,CONFIDENTIAL
RSK_003418,CUST_009275,FRAUD_DETECTION,2026-10-01T10:28:51.799000+00:00,0.261,APPROVED,CONFIDENTIAL
RSK_003419,CUST_008759,AML_SCREENING,2026-10-01T10:28:56.352000+00:00,0.154,APPROVED,CONFIDENTIAL
RSK_003420,CUST_007997,CREDIT_EVALUATION,2026-10-01T10:28:59.696000+00:00,0.3,APPROVED,CONFIDENTIAL
RSK_003421,CUST_002391,FRAUD_DETECTION,2026-10-01T10:29:01.534000+00:00,0.355,APPROVED,CONFIDENTIAL
RSK_003422,CUST_008722,LOAN_SCORING,2026-10-01T10:29:05.960000+00:00,0.355,APPROVED,CONFIDENTIAL
RSK_003423,CUST_004236,FRAUD_DETECTION,2026-10-01T10:29:09.449000+00:00,0.233,APPROVED,CONFIDENTIAL
RSK_003424,CUST_004582,FRAUD_DETECTION,2026-10-01T10:29:11.603000+00:00,0.289,APPROVED,CONFIDENTIAL
RSK_003425,CUST_009554,CREDIT_EVALUATION,2026-10-01T10:29:15.110000+00:00,0.549,FLAGGED_FOR_REVIEW,CONFIDENTIAL
RSK_003426,CUST_005208,FRAUD_DETECTION,2026-10-01T10:29:15.497000+00:00,0.215,APPROVED,CONFIDENTIAL
RSK_003427,CUST_003863,CREDIT_EVALUATION,2026-10-01T10:29:16.301000+00:00,0.469,FLAGGED_FOR_REVIEW,CONFIDENTIAL
RSK_003428,CUST_009381,FRAUD_DETECTION,2026-10-01T10:29:19.106000+00:00,0.241,APPROVED,CONFIDENTIAL
RSK_003429,CUST_008957,CREDIT_EVALUATION,2026-10-01T10:29:23.658000+00:00,0.109,APPROVED,CONFIDENTIAL
RSK_003430,CUST_000384,CREDIT_EVALUATION,2026-10-01T10:29:27.521000+00:00,0.515,FLAGGED_FOR_REVIEW,CONFIDENTIAL
RSK_003431,CUST_005554,AML_SCREENING,2026-10-01T10:29:29.642000+00:00,0.094,APPROVED,CONFIDENTIAL
RSK_003432,CUST_002276,CREDIT_EVALUATION,2026-10-01T10:29:30.089000+00:00,0.311,APPROVED,CONFIDENTIAL
RSK_003433,CUST_003193,CREDIT_EVALUATION,2026-10-01T10:29:33.115000+00:00,0.194,APPROVED,CONFIDENTIAL
RSK_003434,CUST_003836,CREDIT_EVALUATION,2026-10-01T10:29:33.481000+00:00,0.063,APPROVED,CONFIDENTIAL
RSK_003435,CUST_003453,AML_SCREENING,2026-10-01T10:29:34.310000+00:00,0.547,FLAGGED_FOR_REVIEW,CONFIDENTIAL
RSK_003436,CUST_002268,LOAN_SCORING,2026-10-01T10:29:39.099000+00:00,0.19,APPROVED,CONFIDENTIAL
RSK_003437,CUST_009780,LOAN_SCORING,2026-10-01T10:29:41.511000+00:00,0.186,APPROVED,CONFIDENTIAL
RSK_003438,CUST_002277,CREDIT_EVALUATION,2026-10-01T10:29:41.830000+00:00,0.173,APPROVED,CONFIDENTIAL
RSK_003439,CUST_008400,LOAN_SCORING,2026-10-01T10:29:44.645000+00:00,0.294,APPROVED,CONFIDENTIAL
RSK_003440,CUST_003900,LOAN_SCORING,2026-10-01T10:29:45.874000+00:00,0.459,FLAGGED_FOR_REVIEW,CONFIDENTIAL
RSK_003441,CUST_003016,LOAN_SCORING,2026-10-01T10:29:48.525000+00:00,0.379,APPROVED,CONFIDENTIAL
RSK_003442,CUST_007448,AML_SCREENING,2026-10-01T10:29:48.766000+00:00,0.173,APPROVED,CONFIDENTIAL
RSK_003443,CUST_007705,AML_SCREENING,2026-10-01T10:29:49.401000+00:00,0.088,APPROVED,CONFIDENTIAL
RSK_003444,CUST_006954,FRAUD_DETECTION,2026-10-01T10:29:53.401000+00:00,0.475,FLAGGED_FOR_REVIEW,CONFIDENTIAL
RSK_003445,CUST_008992,FRAUD_DETECTION,2026-10-01T10:29:56.210000+00:00,0.05,APPROVED,CONFIDENTIAL
RSK_003446,CUST_001920,AML_SCREENING,2026-10-01T10:29:57.811000+00:00,0.487,FLAGGED_FOR_REVIEW,CONFIDENTIAL
RSK_003447,CUST_006048,FRAUD_DETECTION,2026-10-01T10:30:00.805000+00:00,0.439,APPROVED,CONFIDENTIAL
RSK_003448,CUST_000124,LOAN_SCORING,2026-10-01T10:30:01.105000+00:00,0.328,APPROVED,CONFIDENTIAL
RSK_003449,CUST_008594,AML_SCREENING,2026-10-01T10:30:05.016000+00:00,0.378,APPROVED,CONFIDENTIAL
RSK_003450,CUST_003274,AML_SCREENING,2026-10-01T10:30:07.769000+00:00,0.213,APPROVED,CONFIDENTIAL
RSK_003451,CUST_001971,CREDIT_EVALUATION,2026-10-01T10:30:12.045000+00:00,0.035,APPROVED,CONFIDENTIAL
RSK_003452,CUST_000833,LOAN_SCORING,2026-10-01T10:30:12.848000+00:00,0.31,APPROVED,CONFIDENTIAL
RSK_003453,CUST_003959,CREDIT_EVALUATION,2026-10-01T10:30:17.475000+00:00,0.591,FLAGGED_FOR_REVIEW,CONFIDENTIAL
RSK_003454,CUST_006946,AML_SCREENING,2026-10-01T10:30:17.780000+00:00,0.228,APPROVED,CONFIDENTIAL
RSK_003455,CUST_002410,LOAN_SCORING,2026-10-01T10:30:19.974000+00:00,0.071,APPROVED,CONFIDENTIAL
RSK_003456,CUST_005419,LOAN_SCORING,2026-10-01T10:30:23.091000+00:00,0.23,APPROVED,CONFIDENTIAL
RSK_003457,CUST_002534,LOAN_SCORING,2026-10-01T10:30:26.293000+00:00,0.306,APPROVED,CONFIDENTIAL
RSK_003458,CUST_006348,CREDIT_EVALUATION,2026-10-01T10:30:30.027000+00:00,0.226,APPROVED,CONFIDENTIAL
RSK_003459,CUST_006889,FRAUD_DETECTION,2026-10-01T10:30:31.441000+00:00,0.2,APPROVED,CONFIDENTIAL
RSK_003460,CUST_008492,AML_SCREENING,2026-10-01T10:30:35.374000+00:00,0.311,APPROVED,CONFIDENTIAL
RSK_003461,CUST_004662,AML_SCREENING,2026-10-01T10:30:40.328000+00:00,0.172,APPROVED,CONFIDENTIAL
RSK_003462,CUST_004415,LOAN_SCORING,2026-10-01T10:30:43.263000+00:00,0.162,APPROVED,CONFIDENTIAL
RSK_003463,CUST_003642,FRAUD_DETECTION,2026-10-01T10:30:44.096000+00:00,0.499,FLAGGED_FOR_REVIEW,CONFIDENTIAL
RSK_003464,CUST_007701,CREDIT_EVALUATION,2026-10-01T10:30:47.115000+00:00,0.306,APPROVED,CONFIDENTIAL
RSK_003465,CUST_001362,FRAUD_DETECTION,2026-10-01T10:30:51.596000+00:00,0.134,APPROVED,CONFIDENTIAL
RSK_003466,CUST_003106,FRAUD_DETECTION,2026-10-01T10:30:56.097000+00:00,0.28,APPROVED,CONFIDENTIAL
RSK_003467,CUST_004220,AML_SCREENING,2026-10-01T10:30:58.547000+00:00,0.551,FLAGGED_FOR_REVIEW,CONFIDENTIAL
RSK_003468,CUST_003582,LOAN_SCORING,2026-10-01T10:31:03.129000+00:00,0.489,FLAGGED_FOR_REVIEW,CONFIDENTIAL
RSK_003469,CUST_003687,AML_SCREENING,2026-10-01T10:31:07.452000+00:00,0.229,APPROVED,CONFIDENTIAL
RSK_003470,CUST_003317,CREDIT_EVALUATION,2026-10-01T10:31:09.450000+00:00,0.315,APPROVED,CONFIDENTIAL
RSK_003471,CUST_004966,AML_SCREENING,2026-10-01T10:31:11.601000+00:00,0.26,APPROVED,CONFIDENTIAL
RSK_003472,CUST_001418,FRAUD_DETECTION,2026-10-01T10:31:15.356000+00:00,0.35,APPROVED,CONFIDENTIAL
RSK_003473,CUST_004923,LOAN_SCORING,2026-10-01T10:31:18.555000+00:00,0.329,APPROVED,CONFIDENTIAL
RSK_003474,CUST_005656,LOAN_SCORING,2026-10-01T10:31:21.083000+00:00,0.314,APPROVED,CONFIDENTIAL
RSK_003475,CUST_001594,CREDIT_EVALUATION,2026-10-01T10:31:23.877000+00:00,0.016,APPROVED,CONFIDENTIAL
RSK_003476,CUST_005386,FRAUD_DETECTION,2026-10-01T10:31:26.762000+00:00,0.577,FLAGGED_FOR_REVIEW,CONFIDENTIAL
RSK_003477,CUST_004619,CREDIT_EVALUATION,2026-10-01T10:31:29.322000+00:00,0.227,APPROVED,CONFIDENTIAL
RSK_003478,CUST_006414,AML_SCREENING,2026-10-01T10:31:33.010000+00:00,0.311,APPROVED,CONFIDENTIAL
RSK_003479,CUST_001725,CREDIT_EVALUATION,2026-10-01T10:31:36.873000+00:00,0.119,APPROVED,CONFIDENTIAL
RSK_003480,CUST_003980,LOAN_SCORING,2026-10-01T10:31:37.331000+00:00,0.214,APPROVED,CONFIDENTIAL
RSK_003481,CUST_004684,CREDIT_EVALUATION,2026-10-01T10:31:42.246000+00:00,0.33,APPROVED,CONFIDENTIAL
RSK_003482,CUST_008651,AML_SCREENING,2026-10-01T10:31:45.320000+00:00,0.618,FLAGGED_FOR_REVIEW,CONFIDENTIAL
RSK_003483,CUST_005555,AML_SCREENING,2026-10-01T10:31:48.545000+00:00,0.697,FLAGGED_FOR_REVIEW,CONFIDENTIAL
RSK_003484,CUST_000607,CREDIT_EVALUATION,2026-10-01T10:31:52.788000+00:00,0.558,FLAGGED_FOR_REVIEW,CONFIDENTIAL
RSK_003485,CUST_000434,CREDIT_EVALUATION,2026-10-01T10:31:57.669000+00:00,0.329,APPROVED,CONFIDENTIAL
RSK_003486,CUST_001354,LOAN_SCORING,2026-10-01T10:31:58.638000+00:00,0.193,APPROVED,CONFIDENTIAL
RSK_003487,CUST_007507,FRAUD_DETECTION,2026-10-01T10:31:59.549000+00:00,0.125,APPROVED,CONFIDENTIAL
RSK_003488,CUST_005271,CREDIT_EVALUATION,2026-10-01T10:32:01.561000+00:00,0.323,APPROVED,CONFIDENTIAL
RSK_003489,CUST_009263,CREDIT_EVALUATION,2026-10-01T10:32:04.923000+00:00,0.303,APPROVED,CONFIDENTIAL
RSK_003490,CUST_006155,FRAUD_DETECTION,2026-10-01T10:32:06.311000+00:00,0.108,APPROVED,CONFIDENTIAL
RSK_003491,CUST_002490,LOAN_SCORING,2026-10-01T10:32:09.448000+00:00,0.229,APPROVED,CONFIDENTIAL
RSK_003492,CUST_003105,FRAUD_DETECTION,2026-10-01T10:32:12.462000+00:00,0.253,APPROVED,CONFIDENTIAL
RSK_003493,CUST_000221,LOAN_SCORING,2026-10-01T10:32:15.926000+00:00,0.359,APPROVED,CONFIDENTIAL
RSK_003494,CUST_005178,LOAN_SCORING,2026-10-01T10:32:20.700000+00:00,0.216,APPROVED,CONFIDENTIAL
RSK_003495,CUST_008464,LOAN_SCORING,2026-10-01T10:32:23.933000+00:00,0.131,APPROVED,CONFIDENTIAL
RSK_003496,CUST_009587,LOAN_SCORING,2026-10-01T10:32:24.500000+00:00,0.387,APPROVED,CONFIDENTIAL
RSK_003497,CUST_006499,FRAUD_DETECTION,2026-10-01T10:32:26.063000+00:00,0.291,APPROVED,CONFIDENTIAL
RSK_003498,CUST_005904,FRAUD_DETECTION,2026-10-01T10:32:28.866000+00:00,0.198,APPROVED,CONFIDENTIAL
RSK_003499,CUST_001115,LOAN_SCORING,2026-10-01T10:32:29.999000+00:00,0.264,APPROVED,CONFIDENTIAL
RSK_003500,CUST_007593,FRAUD_DETECTION,2026-10-01T10:32:33.784000+00:00,0.644,FLAGGED_FOR_REVIEW,CONFIDENTIAL
RSK_003501,CUST_008918,FRAUD_DETECTION,2026-10-01T10:32:37.523000+00:00,0.516,FLAGGED_FOR_REVIEW,CONFIDENTIAL
RSK_003502,CUST_008866,FRAUD_DETECTION,2026-10-01T10:32:39.083000+00:00,0.124,APPROVED,CONFIDENTIAL
RSK_003503,CUST_009855,LOAN_SCORING,2026-10-01T10:32:42.607000+00:00,0.393,APPROVED,CONFIDENTIAL
RSK_003504,CUST_009099,LOAN_SCORING,2026-10-01T10:32:43.123000+00:00,0.086,APPROVED,CONFIDENTIAL
RSK_003505,CUST_001583,AML_SCREENING,2026-10-01T10:32:46.021000+00:00,0.431,APPROVED,CONFIDENTIAL
RSK_003506,CUST_005014,AML_SCREENING,2026-10-01T10:32:50.166000+00:00,0.559,FLAGGED_FOR_REVIEW,CONFIDENTIAL
RSK_003507,CUST_006828,CREDIT_EVALUATION,2026-10-01T10:32:53.689000+00:00,0.256,APPROVED,CONFIDENTIAL
RSK_003508,CUST_006956,CREDIT_EVALUATION,2026-10-01T10:32:53.913000+00:00,0.216,APPROVED,CONFIDENTIAL
RSK_003509,CUST_001593,AML_SCREENING,2026-10-01T10:32:57.416000+00:00,0.105,APPROVED,CONFIDENTIAL
RSK_003510,CUST_005708,AML_SCREENING,2026-10-01T10:33:01.830000+00:00,0.578,FLAGGED_FOR_REVIEW,CONFIDENTIAL
RSK_003511,CUST_009273,FRAUD_DETECTION,2026-10-01T10:33:04.309000+00:00,0.223,APPROVED,CONFIDENTIAL
RSK_003512,CUST_007583,CREDIT_EVALUATION,2026-10-01T10:33:05.694000+00:00,0.264,APPROVED,CONFIDENTIAL
RSK_003513,CUST_008567,CREDIT_EVALUATION,2026-10-01T10:33:08.008000+00:00,0.268,APPROVED,CONFIDENTIAL
RSK_003514,CUST_000712,FRAUD_DETECTION,2026-10-01T10:33:12.898000+00:00,0.326,APPROVED,CONFIDENTIAL
RSK_003515,CUST_004382,AML_SCREENING,2026-10-01T10:33:14.854000+00:00,0.05,APPROVED,CONFIDENTIAL
RSK_003516,CUST_000871,LOAN_SCORING,2026-10-01T10:33:17.572000+00:00,0.608,FLAGGED_FOR_REVIEW,CONFIDENTIAL
RSK_003517,CUST_006505,AML_SCREENING,2026-10-01T10:33:20.514000+00:00,0.116,APPROVED,CONFIDENTIAL
RSK_003518,CUST_007896,LOAN_SCORING,2026-10-01T10:33:24.950000+00:00,0.196,APPROVED,CONFIDENTIAL
RSK_003519,CUST_004366,FRAUD_DETECTION,2026-10-01T10:33:25.635000+00:00,0.604,FLAGGED_FOR_REVIEW,CONFIDENTIAL
RSK_003520,CUST_004973,AML_SCREENING,2026-10-01T10:33:27.830000+00:00,0.186,APPROVED,CONFIDENTIAL
RSK_003521,CUST_004771,FRAUD_DETECTION,2026-10-01T10:33:32.236000+00:00,0.783,REJECTED,CONFIDENTIAL
RSK_003522,CUST_008693,LOAN_SCORING,2026-10-01T10:33:33.478000+00:00,0.262,APPROVED,CONFIDENTIAL
RSK_003523,CUST_009209,FRAUD_DETECTION,2026-10-01T10:33:38.368000+00:00,0.34,APPROVED,CONFIDENTIAL
RSK_003524,CUST_006268,LOAN_SCORING,2026-10-01T10:33:39.318000+00:00,0.365,APPROVED,CONFIDENTIAL
RSK_003525,CUST_005667,AML_SCREENING,2026-10-01T10:33:42.717000+00:00,0.21,APPROVED,CONFIDENTIAL
RSK_003526,CUST_007872,LOAN_SCORING,2026-10-01T10:33:46.441000+00:00,0.24,APPROVED,CONFIDENTIAL
RSK_003527,CUST_006820,CREDIT_EVALUATION,2026-10-01T10:33:48.605000+00:00,0.288,APPROVED,CONFIDENTIAL
RSK_003528,CUST_002622,AML_SCREENING,2026-10-01T10:33:53.383000+00:00,0.092,APPROVED,CONFIDENTIAL
RSK_003529,CUST_005135,FRAUD_DETECTION,2026-10-01T10:33:55.636000+00:00,0.155,APPROVED,CONFIDENTIAL
RSK_003530,CUST_006909,LOAN_SCORING,2026-10-01T10:33:59.585000+00:00,0.05,APPROVED,CONFIDENTIAL
RSK_003531,CUST_005308,CREDIT_EVALUATION,2026-10-01T10:34:02.543000+00:00,0.193,APPROVED,CONFIDENTIAL
RSK_003532,CUST_009536,CREDIT_EVALUATION,2026-10-01T10:34:05.872000+00:00,0.45,APPROVED,CONFIDENTIAL
RSK_003533,CUST_008234,CREDIT_EVALUATION,2026-10-01T10:34:09.171000+00:00,0.533,FLAGGED_FOR_REVIEW,CONFIDENTIAL
RSK_003534,CUST_005701,AML_SCREENING,2026-10-01T10:34:13.289000+00:00,0.104,APPROVED,CONFIDENTIAL
RSK_003535,CUST_007226,FRAUD_DETECTION,2026-10-01T10:34:15.733000+00:00,0.151,APPROVED,CONFIDENTIAL
RSK_003536,CUST_000350,AML_SCREENING,2026-10-01T10:34:19.364000+00:00,0.24,APPROVED,CONFIDENTIAL
RSK_003537,CUST_009590,AML_SCREENING,2026-10-01T10:34:21.698000+00:00,0.141,APPROVED,CONFIDENTIAL
RSK_003538,CUST_005131,CREDIT_EVALUATION,2026-10-01T10:34:22.838000+00:00,0.346,APPROVED,CONFIDENTIAL
RSK_003539,CUST_005461,LOAN_SCORING,2026-10-01T10:34:25.365000+00:00,0.194,APPROVED,CONFIDENTIAL
RSK_003540,CUST_006830,AML_SCREENING,2026-10-01T10:34:27.897000+00:00,0.451,FLAGGED_FOR_REVIEW,CONFIDENTIAL
RSK_003541,CUST_003275,FRAUD_DETECTION,2026-10-01T10:34:31.413000+00:00,0.066,APPROVED,CONFIDENTIAL
RSK_003542,CUST_001562,LOAN_SCORING,2026-10-01T10:34:31.830000+00:00,0.235,APPROVED,CONFIDENTIAL
RSK_003543,CUST_000868,CREDIT_EVALUATION,2026-10-01T10:34:36.243000+00:00,0.369,APPROVED,CONFIDENTIAL
RSK_003544,CUST_002065,AML_SCREENING,2026-10-01T10:34:40.360000+00:00,0.332,APPROVED,CONFIDENTIAL
RSK_003545,CUST_002295,LOAN_SCORING,2026-10-01T10:34:41.607000+00:00,0.144,APPROVED,CONFIDENTIAL
RSK_003546,CUST_000565,LOAN_SCORING,2026-10-01T10:34:41.867000+00:00,0.145,APPROVED,CONFIDENTIAL
RSK_003547,CUST_003834,CREDIT_EVALUATION,2026-10-01T10:34:45.820000+00:00,0.175,APPROVED,CONFIDENTIAL
RSK_003548,CUST_009049,FRAUD_DETECTION,2026-10-01T10:34:46.701000+00:00,0.066,APPROVED,CONFIDENTIAL
RSK_003549,CUST_008486,FRAUD_DETECTION,2026-10-01T10:34:47.382000+00:00,0.121,APPROVED,CONFIDENTIAL
RSK_003550,CUST_001468,FRAUD_DETECTION,2026-10-01T10:34:48.209000+00:00,0.052,APPROVED,CONFIDENTIAL
RSK_003551,CUST_006618,CREDIT_EVALUATION,2026-10-01T10:34:49.222000+00:00,0.05,APPROVED,CONFIDENTIAL
RSK_003552,CUST_007334,FRAUD_DETECTION,2026-10-01T10:34:51.736000+00:00,0.483,FLAGGED_FOR_REVIEW,CONFIDENTIAL
RSK_003553,CUST_005820,AML_SCREENING,2026-10-01T10:34:56.580000+00:00,0.342,APPROVED,CONFIDENTIAL
RSK_003554,CUST_001619,AML_SCREENING,2026-10-01T10:34:57.816000+00:00,0.212,APPROVED,CONFIDENTIAL
RSK_003555,CUST_005570,CREDIT_EVALUATION,2026-10-01T10:34:59.858000+00:00,0.063,APPROVED,CONFIDENTIAL
RSK_003556,CUST_001653,CREDIT_EVALUATION,2026-10-01T10:35:03.862000+00:00,0.119,APPROVED,CONFIDENTIAL
RSK_003557,CUST_006522,AML_SCREENING,2026-10-01T10:35:06.266000+00:00,0.376,APPROVED,CONFIDENTIAL
RSK_003558,CUST_003741,AML_SCREENING,2026-10-01T10:35:10.234000+00:00,0.351,APPROVED,CONFIDENTIAL
RSK_003559,CUST_008788,CREDIT_EVALUATION,2026-10-01T10:35:12.854000+00:00,0.107,APPROVED,CONFIDENTIAL
RSK_003560,CUST_004765,LOAN_SCORING,2026-10-01T10:35:14.848000+00:00,0.266,APPROVED,CONFIDENTIAL
RSK_003561,CUST_004522,LOAN_SCORING,2026-10-01T10:35:15.855000+00:00,0.285,APPROVED,CONFIDENTIAL
RSK_003562,CUST_000002,LOAN_SCORING,2026-10-01T10:35:20.274000+00:00,0.021,APPROVED,CONFIDENTIAL
RSK_003563,CUST_005724,FRAUD_DETECTION,2026-10-01T10:35:21.426000+00:00,0.221,APPROVED,CONFIDENTIAL
RSK_003564,CUST_002627,FRAUD_DETECTION,2026-10-01T10:35:24.423000+00:00,0.087,APPROVED,CONFIDENTIAL
RSK_003565,CUST_004421,CREDIT_EVALUATION,2026-10-01T10:35:29.351000+00:00,0.234,APPROVED,CONFIDENTIAL
RSK_003566,CUST_004455,FRAUD_DETECTION,2026-10-01T10:35:30.351000+00:00,0.149,APPROVED,CONFIDENTIAL
RSK_003567,CUST_004758,LOAN_SCORING,2026-10-01T10:35:34.058000+00:00,0.132,APPROVED,CONFIDENTIAL
RSK_003568,CUST_003057,FRAUD_DETECTION,2026-10-01T10:35:34.735000+00:00,0.35,APPROVED,CONFIDENTIAL
RSK_003569,CUST_006422,CREDIT_EVALUATION,2026-10-01T10:35:37.632000+00:00,0.619,FLAGGED_FOR_REVIEW,CONFIDENTIAL
RSK_003570,CUST_009144,AML_SCREENING,2026-10-01T10:35:42.296000+00:00,0.535,FLAGGED_FOR_REVIEW,CONFIDENTIAL
RSK_003571,CUST_003589,FRAUD_DETECTION,2026-10-01T10:35:44.219000+00:00,0.356,APPROVED,CONFIDENTIAL
RSK_003572,CUST_008732,AML_SCREENING,2026-10-01T10:35:46.924000+00:00,0.359,APPROVED,CONFIDENTIAL
RSK_003573,CUST_009198,LOAN_SCORING,2026-10-01T10:35:51.026000+00:00,0.084,APPROVED,CONFIDENTIAL
RSK_003574,CUST_000270,CREDIT_EVALUATION,2026-10-01T10:35:51.571000+00:00,0.279,APPROVED,CONFIDENTIAL
RSK_003575,CUST_000228,LOAN_SCORING,2026-10-01T10:35:53.944000+00:00,0.067,APPROVED,CONFIDENTIAL
RSK_003576,CUST_008514,AML_SCREENING,2026-10-01T10:35:56.567000+00:00,0.236,APPROVED,CONFIDENTIAL
RSK_003577,CUST_005600,CREDIT_EVALUATION,2026-10-01T10:35:58.474000+00:00,0.487,FLAGGED_FOR_REVIEW,CONFIDENTIAL
RSK_003578,CUST_006163,CREDIT_EVALUATION,2026-10-01T10:35:59.955000+00:00,0.317,APPROVED,CONFIDENTIAL
RSK_003579,CUST_004331,FRAUD_DETECTION,2026-10-01T10:36:02.542000+00:00,0.114,APPROVED,CONFIDENTIAL
RSK_003580,CUST_006830,AML_SCREENING,2026-10-01T10:36:06.651000+00:00,0.115,APPROVED,CONFIDENTIAL
RSK_003581,CUST_004001,LOAN_SCORING,2026-10-01T10:36:07.594000+00:00,0.397,APPROVED,CONFIDENTIAL
RSK_003582,CUST_009129,CREDIT_EVALUATION,2026-10-01T10:36:11.936000+00:00,0.095,APPROVED,CONFIDENTIAL
RSK_003583,CUST_000050,CREDIT_EVALUATION,2026-10-01T10:36:16.158000+00:00,0.201,APPROVED,CONFIDENTIAL
RSK_003584,CUST_003056,AML_SCREENING,2026-10-01T10:36:20.052000+00:00,0.059,APPROVED,CONFIDENTIAL
RSK_003585,CUST_001703,FRAUD_DETECTION,2026-10-01T10:36:21.102000+00:00,0.268,APPROVED,CONFIDENTIAL
RSK_003586,CUST_002696,LOAN_SCORING,2026-10-01T10:36:23.704000+00:00,0.201,APPROVED,CONFIDENTIAL
RSK_003587,CUST_008111,AML_SCREENING,2026-10-01T10:36:27.807000+00:00,0.256,APPROVED,CONFIDENTIAL
RSK_003588,CUST_003772,CREDIT_EVALUATION,2026-10-01T10:36:30.985000+00:00,0.625,FLAGGED_FOR_REVIEW,CONFIDENTIAL
RSK_003589,CUST_008423,FRAUD_DETECTION,2026-10-01T10:36:35.820000+00:00,0.154,APPROVED,CONFIDENTIAL
RSK_003590,CUST_000190,LOAN_SCORING,2026-10-01T10:36:40.551000+00:00,0.579,FLAGGED_FOR_REVIEW,CONFIDENTIAL
RSK_003591,CUST_000479,FRAUD_DETECTION,2026-10-01T10:36:40.835000+00:00,0.107,APPROVED,CONFIDENTIAL
RSK_003592,CUST_006058,LOAN_SCORING,2026-10-01T10:36:43.502000+00:00,0.158,APPROVED,CONFIDENTIAL
RSK_003593,CUST_009396,CREDIT_EVALUATION,2026-10-01T10:36:46.879000+00:00,0.236,APPROVED,CONFIDENTIAL
RSK_003594,CUST_007320,FRAUD_DETECTION,2026-10-01T10:36:49.429000+00:00,0.412,APPROVED,CONFIDENTIAL
RSK_003595,CUST_009611,FRAUD_DETECTION,2026-10-01T10:36:53.258000+00:00,0.414,APPROVED,CONFIDENTIAL
RSK_003596,CUST_006796,FRAUD_DETECTION,2026-10-01T10:36:54.814000+00:00,0.396,APPROVED,CONFIDENTIAL
RSK_003597,CUST_007289,CREDIT_EVALUATION,2026-10-01T10:36:57.680000+00:00,0.256,APPROVED,CONFIDENTIAL
RSK_003598,CUST_007597,CREDIT_EVALUATION,2026-10-01T10:37:00.991000+00:00,0.634,FLAGGED_FOR_REVIEW,CONFIDENTIAL
RSK_003599,CUST_007431,LOAN_SCORING,2026-10-01T10:37:01.833000+00:00,0.214,APPROVED,CONFIDENTIAL
RSK_003600,CUST_002705,LOAN_SCORING,2026-10-01T10:37:05.985000+00:00,0.053,APPROVED,CONFIDENTIAL
RSK_003601,CUST_004058,LOAN_SCORING,2026-10-01T10:37:09.256000+00:00,0.361,APPROVED,CONFIDENTIAL
RSK_003602,CUST_004224,FRAUD_DETECTION,2026-10-01T10:37:13.285000+00:00,0.144,APPROVED,CONFIDENTIAL
RSK_003603,CUST_006751,LOAN_SCORING,2026-10-01T10:37:17.214000+00:00,0.028,APPROVED,CONFIDENTIAL
RSK_003604,CUST_004214,FRAUD_DETECTION,2026-10-01T10:37:19.673000+00:00,0.157,APPROVED,CONFIDENTIAL
RSK_003605,CUST_000181,FRAUD_DETECTION,2026-10-01T10:37:20.732000+00:00,0.381,APPROVED,CONFIDENTIAL
RSK_003606,CUST_007043,CREDIT_EVALUATION,2026-10-01T10:37:24.878000+00:00,0.131,APPROVED,CONFIDENTIAL
RSK_003607,CUST_001796,LOAN_SCORING,2026-10-01T10:37:26.555000+00:00,0.224,APPROVED,CONFIDENTIAL
RSK_003608,CUST_003108,CREDIT_EVALUATION,2026-10-01T10:37:29.367000+00:00,0.16,APPROVED,CONFIDENTIAL
RSK_003609,CUST_000431,AML_SCREENING,2026-10-01T10:37:31.154000+00:00,0.29,APPROVED,CONFIDENTIAL
RSK_003610,CUST_009566,AML_SCREENING,2026-10-01T10:37:34.299000+00:00,0.237,APPROVED,CONFIDENTIAL
RSK_003611,CUST_004106,FRAUD_DETECTION,2026-10-01T10:37:37.537000+00:00,0.064,APPROVED,CONFIDENTIAL
RSK_003612,CUST_007881,AML_SCREENING,2026-10-01T10:37:41.277000+00:00,0.473,FLAGGED_FOR_REVIEW,CONFIDENTIAL
RSK_003613,CUST_003062,FRAUD_DETECTION,2026-10-01T10:37:44.061000+00:00,0.253,APPROVED,CONFIDENTIAL
RSK_003614,CUST_008352,CREDIT_EVALUATION,2026-10-01T10:37:47.505000+00:00,0.268,APPROVED,CONFIDENTIAL
RSK_003615,CUST_004987,CREDIT_EVALUATION,2026-10-01T10:37:51.905000+00:00,0.485,FLAGGED_FOR_REVIEW,CONFIDENTIAL
RSK_003616,CUST_006997,AML_SCREENING,2026-10-01T10:37:53.985000+00:00,0.457,FLAGGED_FOR_REVIEW,CONFIDENTIAL
RSK_003617,CUST_003125,AML_SCREENING,2026-10-01T10:37:57.447000+00:00,0.403,APPROVED,CONFIDENTIAL
RSK_003618,CUST_005008,AML_SCREENING,2026-10-01T10:37:58.277000+00:00,0.452,FLAGGED_FOR_REVIEW,CONFIDENTIAL
RSK_003619,CUST_004554,CREDIT_EVALUATION,2026-10-01T10:38:01.889000+00:00,0.426,APPROVED,CONFIDENTIAL
RSK_003620,CUST_001831,CREDIT_EVALUATION,2026-10-01T10:38:03.693000+00:00,0.325,APPROVED,CONFIDENTIAL
RSK_003621,CUST_005658,LOAN_SCORING,2026-10-01T10:38:05.024000+00:00,0.456,FLAGGED_FOR_REVIEW,CONFIDENTIAL
RSK_003622,CUST_000577,FRAUD_DETECTION,2026-10-01T10:38:06.049000+00:00,0.294,APPROVED,CONFIDENTIAL
RSK_003623,CUST_000585,LOAN_SCORING,2026-10-01T10:38:08.454000+00:00,0.283,APPROVED,CONFIDENTIAL
RSK_003624,CUST_007027,AML_SCREENING,2026-10-01T10:38:13.188000+00:00,0.322,APPROVED,CONFIDENTIAL
RSK_003625,CUST_008530,CREDIT_EVALUATION,2026-10-01T10:38:14.783000+00:00,0.156,APPROVED,CONFIDENTIAL
RSK_003626,CUST_001952,CREDIT_EVALUATION,2026-10-01T10:38:18.576000+00:00,0.189,APPROVED,CONFIDENTIAL
RSK_003627,CUST_007266,FRAUD_DETECTION,2026-10-01T10:38:21.961000+00:00,0.279,APPROVED,CONFIDENTIAL
RSK_003628,CUST_000232,CREDIT_EVALUATION,2026-10-01T10:38:22.222000+00:00,0.014,APPROVED,CONFIDENTIAL
RSK_003629,CUST_006406,FRAUD_DETECTION,2026-10-01T10:38:26.589000+00:00,0.475,FLAGGED_FOR_REVIEW,CONFIDENTIAL
RSK_003630,CUST_009115,LOAN_SCORING,2026-10-01T10:38:27.577000+00:00,0.394,APPROVED,CONFIDENTIAL
RSK_003631,CUST_003775,CREDIT_EVALUATION,2026-10-01T10:38:31.892000+00:00,0.065,APPROVED,CONFIDENTIAL
RSK_003632,CUST_000779,AML_SCREENING,2026-10-01T10:38:32.612000+00:00,0.448,APPROVED,CONFIDENTIAL
RSK_003633,CUST_001508,FRAUD_DETECTION,2026-10-01T10:38:34.336000+00:00,0.164,APPROVED,CONFIDENTIAL
RSK_003634,CUST_000636,AML_SCREENING,2026-10-01T10:38:34.936000+00:00,0.406,APPROVED,CONFIDENTIAL
RSK_003635,CUST_002952,CREDIT_EVALUATION,2026-10-01T10:38:36.236000+00:00,0.316,APPROVED,CONFIDENTIAL
RSK_003636,CUST_006855,LOAN_SCORING,2026-10-01T10:38:38.915000+00:00,0.188,APPROVED,CONFIDENTIAL
RSK_003637,CUST_005102,AML_SCREENING,2026-10-01T10:38:39.308000+00:00,0.226,APPROVED,CONFIDENTIAL
RSK_003638,CUST_002943,LOAN_SCORING,2026-10-01T10:38:41.795000+00:00,0.145,APPROVED,CONFIDENTIAL
RSK_003639,CUST_001573,LOAN_SCORING,2026-10-01T10:38:44.075000+00:00,0.586,FLAGGED_FOR_REVIEW,CONFIDENTIAL
RSK_003640,CUST_001731,AML_SCREENING,2026-10-01T10:38:48.304000+00:00,0.033,APPROVED,CONFIDENTIAL
RSK_003641,CUST_001265,FRAUD_DETECTION,2026-10-01T10:38:52.865000+00:00,0.305,APPROVED,CONFIDENTIAL
RSK_003642,CUST_006288,CREDIT_EVALUATION,2026-10-01T10:38:54.001000+00:00,0.231,APPROVED,CONFIDENTIAL
RSK_003643,CUST_001292,LOAN_SCORING,2026-10-01T10:38:55.492000+00:00,0.425,APPROVED,CONFIDENTIAL
RSK_003644,CUST_008898,FRAUD_DETECTION,2026-10-01T10:38:59.339000+00:00,0.773,REJECTED,CONFIDENTIAL
RSK_003645,CUST_005650,CREDIT_EVALUATION,2026-10-01T10:39:00.199000+00:00,0.28,APPROVED,CONFIDENTIAL
RSK_003646,CUST_006855,CREDIT_EVALUATION,2026-10-01T10:39:03.176000+00:00,0.358,APPROVED,CONFIDENTIAL
RSK_003647,CUST_001862,CREDIT_EVALUATION,2026-10-01T10:39:05.221000+00:00,0.502,FLAGGED_FOR_REVIEW,CONFIDENTIAL
RSK_003648,CUST_000517,LOAN_SCORING,2026-10-01T10:39:06.032000+00:00,0.274,APPROVED,CONFIDENTIAL
RSK_003649,CUST_006738,LOAN_SCORING,2026-10-01T10:39:07.548000+00:00,0.756,REJECTED,CONFIDENTIAL
RSK_003650,CUST_003157,CREDIT_EVALUATION,2026-10-01T10:39:08.066000+00:00,0.158,APPROVED,CONFIDENTIAL
RSK_003651,CUST_002126,FRAUD_DETECTION,2026-10-01T10:39:10.837000+00:00,0.552,FLAGGED_FOR_REVIEW,CONFIDENTIAL
RSK_003652,CUST_003771,CREDIT_EVALUATION,2026-10-01T10:39:13.083000+00:00,0.022,APPROVED,CONFIDENTIAL
RSK_003653,CUST_004850,AML_SCREENING,2026-10-01T10:39:16.119000+00:00,0.567,FLAGGED_FOR_REVIEW,CONFIDENTIAL
RSK_003654,CUST_001879,LOAN_SCORING,2026-10-01T10:39:16.484000+00:00,0.481,FLAGGED_FOR_REVIEW,CONFIDENTIAL
RSK_003655,CUST_006786,LOAN_SCORING,2026-10-01T10:39:16.757000+00:00,0.142,APPROVED,CONFIDENTIAL
RSK_003656,CUST_002167,AML_SCREENING,2026-10-01T10:39:20.695000+00:00,0.356,APPROVED,CONFIDENTIAL
RSK_003657,CUST_006904,AML_SCREENING,2026-10-01T10:39:24.243000+00:00,0.15,APPROVED,CONFIDENTIAL
RSK_003658,CUST_000385,LOAN_SCORING,2026-10-01T10:39:24.459000+00:00,0.316,APPROVED,CONFIDENTIAL
RSK_003659,CUST_005651,AML_SCREENING,2026-10-01T10:39:26.753000+00:00,0.193,APPROVED,CONFIDENTIAL
RSK_003660,CUST_004713,FRAUD_DETECTION,2026-10-01T10:39:29.680000+00:00,0.069,APPROVED,CONFIDENTIAL
RSK_003661,CUST_005972,LOAN_SCORING,2026-10-01T10:39:33.801000+00:00,0.152,APPROVED,CONFIDENTIAL
RSK_003662,CUST_008105,AML_SCREENING,2026-10-01T10:39:37.419000+00:00,0.172,APPROVED,CONFIDENTIAL
RSK_003663,CUST_001529,LOAN_SCORING,2026-10-01T10:39:40.465000+00:00,0.506,FLAGGED_FOR_REVIEW,CONFIDENTIAL
RSK_003664,CUST_001973,FRAUD_DETECTION,2026-10-01T10:39:41.542000+00:00,0.342,APPROVED,CONFIDENTIAL
RSK_003665,CUST_006699,LOAN_SCORING,2026-10-01T10:39:42.676000+00:00,0.045,APPROVED,CONFIDENTIAL
RSK_003666,CUST_009221,FRAUD_DETECTION,2026-10-01T10:39:43.461000+00:00,0.301,APPROVED,CONFIDENTIAL
RSK_003667,CUST_001009,AML_SCREENING,2026-10-01T10:39:45.789000+00:00,0.276,APPROVED,CONFIDENTIAL
RSK_003668,CUST_007027,LOAN_SCORING,2026-10-01T10:39:49.642000+00:00,0.216,APPROVED,CONFIDENTIAL
RSK_003669,CUST_009013,LOAN_SCORING,2026-10-01T10:39:52.844000+00:00,0.103,APPROVED,CONFIDENTIAL
RSK_003670,CUST_003966,FRAUD_DETECTION,2026-10-01T10:39:53.579000+00:00,0.631,FLAGGED_FOR_REVIEW,CONFIDENTIAL
RSK_003671,CUST_001594,CREDIT_EVALUATION,2026-10-01T10:39:58.199000+00:00,0.08,APPROVED,CONFIDENTIAL
RSK_003672,CUST_002684,AML_SCREENING,2026-10-01T10:40:02.214000+00:00,0.057,APPROVED,CONFIDENTIAL
RSK_003673,CUST_004597,AML_SCREENING,2026-10-01T10:40:06.770000+00:00,0.212,APPROVED,CONFIDENTIAL
RSK_003674,CUST_005656,LOAN_SCORING,2026-10-01T10:40:11.641000+00:00,0.228,APPROVED,CONFIDENTIAL
RSK_003675,CUST_008414,CREDIT_EVALUATION,2026-10-01T10:40:15.831000+00:00,0.184,APPROVED,CONFIDENTIAL
RSK_003676,CUST_005593,AML_SCREENING,2026-10-01T10:40:16.328000+00:00,0.187,APPROVED,CONFIDENTIAL
RSK_003677,CUST_006400,AML_SCREENING,2026-10-01T10:40:19.816000+00:00,0.176,APPROVED,CONFIDENTIAL
RSK_003678,CUST_004399,CREDIT_EVALUATION,2026-10-01T10:40:24.705000+00:00,0.123,APPROVED,CONFIDENTIAL
RSK_003679,CUST_007644,CREDIT_EVALUATION,2026-10-01T10:40:28.092000+00:00,0.147,APPROVED,CONFIDENTIAL
RSK_003680,CUST_008599,CREDIT_EVALUATION,2026-10-01T10:40:31.705000+00:00,0.436,APPROVED,CONFIDENTIAL
RSK_003681,CUST_006636,AML_SCREENING,2026-10-01T10:40:35.115000+00:00,0.191,APPROVED,CONFIDENTIAL
RSK_003682,CUST_006546,AML_SCREENING,2026-10-01T10:40:35.868000+00:00,0.27,APPROVED,CONFIDENTIAL
RSK_003683,CUST_000207,CREDIT_EVALUATION,2026-10-01T10:40:36.592000+00:00,0.265,APPROVED,CONFIDENTIAL
RSK_003684,CUST_004965,LOAN_SCORING,2026-10-01T10:40:40.498000+00:00,0.174,APPROVED,CONFIDENTIAL
RSK_003685,CUST_009362,FRAUD_DETECTION,2026-10-01T10:40:41.444000+00:00,0.305,APPROVED,CONFIDENTIAL
RSK_003686,CUST_000504,LOAN_SCORING,2026-10-01T10:40:44.918000+00:00,0.514,FLAGGED_FOR_REVIEW,CONFIDENTIAL
RSK_003687,CUST_001740,CREDIT_EVALUATION,2026-10-01T10:40:46.587000+00:00,0.376,APPROVED,CONFIDENTIAL
RSK_003688,CUST_003104,CREDIT_EVALUATION,2026-10-01T10:40:46.934000+00:00,0.522,FLAGGED_FOR_REVIEW,CONFIDENTIAL
RSK_003689,CUST_006645,CREDIT_EVALUATION,2026-10-01T10:40:49.201000+00:00,0.199,APPROVED,CONFIDENTIAL
RSK_003690,CUST_007754,AML_SCREENING,2026-10-01T10:40:52.529000+00:00,0.295,APPROVED,CONFIDENTIAL
RSK_003691,CUST_002002,CREDIT_EVALUATION,2026-10-01T10:40:56.903000+00:00,0.416,APPROVED,CONFIDENTIAL
RSK_003692,CUST_002183,CREDIT_EVALUATION,2026-10-01T10:41:00.893000+00:00,0.261,APPROVED,CONFIDENTIAL
RSK_003693,CUST_007986,CREDIT_EVALUATION,2026-10-01T10:41:05.815000+00:00,0.357,APPROVED,CONFIDENTIAL
RSK_003694,CUST_006689,FRAUD_DETECTION,2026-10-01T10:41:08.780000+00:00,0.652,FLAGGED_FOR_REVIEW,CONFIDENTIAL
RSK_003695,CUST_001193,AML_SCREENING,2026-10-01T10:41:10.343000+00:00,0.133,APPROVED,CONFIDENTIAL
RSK_003696,CUST_000832,LOAN_SCORING,2026-10-01T10:41:14.628000+00:00,0.696,FLAGGED_FOR_REVIEW,CONFIDENTIAL
RSK_003697,CUST_000026,CREDIT_EVALUATION,2026-10-01T10:41:15.346000+00:00,0.115,APPROVED,CONFIDENTIAL
RSK_003698,CUST_007577,AML_SCREENING,2026-10-01T10:41:19.361000+00:00,0.159,APPROVED,CONFIDENTIAL
RSK_003699,CUST_009090,FRAUD_DETECTION,2026-10-01T10:41:24.197000+00:00,0.112,APPROVED,CONFIDENTIAL
RSK_003700,CUST_007714,FRAUD_DETECTION,2026-10-01T10:41:27.359000+00:00,0.029,APPROVED,CONFIDENTIAL
RSK_003701,CUST_007007,FRAUD_DETECTION,2026-10-01T10:41:31.158000+00:00,0.598,FLAGGED_FOR_REVIEW,CONFIDENTIAL
RSK_003702,CUST_004453,LOAN_SCORING,2026-10-01T10:41:33.503000+00:00,0.195,APPROVED,CONFIDENTIAL
RSK_003703,CUST_008850,AML_SCREENING,2026-10-01T10:41:36.762000+00:00,0.147,APPROVED,CONFIDENTIAL
RSK_003704,CUST_009482,AML_SCREENING,2026-10-01T10:41:41.174000+00:00,0.196,APPROVED,CONFIDENTIAL
RSK_003705,CUST_006346,CREDIT_EVALUATION,2026-10-01T10:41:45.041000+00:00,0.168,APPROVED,CONFIDENTIAL
RSK_003706,CUST_002710,LOAN_SCORING,2026-10-01T10:41:48.071000+00:00,0.114,APPROVED,CONFIDENTIAL
RSK_003707,CUST_006181,FRAUD_DETECTION,2026-10-01T10:41:49.953000+00:00,0.598,FLAGGED_FOR_REVIEW,CONFIDENTIAL
RSK_003708,CUST_002155,LOAN_SCORING,2026-10-01T10:41:50.168000+00:00,0.232,APPROVED,CONFIDENTIAL
RSK_003709,CUST_005420,CREDIT_EVALUATION,2026-10-01T10:41:51.854000+00:00,0.205,APPROVED,CONFIDENTIAL
RSK_003710,CUST_006904,AML_SCREENING,2026-10-01T10:41:54.825000+00:00,0.323,APPROVED,CONFIDENTIAL
RSK_003711,CUST_009368,FRAUD_DETECTION,2026-10-01T10:41:57.394000+00:00,0.158,APPROVED,CONFIDENTIAL
RSK_003712,CUST_001965,CREDIT_EVALUATION,2026-10-01T10:42:01.110000+00:00,0.418,APPROVED,CONFIDENTIAL
RSK_003713,CUST_002826,LOAN_SCORING,2026-10-01T10:42:04.260000+00:00,0.382,APPROVED,CONFIDENTIAL
RSK_003714,CUST_002547,CREDIT_EVALUATION,2026-10-01T10:42:05.032000+00:00,0.734,REJECTED,CONFIDENTIAL
RSK_003715,CUST_008350,LOAN_SCORING,2026-10-01T10:42:08.153000+00:00,0.408,APPROVED,CONFIDENTIAL
RSK_003716,CUST_002781,FRAUD_DETECTION,2026-10-01T10:42:10.224000+00:00,0.505,FLAGGED_FOR_REVIEW,CONFIDENTIAL
RSK_003717,CUST_003312,CREDIT_EVALUATION,2026-10-01T10:42:11.139000+00:00,0.18,APPROVED,CONFIDENTIAL
RSK_003718,CUST_006747,FRAUD_DETECTION,2026-10-01T10:42:11.428000+00:00,0.151,APPROVED,CONFIDENTIAL
RSK_003719,CUST_000723,FRAUD_DETECTION,2026-10-01T10:42:15.002000+00:00,0.384,APPROVED,CONFIDENTIAL
RSK_003720,CUST_002561,AML_SCREENING,2026-10-01T10:42:19.061000+00:00,0.249,APPROVED,CONFIDENTIAL
RSK_003721,CUST_003133,LOAN_SCORING,2026-10-01T10:42:21.199000+00:00,0.167,APPROVED,CONFIDENTIAL
RSK_003722,CUST_001528,LOAN_SCORING,2026-10-01T10:42:24.313000+00:00,0.138,APPROVED,CONFIDENTIAL
RSK_003723,CUST_003780,CREDIT_EVALUATION,2026-10-01T10:42:25.355000+00:00,0.094,APPROVED,CONFIDENTIAL
RSK_003724,CUST_009958,FRAUD_DETECTION,2026-10-01T10:42:27.754000+00:00,0.151,APPROVED,CONFIDENTIAL
RSK_003725,CUST_003200,LOAN_SCORING,2026-10-01T10:42:31.208000+00:00,0.137,APPROVED,CONFIDENTIAL
RSK_003726,CUST_007539,CREDIT_EVALUATION,2026-10-01T10:42:34.104000+00:00,0.069,APPROVED,CONFIDENTIAL
RSK_003727,CUST_004422,AML_SCREENING,2026-10-01T10:42:37.409000+00:00,0.418,APPROVED,CONFIDENTIAL
RSK_003728,CUST_009885,FRAUD_DETECTION,2026-10-01T10:42:41.998000+00:00,0.365,APPROVED,CONFIDENTIAL
RSK_003729,CUST_000187,CREDIT_EVALUATION,2026-10-01T10:42:43.837000+00:00,0.23,APPROVED,CONFIDENTIAL
RSK_003730,CUST_003275,CREDIT_EVALUATION,2026-10-01T10:42:46.077000+00:00,0.65,FLAGGED_FOR_REVIEW,CONFIDENTIAL
RSK_003731,CUST_000962,CREDIT_EVALUATION,2026-10-01T10:42:48.600000+00:00,0.293,APPROVED,CONFIDENTIAL
RSK_003732,CUST_008897,CREDIT_EVALUATION,2026-10-01T10:42:52.392000+00:00,0.167,APPROVED,CONFIDENTIAL
RSK_003733,CUST_007810,AML_SCREENING,2026-10-01T10:42:54.767000+00:00,0.592,FLAGGED_FOR_REVIEW,CONFIDENTIAL
RSK_003734,CUST_009274,LOAN_SCORING,2026-10-01T10:42:57.343000+00:00,0.257,APPROVED,CONFIDENTIAL
RSK_003735,CUST_000008,FRAUD_DETECTION,2026-10-01T10:43:01.762000+00:00,0.063,APPROVED,CONFIDENTIAL
RSK_003736,CUST_000332,LOAN_SCORING,2026-10-01T10:43:03.740000+00:00,0.186,APPROVED,CONFIDENTIAL
RSK_003737,CUST_003556,FRAUD_DETECTION,2026-10-01T10:43:06.141000+00:00,0.142,APPROVED,CONFIDENTIAL
RSK_003738,CUST_000492,CREDIT_EVALUATION,2026-10-01T10:43:09.841000+00:00,0.143,APPROVED,CONFIDENTIAL
RSK_003739,CUST_004964,AML_SCREENING,2026-10-01T10:43:14.237000+00:00,0.138,APPROVED,CONFIDENTIAL
RSK_003740,CUST_005930,CREDIT_EVALUATION,2026-10-01T10:43:15.364000+00:00,0.432,APPROVED,CONFIDENTIAL
RSK_003741,CUST_007262,AML_SCREENING,2026-10-01T10:43:16.761000+00:00,0.343,APPROVED,CONFIDENTIAL
RSK_003742,CUST_006978,LOAN_SCORING,2026-10-01T10:43:19.355000+00:00,0.161,APPROVED,CONFIDENTIAL
RSK_003743,CUST_007603,LOAN_SCORING,2026-10-01T10:43:21.633000+00:00,0.639,FLAGGED_FOR_REVIEW,CONFIDENTIAL
RSK_003744,CUST_004764,AML_SCREENING,2026-10-01T10:43:25.478000+00:00,0.608,FLAGGED_FOR_REVIEW,CONFIDENTIAL
RSK_003745,CUST_000696,LOAN_SCORING,2026-10-01T10:43:26.405000+00:00,0.42,APPROVED,CONFIDENTIAL
RSK_003746,CUST_000836,FRAUD_DETECTION,2026-10-01T10:43:26.665000+00:00,0.541,FLAGGED_FOR_REVIEW,CONFIDENTIAL
RSK_003747,CUST_002927,AML_SCREENING,2026-10-01T10:43:31.507000+00:00,0.174,APPROVED,CONFIDENTIAL
RSK_003748,CUST_001085,LOAN_SCORING,2026-10-01T10:43:32.096000+00:00,0.084,APPROVED,CONFIDENTIAL
RSK_003749,CUST_001229,CREDIT_EVALUATION,2026-10-01T10:43:32.470000+00:00,0.116,APPROVED,CONFIDENTIAL
RSK_003750,CUST_006259,FRAUD_DETECTION,2026-10-01T10:43:35.934000+00:00,0.086,APPROVED,CONFIDENTIAL
RSK_003751,CUST_009382,FRAUD_DETECTION,2026-10-01T10:43:36.489000+00:00,0.42,APPROVED,CONFIDENTIAL
RSK_003752,CUST_008400,LOAN_SCORING,2026-10-01T10:43:40.359000+00:00,0.313,APPROVED,CONFIDENTIAL
RSK_003753,CUST_002446,FRAUD_DETECTION,2026-10-01T10:43:43.455000+00:00,0.235,APPROVED,CONFIDENTIAL
RSK_003754,CUST_008253,LOAN_SCORING,2026-10-01T10:43:47.144000+00:00,0.536,FLAGGED_FOR_REVIEW,CONFIDENTIAL
RSK_003755,CUST_006241,FRAUD_DETECTION,2026-10-01T10:43:52.093000+00:00,0.222,APPROVED,CONFIDENTIAL
RSK_003756,CUST_001744,FRAUD_DETECTION,2026-10-01T10:43:54.266000+00:00,0.685,FLAGGED_FOR_REVIEW,CONFIDENTIAL
RSK_003757,CUST_006269,FRAUD_DETECTION,2026-10-01T10:43:54.467000+00:00,0.533,FLAGGED_FOR_REVIEW,CONFIDENTIAL
RSK_003758,CUST_003187,CREDIT_EVALUATION,2026-10-01T10:43:59.457000+00:00,0.382,APPROVED,CONFIDENTIAL
RSK_003759,CUST_008649,AML_SCREENING,2026-10-01T10:44:03.541000+00:00,0.212,APPROVED,CONFIDENTIAL
RSK_003760,CUST_000599,LOAN_SCORING,2026-10-01T10:44:07.957000+00:00,0.116,APPROVED,CONFIDENTIAL
RSK_003761,CUST_002714,LOAN_SCORING,2026-10-01T10:44:11.929000+00:00,0.41,APPROVED,CONFIDENTIAL
RSK_003762,CUST_002648,CREDIT_EVALUATION,2026-10-01T10:44:12.140000+00:00,0.22,APPROVED,CONFIDENTIAL
RSK_003763,CUST_003711,FRAUD_DETECTION,2026-10-01T10:44:13.915000+00:00,0.128,APPROVED,CONFIDENTIAL
RSK_003764,CUST_003997,CREDIT_EVALUATION,2026-10-01T10:44:18.416000+00:00,0.364,APPROVED,CONFIDENTIAL
RSK_003765,CUST_006628,AML_SCREENING,2026-10-01T10:44:21.840000+00:00,0.471,FLAGGED_FOR_REVIEW,CONFIDENTIAL
RSK_003766,CUST_005224,LOAN_SCORING,2026-10-01T10:44:26.673000+00:00,0.173,APPROVED,CONFIDENTIAL
RSK_003767,CUST_000860,FRAUD_DETECTION,2026-10-01T10:44:31.129000+00:00,0.253,APPROVED,CONFIDENTIAL
RSK_003768,CUST_000226,CREDIT_EVALUATION,2026-10-01T10:44:32.379000+00:00,0.143,APPROVED,CONFIDENTIAL
RSK_003769,CUST_009050,FRAUD_DETECTION,2026-10-01T10:44:36.931000+00:00,0.514,FLAGGED_FOR_REVIEW,CONFIDENTIAL
RSK_003770,CUST_003335,FRAUD_DETECTION,2026-10-01T10:44:40.097000+00:00,0.13,APPROVED,CONFIDENTIAL
RSK_003771,CUST_006995,CREDIT_EVALUATION,2026-10-01T10:44:42.850000+00:00,0.386,APPROVED,CONFIDENTIAL
RSK_003772,CUST_004639,CREDIT_EVALUATION,2026-10-01T10:44:46.648000+00:00,0.243,APPROVED,CONFIDENTIAL
RSK_003773,CUST_009012,FRAUD_DETECTION,2026-10-01T10:44:47.426000+00:00,0.214,APPROVED,CONFIDENTIAL
RSK_003774,CUST_003702,CREDIT_EVALUATION,2026-10-01T10:44:48.176000+00:00,0.11,APPROVED,CONFIDENTIAL
RSK_003775,CUST_000505,CREDIT_EVALUATION,2026-10-01T10:44:49.481000+00:00,0.441,APPROVED,CONFIDENTIAL
RSK_003776,CUST_006284,AML_SCREENING,2026-10-01T10:44:53.670000+00:00,0.135,APPROVED,CONFIDENTIAL
RSK_003777,CUST_006247,LOAN_SCORING,2026-10-01T10:44:56.415000+00:00,0.212,APPROVED,CONFIDENTIAL
RSK_003778,CUST_008544,AML_SCREENING,2026-10-01T10:44:59.755000+00:00,0.436,APPROVED,CONFIDENTIAL
RSK_003779,CUST_008981,AML_SCREENING,2026-10-01T10:45:02.815000+00:00,0.13,APPROVED,CONFIDENTIAL
RSK_003780,CUST_004578,CREDIT_EVALUATION,2026-10-01T10:45:07.133000+00:00,0.299,APPROVED,CONFIDENTIAL
RSK_003781,CUST_008047,AML_SCREENING,2026-10-01T10:45:10.516000+00:00,0.129,APPROVED,CONFIDENTIAL
RSK_003782,CUST_007699,AML_SCREENING,2026-10-01T10:45:15.324000+00:00,0.214,APPROVED,CONFIDENTIAL
RSK_003783,CUST_005364,AML_SCREENING,2026-10-01T10:45:17.796000+00:00,0.223,APPROVED,CONFIDENTIAL
RSK_003784,CUST_001524,LOAN_SCORING,2026-10-01T10:45:22.774000+00:00,0.179,APPROVED,CONFIDENTIAL
RSK_003785,CUST_003216,LOAN_SCORING,2026-10-01T10:45:26.783000+00:00,0.01,APPROVED,CONFIDENTIAL
RSK_003786,CUST_003642,AML_SCREENING,2026-10-01T10:45:31.255000+00:00,0.158,APPROVED,CONFIDENTIAL
RSK_003787,CUST_005259,FRAUD_DETECTION,2026-10-01T10:45:35.847000+00:00,0.427,APPROVED,CONFIDENTIAL
RSK_003788,CUST_002310,LOAN_SCORING,2026-10-01T10:45:36.390000+00:00,0.18,APPROVED,CONFIDENTIAL
RSK_003789,CUST_005315,FRAUD_DETECTION,2026-10-01T10:45:36.605000+00:00,0.333,APPROVED,CONFIDENTIAL
RSK_003790,CUST_001894,LOAN_SCORING,2026-10-01T10:45:39.873000+00:00,0.395,APPROVED,CONFIDENTIAL
RSK_003791,CUST_005073,LOAN_SCORING,2026-10-01T10:45:40.448000+00:00,0.109,APPROVED,CONFIDENTIAL
RSK_003792,CUST_008978,FRAUD_DETECTION,2026-10-01T10:45:44.632000+00:00,0.233,APPROVED,CONFIDENTIAL
RSK_003793,CUST_002691,CREDIT_EVALUATION,2026-10-01T10:45:45.375000+00:00,0.135,APPROVED,CONFIDENTIAL
RSK_003794,CUST_002695,LOAN_SCORING,2026-10-01T10:45:45.860000+00:00,0.294,APPROVED,CONFIDENTIAL
RSK_003795,CUST_006046,AML_SCREENING,2026-10-01T10:45:46.242000+00:00,0.416,APPROVED,CONFIDENTIAL
RSK_003796,CUST_008338,FRAUD_DETECTION,2026-10-01T10:45:50.195000+00:00,0.106,APPROVED,CONFIDENTIAL
RSK_003797,CUST_005604,CREDIT_EVALUATION,2026-10-01T10:45:51.861000+00:00,0.411,APPROVED,CONFIDENTIAL
RSK_003798,CUST_004878,FRAUD_DETECTION,2026-10-01T10:45:54.726000+00:00,0.23,APPROVED,CONFIDENTIAL
RSK_003799,CUST_008087,LOAN_SCORING,2026-10-01T10:45:58.806000+00:00,0.064,APPROVED,CONFIDENTIAL
RSK_003800,CUST_001745,FRAUD_DETECTION,2026-10-01T10:46:00.923000+00:00,0.109,APPROVED,CONFIDENTIAL
RSK_003801,CUST_002147,AML_SCREENING,2026-10-01T10:46:03.184000+00:00,0.175,APPROVED,CONFIDENTIAL
RSK_003802,CUST_006712,LOAN_SCORING,2026-10-01T10:46:07.085000+00:00,0.286,APPROVED,CONFIDENTIAL
RSK_003803,CUST_009262,AML_SCREENING,2026-10-01T10:46:10.689000+00:00,0.52,FLAGGED_FOR_REVIEW,CONFIDENTIAL
RSK_003804,CUST_007162,FRAUD_DETECTION,2026-10-01T10:46:15.052000+00:00,0.128,APPROVED,CONFIDENTIAL
RSK_003805,CUST_005373,AML_SCREENING,2026-10-01T10:46:18.835000+00:00,0.047,APPROVED,CONFIDENTIAL
RSK_003806,CUST_002246,LOAN_SCORING,2026-10-01T10:46:22.029000+00:00,0.432,APPROVED,CONFIDENTIAL
RSK_003807,CUST_003983,LOAN_SCORING,2026-10-01T10:46:22.811000+00:00,0.047,APPROVED,CONFIDENTIAL
RSK_003808,CUST_000241,FRAUD_DETECTION,2026-10-01T10:46:25.314000+00:00,0.234,APPROVED,CONFIDENTIAL
RSK_003809,CUST_002129,CREDIT_EVALUATION,2026-10-01T10:46:27.607000+00:00,0.36,APPROVED,CONFIDENTIAL
RSK_003810,CUST_008774,FRAUD_DETECTION,2026-10-01T10:46:29.528000+00:00,0.076,APPROVED,CONFIDENTIAL
RSK_003811,CUST_002790,LOAN_SCORING,2026-10-01T10:46:34.264000+00:00,0.218,APPROVED,CONFIDENTIAL
RSK_003812,CUST_001281,AML_SCREENING,2026-10-01T10:46:34.756000+00:00,0.277,APPROVED,CONFIDENTIAL
RSK_003813,CUST_000760,FRAUD_DETECTION,2026-10-01T10:46:38.225000+00:00,0.501,FLAGGED_FOR_REVIEW,CONFIDENTIAL
RSK_003814,CUST_003637,AML_SCREENING,2026-10-01T10:46:39.944000+00:00,0.292,APPROVED,CONFIDENTIAL
RSK_003815,CUST_008581,FRAUD_DETECTION,2026-10-01T10:46:42.183000+00:00,0.143,APPROVED,CONFIDENTIAL
RSK_003816,CUST_003417,AML_SCREENING,2026-10-01T10:46:46.898000+00:00,0.212,APPROVED,CONFIDENTIAL
RSK_003817,CUST_006076,LOAN_SCORING,2026-10-01T10:46:49.552000+00:00,0.498,FLAGGED_FOR_REVIEW,CONFIDENTIAL
RSK_003818,CUST_009034,CREDIT_EVALUATION,2026-10-01T10:46:49.856000+00:00,0.21,APPROVED,CONFIDENTIAL
RSK_003819,CUST_001875,LOAN_SCORING,2026-10-01T10:46:50.580000+00:00,0.104,APPROVED,CONFIDENTIAL
RSK_003820,CUST_001775,LOAN_SCORING,2026-10-01T10:46:54.269000+00:00,0.216,APPROVED,CONFIDENTIAL
RSK_003821,CUST_009515,LOAN_SCORING,2026-10-01T10:46:56.638000+00:00,0.157,APPROVED,CONFIDENTIAL
RSK_003822,CUST_002558,FRAUD_DETECTION,2026-10-01T10:46:59.243000+00:00,0.155,APPROVED,CONFIDENTIAL
RSK_003823,CUST_001112,CREDIT_EVALUATION,2026-10-01T10:47:04.064000+00:00,0.159,APPROVED,CONFIDENTIAL
RSK_003824,CUST_005271,AML_SCREENING,2026-10-01T10:47:04.777000+00:00,0.107,APPROVED,CONFIDENTIAL
RSK_003825,CUST_000598,CREDIT_EVALUATION,2026-10-01T10:47:09.256000+00:00,0.067,APPROVED,CONFIDENTIAL
RSK_003826,CUST_007928,LOAN_SCORING,2026-10-01T10:47:10.935000+00:00,0.453,FLAGGED_FOR_REVIEW,CONFIDENTIAL
RSK_003827,CUST_003868,LOAN_SCORING,2026-10-01T10:47:11.813000+00:00,0.369,APPROVED,CONFIDENTIAL
RSK_003828,CUST_007022,CREDIT_EVALUATION,2026-10-01T10:47:12.074000+00:00,0.414,APPROVED,CONFIDENTIAL
RSK_003829,CUST_000087,CREDIT_EVALUATION,2026-10-01T10:47:14.323000+00:00,0.364,APPROVED,CONFIDENTIAL
RSK_003830,CUST_000845,AML_SCREENING,2026-10-01T10:47:17.659000+00:00,0.125,APPROVED,CONFIDENTIAL
RSK_003831,CUST_005587,CREDIT_EVALUATION,2026-10-01T10:47:22.572000+00:00,0.364,APPROVED,CONFIDENTIAL
RSK_003832,CUST_007322,FRAUD_DETECTION,2026-10-01T10:47:23.093000+00:00,0.257,APPROVED,CONFIDENTIAL
RSK_003833,CUST_007856,LOAN_SCORING,2026-10-01T10:47:26.962000+00:00,0.148,APPROVED,CONFIDENTIAL
RSK_003834,CUST_008851,CREDIT_EVALUATION,2026-10-01T10:47:30.611000+00:00,0.254,APPROVED,CONFIDENTIAL
RSK_003835,CUST_009541,CREDIT_EVALUATION,2026-10-01T10:47:34.133000+00:00,0.113,APPROVED,CONFIDENTIAL
RSK_003836,CUST_006199,LOAN_SCORING,2026-10-01T10:47:38.713000+00:00,0.082,APPROVED,CONFIDENTIAL
RSK_003837,CUST_003007,CREDIT_EVALUATION,2026-10-01T10:47:41.686000+00:00,0.063,APPROVED,CONFIDENTIAL
RSK_003838,CUST_007996,FRAUD_DETECTION,2026-10-01T10:47:46.138000+00:00,0.383,APPROVED,CONFIDENTIAL
RSK_003839,CUST_004906,AML_SCREENING,2026-10-01T10:47:47.636000+00:00,0.197,APPROVED,CONFIDENTIAL
RSK_003840,CUST_003014,FRAUD_DETECTION,2026-10-01T10:47:52.411000+00:00,0.283,APPROVED,CONFIDENTIAL
RSK_003841,CUST_003244,FRAUD_DETECTION,2026-10-01T10:47:57.373000+00:00,0.011,APPROVED,CONFIDENTIAL
RSK_003842,CUST_005526,AML_SCREENING,2026-10-01T10:48:00.512000+00:00,0.352,APPROVED,CONFIDENTIAL
RSK_003843,CUST_007814,CREDIT_EVALUATION,2026-10-01T10:48:03.397000+00:00,0.096,APPROVED,CONFIDENTIAL
RSK_003844,CUST_004566,CREDIT_EVALUATION,2026-10-01T10:48:07.989000+00:00,0.333,APPROVED,CONFIDENTIAL
RSK_003845,CUST_009651,AML_SCREENING,2026-10-01T10:48:10.110000+00:00,0.138,APPROVED,CONFIDENTIAL
RSK_003846,CUST_004201,LOAN_SCORING,2026-10-01T10:48:11.385000+00:00,0.064,APPROVED,CONFIDENTIAL
RSK_003847,CUST_000680,LOAN_SCORING,2026-10-01T10:48:16.248000+00:00,0.57,FLAGGED_FOR_REVIEW,CONFIDENTIAL
RSK_003848,CUST_007734,AML_SCREENING,2026-10-01T10:48:20.455000+00:00,0.388,APPROVED,CONFIDENTIAL
RSK_003849,CUST_001856,LOAN_SCORING,2026-10-01T10:48:24.798000+00:00,0.156,APPROVED,CONFIDENTIAL
RSK_003850,CUST_001374,CREDIT_EVALUATION,2026-10-01T10:48:25.608000+00:00,0.381,APPROVED,CONFIDENTIAL
RSK_003851,CUST_002660,AML_SCREENING,2026-10-01T10:48:27.770000+00:00,0.263,APPROVED,CONFIDENTIAL
RSK_003852,CUST_006546,FRAUD_DETECTION,2026-10-01T10:48:31.472000+00:00,0.557,FLAGGED_FOR_REVIEW,CONFIDENTIAL
RSK_003853,CUST_000126,FRAUD_DETECTION,2026-10-01T10:48:33.451000+00:00,0.579,FLAGGED_FOR_REVIEW,CONFIDENTIAL
RSK_003854,CUST_003569,AML_SCREENING,2026-10-01T10:48:36.016000+00:00,0.085,APPROVED,CONFIDENTIAL
RSK_003855,CUST_003251,LOAN_SCORING,2026-10-01T10:48:36.753000+00:00,0.184,APPROVED,CONFIDENTIAL
RSK_003856,CUST_006598,FRAUD_DETECTION,2026-10-01T10:48:41.511000+00:00,0.253,APPROVED,CONFIDENTIAL
RSK_003857,CUST_004703,LOAN_SCORING,2026-10-01T10:48:46.225000+00:00,0.091,APPROVED,CONFIDENTIAL
RSK_003858,CUST_006233,FRAUD_DETECTION,2026-10-01T10:48:48.384000+00:00,0.133,APPROVED,CONFIDENTIAL
RSK_003859,CUST_009532,CREDIT_EVALUATION,2026-10-01T10:48:50.708000+00:00,0.253,APPROVED,CONFIDENTIAL
RSK_003860,CUST_004177,FRAUD_DETECTION,2026-10-01T10:48:53.560000+00:00,0.342,APPROVED,CONFIDENTIAL
RSK_003861,CUST_000892,AML_SCREENING,2026-10-01T10:48:54.247000+00:00,0.111,APPROVED,CONFIDENTIAL
RSK_003862,CUST_002962,AML_SCREENING,2026-10-01T10:48:58.960000+00:00,0.294,APPROVED,CONFIDENTIAL
RSK_003863,CUST_001334,FRAUD_DETECTION,2026-10-01T10:48:59.365000+00:00,0.933,REJECTED,CONFIDENTIAL
RSK_003864,CUST_008666,CREDIT_EVALUATION,2026-10-01T10:49:01.033000+00:00,0.413,APPROVED,CONFIDENTIAL
RSK_003865,CUST_003502,LOAN_SCORING,2026-10-01T10:49:04.493000+00:00,0.245,APPROVED,CONFIDENTIAL
RSK_003866,CUST_007101,FRAUD_DETECTION,2026-10-01T10:49:09.362000+00:00,0.069,APPROVED,CONFIDENTIAL
RSK_003867,CUST_008740,AML_SCREENING,2026-10-01T10:49:12.500000+00:00,0.421,APPROVED,CONFIDENTIAL
RSK_003868,CUST_008219,FRAUD_DETECTION,2026-10-01T10:49:14.665000+00:00,0.247,APPROVED,CONFIDENTIAL
RSK_003869,CUST_002090,CREDIT_EVALUATION,2026-10-01T10:49:15.364000+00:00,0.21,APPROVED,CONFIDENTIAL
RSK_003870,CUST_000784,AML_SCREENING,2026-10-01T10:49:16.388000+00:00,0.17,APPROVED,CONFIDENTIAL
RSK_003871,CUST_006792,LOAN_SCORING,2026-10-01T10:49:18.530000+00:00,0.671,FLAGGED_FOR_REVIEW,CONFIDENTIAL
RSK_003872,CUST_000113,FRAUD_DETECTION,2026-10-01T10:49:21.525000+00:00,0.223,APPROVED,CONFIDENTIAL
RSK_003873,CUST_001412,AML_SCREENING,2026-10-01T10:49:25.180000+00:00,0.223,APPROVED,CONFIDENTIAL
RSK_003874,CUST_004671,FRAUD_DETECTION,2026-10-01T10:49:27.451000+00:00,0.466,FLAGGED_FOR_REVIEW,CONFIDENTIAL
RSK_003875,CUST_000276,AML_SCREENING,2026-10-01T10:49:31.863000+00:00,0.327,APPROVED,CONFIDENTIAL
RSK_003876,CUST_001539,AML_SCREENING,2026-10-01T10:49:36.692000+00:00,0.443,APPROVED,CONFIDENTIAL
RSK_003877,CUST_007421,CREDIT_EVALUATION,2026-10-01T10:49:41.625000+00:00,0.204,APPROVED,CONFIDENTIAL
RSK_003878,CUST_002427,FRAUD_DETECTION,2026-10-01T10:49:44.611000+00:00,0.282,APPROVED,CONFIDENTIAL
RSK_003879,CUST_005577,LOAN_SCORING,2026-10-01T10:49:49.124000+00:00,0.265,APPROVED,CONFIDENTIAL
RSK_003880,CUST_000070,FRAUD_DETECTION,2026-10-01T10:49:50.821000+00:00,0.328,APPROVED,CONFIDENTIAL
RSK_003881,CUST_009805,AML_SCREENING,2026-10-01T10:49:53.235000+00:00,0.188,APPROVED,CONFIDENTIAL
RSK_003882,CUST_004547,FRAUD_DETECTION,2026-10-01T10:49:53.870000+00:00,0.454,FLAGGED_FOR_REVIEW,CONFIDENTIAL
RSK_003883,CUST_005628,LOAN_SCORING,2026-10-01T10:49:56.729000+00:00,0.147,APPROVED,CONFIDENTIAL
RSK_003884,CUST_007235,FRAUD_DETECTION,2026-10-01T10:50:00.860000+00:00,0.619,FLAGGED_FOR_REVIEW,CONFIDENTIAL
RSK_003885,CUST_000929,CREDIT_EVALUATION,2026-10-01T10:50:05.539000+00:00,0.251,APPROVED,CONFIDENTIAL
RSK_003886,CUST_007726,CREDIT_EVALUATION,2026-10-01T10:50:07.745000+00:00,0.254,APPROVED,CONFIDENTIAL
RSK_003887,CUST_004932,AML_SCREENING,2026-10-01T10:50:11.591000+00:00,0.478,FLAGGED_FOR_REVIEW,CONFIDENTIAL
RSK_003888,CUST_005162,FRAUD_DETECTION,2026-10-01T10:50:14.404000+00:00,0.143,APPROVED,CONFIDENTIAL
RSK_003889,CUST_008876,CREDIT_EVALUATION,2026-10-01T10:50:18.877000+00:00,0.041,APPROVED,CONFIDENTIAL
RSK_003890,CUST_000881,FRAUD_DETECTION,2026-10-01T10:50:22.099000+00:00,0.153,APPROVED,CONFIDENTIAL
RSK_003891,CUST_002287,FRAUD_DETECTION,2026-10-01T10:50:25.107000+00:00,0.502,FLAGGED_FOR_REVIEW,CONFIDENTIAL
RSK_003892,CUST_002895,FRAUD_DETECTION,2026-10-01T10:50:29.056000+00:00,0.285,APPROVED,CONFIDENTIAL
RSK_003893,CUST_008400,FRAUD_DETECTION,2026-10-01T10:50:33.517000+00:00,0.372,APPROVED,CONFIDENTIAL
RSK_003894,CUST_005943,CREDIT_EVALUATION,2026-10-01T10:50:34.392000+00:00,0.395,APPROVED,CONFIDENTIAL
RSK_003895,CUST_006577,AML_SCREENING,2026-10-01T10:50:36.375000+00:00,0.562,FLAGGED_FOR_REVIEW,CONFIDENTIAL
RSK_003896,CUST_005167,CREDIT_EVALUATION,2026-10-01T10:50:37.485000+00:00,0.294,APPROVED,CONFIDENTIAL
RSK_003897,CUST_005210,CREDIT_EVALUATION,2026-10-01T10:50:38.260000+00:00,0.53,FLAGGED_FOR_REVIEW,CONFIDENTIAL
RSK_003898,CUST_003708,CREDIT_EVALUATION,2026-10-01T10:50:39.385000+00:00,0.301,APPROVED,CONFIDENTIAL
RSK_003899,CUST_006622,CREDIT_EVALUATION,2026-10-01T10:50:39.776000+00:00,0.161,APPROVED,CONFIDENTIAL
RSK_003900,CUST_005908,AML_SCREENING,2026-10-01T10:50:44.380000+00:00,0.218,APPROVED,CONFIDENTIAL
RSK_003901,CUST_003554,CREDIT_EVALUATION,2026-10-01T10:50:45.846000+00:00,0.158,APPROVED,CONFIDENTIAL
RSK_003902,CUST_003885,CREDIT_EVALUATION,2026-10-01T10:50:48.503000+00:00,0.177,APPROVED,CONFIDENTIAL
RSK_003903,CUST_003502,LOAN_SCORING,2026-10-01T10:50:52.948000+00:00,0.347,APPROVED,CONFIDENTIAL
RSK_003904,CUST_006268,LOAN_SCORING,2026-10-01T10:50:56.870000+00:00,0.299,APPROVED,CONFIDENTIAL
RSK_003905,CUST_002458,AML_SCREENING,2026-10-01T10:51:00.748000+00:00,0.018,APPROVED,CONFIDENTIAL
RSK_003906,CUST_002349,AML_SCREENING,2026-10-01T10:51:00.981000+00:00,0.138,APPROVED,CONFIDENTIAL
RSK_003907,CUST_003548,CREDIT_EVALUATION,2026-10-01T10:51:03.019000+00:00,0.349,APPROVED,CONFIDENTIAL
RSK_003908,CUST_005848,FRAUD_DETECTION,2026-10-01T10:51:06.435000+00:00,0.065,APPROVED,CONFIDENTIAL
RSK_003909,CUST_004318,AML_SCREENING,2026-10-01T10:51:06.708000+00:00,0.263,APPROVED,CONFIDENTIAL
RSK_003910,CUST_002760,CREDIT_EVALUATION,2026-10-01T10:51:10.646000+00:00,0.277,APPROVED,CONFIDENTIAL
RSK_003911,CUST_000297,LOAN_SCORING,2026-10-01T10:51:12.730000+00:00,0.152,APPROVED,CONFIDENTIAL
RSK_003912,CUST_009339,FRAUD_DETECTION,2026-10-01T10:51:16.627000+00:00,0.074,APPROVED,CONFIDENTIAL
RSK_003913,CUST_001601,AML_SCREENING,2026-10-01T10:51:20.076000+00:00,0.201,APPROVED,CONFIDENTIAL
RSK_003914,CUST_008313,AML_SCREENING,2026-10-01T10:51:24.816000+00:00,0.027,APPROVED,CONFIDENTIAL
RSK_003915,CUST_007749,FRAUD_DETECTION,2026-10-01T10:51:28.503000+00:00,0.437,APPROVED,CONFIDENTIAL
RSK_003916,CUST_004650,CREDIT_EVALUATION,2026-10-01T10:51:32.207000+00:00,0.33,APPROVED,CONFIDENTIAL
RSK_003917,CUST_008317,CREDIT_EVALUATION,2026-10-01T10:51:33.618000+00:00,0.374,APPROVED,CONFIDENTIAL
RSK_003918,CUST_009984,AML_SCREENING,2026-10-01T10:51:34.402000+00:00,0.201,APPROVED,CONFIDENTIAL
RSK_003919,CUST_005171,LOAN_SCORING,2026-10-01T10:51:37.705000+00:00,0.371,APPROVED,CONFIDENTIAL
RSK_003920,CUST_003026,FRAUD_DETECTION,2026-10-01T10:51:38.111000+00:00,0.093,APPROVED,CONFIDENTIAL
RSK_003921,CUST_002291,LOAN_SCORING,2026-10-01T10:51:39.595000+00:00,0.242,APPROVED,CONFIDENTIAL
RSK_003922,CUST_001077,AML_SCREENING,2026-10-01T10:51:42.457000+00:00,0.277,APPROVED,CONFIDENTIAL
RSK_003923,CUST_005996,FRAUD_DETECTION,2026-10-01T10:51:45.573000+00:00,0.507,FLAGGED_FOR_REVIEW,CONFIDENTIAL
RSK_003924,CUST_001007,LOAN_SCORING,2026-10-01T10:51:47.348000+00:00,0.169,APPROVED,CONFIDENTIAL
RSK_003925,CUST_004093,CREDIT_EVALUATION,2026-10-01T10:51:52.339000+00:00,0.057,APPROVED,CONFIDENTIAL
RSK_003926,CUST_005101,LOAN_SCORING,2026-10-01T10:51:52.736000+00:00,0.314,APPROVED,CONFIDENTIAL
RSK_003927,CUST_008066,CREDIT_EVALUATION,2026-10-01T10:51:55.085000+00:00,0.119,APPROVED,CONFIDENTIAL
RSK_003928,CUST_004883,AML_SCREENING,2026-10-01T10:51:55.692000+00:00,0.119,APPROVED,CONFIDENTIAL
RSK_003929,CUST_004046,AML_SCREENING,2026-10-01T10:51:59.875000+00:00,0.488,FLAGGED_FOR_REVIEW,CONFIDENTIAL
RSK_003930,CUST_000327,FRAUD_DETECTION,2026-10-01T10:52:04.379000+00:00,0.122,APPROVED,CONFIDENTIAL
RSK_003931,CUST_002614,FRAUD_DETECTION,2026-10-01T10:52:07.762000+00:00,0.654,FLAGGED_FOR_REVIEW,CONFIDENTIAL
RSK_003932,CUST_005968,LOAN_SCORING,2026-10-01T10:52:08.695000+00:00,0.272,APPROVED,CONFIDENTIAL
RSK_003933,CUST_007455,CREDIT_EVALUATION,2026-10-01T10:52:10.604000+00:00,0.382,APPROVED,CONFIDENTIAL
RSK_003934,CUST_004256,AML_SCREENING,2026-10-01T10:52:12.573000+00:00,0.212,APPROVED,CONFIDENTIAL
RSK_003935,CUST_001235,AML_SCREENING,2026-10-01T10:52:13.583000+00:00,0.065,APPROVED,CONFIDENTIAL
RSK_003936,CUST_000914,CREDIT_EVALUATION,2026-10-01T10:52:16.843000+00:00,0.104,APPROVED,CONFIDENTIAL
RSK_003937,CUST_002065,FRAUD_DETECTION,2026-10-01T10:52:19.626000+00:00,0.046,APPROVED,CONFIDENTIAL
RSK_003938,CUST_004924,AML_SCREENING,2026-10-01T10:52:20.790000+00:00,0.258,APPROVED,CONFIDENTIAL
RSK_003939,CUST_008687,LOAN_SCORING,2026-10-01T10:52:22.976000+00:00,0.275,APPROVED,CONFIDENTIAL
RSK_003940,CUST_000075,FRAUD_DETECTION,2026-10-01T10:52:26.384000+00:00,0.247,APPROVED,CONFIDENTIAL
RSK_003941,CUST_007814,LOAN_SCORING,2026-10-01T10:52:28.656000+00:00,0.055,APPROVED,CONFIDENTIAL
RSK_003942,CUST_002879,LOAN_SCORING,2026-10-01T10:52:32.333000+00:00,0.38,APPROVED,CONFIDENTIAL
RSK_003943,CUST_002862,AML_SCREENING,2026-10-01T10:52:33.532000+00:00,0.301,APPROVED,CONFIDENTIAL
RSK_003944,CUST_002345,AML_SCREENING,2026-10-01T10:52:34.375000+00:00,0.254,APPROVED,CONFIDENTIAL
RSK_003945,CUST_005589,AML_SCREENING,2026-10-01T10:52:35.788000+00:00,0.451,FLAGGED_FOR_REVIEW,CONFIDENTIAL
RSK_003946,CUST_003759,CREDIT_EVALUATION,2026-10-01T10:52:38.112000+00:00,0.13,APPROVED,CONFIDENTIAL
RSK_003947,CUST_006575,CREDIT_EVALUATION,2026-10-01T10:52:38.870000+00:00,0.079,APPROVED,CONFIDENTIAL
RSK_003948,CUST_009345,AML_SCREENING,2026-10-01T10:52:40.644000+00:00,0.262,APPROVED,CONFIDENTIAL
RSK_003949,CUST_005023,LOAN_SCORING,2026-10-01T10:52:45.004000+00:00,0.21,APPROVED,CONFIDENTIAL
RSK_003950,CUST_002606,CREDIT_EVALUATION,2026-10-01T10:52:48.544000+00:00,0.066,APPROVED,CONFIDENTIAL
RSK_003951,CUST_005935,LOAN_SCORING,2026-10-01T10:52:52.554000+00:00,0.367,APPROVED,CONFIDENTIAL
RSK_003952,CUST_005157,CREDIT_EVALUATION,2026-10-01T10:52:52.874000+00:00,0.286,APPROVED,CONFIDENTIAL
RSK_003953,CUST_002628,LOAN_SCORING,2026-10-01T10:52:56.002000+00:00,0.288,APPROVED,CONFIDENTIAL
RSK_003954,CUST_005076,FRAUD_DETECTION,2026-10-01T10:52:56.636000+00:00,0.062,APPROVED,CONFIDENTIAL
RSK_003955,CUST_005469,CREDIT_EVALUATION,2026-10-01T10:52:57.484000+00:00,0.283,APPROVED,CONFIDENTIAL
RSK_003956,CUST_008168,CREDIT_EVALUATION,2026-10-01T10:52:59.164000+00:00,0.241,APPROVED,CONFIDENTIAL
RSK_003957,CUST_005662,LOAN_SCORING,2026-10-01T10:53:02.388000+00:00,0.101,APPROVED,CONFIDENTIAL
RSK_003958,CUST_000693,CREDIT_EVALUATION,2026-10-01T10:53:05.425000+00:00,0.292,APPROVED,CONFIDENTIAL
RSK_003959,CUST_001639,CREDIT_EVALUATION,2026-10-01T10:53:06.185000+00:00,0.322,APPROVED,CONFIDENTIAL
RSK_003960,CUST_008970,LOAN_SCORING,2026-10-01T10:53:11.118000+00:00,0.076,APPROVED,CONFIDENTIAL
RSK_003961,CUST_000381,FRAUD_DETECTION,2026-10-01T10:53:14.879000+00:00,0.185,APPROVED,CONFIDENTIAL
RSK_003962,CUST_009098,LOAN_SCORING,2026-10-01T10:53:16.362000+00:00,0.307,APPROVED,CONFIDENTIAL
RSK_003963,CUST_005000,AML_SCREENING,2026-10-01T10:53:20.760000+00:00,0.274,APPROVED,CONFIDENTIAL
RSK_003964,CUST_000267,CREDIT_EVALUATION,2026-10-01T10:53:23.228000+00:00,0.151,APPROVED,CONFIDENTIAL
RSK_003965,CUST_009186,LOAN_SCORING,2026-10-01T10:53:25.808000+00:00,0.159,APPROVED,CONFIDENTIAL
RSK_003966,CUST_009099,LOAN_SCORING,2026-10-01T10:53:27.725000+00:00,0.54,FLAGGED_FOR_REVIEW,CONFIDENTIAL
RSK_003967,CUST_004528,LOAN_SCORING,2026-10-01T10:53:29.859000+00:00,0.599,FLAGGED_FOR_REVIEW,CONFIDENTIAL
RSK_003968,CUST_004470,CREDIT_EVALUATION,2026-10-01T10:53:32.792000+00:00,0.119,APPROVED,CONFIDENTIAL
RSK_003969,CUST_001796,AML_SCREENING,2026-10-01T10:53:36.750000+00:00,0.286,APPROVED,CONFIDENTIAL
RSK_003970,CUST_002318,LOAN_SCORING,2026-10-01T10:53:38.287000+00:00,0.161,APPROVED,CONFIDENTIAL
RSK_003971,CUST_009591,FRAUD_DETECTION,2026-10-01T10:53:41.120000+00:00,0.417,APPROVED,CONFIDENTIAL
RSK_003972,CUST_000902,LOAN_SCORING,2026-10-01T10:53:43.674000+00:00,0.46,FLAGGED_FOR_REVIEW,CONFIDENTIAL
RSK_003973,CUST_009759,CREDIT_EVALUATION,2026-10-01T10:53:46.373000+00:00,0.418,APPROVED,CONFIDENTIAL
RSK_003974,CUST_009577,FRAUD_DETECTION,2026-10-01T10:53:50.818000+00:00,0.055,APPROVED,CONFIDENTIAL
RSK_003975,CUST_003180,LOAN_SCORING,2026-10-01T10:53:52.450000+00:00,0.176,APPROVED,CONFIDENTIAL
RSK_003976,CUST_003809,LOAN_SCORING,2026-10-01T10:53:55.148000+00:00,0.222,APPROVED,CONFIDENTIAL
RSK_003977,CUST_002804,LOAN_SCORING,2026-10-01T10:53:56.507000+00:00,0.151,APPROVED,CONFIDENTIAL
RSK_003978,CUST_002835,AML_SCREENING,2026-10-01T10:54:01.263000+00:00,0.647,FLAGGED_FOR_REVIEW,CONFIDENTIAL
RSK_003979,CUST_009685,LOAN_SCORING,2026-10-01T10:54:03.248000+00:00,0.177,APPROVED,CONFIDENTIAL
RSK_003980,CUST_008685,FRAUD_DETECTION,2026-10-01T10:54:03.844000+00:00,0.305,APPROVED,CONFIDENTIAL
RSK_003981,CUST_002392,CREDIT_EVALUATION,2026-10-01T10:54:04.493000+00:00,0.442,APPROVED,CONFIDENTIAL
RSK_003982,CUST_004041,FRAUD_DETECTION,2026-10-01T10:54:04.896000+00:00,0.473,FLAGGED_FOR_REVIEW,CONFIDENTIAL
RSK_003983,CUST_004134,AML_SCREENING,2026-10-01T10:54:06.134000+00:00,0.112,APPROVED,CONFIDENTIAL
RSK_003984,CUST_008690,LOAN_SCORING,2026-10-01T10:54:07.517000+00:00,0.315,APPROVED,CONFIDENTIAL
RSK_003985,CUST_002518,FRAUD_DETECTION,2026-10-01T10:54:08.920000+00:00,0.387,APPROVED,CONFIDENTIAL
RSK_003986,CUST_005867,FRAUD_DETECTION,2026-10-01T10:54:13.397000+00:00,0.226,APPROVED,CONFIDENTIAL
RSK_003987,CUST_002069,FRAUD_DETECTION,2026-10-01T10:54:17.133000+00:00,0.271,APPROVED,CONFIDENTIAL
RSK_003988,CUST_000226,CREDIT_EVALUATION,2026-10-01T10:54:19.431000+00:00,0.468,FLAGGED_FOR_REVIEW,CONFIDENTIAL
RSK_003989,CUST_006561,AML_SCREENING,2026-10-01T10:54:21.855000+00:00,0.434,APPROVED,CONFIDENTIAL
RSK_003990,CUST_005974,CREDIT_EVALUATION,2026-10-01T10:54:26.751000+00:00,0.202,APPROVED,CONFIDENTIAL
RSK_003991,CUST_006400,CREDIT_EVALUATION,2026-10-01T10:54:30.490000+00:00,0.581,FLAGGED_FOR_REVIEW,CONFIDENTIAL
RSK_003992,CUST_004191,LOAN_SCORING,2026-10-01T10:54:35.082000+00:00,0.534,FLAGGED_FOR_REVIEW,CONFIDENTIAL
RSK_003993,CUST_003182,CREDIT_EVALUATION,2026-10-01T10:54:36.002000+00:00,0.245,APPROVED,CONFIDENTIAL
RSK_003994,CUST_001764,AML_SCREENING,2026-10-01T10:54:36.205000+00:00,0.152,APPROVED,CONFIDENTIAL
RSK_003995,CUST_006415,AML_SCREENING,2026-10-01T10:54:39.624000+00:00,0.204,APPROVED,CONFIDENTIAL
RSK_003996,CUST_007257,FRAUD_DETECTION,2026-10-01T10:54:40.258000+00:00,0.483,FLAGGED_FOR_REVIEW,CONFIDENTIAL
RSK_003997,CUST_001752,LOAN_SCORING,2026-10-01T10:54:44.456000+00:00,0.192,APPROVED,CONFIDENTIAL
RSK_003998,CUST_003244,AML_SCREENING,2026-10-01T10:54:46.869000+00:00,0.198,APPROVED,CONFIDENTIAL
RSK_003999,CUST_003275,FRAUD_DETECTION,2026-10-01T10:54:48.779000+00:00,0.355,APPROVED,CONFIDENTIAL
RSK_004000,CUST_002374,LOAN_SCORING,2026-10-01T10:54:52.201000+00:00,0.286,APPROVED,CONFIDENTIAL
RSK_004001,CUST_001812,CREDIT_EVALUATION,2026-10-01T10:54:53.085000+00:00,0.271,APPROVED,CONFIDENTIAL
RSK_004002,CUST_004418,CREDIT_EVALUATION,2026-10-01T10:54:54.543000+00:00,0.168,APPROVED,CONFIDENTIAL
RSK_004003,CUST_001107,AML_SCREENING,2026-10-01T10:54:56.173000+00:00,0.124,APPROVED,CONFIDENTIAL
RSK_004004,CUST_002642,CREDIT_EVALUATION,2026-10-01T10:54:58.747000+00:00,0.17,APPROVED,CONFIDENTIAL
RSK_004005,CUST_004854,LOAN_SCORING,2026-10-01T10:55:02.742000+00:00,0.297,APPROVED,CONFIDENTIAL
RSK_004006,CUST_004979,AML_SCREENING,2026-10-01T10:55:06.694000+00:00,0.567,FLAGGED_FOR_REVIEW,CONFIDENTIAL
RSK_004007,CUST_003079,CREDIT_EVALUATION,2026-10-01T10:55:07.159000+00:00,0.161,APPROVED,CONFIDENTIAL
RSK_004008,CUST_004095,FRAUD_DETECTION,2026-10-01T10:55:10.559000+00:00,0.235,APPROVED,CONFIDENTIAL
RSK_004009,CUST_002802,CREDIT_EVALUATION,2026-10-01T10:55:14.688000+00:00,0.358,APPROVED,CONFIDENTIAL
RSK_004010,CUST_002189,CREDIT_EVALUATION,2026-10-01T10:55:18.275000+00:00,0.486,FLAGGED_FOR_REVIEW,CONFIDENTIAL
RSK_004011,CUST_009988,CREDIT_EVALUATION,2026-10-01T10:55:18.918000+00:00,0.271,APPROVED,CONFIDENTIAL
RSK_004012,CUST_003413,LOAN_SCORING,2026-10-01T10:55:21.387000+00:00,0.379,APPROVED,CONFIDENTIAL
RSK_004013,CUST_002348,AML_SCREENING,2026-10-01T10:55:25.431000+00:00,0.425,APPROVED,CONFIDENTIAL
RSK_004014,CUST_002266,AML_SCREENING,2026-10-01T10:55:30.234000+00:00,0.34,APPROVED,CONFIDENTIAL
RSK_004015,CUST_008500,FRAUD_DETECTION,2026-10-01T10:55:32.599000+00:00,0.626,FLAGGED_FOR_REVIEW,CONFIDENTIAL
RSK_004016,CUST_005949,LOAN_SCORING,2026-10-01T10:55:36.098000+00:00,0.322,APPROVED,CONFIDENTIAL
RSK_004017,CUST_001000,FRAUD_DETECTION,2026-10-01T10:55:37.555000+00:00,0.293,APPROVED,CONFIDENTIAL
RSK_004018,CUST_001860,FRAUD_DETECTION,2026-10-01T10:55:40.379000+00:00,0.086,APPROVED,CONFIDENTIAL
RSK_004019,CUST_004390,AML_SCREENING,2026-10-01T10:55:41.197000+00:00,0.227,APPROVED,CONFIDENTIAL
RSK_004020,CUST_006119,FRAUD_DETECTION,2026-10-01T10:55:44.042000+00:00,0.401,APPROVED,CONFIDENTIAL
RSK_004021,CUST_004245,AML_SCREENING,2026-10-01T10:55:47.047000+00:00,0.163,APPROVED,CONFIDENTIAL
RSK_004022,CUST_005327,LOAN_SCORING,2026-10-01T10:55:47.308000+00:00,0.127,APPROVED,CONFIDENTIAL
RSK_004023,CUST_007146,CREDIT_EVALUATION,2026-10-01T10:55:48.977000+00:00,0.551,FLAGGED_FOR_REVIEW,CONFIDENTIAL
RSK_004024,CUST_006385,AML_SCREENING,2026-10-01T10:55:52.107000+00:00,0.242,APPROVED,CONFIDENTIAL
RSK_004025,CUST_004507,AML_SCREENING,2026-10-01T10:55:55.140000+00:00,0.148,APPROVED,CONFIDENTIAL
RSK_004026,CUST_000693,LOAN_SCORING,2026-10-01T10:56:00.096000+00:00,0.365,APPROVED,CONFIDENTIAL
RSK_004027,CUST_000476,LOAN_SCORING,2026-10-01T10:56:01.639000+00:00,0.282,APPROVED,CONFIDENTIAL
RSK_004028,CUST_000673,LOAN_SCORING,2026-10-01T10:56:03.647000+00:00,0.468,FLAGGED_FOR_REVIEW,CONFIDENTIAL
RSK_004029,CUST_000029,FRAUD_DETECTION,2026-10-01T10:56:08.455000+00:00,0.235,APPROVED,CONFIDENTIAL
RSK_004030,CUST_009210,FRAUD_DETECTION,2026-10-01T10:56:09.711000+00:00,0.177,APPROVED,CONFIDENTIAL
RSK_004031,CUST_000124,CREDIT_EVALUATION,2026-10-01T10:56:11.003000+00:00,0.151,APPROVED,CONFIDENTIAL
RSK_004032,CUST_000080,FRAUD_DETECTION,2026-10-01T10:56:13.535000+00:00,0.243,APPROVED,CONFIDENTIAL
RSK_004033,CUST_005718,CREDIT_EVALUATION,2026-10-01T10:56:16.192000+00:00,0.112,APPROVED,CONFIDENTIAL
RSK_004034,CUST_003071,LOAN_SCORING,2026-10-01T10:56:20.936000+00:00,0.267,APPROVED,CONFIDENTIAL
RSK_004035,CUST_005809,CREDIT_EVALUATION,2026-10-01T10:56:23.886000+00:00,0.545,FLAGGED_FOR_REVIEW,CONFIDENTIAL
RSK_004036,CUST_003104,AML_SCREENING,2026-10-01T10:56:28.885000+00:00,0.258,APPROVED,CONFIDENTIAL
RSK_004037,CUST_003944,LOAN_SCORING,2026-10-01T10:56:31.224000+00:00,0.201,APPROVED,CONFIDENTIAL
RSK_004038,CUST_000728,AML_SCREENING,2026-10-01T10:56:34.066000+00:00,0.223,APPROVED,CONFIDENTIAL
RSK_004039,CUST_005433,CREDIT_EVALUATION,2026-10-01T10:56:34.643000+00:00,0.296,APPROVED,CONFIDENTIAL
RSK_004040,CUST_002192,FRAUD_DETECTION,2026-10-01T10:56:36.120000+00:00,0.314,APPROVED,CONFIDENTIAL
RSK_004041,CUST_007050,LOAN_SCORING,2026-10-01T10:56:37.096000+00:00,0.255,APPROVED,CONFIDENTIAL
RSK_004042,CUST_000067,AML_SCREENING,2026-10-01T10:56:41.938000+00:00,0.352,APPROVED,CONFIDENTIAL
RSK_004043,CUST_002144,FRAUD_DETECTION,2026-10-01T10:56:42.828000+00:00,0.236,APPROVED,CONFIDENTIAL
RSK_004044,CUST_003353,CREDIT_EVALUATION,2026-10-01T10:56:46.051000+00:00,0.113,APPROVED,CONFIDENTIAL
RSK_004045,CUST_003461,LOAN_SCORING,2026-10-01T10:56:49.956000+00:00,0.212,APPROVED,CONFIDENTIAL
RSK_004046,CUST_001230,FRAUD_DETECTION,2026-10-01T10:56:52.199000+00:00,0.426,APPROVED,CONFIDENTIAL
RSK_004047,CUST_003568,AML_SCREENING,2026-10-01T10:56:55.343000+00:00,0.523,FLAGGED_FOR_REVIEW,CONFIDENTIAL
RSK_004048,CUST_005223,CREDIT_EVALUATION,2026-10-01T10:56:55.981000+00:00,0.11,APPROVED,CONFIDENTIAL
RSK_004049,CUST_008170,CREDIT_EVALUATION,2026-10-01T10:56:58.273000+00:00,0.132,APPROVED,CONFIDENTIAL
RSK_004050,CUST_000595,LOAN_SCORING,2026-10-01T10:57:00.951000+00:00,0.011,APPROVED,CONFIDENTIAL
RSK_004051,CUST_009773,LOAN_SCORING,2026-10-01T10:57:05.593000+00:00,0.166,APPROVED,CONFIDENTIAL
RSK_004052,CUST_002552,FRAUD_DETECTION,2026-10-01T10:57:06.159000+00:00,0.042,APPROVED,CONFIDENTIAL
RSK_004053,CUST_008120,FRAUD_DETECTION,2026-10-01T10:57:06.831000+00:00,0.369,APPROVED,CONFIDENTIAL
RSK_004054,CUST_007821,LOAN_SCORING,2026-10-01T10:57:10.642000+00:00,0.025,APPROVED,CONFIDENTIAL
RSK_004055,CUST_004133,FRAUD_DETECTION,2026-10-01T10:57:12.864000+00:00,0.236,APPROVED,CONFIDENTIAL
RSK_004056,CUST_007281,CREDIT_EVALUATION,2026-10-01T10:57:13.765000+00:00,0.468,FLAGGED_FOR_REVIEW,CONFIDENTIAL
RSK_004057,CUST_002710,AML_SCREENING,2026-10-01T10:57:15.764000+00:00,0.639,FLAGGED_FOR_REVIEW,CONFIDENTIAL
RSK_004058,CUST_006301,FRAUD_DETECTION,2026-10-01T10:57:16.316000+00:00,0.193,APPROVED,CONFIDENTIAL
RSK_004059,CUST_001764,FRAUD_DETECTION,2026-10-01T10:57:16.921000+00:00,0.339,APPROVED,CONFIDENTIAL
RSK_004060,CUST_009335,CREDIT_EVALUATION,2026-10-01T10:57:20.553000+00:00,0.01,APPROVED,CONFIDENTIAL
RSK_004061,CUST_005458,CREDIT_EVALUATION,2026-10-01T10:57:24.325000+00:00,0.394,APPROVED,CONFIDENTIAL
RSK_004062,CUST_009193,FRAUD_DETECTION,2026-10-01T10:57:26.129000+00:00,0.354,APPROVED,CONFIDENTIAL
RSK_004063,CUST_002606,FRAUD_DETECTION,2026-10-01T10:57:28.249000+00:00,0.236,APPROVED,CONFIDENTIAL
RSK_004064,CUST_009995,CREDIT_EVALUATION,2026-10-01T10:57:31.089000+00:00,0.201,APPROVED,CONFIDENTIAL
RSK_004065,CUST_003563,LOAN_SCORING,2026-10-01T10:57:34.850000+00:00,0.03,APPROVED,CONFIDENTIAL
RSK_004066,CUST_001810,FRAUD_DETECTION,2026-10-01T10:57:39.220000+00:00,0.228,APPROVED,CONFIDENTIAL
RSK_004067,CUST_009119,AML_SCREENING,2026-10-01T10:57:41.837000+00:00,0.209,APPROVED,CONFIDENTIAL
RSK_004068,CUST_005378,AML_SCREENING,2026-10-01T10:57:46.607000+00:00,0.309,APPROVED,CONFIDENTIAL
RSK_004069,CUST_006954,LOAN_SCORING,2026-10-01T10:57:48.869000+00:00,0.438,APPROVED,CONFIDENTIAL
RSK_004070,CUST_000055,CREDIT_EVALUATION,2026-10-01T10:57:52.617000+00:00,0.386,APPROVED,CONFIDENTIAL
RSK_004071,CUST_007573,CREDIT_EVALUATION,2026-10-01T10:57:54.284000+00:00,0.321,APPROVED,CONFIDENTIAL
RSK_004072,CUST_009238,LOAN_SCORING,2026-10-01T10:57:57.171000+00:00,0.307,APPROVED,CONFIDENTIAL
RSK_004073,CUST_001259,FRAUD_DETECTION,2026-10-01T10:57:58.937000+00:00,0.193,APPROVED,CONFIDENTIAL
RSK_004074,CUST_006641,AML_SCREENING,2026-10-01T10:58:00.737000+00:00,0.144,APPROVED,CONFIDENTIAL
RSK_004075,CUST_002584,CREDIT_EVALUATION,2026-10-01T10:58:03.415000+00:00,0.148,APPROVED,CONFIDENTIAL
RSK_004076,CUST_008155,CREDIT_EVALUATION,2026-10-01T10:58:05.539000+00:00,0.2,APPROVED,CONFIDENTIAL
RSK_004077,CUST_004781,AML_SCREENING,2026-10-01T10:58:10.107000+00:00,0.387,APPROVED,CONFIDENTIAL
RSK_004078,CUST_002318,LOAN_SCORING,2026-10-01T10:58:10.555000+00:00,0.237,APPROVED,CONFIDENTIAL
RSK_004079,CUST_009616,CREDIT_EVALUATION,2026-10-01T10:58:13.545000+00:00,0.394,APPROVED,CONFIDENTIAL
RSK_004080,CUST_006984,CREDIT_EVALUATION,2026-10-01T10:58:16.259000+00:00,0.177,APPROVED,CONFIDENTIAL
RSK_004081,CUST_007176,CREDIT_EVALUATION,2026-10-01T10:58:21.095000+00:00,0.218,APPROVED,CONFIDENTIAL
RSK_004082,CUST_008421,LOAN_SCORING,2026-10-01T10:58:24.563000+00:00,0.512,FLAGGED_FOR_REVIEW,CONFIDENTIAL
RSK_004083,CUST_000144,FRAUD_DETECTION,2026-10-01T10:58:26.568000+00:00,0.164,APPROVED,CONFIDENTIAL
RSK_004084,CUST_000080,LOAN_SCORING,2026-10-01T10:58:30.080000+00:00,0.441,APPROVED,CONFIDENTIAL
RSK_004085,CUST_005860,AML_SCREENING,2026-10-01T10:58:32.325000+00:00,0.622,FLAGGED_FOR_REVIEW,CONFIDENTIAL
RSK_004086,CUST_001679,LOAN_SCORING,2026-10-01T10:58:32.827000+00:00,0.124,APPROVED,CONFIDENTIAL
RSK_004087,CUST_002124,CREDIT_EVALUATION,2026-10-01T10:58:35.937000+00:00,0.178,APPROVED,CONFIDENTIAL
RSK_004088,CUST_007589,AML_SCREENING,2026-10-01T10:58:39.911000+00:00,0.514,FLAGGED_FOR_REVIEW,CONFIDENTIAL
RSK_004089,CUST_005374,FRAUD_DETECTION,2026-10-01T10:58:40.905000+00:00,0.435,APPROVED,CONFIDENTIAL
RSK_004090,CUST_002149,CREDIT_EVALUATION,2026-10-01T10:58:45.402000+00:00,0.202,APPROVED,CONFIDENTIAL
RSK_004091,CUST_009224,FRAUD_DETECTION,2026-10-01T10:58:49.067000+00:00,0.189,APPROVED,CONFIDENTIAL
RSK_004092,CUST_000134,AML_SCREENING,2026-10-01T10:58:52.179000+00:00,0.24,APPROVED,CONFIDENTIAL
RSK_004093,CUST_000524,CREDIT_EVALUATION,2026-10-01T10:58:55.743000+00:00,0.163,APPROVED,CONFIDENTIAL
RSK_004094,CUST_004507,LOAN_SCORING,2026-10-01T10:58:56.859000+00:00,0.015,APPROVED,CONFIDENTIAL
RSK_004095,CUST_000611,LOAN_SCORING,2026-10-01T10:58:58.388000+00:00,0.165,APPROVED,CONFIDENTIAL
RSK_004096,CUST_003521,CREDIT_EVALUATION,2026-10-01T10:59:02.679000+00:00,0.292,APPROVED,CONFIDENTIAL
RSK_004097,CUST_004010,LOAN_SCORING,2026-10-01T10:59:06.593000+00:00,0.53,FLAGGED_FOR_REVIEW,CONFIDENTIAL
RSK_004098,CUST_003083,AML_SCREENING,2026-10-01T10:59:09.974000+00:00,0.223,APPROVED,CONFIDENTIAL
RSK_004099,CUST_005005,CREDIT_EVALUATION,2026-10-01T10:59:10.863000+00:00,0.486,FLAGGED_FOR_REVIEW,CONFIDENTIAL
RSK_004100,CUST_003209,AML_SCREENING,2026-10-01T10:59:11.936000+00:00,0.574,FLAGGED_FOR_REVIEW,CONFIDENTIAL
RSK_004101,CUST_000832,CREDIT_EVALUATION,2026-10-01T10:59:15.676000+00:00,0.382,APPROVED,CONFIDENTIAL
RSK_004102,CUST_002082,LOAN_SCORING,2026-10-01T10:59:16.116000+00:00,0.175,APPROVED,CONFIDENTIAL
RSK_004103,CUST_006087,CREDIT_EVALUATION,2026-10-01T10:59:20.628000+00:00,0.466,FLAGGED_FOR_REVIEW,CONFIDENTIAL
RSK_004104,CUST_000813,CREDIT_EVALUATION,2026-10-01T10:59:22.260000+00:00,0.438,APPROVED,CONFIDENTIAL
RSK_004105,CUST_000146,AML_SCREENING,2026-10-01T10:59:24.561000+00:00,0.074,APPROVED,CONFIDENTIAL
RSK_004106,CUST_007058,AML_SCREENING,2026-10-01T10:59:28.404000+00:00,0.381,APPROVED,CONFIDENTIAL
RSK_004107,CUST_008923,AML_SCREENING,2026-10-01T10:59:29.442000+00:00,0.272,APPROVED,CONFIDENTIAL
RSK_004108,CUST_007768,AML_SCREENING,2026-10-01T10:59:32.878000+00:00,0.418,APPROVED,CONFIDENTIAL
RSK_004109,CUST_005887,FRAUD_DETECTION,2026-10-01T10:59:36.015000+00:00,0.356,APPROVED,CONFIDENTIAL
RSK_004110,CUST_009171,FRAUD_DETECTION,2026-10-01T10:59:36.218000+00:00,0.503,FLAGGED_FOR_REVIEW,CONFIDENTIAL
RSK_004111,CUST_002007,FRAUD_DETECTION,2026-10-01T10:59:36.527000+00:00,0.269,APPROVED,CONFIDENTIAL
RSK_004112,CUST_009650,CREDIT_EVALUATION,2026-10-01T10:59:41.197000+00:00,0.013,APPROVED,CONFIDENTIAL
RSK_004113,CUST_009395,CREDIT_EVALUATION,2026-10-01T10:59:43.715000+00:00,0.119,APPROVED,CONFIDENTIAL
RSK_004114,CUST_003842,AML_SCREENING,2026-10-01T10:59:47.115000+00:00,0.211,APPROVED,CONFIDENTIAL
RSK_004115,CUST_002159,CREDIT_EVALUATION,2026-10-01T10:59:48.018000+00:00,0.059,APPROVED,CONFIDENTIAL
RSK_004116,CUST_000449,AML_SCREENING,2026-10-01T10:59:50.631000+00:00,0.152,APPROVED,CONFIDENTIAL
RSK_004117,CUST_001325,LOAN_SCORING,2026-10-01T10:59:51.255000+00:00,0.262,APPROVED,CONFIDENTIAL
RSK_004118,CUST_004276,CREDIT_EVALUATION,2026-10-01T10:59:52.188000+00:00,0.079,APPROVED,CONFIDENTIAL
RSK_004119,CUST_000076,FRAUD_DETECTION,2026-10-01T10:59:52.719000+00:00,0.265,APPROVED,CONFIDENTIAL
RSK_004120,CUST_007123,FRAUD_DETECTION,2026-10-01T10:59:56.423000+00:00,0.282,APPROVED,CONFIDENTIAL
RSK_004121,CUST_004274,CREDIT_EVALUATION,2026-10-01T10:59:58.363000+00:00,0.246,APPROVED,CONFIDENTIAL
RSK_004122,CUST_007179,LOAN_SCORING,2026-10-01T11:00:02.485000+00:00,0.19,APPROVED,CONFIDENTIAL
RSK_004123,CUST_005565,CREDIT_EVALUATION,2026-10-01T11:00:03.628000+00:00,0.075,APPROVED,CONFIDENTIAL
RSK_004124,CUST_003896,FRAUD_DETECTION,2026-10-01T11:00:08.355000+00:00,0.066,APPROVED,CONFIDENTIAL
RSK_004125,CUST_006275,FRAUD_DETECTION,2026-10-01T11:00:12.205000+00:00,0.108,APPROVED,CONFIDENTIAL
RSK_004126,CUST_005702,FRAUD_DETECTION,2026-10-01T11:00:14.824000+00:00,0.494,FLAGGED_FOR_REVIEW,CONFIDENTIAL
RSK_004127,CUST_002139,FRAUD_DETECTION,2026-10-01T11:00:19.039000+00:00,0.516,FLAGGED_FOR_REVIEW,CONFIDENTIAL
RSK_004128,CUST_000055,AML_SCREENING,2026-10-01T11:00:22.428000+00:00,0.391,APPROVED,CONFIDENTIAL
RSK_004129,CUST_002363,AML_SCREENING,2026-10-01T11:00:25.401000+00:00,0.444,APPROVED,CONFIDENTIAL
RSK_004130,CUST_008335,CREDIT_EVALUATION,2026-10-01T11:00:28.502000+00:00,0.276,APPROVED,CONFIDENTIAL
RSK_004131,CUST_003509,FRAUD_DETECTION,2026-10-01T11:00:29.203000+00:00,0.41,APPROVED,CONFIDENTIAL
RSK_004132,CUST_000908,AML_SCREENING,2026-10-01T11:00:29.941000+00:00,0.26,APPROVED,CONFIDENTIAL
RSK_004133,CUST_002276,LOAN_SCORING,2026-10-01T11:00:33.652000+00:00,0.478,FLAGGED_FOR_REVIEW,CONFIDENTIAL
RSK_004134,CUST_009741,FRAUD_DETECTION,2026-10-01T11:00:35.507000+00:00,0.258,APPROVED,CONFIDENTIAL
RSK_004135,CUST_003700,LOAN_SCORING,2026-10-01T11:00:36.627000+00:00,0.382,APPROVED,CONFIDENTIAL
RSK_004136,CUST_000871,FRAUD_DETECTION,2026-10-01T11:00:40.058000+00:00,0.295,APPROVED,CONFIDENTIAL
RSK_004137,CUST_002220,LOAN_SCORING,2026-10-01T11:00:43.985000+00:00,0.461,FLAGGED_FOR_REVIEW,CONFIDENTIAL
RSK_004138,CUST_004520,CREDIT_EVALUATION,2026-10-01T11:00:44.657000+00:00,0.283,APPROVED,CONFIDENTIAL
RSK_004139,CUST_008083,FRAUD_DETECTION,2026-10-01T11:00:44.991000+00:00,0.347,APPROVED,CONFIDENTIAL
RSK_004140,CUST_004653,FRAUD_DETECTION,2026-10-01T11:00:48.058000+00:00,0.095,APPROVED,CONFIDENTIAL
RSK_004141,CUST_004342,LOAN_SCORING,2026-10-01T11:00:48.991000+00:00,0.16,APPROVED,CONFIDENTIAL
RSK_004142,CUST_007515,AML_SCREENING,2026-10-01T11:00:49.533000+00:00,0.232,APPROVED,CONFIDENTIAL
RSK_004143,CUST_002248,CREDIT_EVALUATION,2026-10-01T11:00:50.447000+00:00,0.188,APPROVED,CONFIDENTIAL
RSK_004144,CUST_001942,AML_SCREENING,2026-10-01T11:00:52.329000+00:00,0.457,FLAGGED_FOR_REVIEW,CONFIDENTIAL
RSK_004145,CUST_008780,AML_SCREENING,2026-10-01T11:00:55.545000+00:00,0.258,APPROVED,CONFIDENTIAL
RSK_004146,CUST_002290,FRAUD_DETECTION,2026-10-01T11:00:56.292000+00:00,0.143,APPROVED,CONFIDENTIAL
RSK_004147,CUST_006638,FRAUD_DETECTION,2026-10-01T11:00:59.208000+00:00,0.12,APPROVED,CONFIDENTIAL
RSK_004148,CUST_004406,FRAUD_DETECTION,2026-10-01T11:01:03.673000+00:00,0.096,APPROVED,CONFIDENTIAL
RSK_004149,CUST_004590,AML_SCREENING,2026-10-01T11:01:08.046000+00:00,0.301,APPROVED,CONFIDENTIAL
RSK_004150,CUST_006022,LOAN_SCORING,2026-10-01T11:01:09.140000+00:00,0.4,APPROVED,CONFIDENTIAL
RSK_004151,CUST_005302,CREDIT_EVALUATION,2026-10-01T11:01:12.024000+00:00,0.466,FLAGGED_FOR_REVIEW,CONFIDENTIAL
RSK_004152,CUST_008959,FRAUD_DETECTION,2026-10-01T11:01:12.717000+00:00,0.159,APPROVED,CONFIDENTIAL
RSK_004153,CUST_001505,CREDIT_EVALUATION,2026-10-01T11:01:13.249000+00:00,0.292,APPROVED,CONFIDENTIAL
RSK_004154,CUST_001549,FRAUD_DETECTION,2026-10-01T11:01:17.451000+00:00,0.408,APPROVED,CONFIDENTIAL
RSK_004155,CUST_001463,LOAN_SCORING,2026-10-01T11:01:18.297000+00:00,0.143,APPROVED,CONFIDENTIAL
RSK_004156,CUST_005717,CREDIT_EVALUATION,2026-10-01T11:01:19.606000+00:00,0.347,APPROVED,CONFIDENTIAL
RSK_004157,CUST_004179,LOAN_SCORING,2026-10-01T11:01:24.140000+00:00,0.543,FLAGGED_FOR_REVIEW,CONFIDENTIAL
RSK_004158,CUST_003671,FRAUD_DETECTION,2026-10-01T11:01:25.605000+00:00,0.122,APPROVED,CONFIDENTIAL
RSK_004159,CUST_001185,AML_SCREENING,2026-10-01T11:01:27.976000+00:00,0.171,APPROVED,CONFIDENTIAL
RSK_004160,CUST_007217,FRAUD_DETECTION,2026-10-01T11:01:31.686000+00:00,0.033,APPROVED,CONFIDENTIAL
RSK_004161,CUST_005246,FRAUD_DETECTION,2026-10-01T11:01:34.212000+00:00,0.563,FLAGGED_FOR_REVIEW,CONFIDENTIAL
RSK_004162,CUST_005110,FRAUD_DETECTION,2026-10-01T11:01:38.428000+00:00,0.256,APPROVED,CONFIDENTIAL
RSK_004163,CUST_002921,CREDIT_EVALUATION,2026-10-01T11:01:42.103000+00:00,0.032,APPROVED,CONFIDENTIAL
RSK_004164,CUST_009290,AML_SCREENING,2026-10-01T11:01:42.929000+00:00,0.293,APPROVED,CONFIDENTIAL
RSK_004165,CUST_002403,FRAUD_DETECTION,2026-10-01T11:01:43.378000+00:00,0.582,FLAGGED_FOR_REVIEW,CONFIDENTIAL
RSK_004166,CUST_009825,AML_SCREENING,2026-10-01T11:01:45.305000+00:00,0.438,APPROVED,CONFIDENTIAL
RSK_004167,CUST_005280,CREDIT_EVALUATION,2026-10-01T11:01:48.177000+00:00,0.318,APPROVED,CONFIDENTIAL
RSK_004168,CUST_000768,LOAN_SCORING,2026-10-01T11:01:49.292000+00:00,0.164,APPROVED,CONFIDENTIAL
RSK_004169,CUST_002928,CREDIT_EVALUATION,2026-10-01T11:01:52.335000+00:00,0.391,APPROVED,CONFIDENTIAL
RSK_004170,CUST_002359,AML_SCREENING,2026-10-01T11:01:56.022000+00:00,0.753,REJECTED,CONFIDENTIAL
RSK_004171,CUST_002542,FRAUD_DETECTION,2026-10-01T11:01:58.224000+00:00,0.129,APPROVED,CONFIDENTIAL
RSK_004172,CUST_008116,LOAN_SCORING,2026-10-01T11:01:59.849000+00:00,0.472,FLAGGED_FOR_REVIEW,CONFIDENTIAL
RSK_004173,CUST_000864,FRAUD_DETECTION,2026-10-01T11:02:02.117000+00:00,0.202,APPROVED,CONFIDENTIAL
RSK_004174,CUST_000424,FRAUD_DETECTION,2026-10-01T11:02:06.675000+00:00,0.187,APPROVED,CONFIDENTIAL
RSK_004175,CUST_009708,AML_SCREENING,2026-10-01T11:02:07.630000+00:00,0.24,APPROVED,CONFIDENTIAL
RSK_004176,CUST_009202,AML_SCREENING,2026-10-01T11:02:09.544000+00:00,0.111,APPROVED,CONFIDENTIAL
RSK_004177,CUST_009445,AML_SCREENING,2026-10-01T11:02:10.987000+00:00,0.221,APPROVED,CONFIDENTIAL
RSK_004178,CUST_006181,AML_SCREENING,2026-10-01T11:02:11.269000+00:00,0.208,APPROVED,CONFIDENTIAL
RSK_004179,CUST_001180,AML_SCREENING,2026-10-01T11:02:13.099000+00:00,0.117,APPROVED,CONFIDENTIAL
RSK_004180,CUST_003929,AML_SCREENING,2026-10-01T11:02:13.936000+00:00,0.207,APPROVED,CONFIDENTIAL
RSK_004181,CUST_002771,AML_SCREENING,2026-10-01T11:02:17.153000+00:00,0.106,APPROVED,CONFIDENTIAL
RSK_004182,CUST_005742,LOAN_SCORING,2026-10-01T11:02:18.797000+00:00,0.336,APPROVED,CONFIDENTIAL
RSK_004183,CUST_004241,FRAUD_DETECTION,2026-10-01T11:02:20.757000+00:00,0.524,FLAGGED_FOR_REVIEW,CONFIDENTIAL
RSK_004184,CUST_001293,AML_SCREENING,2026-10-01T11:02:23.876000+00:00,0.348,APPROVED,CONFIDENTIAL
RSK_004185,CUST_009288,CREDIT_EVALUATION,2026-10-01T11:02:25.623000+00:00,0.372,APPROVED,CONFIDENTIAL
RSK_004186,CUST_002699,LOAN_SCORING,2026-10-01T11:02:29.850000+00:00,0.239,APPROVED,CONFIDENTIAL
RSK_004187,CUST_004590,FRAUD_DETECTION,2026-10-01T11:02:31.411000+00:00,0.156,APPROVED,CONFIDENTIAL
RSK_004188,CUST_009238,FRAUD_DETECTION,2026-10-01T11:02:33.945000+00:00,0.174,APPROVED,CONFIDENTIAL
RSK_004189,CUST_005564,AML_SCREENING,2026-10-01T11:02:38.057000+00:00,0.367,APPROVED,CONFIDENTIAL
RSK_004190,CUST_009424,FRAUD_DETECTION,2026-10-01T11:02:39.955000+00:00,0.094,APPROVED,CONFIDENTIAL
RSK_004191,CUST_003470,AML_SCREENING,2026-10-01T11:02:42.400000+00:00,0.23,APPROVED,CONFIDENTIAL
RSK_004192,CUST_008615,CREDIT_EVALUATION,2026-10-01T11:02:44.628000+00:00,0.543,FLAGGED_FOR_REVIEW,CONFIDENTIAL
RSK_004193,CUST_007971,AML_SCREENING,2026-10-01T11:02:46.475000+00:00,0.196,APPROVED,CONFIDENTIAL
RSK_004194,CUST_003892,FRAUD_DETECTION,2026-10-01T11:02:48.819000+00:00,0.283,APPROVED,CONFIDENTIAL
RSK_004195,CUST_007792,FRAUD_DETECTION,2026-10-01T11:02:49.152000+00:00,0.612,FLAGGED_FOR_REVIEW,CONFIDENTIAL
RSK_004196,CUST_008347,LOAN_SCORING,2026-10-01T11:02:50.023000+00:00,0.43,APPROVED,CONFIDENTIAL
RSK_004197,CUST_004558,AML_SCREENING,2026-10-01T11:02:52.520000+00:00,0.293,APPROVED,CONFIDENTIAL
RSK_004198,CUST_000525,CREDIT_EVALUATION,2026-10-01T11:02:54.041000+00:00,0.598,FLAGGED_FOR_REVIEW,CONFIDENTIAL
RSK_004199,CUST_009259,FRAUD_DETECTION,2026-10-01T11:02:58.077000+00:00,0.063,APPROVED,CONFIDENTIAL
RSK_004200,CUST_009309,AML_SCREENING,2026-10-01T11:03:02.737000+00:00,0.444,APPROVED,CONFIDENTIAL
RSK_004201,CUST_009247,LOAN_SCORING,2026-10-01T11:03:07.615000+00:00,0.243,APPROVED,CONFIDENTIAL
RSK_004202,CUST_002090,LOAN_SCORING,2026-10-01T11:03:11.468000+00:00,0.124,APPROVED,CONFIDENTIAL
RSK_004203,CUST_007201,CREDIT_EVALUATION,2026-10-01T11:03:16.282000+00:00,0.43,APPROVED,CONFIDENTIAL
RSK_004204,CUST_002722,FRAUD_DETECTION,2026-10-01T11:03:20.935000+00:00,0.384,APPROVED,CONFIDENTIAL
RSK_004205,CUST_009192,FRAUD_DETECTION,2026-10-01T11:03:21.680000+00:00,0.134,APPROVED,CONFIDENTIAL
RSK_004206,CUST_003342,FRAUD_DETECTION,2026-10-01T11:03:23.393000+00:00,0.482,FLAGGED_FOR_REVIEW,CONFIDENTIAL
RSK_004207,CUST_006296,LOAN_SCORING,2026-10-01T11:03:25.756000+00:00,0.216,APPROVED,CONFIDENTIAL
RSK_004208,CUST_008307,LOAN_SCORING,2026-10-01T11:03:27.709000+00:00,0.137,APPROVED,CONFIDENTIAL
RSK_004209,CUST_000390,LOAN_SCORING,2026-10-01T11:03:29.581000+00:00,0.337,APPROVED,CONFIDENTIAL
RSK_004210,CUST_001926,FRAUD_DETECTION,2026-10-01T11:03:33.968000+00:00,0.232,APPROVED,CONFIDENTIAL
RSK_004211,CUST_002119,AML_SCREENING,2026-10-01T11:03:35.520000+00:00,0.316,APPROVED,CONFIDENTIAL
RSK_004212,CUST_004937,CREDIT_EVALUATION,2026-10-01T11:03:38.310000+00:00,0.191,APPROVED,CONFIDENTIAL
RSK_004213,CUST_006894,FRAUD_DETECTION,2026-10-01T11:03:41.648000+00:00,0.08,APPROVED,CONFIDENTIAL
RSK_004214,CUST_009285,LOAN_SCORING,2026-10-01T11:03:43.169000+00:00,0.263,APPROVED,CONFIDENTIAL
RSK_004215,CUST_001716,FRAUD_DETECTION,2026-10-01T11:03:45.378000+00:00,0.471,FLAGGED_FOR_REVIEW,CONFIDENTIAL
RSK_004216,CUST_007777,LOAN_SCORING,2026-10-01T11:03:46.188000+00:00,0.145,APPROVED,CONFIDENTIAL
RSK_004217,CUST_008545,AML_SCREENING,2026-10-01T11:03:47.373000+00:00,0.143,APPROVED,CONFIDENTIAL
RSK_004218,CUST_008660,AML_SCREENING,2026-10-01T11:03:49.049000+00:00,0.186,APPROVED,CONFIDENTIAL
RSK_004219,CUST_009938,LOAN_SCORING,2026-10-01T11:03:51.141000+00:00,0.08,APPROVED,CONFIDENTIAL
RSK_004220,CUST_001366,CREDIT_EVALUATION,2026-10-01T11:03:53.485000+00:00,0.731,REJECTED,CONFIDENTIAL
RSK_004221,CUST_004542,FRAUD_DETECTION,2026-10-01T11:03:53.694000+00:00,0.171,APPROVED,CONFIDENTIAL
RSK_004222,CUST_008598,FRAUD_DETECTION,2026-10-01T11:03:58.603000+00:00,0.037,APPROVED,CONFIDENTIAL
RSK_004223,CUST_005936,AML_SCREENING,2026-10-01T11:04:01.929000+00:00,0.325,APPROVED,CONFIDENTIAL
RSK_004224,CUST_008112,FRAUD_DETECTION,2026-10-01T11:04:02.864000+00:00,0.378,APPROVED,CONFIDENTIAL
RSK_004225,CUST_005850,AML_SCREENING,2026-10-01T11:04:06.812000+00:00,0.068,APPROVED,CONFIDENTIAL
RSK_004226,CUST_007064,LOAN_SCORING,2026-10-01T11:04:07.134000+00:00,0.227,APPROVED,CONFIDENTIAL
RSK_004227,CUST_002574,CREDIT_EVALUATION,2026-10-01T11:04:09.270000+00:00,0.194,APPROVED,CONFIDENTIAL
RSK_004228,CUST_005887,AML_SCREENING,2026-10-01T11:04:13.633000+00:00,0.176,APPROVED,CONFIDENTIAL
RSK_004229,CUST_008157,FRAUD_DETECTION,2026-10-01T11:04:17.115000+00:00,0.352,APPROVED,CONFIDENTIAL
RSK_004230,CUST_004425,LOAN_SCORING,2026-10-01T11:04:19.097000+00:00,0.105,APPROVED,CONFIDENTIAL
RSK_004231,CUST_009773,AML_SCREENING,2026-10-01T11:04:23.952000+00:00,0.241,APPROVED,CONFIDENTIAL
RSK_004232,CUST_001913,FRAUD_DETECTION,2026-10-01T11:04:28.105000+00:00,0.182,APPROVED,CONFIDENTIAL
RSK_004233,CUST_006302,AML_SCREENING,2026-10-01T11:04:29.770000+00:00,0.146,APPROVED,CONFIDENTIAL
RSK_004234,CUST_008647,AML_SCREENING,2026-10-01T11:04:33.128000+00:00,0.155,APPROVED,CONFIDENTIAL
RSK_004235,CUST_006313,LOAN_SCORING,2026-10-01T11:04:35.762000+00:00,0.367,APPROVED,CONFIDENTIAL
RSK_004236,CUST_003178,LOAN_SCORING,2026-10-01T11:04:36.086000+00:00,0.717,REJECTED,CONFIDENTIAL
RSK_004237,CUST_007331,CREDIT_EVALUATION,2026-10-01T11:04:39.027000+00:00,0.597,FLAGGED_FOR_REVIEW,CONFIDENTIAL
RSK_004238,CUST_009261,LOAN_SCORING,2026-10-01T11:04:40.179000+00:00,0.531,FLAGGED_FOR_REVIEW,CONFIDENTIAL
RSK_004239,CUST_006663,AML_SCREENING,2026-10-01T11:04:40.922000+00:00,0.479,FLAGGED_FOR_REVIEW,CONFIDENTIAL
RSK_004240,CUST_001477,CREDIT_EVALUATION,2026-10-01T11:04:41.774000+00:00,0.279,APPROVED,CONFIDENTIAL
RSK_004241,CUST_005948,FRAUD_DETECTION,2026-10-01T11:04:46.289000+00:00,0.14,APPROVED,CONFIDENTIAL
RSK_004242,CUST_006472,CREDIT_EVALUATION,2026-10-01T11:04:51.156000+00:00,0.279,APPROVED,CONFIDENTIAL
RSK_004243,CUST_008820,FRAUD_DETECTION,2026-10-01T11:04:54.366000+00:00,0.298,APPROVED,CONFIDENTIAL
RSK_004244,CUST_005506,LOAN_SCORING,2026-10-01T11:04:59.314000+00:00,0.478,FLAGGED_FOR_REVIEW,CONFIDENTIAL
RSK_004245,CUST_008632,CREDIT_EVALUATION,2026-10-01T11:05:02.290000+00:00,0.121,APPROVED,CONFIDENTIAL
RSK_004246,CUST_009910,FRAUD_DETECTION,2026-10-01T11:05:04.795000+00:00,0.225,APPROVED,CONFIDENTIAL
RSK_004247,CUST_001640,LOAN_SCORING,2026-10-01T11:05:05.724000+00:00,0.178,APPROVED,CONFIDENTIAL
RSK_004248,CUST_004456,FRAUD_DETECTION,2026-10-01T11:05:08.002000+00:00,0.478,FLAGGED_FOR_REVIEW,CONFIDENTIAL
RSK_004249,CUST_009025,LOAN_SCORING,2026-10-01T11:05:10.827000+00:00,0.064,APPROVED,CONFIDENTIAL
RSK_004250,CUST_000380,CREDIT_EVALUATION,2026-10-01T11:05:13.564000+00:00,0.075,APPROVED,CONFIDENTIAL
RSK_004251,CUST_005028,CREDIT_EVALUATION,2026-10-01T11:05:16.355000+00:00,0.248,APPROVED,CONFIDENTIAL
RSK_004252,CUST_006850,FRAUD_DETECTION,2026-10-01T11:05:20.108000+00:00,0.09,APPROVED,CONFIDENTIAL
RSK_004253,CUST_009367,CREDIT_EVALUATION,2026-10-01T11:05:21.794000+00:00,0.124,APPROVED,CONFIDENTIAL
RSK_004254,CUST_003062,CREDIT_EVALUATION,2026-10-01T11:05:23.039000+00:00,0.207,APPROVED,CONFIDENTIAL
RSK_004255,CUST_001716,CREDIT_EVALUATION,2026-10-01T11:05:25.808000+00:00,0.114,APPROVED,CONFIDENTIAL
RSK_004256,CUST_004364,FRAUD_DETECTION,2026-10-01T11:05:27.879000+00:00,0.251,APPROVED,CONFIDENTIAL
RSK_004257,CUST_006809,CREDIT_EVALUATION,2026-10-01T11:05:29.584000+00:00,0.494,FLAGGED_FOR_REVIEW,CONFIDENTIAL
RSK_004258,CUST_001694,AML_SCREENING,2026-10-01T11:05:31.263000+00:00,0.095,APPROVED,CONFIDENTIAL
RSK_004259,CUST_001006,LOAN_SCORING,2026-10-01T11:05:32.464000+00:00,0.318,APPROVED,CONFIDENTIAL
RSK_004260,CUST_008211,LOAN_SCORING,2026-10-01T11:05:35.873000+00:00,0.392,APPROVED,CONFIDENTIAL
RSK_004261,CUST_004318,LOAN_SCORING,2026-10-01T11:05:38.883000+00:00,0.172,APPROVED,CONFIDENTIAL
RSK_004262,CUST_000757,LOAN_SCORING,2026-10-01T11:05:43.378000+00:00,0.474,FLAGGED_FOR_REVIEW,CONFIDENTIAL
RSK_004263,CUST_005834,CREDIT_EVALUATION,2026-10-01T11:05:44.659000+00:00,0.182,APPROVED,CONFIDENTIAL
RSK_004264,CUST_008451,AML_SCREENING,2026-10-01T11:05:46.701000+00:00,0.285,APPROVED,CONFIDENTIAL
RSK_004265,CUST_008496,AML_SCREENING,2026-10-01T11:05:51.267000+00:00,0.045,APPROVED,CONFIDENTIAL
RSK_004266,CUST_009055,CREDIT_EVALUATION,2026-10-01T11:05:53.786000+00:00,0.283,APPROVED,CONFIDENTIAL
RSK_004267,CUST_002293,CREDIT_EVALUATION,2026-10-01T11:05:54.128000+00:00,0.558,FLAGGED_FOR_REVIEW,CONFIDENTIAL
RSK_004268,CUST_007771,CREDIT_EVALUATION,2026-10-01T11:05:58.367000+00:00,0.262,APPROVED,CONFIDENTIAL
RSK_004269,CUST_000262,FRAUD_DETECTION,2026-10-01T11:06:00.806000+00:00,0.157,APPROVED,CONFIDENTIAL
RSK_004270,CUST_004111,CREDIT_EVALUATION,2026-10-01T11:06:04.556000+00:00,0.11,APPROVED,CONFIDENTIAL
RSK_004271,CUST_000841,CREDIT_EVALUATION,2026-10-01T11:06:06.167000+00:00,0.173,APPROVED,CONFIDENTIAL
RSK_004272,CUST_004591,AML_SCREENING,2026-10-01T11:06:08.923000+00:00,0.289,APPROVED,CONFIDENTIAL
RSK_004273,CUST_009945,FRAUD_DETECTION,2026-10-01T11:06:09.608000+00:00,0.295,APPROVED,CONFIDENTIAL
RSK_004274,CUST_008858,FRAUD_DETECTION,2026-10-01T11:06:12.906000+00:00,0.364,APPROVED,CONFIDENTIAL
RSK_004275,CUST_003010,AML_SCREENING,2026-10-01T11:06:15.452000+00:00,0.111,APPROVED,CONFIDENTIAL
RSK_004276,CUST_001834,FRAUD_DETECTION,2026-10-01T11:06:20.266000+00:00,0.497,FLAGGED_FOR_REVIEW,CONFIDENTIAL
RSK_004277,CUST_000339,FRAUD_DETECTION,2026-10-01T11:06:24.045000+00:00,0.105,APPROVED,CONFIDENTIAL
RSK_004278,CUST_008523,LOAN_SCORING,2026-10-01T11:06:25.921000+00:00,0.279,APPROVED,CONFIDENTIAL
RSK_004279,CUST_001165,CREDIT_EVALUATION,2026-10-01T11:06:28.040000+00:00,0.103,APPROVED,CONFIDENTIAL
RSK_004280,CUST_002381,LOAN_SCORING,2026-10-01T11:06:32.923000+00:00,0.354,APPROVED,CONFIDENTIAL
RSK_004281,CUST_003138,CREDIT_EVALUATION,2026-10-01T11:06:35.188000+00:00,0.212,APPROVED,CONFIDENTIAL
RSK_004282,CUST_008577,CREDIT_EVALUATION,2026-10-01T11:06:37.946000+00:00,0.309,APPROVED,CONFIDENTIAL
RSK_004283,CUST_009986,LOAN_SCORING,2026-10-01T11:06:41.180000+00:00,0.254,APPROVED,CONFIDENTIAL
RSK_004284,CUST_006041,CREDIT_EVALUATION,2026-10-01T11:06:43.085000+00:00,0.132,APPROVED,CONFIDENTIAL
RSK_004285,CUST_003127,FRAUD_DETECTION,2026-10-01T11:06:43.743000+00:00,0.064,APPROVED,CONFIDENTIAL
RSK_004286,CUST_006136,CREDIT_EVALUATION,2026-10-01T11:06:45.542000+00:00,0.177,APPROVED,CONFIDENTIAL
RSK_004287,CUST_004758,CREDIT_EVALUATION,2026-10-01T11:06:45.789000+00:00,0.123,APPROVED,CONFIDENTIAL
RSK_004288,CUST_008980,AML_SCREENING,2026-10-01T11:06:46.757000+00:00,0.307,APPROVED,CONFIDENTIAL
RSK_004289,CUST_007371,CREDIT_EVALUATION,2026-10-01T11:06:50.794000+00:00,0.297,APPROVED,CONFIDENTIAL
RSK_004290,CUST_007277,CREDIT_EVALUATION,2026-10-01T11:06:51.771000+00:00,0.048,APPROVED,CONFIDENTIAL
RSK_004291,CUST_008546,LOAN_SCORING,2026-10-01T11:06:53.703000+00:00,0.122,APPROVED,CONFIDENTIAL
RSK_004292,CUST_009849,FRAUD_DETECTION,2026-10-01T11:06:56.653000+00:00,0.202,APPROVED,CONFIDENTIAL
RSK_004293,CUST_002885,CREDIT_EVALUATION,2026-10-01T11:06:58.271000+00:00,0.051,APPROVED,CONFIDENTIAL
RSK_004294,CUST_004854,LOAN_SCORING,2026-10-01T11:07:02.254000+00:00,0.241,APPROVED,CONFIDENTIAL
RSK_004295,CUST_007979,AML_SCREENING,2026-10-01T11:07:04.310000+00:00,0.177,APPROVED,CONFIDENTIAL
RSK_004296,CUST_009086,AML_SCREENING,2026-10-01T11:07:07.742000+00:00,0.075,APPROVED,CONFIDENTIAL
RSK_004297,CUST_003564,FRAUD_DETECTION,2026-10-01T11:07:11.267000+00:00,0.404,APPROVED,CONFIDENTIAL
RSK_004298,CUST_003009,AML_SCREENING,2026-10-01T11:07:13.465000+00:00,0.16,APPROVED,CONFIDENTIAL
RSK_004299,CUST_002390,AML_SCREENING,2026-10-01T11:07:16.525000+00:00,0.184,APPROVED,CONFIDENTIAL
RSK_004300,CUST_000860,FRAUD_DETECTION,2026-10-01T11:07:18.308000+00:00,0.194,APPROVED,CONFIDENTIAL
RSK_004301,CUST_000932,FRAUD_DETECTION,2026-10-01T11:07:20.001000+00:00,0.406,APPROVED,CONFIDENTIAL
RSK_004302,CUST_009529,FRAUD_DETECTION,2026-10-01T11:07:24.755000+00:00,0.309,APPROVED,CONFIDENTIAL
RSK_004303,CUST_009074,CREDIT_EVALUATION,2026-10-01T11:07:27.990000+00:00,0.612,FLAGGED_FOR_REVIEW,CONFIDENTIAL
RSK_004304,CUST_007784,LOAN_SCORING,2026-10-01T11:07:30.334000+00:00,0.312,APPROVED,CONFIDENTIAL
RSK_004305,CUST_002099,FRAUD_DETECTION,2026-10-01T11:07:35.054000+00:00,0.5,FLAGGED_FOR_REVIEW,CONFIDENTIAL
RSK_004306,CUST_009052,LOAN_SCORING,2026-10-01T11:07:37.211000+00:00,0.247,APPROVED,CONFIDENTIAL
RSK_004307,CUST_006306,FRAUD_DETECTION,2026-10-01T11:07:41.767000+00:00,0.294,APPROVED,CONFIDENTIAL
RSK_004308,CUST_000318,AML_SCREENING,2026-10-01T11:07:46.360000+00:00,0.13,APPROVED,CONFIDENTIAL
RSK_004309,CUST_004164,AML_SCREENING,2026-10-01T11:07:50.241000+00:00,0.209,APPROVED,CONFIDENTIAL
RSK_004310,CUST_007092,AML_SCREENING,2026-10-01T11:07:53.487000+00:00,0.336,APPROVED,CONFIDENTIAL
RSK_004311,CUST_002291,FRAUD_DETECTION,2026-10-01T11:07:58.159000+00:00,0.562,FLAGGED_FOR_REVIEW,CONFIDENTIAL
RSK_004312,CUST_008387,LOAN_SCORING,2026-10-01T11:07:59.627000+00:00,0.187,APPROVED,CONFIDENTIAL
RSK_004313,CUST_000949,AML_SCREENING,2026-10-01T11:08:01.882000+00:00,0.128,APPROVED,CONFIDENTIAL
RSK_004314,CUST_003723,AML_SCREENING,2026-10-01T11:08:04.221000+00:00,0.389,APPROVED,CONFIDENTIAL
RSK_004315,CUST_000806,FRAUD_DETECTION,2026-10-01T11:08:05.752000+00:00,0.03,APPROVED,CONFIDENTIAL
RSK_004316,CUST_005539,AML_SCREENING,2026-10-01T11:08:06.397000+00:00,0.381,APPROVED,CONFIDENTIAL
RSK_004317,CUST_003716,FRAUD_DETECTION,2026-10-01T11:08:09.673000+00:00,0.451,FLAGGED_FOR_REVIEW,CONFIDENTIAL
RSK_004318,CUST_008667,FRAUD_DETECTION,2026-10-01T11:08:10.795000+00:00,0.203,APPROVED,CONFIDENTIAL
RSK_004319,CUST_005968,AML_SCREENING,2026-10-01T11:08:12.894000+00:00,0.411,APPROVED,CONFIDENTIAL
RSK_004320,CUST_001708,AML_SCREENING,2026-10-01T11:08:15.951000+00:00,0.101,APPROVED,CONFIDENTIAL
RSK_004321,CUST_005376,FRAUD_DETECTION,2026-10-01T11:08:16.393000+00:00,0.205,APPROVED,CONFIDENTIAL
RSK_004322,CUST_009751,FRAUD_DETECTION,2026-10-01T11:08:18.485000+00:00,0.5,FLAGGED_FOR_REVIEW,CONFIDENTIAL
RSK_004323,CUST_006496,FRAUD_DETECTION,2026-10-01T11:08:20.810000+00:00,0.127,APPROVED,CONFIDENTIAL
RSK_004324,CUST_009541,AML_SCREENING,2026-10-01T11:08:21.132000+00:00,0.351,APPROVED,CONFIDENTIAL
RSK_004325,CUST_002110,FRAUD_DETECTION,2026-10-01T11:08:24.476000+00:00,0.32,APPROVED,CONFIDENTIAL
RSK_004326,CUST_009215,LOAN_SCORING,2026-10-01T11:08:27.881000+00:00,0.21,APPROVED,CONFIDENTIAL
RSK_004327,CUST_004978,CREDIT_EVALUATION,2026-10-01T11:08:32.334000+00:00,0.143,APPROVED,CONFIDENTIAL
RSK_004328,CUST_003109,FRAUD_DETECTION,2026-10-01T11:08:36.550000+00:00,0.283,APPROVED,CONFIDENTIAL
RSK_004329,CUST_007262,AML_SCREENING,2026-10-01T11:08:40.962000+00:00,0.267,APPROVED,CONFIDENTIAL
RSK_004330,CUST_004584,FRAUD_DETECTION,2026-10-01T11:08:42.555000+00:00,0.149,APPROVED,CONFIDENTIAL
RSK_004331,CUST_004228,AML_SCREENING,2026-10-01T11:08:47.038000+00:00,0.147,APPROVED,CONFIDENTIAL
RSK_004332,CUST_004605,FRAUD_DETECTION,2026-10-01T11:08:51.861000+00:00,0.194,APPROVED,CONFIDENTIAL
RSK_004333,CUST_002555,FRAUD_DETECTION,2026-10-01T11:08:55.687000+00:00,0.435,APPROVED,CONFIDENTIAL
RSK_004334,CUST_005830,LOAN_SCORING,2026-10-01T11:08:59.542000+00:00,0.297,APPROVED,CONFIDENTIAL
RSK_004335,CUST_006655,AML_SCREENING,2026-10-01T11:09:01.496000+00:00,0.366,APPROVED,CONFIDENTIAL
RSK_004336,CUST_002764,LOAN_SCORING,2026-10-01T11:09:03.462000+00:00,0.291,APPROVED,CONFIDENTIAL
RSK_004337,CUST_009431,LOAN_SCORING,2026-10-01T11:09:04.729000+00:00,0.186,APPROVED,CONFIDENTIAL
RSK_004338,CUST_008187,AML_SCREENING,2026-10-01T11:09:06.378000+00:00,0.318,APPROVED,CONFIDENTIAL
RSK_004339,CUST_007982,LOAN_SCORING,2026-10-01T11:09:10.697000+00:00,0.567,FLAGGED_FOR_REVIEW,CONFIDENTIAL
RSK_004340,CUST_006695,LOAN_SCORING,2026-10-01T11:09:11.999000+00:00,0.021,APPROVED,CONFIDENTIAL
RSK_004341,CUST_004771,LOAN_SCORING,2026-10-01T11:09:14.845000+00:00,0.083,APPROVED,CONFIDENTIAL
RSK_004342,CUST_005244,CREDIT_EVALUATION,2026-10-01T11:09:16.879000+00:00,0.51,FLAGGED_FOR_REVIEW,CONFIDENTIAL
RSK_004343,CUST_003700,FRAUD_DETECTION,2026-10-01T11:09:19.290000+00:00,0.124,APPROVED,CONFIDENTIAL
RSK_004344,CUST_008202,LOAN_SCORING,2026-10-01T11:09:21.909000+00:00,0.047,APPROVED,CONFIDENTIAL
RSK_004345,CUST_001361,CREDIT_EVALUATION,2026-10-01T11:09:26.202000+00:00,0.546,FLAGGED_FOR_REVIEW,CONFIDENTIAL
RSK_004346,CUST_004213,LOAN_SCORING,2026-10-01T11:09:30.291000+00:00,0.308,APPROVED,CONFIDENTIAL
RSK_004347,CUST_007509,LOAN_SCORING,2026-10-01T11:09:31.276000+00:00,0.06,APPROVED,CONFIDENTIAL
RSK_004348,CUST_005639,AML_SCREENING,2026-10-01T11:09:34.131000+00:00,0.187,APPROVED,CONFIDENTIAL
RSK_004349,CUST_001322,LOAN_SCORING,2026-10-01T11:09:36.134000+00:00,0.1,APPROVED,CONFIDENTIAL
RSK_004350,CUST_008575,LOAN_SCORING,2026-10-01T11:09:40.694000+00:00,0.181,APPROVED,CONFIDENTIAL
RSK_004351,CUST_008894,FRAUD_DETECTION,2026-10-01T11:09:45.210000+00:00,0.329,APPROVED,CONFIDENTIAL
RSK_004352,CUST_008524,CREDIT_EVALUATION,2026-10-01T11:09:45.942000+00:00,0.185,APPROVED,CONFIDENTIAL
RSK_004353,CUST_009521,CREDIT_EVALUATION,2026-10-01T11:09:46.490000+00:00,0.188,APPROVED,CONFIDENTIAL
RSK_004354,CUST_006234,CREDIT_EVALUATION,2026-10-01T11:09:50.777000+00:00,0.552,FLAGGED_FOR_REVIEW,CONFIDENTIAL
RSK_004355,CUST_007786,AML_SCREENING,2026-10-01T11:09:52.935000+00:00,0.359,APPROVED,CONFIDENTIAL
RSK_004356,CUST_008460,LOAN_SCORING,2026-10-01T11:09:55.149000+00:00,0.231,APPROVED,CONFIDENTIAL
RSK_004357,CUST_005338,LOAN_SCORING,2026-10-01T11:09:59.207000+00:00,0.296,APPROVED,CONFIDENTIAL
RSK_004358,CUST_000629,CREDIT_EVALUATION,2026-10-01T11:10:02.155000+00:00,0.178,APPROVED,CONFIDENTIAL
RSK_004359,CUST_006764,AML_SCREENING,2026-10-01T11:10:04.697000+00:00,0.319,APPROVED,CONFIDENTIAL
RSK_004360,CUST_007558,FRAUD_DETECTION,2026-10-01T11:10:07.243000+00:00,0.008,APPROVED,CONFIDENTIAL
RSK_004361,CUST_003701,FRAUD_DETECTION,2026-10-01T11:10:12.179000+00:00,0.104,APPROVED,CONFIDENTIAL
RSK_004362,CUST_009680,FRAUD_DETECTION,2026-10-01T11:10:14.262000+00:00,0.238,APPROVED,CONFIDENTIAL
RSK_004363,CUST_002699,CREDIT_EVALUATION,2026-10-01T11:10:17.019000+00:00,0.601,FLAGGED_FOR_REVIEW,CONFIDENTIAL
RSK_004364,CUST_003890,LOAN_SCORING,2026-10-01T11:10:17.793000+00:00,0.18,APPROVED,CONFIDENTIAL
RSK_004365,CUST_008155,AML_SCREENING,2026-10-01T11:10:18.206000+00:00,0.433,APPROVED,CONFIDENTIAL
RSK_004366,CUST_006249,AML_SCREENING,2026-10-01T11:10:22.504000+00:00,0.223,APPROVED,CONFIDENTIAL
RSK_004367,CUST_000617,FRAUD_DETECTION,2026-10-01T11:10:25.082000+00:00,0.541,FLAGGED_FOR_REVIEW,CONFIDENTIAL
RSK_004368,CUST_003361,CREDIT_EVALUATION,2026-10-01T11:10:27.023000+00:00,0.393,APPROVED,CONFIDENTIAL
RSK_004369,CUST_006461,CREDIT_EVALUATION,2026-10-01T11:10:29.205000+00:00,0.342,APPROVED,CONFIDENTIAL
RSK_004370,CUST_002510,LOAN_SCORING,2026-10-01T11:10:29.606000+00:00,0.216,APPROVED,CONFIDENTIAL
RSK_004371,CUST_000034,LOAN_SCORING,2026-10-01T11:10:33.668000+00:00,0.378,APPROVED,CONFIDENTIAL
RSK_004372,CUST_004833,LOAN_SCORING,2026-10-01T11:10:36.147000+00:00,0.062,APPROVED,CONFIDENTIAL
RSK_004373,CUST_006455,AML_SCREENING,2026-10-01T11:10:39.324000+00:00,0.411,APPROVED,CONFIDENTIAL
RSK_004374,CUST_008944,AML_SCREENING,2026-10-01T11:10:42.506000+00:00,0.421,APPROVED,CONFIDENTIAL
RSK_004375,CUST_008245,AML_SCREENING,2026-10-01T11:10:44.514000+00:00,0.052,APPROVED,CONFIDENTIAL
RSK_004376,CUST_003211,LOAN_SCORING,2026-10-01T11:10:46.294000+00:00,0.324,APPROVED,CONFIDENTIAL
RSK_004377,CUST_009468,FRAUD_DETECTION,2026-10-01T11:10:49.791000+00:00,0.579,FLAGGED_FOR_REVIEW,CONFIDENTIAL
RSK_004378,CUST_005023,FRAUD_DETECTION,2026-10-01T11:10:52.645000+00:00,0.039,APPROVED,CONFIDENTIAL
RSK_004379,CUST_003863,FRAUD_DETECTION,2026-10-01T11:10:53.849000+00:00,0.146,APPROVED,CONFIDENTIAL
RSK_004380,CUST_005304,AML_SCREENING,2026-10-01T11:10:57.511000+00:00,0.306,APPROVED,CONFIDENTIAL
RSK_004381,CUST_004071,CREDIT_EVALUATION,2026-10-01T11:10:58.672000+00:00,0.225,APPROVED,CONFIDENTIAL
RSK_004382,CUST_006881,AML_SCREENING,2026-10-01T11:10:59.484000+00:00,0.223,APPROVED,CONFIDENTIAL
RSK_004383,CUST_005553,LOAN_SCORING,2026-10-01T11:11:03.019000+00:00,0.43,APPROVED,CONFIDENTIAL
RSK_004384,CUST_005176,LOAN_SCORING,2026-10-01T11:11:04.532000+00:00,0.334,APPROVED,CONFIDENTIAL
RSK_004385,CUST_009119,CREDIT_EVALUATION,2026-10-01T11:11:05.735000+00:00,0.434,APPROVED,CONFIDENTIAL
RSK_004386,CUST_006316,FRAUD_DETECTION,2026-10-01T11:11:09.019000+00:00,0.156,APPROVED,CONFIDENTIAL
RSK_004387,CUST_000858,LOAN_SCORING,2026-10-01T11:11:13.223000+00:00,0.435,APPROVED,CONFIDENTIAL
RSK_004388,CUST_004311,LOAN_SCORING,2026-10-01T11:11:16.858000+00:00,0.253,APPROVED,CONFIDENTIAL
RSK_004389,CUST_003646,CREDIT_EVALUATION,2026-10-01T11:11:21.202000+00:00,0.542,FLAGGED_FOR_REVIEW,CONFIDENTIAL
RSK_004390,CUST_005047,LOAN_SCORING,2026-10-01T11:11:24.091000+00:00,0.296,APPROVED,CONFIDENTIAL
RSK_004391,CUST_009492,FRAUD_DETECTION,2026-10-01T11:11:29.048000+00:00,0.139,APPROVED,CONFIDENTIAL
RSK_004392,CUST_000498,AML_SCREENING,2026-10-01T11:11:30.276000+00:00,0.079,APPROVED,CONFIDENTIAL
RSK_004393,CUST_005801,LOAN_SCORING,2026-10-01T11:11:32.304000+00:00,0.14,APPROVED,CONFIDENTIAL
RSK_004394,CUST_009932,CREDIT_EVALUATION,2026-10-01T11:11:33.508000+00:00,0.251,APPROVED,CONFIDENTIAL
RSK_004395,CUST_001859,LOAN_SCORING,2026-10-01T11:11:38.480000+00:00,0.286,APPROVED,CONFIDENTIAL
RSK_004396,CUST_003070,FRAUD_DETECTION,2026-10-01T11:11:39.079000+00:00,0.132,APPROVED,CONFIDENTIAL
RSK_004397,CUST_008839,AML_SCREENING,2026-10-01T11:11:39.970000+00:00,0.105,APPROVED,CONFIDENTIAL
RSK_004398,CUST_002441,CREDIT_EVALUATION,2026-10-01T11:11:42.241000+00:00,0.292,APPROVED,CONFIDENTIAL
RSK_004399,CUST_007547,LOAN_SCORING,2026-10-01T11:11:43.728000+00:00,0.43,APPROVED,CONFIDENTIAL
RSK_004400,CUST_001489,CREDIT_EVALUATION,2026-10-01T11:11:47.442000+00:00,0.39,APPROVED,CONFIDENTIAL
RSK_004401,CUST_007378,CREDIT_EVALUATION,2026-10-01T11:11:49.314000+00:00,0.107,APPROVED,CONFIDENTIAL
RSK_004402,CUST_007181,FRAUD_DETECTION,2026-10-01T11:11:49.853000+00:00,0.822,REJECTED,CONFIDENTIAL
RSK_004403,CUST_002330,AML_SCREENING,2026-10-01T11:11:53.327000+00:00,0.465,FLAGGED_FOR_REVIEW,CONFIDENTIAL
RSK_004404,CUST_000828,AML_SCREENING,2026-10-01T11:11:58.076000+00:00,0.348,APPROVED,CONFIDENTIAL
RSK_004405,CUST_002377,AML_SCREENING,2026-10-01T11:11:59.977000+00:00,0.07,APPROVED,CONFIDENTIAL
RSK_004406,CUST_003922,CREDIT_EVALUATION,2026-10-01T11:12:02.932000+00:00,0.396,APPROVED,CONFIDENTIAL
RSK_004407,CUST_009646,CREDIT_EVALUATION,2026-10-01T11:12:03.364000+00:00,0.174,APPROVED,CONFIDENTIAL
RSK_004408,CUST_004855,LOAN_SCORING,2026-10-01T11:12:06.120000+00:00,0.372,APPROVED,CONFIDENTIAL
RSK_004409,CUST_005156,CREDIT_EVALUATION,2026-10-01T11:12:06.940000+00:00,0.656,FLAGGED_FOR_REVIEW,CONFIDENTIAL
RSK_004410,CUST_008823,AML_SCREENING,2026-10-01T11:12:09.847000+00:00,0.176,APPROVED,CONFIDENTIAL
RSK_004411,CUST_004247,CREDIT_EVALUATION,2026-10-01T11:12:14.736000+00:00,0.215,APPROVED,CONFIDENTIAL
RSK_004412,CUST_003489,FRAUD_DETECTION,2026-10-01T11:12:19.589000+00:00,0.322,APPROVED,CONFIDENTIAL
RSK_004413,CUST_005216,LOAN_SCORING,2026-10-01T11:12:23.948000+00:00,0.23,APPROVED,CONFIDENTIAL
RSK_004414,CUST_007102,CREDIT_EVALUATION,2026-10-01T11:12:27.920000+00:00,0.253,APPROVED,CONFIDENTIAL
RSK_004415,CUST_008060,FRAUD_DETECTION,2026-10-01T11:12:31.599000+00:00,0.188,APPROVED,CONFIDENTIAL
RSK_004416,CUST_004959,CREDIT_EVALUATION,2026-10-01T11:12:35.420000+00:00,0.421,APPROVED,CONFIDENTIAL
RSK_004417,CUST_009147,FRAUD_DETECTION,2026-10-01T11:12:38.508000+00:00,0.423,APPROVED,CONFIDENTIAL
RSK_004418,CUST_006679,AML_SCREENING,2026-10-01T11:12:41.341000+00:00,0.36,APPROVED,CONFIDENTIAL
RSK_004419,CUST_007616,AML_SCREENING,2026-10-01T11:12:45.499000+00:00,0.226,APPROVED,CONFIDENTIAL
RSK_004420,CUST_006460,AML_SCREENING,2026-10-01T11:12:48.099000+00:00,0.133,APPROVED,CONFIDENTIAL
RSK_004421,CUST_008851,FRAUD_DETECTION,2026-10-01T11:12:52.718000+00:00,0.26,APPROVED,CONFIDENTIAL
RSK_004422,CUST_006230,CREDIT_EVALUATION,2026-10-01T11:12:54.561000+00:00,0.245,APPROVED,CONFIDENTIAL
RSK_004423,CUST_000177,AML_SCREENING,2026-10-01T11:12:58.427000+00:00,0.292,APPROVED,CONFIDENTIAL
RSK_004424,CUST_003983,LOAN_SCORING,2026-10-01T11:13:02.411000+00:00,0.065,APPROVED,CONFIDENTIAL
RSK_004425,CUST_008791,CREDIT_EVALUATION,2026-10-01T11:13:04.219000+00:00,0.237,APPROVED,CONFIDENTIAL
RSK_004426,CUST_008780,AML_SCREENING,2026-10-01T11:13:07.180000+00:00,0.107,APPROVED,CONFIDENTIAL
RSK_004427,CUST_008938,AML_SCREENING,2026-10-01T11:13:10.123000+00:00,0.095,APPROVED,CONFIDENTIAL
RSK_004428,CUST_007183,LOAN_SCORING,2026-10-01T11:13:12.455000+00:00,0.045,APPROVED,CONFIDENTIAL
RSK_004429,CUST_004382,LOAN_SCORING,2026-10-01T11:13:16.066000+00:00,0.121,APPROVED,CONFIDENTIAL
RSK_004430,CUST_004906,FRAUD_DETECTION,2026-10-01T11:13:19.603000+00:00,0.283,APPROVED,CONFIDENTIAL
RSK_004431,CUST_007273,AML_SCREENING,2026-10-01T11:13:20.369000+00:00,0.461,FLAGGED_FOR_REVIEW,CONFIDENTIAL
RSK_004432,CUST_008393,CREDIT_EVALUATION,2026-10-01T11:13:24.688000+00:00,0.296,APPROVED,CONFIDENTIAL
RSK_004433,CUST_000502,AML_SCREENING,2026-10-01T11:13:24.939000+00:00,0.311,APPROVED,CONFIDENTIAL
RSK_004434,CUST_002512,CREDIT_EVALUATION,2026-10-01T11:13:28.136000+00:00,0.328,APPROVED,CONFIDENTIAL
RSK_004435,CUST_007192,AML_SCREENING,2026-10-01T11:13:32.171000+00:00,0.261,APPROVED,CONFIDENTIAL
RSK_004436,CUST_007894,FRAUD_DETECTION,2026-10-01T11:13:35.735000+00:00,0.2,APPROVED,CONFIDENTIAL
RSK_004437,CUST_000163,AML_SCREENING,2026-10-01T11:13:37.553000+00:00,0.341,APPROVED,CONFIDENTIAL
RSK_004438,CUST_006766,AML_SCREENING,2026-10-01T11:13:39.973000+00:00,0.2,APPROVED,CONFIDENTIAL
RSK_004439,CUST_003744,LOAN_SCORING,2026-10-01T11:13:44.941000+00:00,0.484,FLAGGED_FOR_REVIEW,CONFIDENTIAL
RSK_004440,CUST_004939,AML_SCREENING,2026-10-01T11:13:47.924000+00:00,0.342,APPROVED,CONFIDENTIAL
RSK_004441,CUST_002686,FRAUD_DETECTION,2026-10-01T11:13:49.954000+00:00,0.176,APPROVED,CONFIDENTIAL
RSK_004442,CUST_009662,FRAUD_DETECTION,2026-10-01T11:13:52.596000+00:00,0.241,APPROVED,CONFIDENTIAL
RSK_004443,CUST_000715,CREDIT_EVALUATION,2026-10-01T11:13:54.700000+00:00,0.156,APPROVED,CONFIDENTIAL
RSK_004444,CUST_004296,FRAUD_DETECTION,2026-10-01T11:13:55.246000+00:00,0.186,APPROVED,CONFIDENTIAL
RSK_004445,CUST_007536,LOAN_SCORING,2026-10-01T11:13:57.871000+00:00,0.242,APPROVED,CONFIDENTIAL
RSK_004446,CUST_007727,FRAUD_DETECTION,2026-10-01T11:13:59.275000+00:00,0.228,APPROVED,CONFIDENTIAL
RSK_004447,CUST_000036,AML_SCREENING,2026-10-01T11:14:01.822000+00:00,0.474,FLAGGED_FOR_REVIEW,CONFIDENTIAL
RSK_004448,CUST_003323,CREDIT_EVALUATION,2026-10-01T11:14:03.912000+00:00,0.086,APPROVED,CONFIDENTIAL
RSK_004449,CUST_004733,LOAN_SCORING,2026-10-01T11:14:05.973000+00:00,0.267,APPROVED,CONFIDENTIAL
RSK_004450,CUST_004610,CREDIT_EVALUATION,2026-10-01T11:14:08.916000+00:00,0.129,APPROVED,CONFIDENTIAL
RSK_004451,CUST_002140,LOAN_SCORING,2026-10-01T11:14:13.162000+00:00,0.266,APPROVED,CONFIDENTIAL
RSK_004452,CUST_007368,FRAUD_DETECTION,2026-10-01T11:14:17.023000+00:00,0.263,APPROVED,CONFIDENTIAL
RSK_004453,CUST_003240,LOAN_SCORING,2026-10-01T11:14:18.972000+00:00,0.112,APPROVED,CONFIDENTIAL
RSK_004454,CUST_009673,FRAUD_DETECTION,2026-10-01T11:14:21.254000+00:00,0.208,APPROVED,CONFIDENTIAL
RSK_004455,CUST_005687,AML_SCREENING,2026-10-01T11:14:24.548000+00:00,0.171,APPROVED,CONFIDENTIAL
RSK_004456,CUST_001199,AML_SCREENING,2026-10-01T11:14:28.215000+00:00,0.085,APPROVED,CONFIDENTIAL
RSK_004457,CUST_009628,AML_SCREENING,2026-10-01T11:14:31.802000+00:00,0.408,APPROVED,CONFIDENTIAL
RSK_004458,CUST_005456,CREDIT_EVALUATION,2026-10-01T11:14:36.792000+00:00,0.086,APPROVED,CONFIDENTIAL
RSK_004459,CUST_009898,FRAUD_DETECTION,2026-10-01T11:14:41.545000+00:00,0.218,APPROVED,CONFIDENTIAL
RSK_004460,CUST_008041,AML_SCREENING,2026-10-01T11:14:42.296000+00:00,0.64,FLAGGED_FOR_REVIEW,CONFIDENTIAL
RSK_004461,CUST_003215,LOAN_SCORING,2026-10-01T11:14:43.919000+00:00,0.158,APPROVED,CONFIDENTIAL
RSK_004462,CUST_007204,LOAN_SCORING,2026-10-01T11:14:47.734000+00:00,0.068,APPROVED,CONFIDENTIAL
RSK_004463,CUST_007189,CREDIT_EVALUATION,2026-10-01T11:14:50.717000+00:00,0.026,APPROVED,CONFIDENTIAL
RSK_004464,CUST_006460,LOAN_SCORING,2026-10-01T11:14:53.754000+00:00,0.474,FLAGGED_FOR_REVIEW,CONFIDENTIAL
RSK_004465,CUST_004864,CREDIT_EVALUATION,2026-10-01T11:14:54.198000+00:00,0.244,APPROVED,CONFIDENTIAL
RSK_004466,CUST_000434,CREDIT_EVALUATION,2026-10-01T11:14:56.342000+00:00,0.56,FLAGGED_FOR_REVIEW,CONFIDENTIAL
RSK_004467,CUST_009746,AML_SCREENING,2026-10-01T11:14:59.635000+00:00,0.298,APPROVED,CONFIDENTIAL
RSK_004468,CUST_007095,CREDIT_EVALUATION,2026-10-01T11:15:04.394000+00:00,0.28,APPROVED,CONFIDENTIAL
RSK_004469,CUST_001177,CREDIT_EVALUATION,2026-10-01T11:15:09.082000+00:00,0.035,APPROVED,CONFIDENTIAL
RSK_004470,CUST_008880,LOAN_SCORING,2026-10-01T11:15:12.847000+00:00,0.14,APPROVED,CONFIDENTIAL
RSK_004471,CUST_001104,FRAUD_DETECTION,2026-10-01T11:15:15.931000+00:00,0.314,APPROVED,CONFIDENTIAL
RSK_004472,CUST_005474,AML_SCREENING,2026-10-01T11:15:18.786000+00:00,0.375,APPROVED,CONFIDENTIAL
RSK_004473,CUST_005123,AML_SCREENING,2026-10-01T11:15:21.556000+00:00,0.213,APPROVED,CONFIDENTIAL
RSK_004474,CUST_001678,CREDIT_EVALUATION,2026-10-01T11:15:22.431000+00:00,0.125,APPROVED,CONFIDENTIAL
RSK_004475,CUST_007182,LOAN_SCORING,2026-10-01T11:15:26.065000+00:00,0.438,APPROVED,CONFIDENTIAL
RSK_004476,CUST_008249,LOAN_SCORING,2026-10-01T11:15:29.092000+00:00,0.453,FLAGGED_FOR_REVIEW,CONFIDENTIAL
RSK_004477,CUST_006339,CREDIT_EVALUATION,2026-10-01T11:15:32.617000+00:00,0.054,APPROVED,CONFIDENTIAL
RSK_004478,CUST_004314,LOAN_SCORING,2026-10-01T11:15:34.533000+00:00,0.267,APPROVED,CONFIDENTIAL
RSK_004479,CUST_001686,LOAN_SCORING,2026-10-01T11:15:38.910000+00:00,0.198,APPROVED,CONFIDENTIAL
RSK_004480,CUST_008499,FRAUD_DETECTION,2026-10-01T11:15:40.885000+00:00,0.073,APPROVED,CONFIDENTIAL
RSK_004481,CUST_005936,CREDIT_EVALUATION,2026-10-01T11:15:42.399000+00:00,0.223,APPROVED,CONFIDENTIAL
RSK_004482,CUST_003301,CREDIT_EVALUATION,2026-10-01T11:15:43.708000+00:00,0.248,APPROVED,CONFIDENTIAL
RSK_004483,CUST_002539,CREDIT_EVALUATION,2026-10-01T11:15:45.664000+00:00,0.199,APPROVED,CONFIDENTIAL
RSK_004484,CUST_002974,FRAUD_DETECTION,2026-10-01T11:15:46.079000+00:00,0.386,APPROVED,CONFIDENTIAL
RSK_004485,CUST_001230,LOAN_SCORING,2026-10-01T11:15:47.760000+00:00,0.42,APPROVED,CONFIDENTIAL
RSK_004486,CUST_008683,AML_SCREENING,2026-10-01T11:15:52.266000+00:00,0.197,APPROVED,CONFIDENTIAL
RSK_004487,CUST_005477,AML_SCREENING,2026-10-01T11:15:54.355000+00:00,0.173,APPROVED,CONFIDENTIAL
RSK_004488,CUST_001462,FRAUD_DETECTION,2026-10-01T11:15:55.173000+00:00,0.511,FLAGGED_FOR_REVIEW,CONFIDENTIAL
RSK_004489,CUST_004700,AML_SCREENING,2026-10-01T11:16:00.118000+00:00,0.363,APPROVED,CONFIDENTIAL
RSK_004490,CUST_004942,LOAN_SCORING,2026-10-01T11:16:02.595000+00:00,0.187,APPROVED,CONFIDENTIAL
RSK_004491,CUST_009457,FRAUD_DETECTION,2026-10-01T11:16:07.539000+00:00,0.225,APPROVED,CONFIDENTIAL
RSK_004492,CUST_005249,CREDIT_EVALUATION,2026-10-01T11:16:11.558000+00:00,0.122,APPROVED,CONFIDENTIAL
RSK_004493,CUST_005883,CREDIT_EVALUATION,2026-10-01T11:16:15.859000+00:00,0.661,FLAGGED_FOR_REVIEW,CONFIDENTIAL
RSK_004494,CUST_000608,LOAN_SCORING,2026-10-01T11:16:17.215000+00:00,0.062,APPROVED,CONFIDENTIAL
RSK_004495,CUST_002293,CREDIT_EVALUATION,2026-10-01T11:16:20.366000+00:00,0.236,APPROVED,CONFIDENTIAL
RSK_004496,CUST_005451,LOAN_SCORING,2026-10-01T11:16:21.592000+00:00,0.177,APPROVED,CONFIDENTIAL
RSK_004497,CUST_008505,LOAN_SCORING,2026-10-01T11:16:23.757000+00:00,0.357,APPROVED,CONFIDENTIAL
RSK_004498,CUST_006551,AML_SCREENING,2026-10-01T11:16:25.867000+00:00,0.32,APPROVED,CONFIDENTIAL
RSK_004499,CUST_002756,CREDIT_EVALUATION,2026-10-01T11:16:26.528000+00:00,0.613,FLAGGED_FOR_REVIEW,CONFIDENTIAL
RSK_004500,CUST_004778,FRAUD_DETECTION,2026-10-01T11:16:31.519000+00:00,0.378,APPROVED,CONFIDENTIAL
RSK_004501,CUST_009340,CREDIT_EVALUATION,2026-10-01T11:16:32.535000+00:00,0.153,APPROVED,CONFIDENTIAL
RSK_004502,CUST_008379,AML_SCREENING,2026-10-01T11:16:35.080000+00:00,0.197,APPROVED,CONFIDENTIAL
RSK_004503,CUST_004117,AML_SCREENING,2026-10-01T11:16:39.877000+00:00,0.346,APPROVED,CONFIDENTIAL
RSK_004504,CUST_001049,FRAUD_DETECTION,2026-10-01T11:16:43.647000+00:00,0.308,APPROVED,CONFIDENTIAL
RSK_004505,CUST_002704,LOAN_SCORING,2026-10-01T11:16:48.051000+00:00,0.218,APPROVED,CONFIDENTIAL
RSK_004506,CUST_009819,AML_SCREENING,2026-10-01T11:16:51.201000+00:00,0.245,APPROVED,CONFIDENTIAL
RSK_004507,CUST_003925,AML_SCREENING,2026-10-01T11:16:54.832000+00:00,0.155,APPROVED,CONFIDENTIAL
RSK_004508,CUST_001349,FRAUD_DETECTION,2026-10-01T11:16:59.041000+00:00,0.186,APPROVED,CONFIDENTIAL
RSK_004509,CUST_004812,CREDIT_EVALUATION,2026-10-01T11:17:00.854000+00:00,0.262,APPROVED,CONFIDENTIAL
RSK_004510,CUST_008266,LOAN_SCORING,2026-10-01T11:17:02.729000+00:00,0.22,APPROVED,CONFIDENTIAL
RSK_004511,CUST_005090,FRAUD_DETECTION,2026-10-01T11:17:07.393000+00:00,0.232,APPROVED,CONFIDENTIAL
RSK_004512,CUST_002332,AML_SCREENING,2026-10-01T11:17:11.217000+00:00,0.38,APPROVED,CONFIDENTIAL
RSK_004513,CUST_007597,AML_SCREENING,2026-10-01T11:17:13.467000+00:00,0.096,APPROVED,CONFIDENTIAL
RSK_004514,CUST_003055,LOAN_SCORING,2026-10-01T11:17:14.328000+00:00,0.325,APPROVED,CONFIDENTIAL
RSK_004515,CUST_009188,LOAN_SCORING,2026-10-01T11:17:16.796000+00:00,0.252,APPROVED,CONFIDENTIAL
RSK_004516,CUST_003167,AML_SCREENING,2026-10-01T11:17:18.147000+00:00,0.163,APPROVED,CONFIDENTIAL
RSK_004517,CUST_009709,FRAUD_DETECTION,2026-10-01T11:17:21.175000+00:00,0.201,APPROVED,CONFIDENTIAL
RSK_004518,CUST_003516,FRAUD_DETECTION,2026-10-01T11:17:24.484000+00:00,0.41,APPROVED,CONFIDENTIAL
RSK_004519,CUST_000419,LOAN_SCORING,2026-10-01T11:17:24.686000+00:00,0.221,APPROVED,CONFIDENTIAL
RSK_004520,CUST_004059,FRAUD_DETECTION,2026-10-01T11:17:26.449000+00:00,0.056,APPROVED,CONFIDENTIAL
RSK_004521,CUST_007468,CREDIT_EVALUATION,2026-10-01T11:17:27.379000+00:00,0.353,APPROVED,CONFIDENTIAL
RSK_004522,CUST_008860,FRAUD_DETECTION,2026-10-01T11:17:30.495000+00:00,0.037,APPROVED,CONFIDENTIAL
RSK_004523,CUST_008128,LOAN_SCORING,2026-10-01T11:17:34.852000+00:00,0.141,APPROVED,CONFIDENTIAL
RSK_004524,CUST_002208,FRAUD_DETECTION,2026-10-01T11:17:35.912000+00:00,0.416,APPROVED,CONFIDENTIAL
RSK_004525,CUST_002295,CREDIT_EVALUATION,2026-10-01T11:17:36.464000+00:00,0.31,APPROVED,CONFIDENTIAL
RSK_004526,CUST_000858,CREDIT_EVALUATION,2026-10-01T11:17:39.089000+00:00,0.6,FLAGGED_FOR_REVIEW,CONFIDENTIAL
RSK_004527,CUST_004430,LOAN_SCORING,2026-10-01T11:17:39.923000+00:00,0.49,FLAGGED_FOR_REVIEW,CONFIDENTIAL
RSK_004528,CUST_002420,LOAN_SCORING,2026-10-01T11:17:43.918000+00:00,0.154,APPROVED,CONFIDENTIAL
RSK_004529,CUST_002476,FRAUD_DETECTION,2026-10-01T11:17:45.765000+00:00,0.418,APPROVED,CONFIDENTIAL
RSK_004530,CUST_004663,CREDIT_EVALUATION,2026-10-01T11:17:48.757000+00:00,0.218,APPROVED,CONFIDENTIAL
RSK_004531,CUST_008052,LOAN_SCORING,2026-10-01T11:17:51.892000+00:00,0.106,APPROVED,CONFIDENTIAL
RSK_004532,CUST_008591,FRAUD_DETECTION,2026-10-01T11:17:54.882000+00:00,0.198,APPROVED,CONFIDENTIAL
RSK_004533,CUST_003331,LOAN_SCORING,2026-10-01T11:17:58.983000+00:00,0.585,FLAGGED_FOR_REVIEW,CONFIDENTIAL
RSK_004534,CUST_006058,AML_SCREENING,2026-10-01T11:17:59.720000+00:00,0.299,APPROVED,CONFIDENTIAL
RSK_004535,CUST_005405,AML_SCREENING,2026-10-01T11:18:00.361000+00:00,0.149,APPROVED,CONFIDENTIAL
RSK_004536,CUST_002472,FRAUD_DETECTION,2026-10-01T11:18:01.563000+00:00,0.463,FLAGGED_FOR_REVIEW,CONFIDENTIAL
RSK_004537,CUST_004587,CREDIT_EVALUATION,2026-10-01T11:18:04.865000+00:00,0.152,APPROVED,CONFIDENTIAL
RSK_004538,CUST_004179,CREDIT_EVALUATION,2026-10-01T11:18:09.497000+00:00,0.139,APPROVED,CONFIDENTIAL
RSK_004539,CUST_009795,LOAN_SCORING,2026-10-01T11:18:10.560000+00:00,0.36,APPROVED,CONFIDENTIAL
RSK_004540,CUST_007122,LOAN_SCORING,2026-10-01T11:18:11.258000+00:00,0.354,APPROVED,CONFIDENTIAL
RSK_004541,CUST_003353,LOAN_SCORING,2026-10-01T11:18:14.609000+00:00,0.149,APPROVED,CONFIDENTIAL
RSK_004542,CUST_005235,AML_SCREENING,2026-10-01T11:18:18.032000+00:00,0.164,APPROVED,CONFIDENTIAL
RSK_004543,CUST_008184,FRAUD_DETECTION,2026-10-01T11:18:22.081000+00:00,0.353,APPROVED,CONFIDENTIAL
RSK_004544,CUST_003577,AML_SCREENING,2026-10-01T11:18:26.986000+00:00,0.242,APPROVED,CONFIDENTIAL
RSK_004545,CUST_009193,AML_SCREENING,2026-10-01T11:18:30.744000+00:00,0.439,APPROVED,CONFIDENTIAL
RSK_004546,CUST_006580,CREDIT_EVALUATION,2026-10-01T11:18:34.499000+00:00,0.617,FLAGGED_FOR_REVIEW,CONFIDENTIAL
RSK_004547,CUST_003644,LOAN_SCORING,2026-10-01T11:18:39.030000+00:00,0.028,APPROVED,CONFIDENTIAL
RSK_004548,CUST_009753,FRAUD_DETECTION,2026-10-01T11:18:40.759000+00:00,0.027,APPROVED,CONFIDENTIAL
RSK_004549,CUST_005157,FRAUD_DETECTION,2026-10-01T11:18:41.352000+00:00,0.15,APPROVED,CONFIDENTIAL
RSK_004550,CUST_009558,FRAUD_DETECTION,2026-10-01T11:18:43.043000+00:00,0.066,APPROVED,CONFIDENTIAL
RSK_004551,CUST_008386,CREDIT_EVALUATION,2026-10-01T11:18:47.091000+00:00,0.636,FLAGGED_FOR_REVIEW,CONFIDENTIAL
RSK_004552,CUST_003477,CREDIT_EVALUATION,2026-10-01T11:18:49.529000+00:00,0.339,APPROVED,CONFIDENTIAL
RSK_004553,CUST_007767,AML_SCREENING,2026-10-01T11:18:50.856000+00:00,0.786,REJECTED,CONFIDENTIAL
RSK_004554,CUST_009933,AML_SCREENING,2026-10-01T11:18:53.739000+00:00,0.034,APPROVED,CONFIDENTIAL
RSK_004555,CUST_002596,LOAN_SCORING,2026-10-01T11:18:54.314000+00:00,0.564,FLAGGED_FOR_REVIEW,CONFIDENTIAL
RSK_004556,CUST_006303,AML_SCREENING,2026-10-01T11:18:55.268000+00:00,0.206,APPROVED,CONFIDENTIAL
RSK_004557,CUST_006108,LOAN_SCORING,2026-10-01T11:18:57.202000+00:00,0.138,APPROVED,CONFIDENTIAL
RSK_004558,CUST_004799,CREDIT_EVALUATION,2026-10-01T11:18:59.728000+00:00,0.422,APPROVED,CONFIDENTIAL
RSK_004559,CUST_003999,LOAN_SCORING,2026-10-01T11:19:02.409000+00:00,0.41,APPROVED,CONFIDENTIAL
RSK_004560,CUST_008673,CREDIT_EVALUATION,2026-10-01T11:19:04.343000+00:00,0.154,APPROVED,CONFIDENTIAL
RSK_004561,CUST_000778,CREDIT_EVALUATION,2026-10-01T11:19:07.932000+00:00,0.25,APPROVED,CONFIDENTIAL
RSK_004562,CUST_004080,AML_SCREENING,2026-10-01T11:19:08.313000+00:00,0.138,APPROVED,CONFIDENTIAL
RSK_004563,CUST_001632,FRAUD_DETECTION,2026-10-01T11:19:09.082000+00:00,0.355,APPROVED,CONFIDENTIAL
RSK_004564,CUST_009485,FRAUD_DETECTION,2026-10-01T11:19:10.440000+00:00,0.208,APPROVED,CONFIDENTIAL
RSK_004565,CUST_003392,CREDIT_EVALUATION,2026-10-01T11:19:12.501000+00:00,0.316,APPROVED,CONFIDENTIAL
RSK_004566,CUST_004305,FRAUD_DETECTION,2026-10-01T11:19:17.064000+00:00,0.065,APPROVED,CONFIDENTIAL
RSK_004567,CUST_003427,FRAUD_DETECTION,2026-10-01T11:19:20.916000+00:00,0.318,APPROVED,CONFIDENTIAL
RSK_004568,CUST_003299,FRAUD_DETECTION,2026-10-01T11:19:24.541000+00:00,0.423,APPROVED,CONFIDENTIAL
RSK_004569,CUST_005539,AML_SCREENING,2026-10-01T11:19:27.529000+00:00,0.165,APPROVED,CONFIDENTIAL
RSK_004570,CUST_003487,FRAUD_DETECTION,2026-10-01T11:19:28.074000+00:00,0.187,APPROVED,CONFIDENTIAL
RSK_004571,CUST_004382,AML_SCREENING,2026-10-01T11:19:31.148000+00:00,0.153,APPROVED,CONFIDENTIAL
RSK_004572,CUST_000592,FRAUD_DETECTION,2026-10-01T11:19:33.245000+00:00,0.47,FLAGGED_FOR_REVIEW,CONFIDENTIAL
RSK_004573,CUST_000792,AML_SCREENING,2026-10-01T11:19:35.280000+00:00,0.011,APPROVED,CONFIDENTIAL
RSK_004574,CUST_002354,CREDIT_EVALUATION,2026-10-01T11:19:36.754000+00:00,0.263,APPROVED,CONFIDENTIAL
RSK_004575,CUST_005680,FRAUD_DETECTION,2026-10-01T11:19:39.336000+00:00,0.423,APPROVED,CONFIDENTIAL
RSK_004576,CUST_006181,FRAUD_DETECTION,2026-10-01T11:19:40.266000+00:00,0.368,APPROVED,CONFIDENTIAL
RSK_004577,CUST_006783,AML_SCREENING,2026-10-01T11:19:43.708000+00:00,0.457,FLAGGED_FOR_REVIEW,CONFIDENTIAL
RSK_004578,CUST_003989,AML_SCREENING,2026-10-01T11:19:44.640000+00:00,0.67,FLAGGED_FOR_REVIEW,CONFIDENTIAL
RSK_004579,CUST_006425,CREDIT_EVALUATION,2026-10-01T11:19:49.133000+00:00,0.289,APPROVED,CONFIDENTIAL
RSK_004580,CUST_005310,FRAUD_DETECTION,2026-10-01T11:19:52.878000+00:00,0.245,APPROVED,CONFIDENTIAL
RSK_004581,CUST_008520,CREDIT_EVALUATION,2026-10-01T11:19:56.071000+00:00,0.091,APPROVED,CONFIDENTIAL
RSK_004582,CUST_006850,FRAUD_DETECTION,2026-10-01T11:19:59.484000+00:00,0.204,APPROVED,CONFIDENTIAL
RSK_004583,CUST_006962,AML_SCREENING,2026-10-01T11:20:01.095000+00:00,0.058,APPROVED,CONFIDENTIAL
RSK_004584,CUST_001516,AML_SCREENING,2026-10-01T11:20:02.005000+00:00,0.296,APPROVED,CONFIDENTIAL
RSK_004585,CUST_002667,LOAN_SCORING,2026-10-01T11:20:04.466000+00:00,0.151,APPROVED,CONFIDENTIAL
RSK_004586,CUST_001402,AML_SCREENING,2026-10-01T11:20:04.677000+00:00,0.141,APPROVED,CONFIDENTIAL
RSK_004587,CUST_005330,CREDIT_EVALUATION,2026-10-01T11:20:08.385000+00:00,0.191,APPROVED,CONFIDENTIAL
RSK_004588,CUST_004252,LOAN_SCORING,2026-10-01T11:20:10.482000+00:00,0.179,APPROVED,CONFIDENTIAL
RSK_004589,CUST_006296,AML_SCREENING,2026-10-01T11:20:15.145000+00:00,0.242,APPROVED,CONFIDENTIAL
RSK_004590,CUST_002723,FRAUD_DETECTION,2026-10-01T11:20:18.618000+00:00,0.302,APPROVED,CONFIDENTIAL
RSK_004591,CUST_005290,CREDIT_EVALUATION,2026-10-01T11:20:20.933000+00:00,0.097,APPROVED,CONFIDENTIAL
RSK_004592,CUST_005965,CREDIT_EVALUATION,2026-10-01T11:20:25.820000+00:00,0.195,APPROVED,CONFIDENTIAL
RSK_004593,CUST_005871,AML_SCREENING,2026-10-01T11:20:29.751000+00:00,0.317,APPROVED,CONFIDENTIAL
RSK_004594,CUST_006952,AML_SCREENING,2026-10-01T11:20:30.054000+00:00,0.227,APPROVED,CONFIDENTIAL
RSK_004595,CUST_003518,FRAUD_DETECTION,2026-10-01T11:20:34.771000+00:00,0.098,APPROVED,CONFIDENTIAL
RSK_004596,CUST_003356,AML_SCREENING,2026-10-01T11:20:36.057000+00:00,0.298,APPROVED,CONFIDENTIAL
RSK_004597,CUST_001968,FRAUD_DETECTION,2026-10-01T11:20:36.591000+00:00,0.203,APPROVED,CONFIDENTIAL
RSK_004598,CUST_002153,FRAUD_DETECTION,2026-10-01T11:20:38.683000+00:00,0.259,APPROVED,CONFIDENTIAL
RSK_004599,CUST_003148,CREDIT_EVALUATION,2026-10-01T11:20:39.587000+00:00,0.047,APPROVED,CONFIDENTIAL
RSK_004600,CUST_002420,LOAN_SCORING,2026-10-01T11:20:40.993000+00:00,0.522,FLAGGED_FOR_REVIEW,CONFIDENTIAL
RSK_004601,CUST_002799,FRAUD_DETECTION,2026-10-01T11:20:43.527000+00:00,0.484,FLAGGED_FOR_REVIEW,CONFIDENTIAL
RSK_004602,CUST_006532,LOAN_SCORING,2026-10-01T11:20:44.113000+00:00,0.408,APPROVED,CONFIDENTIAL
RSK_004603,CUST_004132,AML_SCREENING,2026-10-01T11:20:48.507000+00:00,0.172,APPROVED,CONFIDENTIAL
RSK_004604,CUST_004784,CREDIT_EVALUATION,2026-10-01T11:20:49.350000+00:00,0.181,APPROVED,CONFIDENTIAL
RSK_004605,CUST_007900,FRAUD_DETECTION,2026-10-01T11:20:49.983000+00:00,0.307,APPROVED,CONFIDENTIAL
RSK_004606,CUST_000486,LOAN_SCORING,2026-10-01T11:20:51.264000+00:00,0.424,APPROVED,CONFIDENTIAL
RSK_004607,CUST_003375,LOAN_SCORING,2026-10-01T11:20:51.896000+00:00,0.378,APPROVED,CONFIDENTIAL
RSK_004608,CUST_002219,CREDIT_EVALUATION,2026-10-01T11:20:52.368000+00:00,0.293,APPROVED,CONFIDENTIAL
RSK_004609,CUST_002576,AML_SCREENING,2026-10-01T11:20:54.064000+00:00,0.51,FLAGGED_FOR_REVIEW,CONFIDENTIAL
RSK_004610,CUST_005510,FRAUD_DETECTION,2026-10-01T11:20:56.604000+00:00,0.474,FLAGGED_FOR_REVIEW,CONFIDENTIAL
RSK_004611,CUST_000925,FRAUD_DETECTION,2026-10-01T11:21:00.909000+00:00,0.231,APPROVED,CONFIDENTIAL
RSK_004612,CUST_008356,AML_SCREENING,2026-10-01T11:21:05.464000+00:00,0.277,APPROVED,CONFIDENTIAL
RSK_004613,CUST_006168,AML_SCREENING,2026-10-01T11:21:09.119000+00:00,0.473,FLAGGED_FOR_REVIEW,CONFIDENTIAL
RSK_004614,CUST_006184,FRAUD_DETECTION,2026-10-01T11:21:12.695000+00:00,0.278,APPROVED,CONFIDENTIAL
RSK_004615,CUST_006795,FRAUD_DETECTION,2026-10-01T11:21:17.517000+00:00,0.155,APPROVED,CONFIDENTIAL
RSK_004616,CUST_005936,LOAN_SCORING,2026-10-01T11:21:21.229000+00:00,0.032,APPROVED,CONFIDENTIAL
RSK_004617,CUST_000344,FRAUD_DETECTION,2026-10-01T11:21:25.289000+00:00,0.2,APPROVED,CONFIDENTIAL
RSK_004618,CUST_002296,CREDIT_EVALUATION,2026-10-01T11:21:28.261000+00:00,0.157,APPROVED,CONFIDENTIAL
RSK_004619,CUST_002065,LOAN_SCORING,2026-10-01T11:21:31.536000+00:00,0.104,APPROVED,CONFIDENTIAL
RSK_004620,CUST_004657,CREDIT_EVALUATION,2026-10-01T11:21:34.884000+00:00,0.202,APPROVED,CONFIDENTIAL
RSK_004621,CUST_007440,LOAN_SCORING,2026-10-01T11:21:38.429000+00:00,0.489,FLAGGED_FOR_REVIEW,CONFIDENTIAL
RSK_004622,CUST_007253,AML_SCREENING,2026-10-01T11:21:42.131000+00:00,0.065,APPROVED,CONFIDENTIAL
RSK_004623,CUST_004188,AML_SCREENING,2026-10-01T11:21:42.333000+00:00,0.168,APPROVED,CONFIDENTIAL
RSK_004624,CUST_009280,LOAN_SCORING,2026-10-01T11:21:45.058000+00:00,0.13,APPROVED,CONFIDENTIAL
RSK_004625,CUST_007706,FRAUD_DETECTION,2026-10-01T11:21:47.956000+00:00,0.06,APPROVED,CONFIDENTIAL
RSK_004626,CUST_003930,LOAN_SCORING,2026-10-01T11:21:50.155000+00:00,0.135,APPROVED,CONFIDENTIAL
RSK_004627,CUST_004500,CREDIT_EVALUATION,2026-10-01T11:21:54.229000+00:00,0.21,APPROVED,CONFIDENTIAL
RSK_004628,CUST_008637,FRAUD_DETECTION,2026-10-01T11:21:58.458000+00:00,0.215,APPROVED,CONFIDENTIAL
RSK_004629,CUST_001284,CREDIT_EVALUATION,2026-10-01T11:22:02.177000+00:00,0.369,APPROVED,CONFIDENTIAL
RSK_004630,CUST_004553,LOAN_SCORING,2026-10-01T11:22:04.373000+00:00,0.24,APPROVED,CONFIDENTIAL
RSK_004631,CUST_002619,CREDIT_EVALUATION,2026-10-01T11:22:05.149000+00:00,0.385,APPROVED,CONFIDENTIAL
RSK_004632,CUST_006959,CREDIT_EVALUATION,2026-10-01T11:22:09.771000+00:00,0.154,APPROVED,CONFIDENTIAL
RSK_004633,CUST_007723,AML_SCREENING,2026-10-01T11:22:14.507000+00:00,0.192,APPROVED,CONFIDENTIAL
RSK_004634,CUST_000020,FRAUD_DETECTION,2026-10-01T11:22:14.993000+00:00,0.114,APPROVED,CONFIDENTIAL
RSK_004635,CUST_003777,LOAN_SCORING,2026-10-01T11:22:18.079000+00:00,0.118,APPROVED,CONFIDENTIAL
RSK_004636,CUST_007278,CREDIT_EVALUATION,2026-10-01T11:22:18.434000+00:00,0.299,APPROVED,CONFIDENTIAL
RSK_004637,CUST_006967,FRAUD_DETECTION,2026-10-01T11:22:21.282000+00:00,0.197,APPROVED,CONFIDENTIAL
RSK_004638,CUST_000167,LOAN_SCORING,2026-10-01T11:22:23.644000+00:00,0.472,FLAGGED_FOR_REVIEW,CONFIDENTIAL
RSK_004639,CUST_003186,CREDIT_EVALUATION,2026-10-01T11:22:28.615000+00:00,0.763,REJECTED,CONFIDENTIAL
RSK_004640,CUST_006710,AML_SCREENING,2026-10-01T11:22:29.906000+00:00,0.351,APPROVED,CONFIDENTIAL
RSK_004641,CUST_009272,AML_SCREENING,2026-10-01T11:22:31.175000+00:00,0.39,APPROVED,CONFIDENTIAL
RSK_004642,CUST_000289,AML_SCREENING,2026-10-01T11:22:35.993000+00:00,0.176,APPROVED,CONFIDENTIAL
RSK_004643,CUST_009123,FRAUD_DETECTION,2026-10-01T11:22:36.979000+00:00,0.169,APPROVED,CONFIDENTIAL
RSK_004644,CUST_006149,LOAN_SCORING,2026-10-01T11:22:38.385000+00:00,0.439,APPROVED,CONFIDENTIAL
RSK_004645,CUST_009740,AML_SCREENING,2026-10-01T11:22:42.988000+00:00,0.218,APPROVED,CONFIDENTIAL
RSK_004646,CUST_007481,AML_SCREENING,2026-10-01T11:22:45.105000+00:00,0.269,APPROVED,CONFIDENTIAL
RSK_004647,CUST_002457,LOAN_SCORING,2026-10-01T11:22:48.328000+00:00,0.278,APPROVED,CONFIDENTIAL
RSK_004648,CUST_002401,CREDIT_EVALUATION,2026-10-01T11:22:52.958000+00:00,0.028,APPROVED,CONFIDENTIAL
RSK_004649,CUST_006283,CREDIT_EVALUATION,2026-10-01T11:22:54.603000+00:00,0.211,APPROVED,CONFIDENTIAL
RSK_004650,CUST_002449,CREDIT_EVALUATION,2026-10-01T11:22:56.309000+00:00,0.376,APPROVED,CONFIDENTIAL
RSK_004651,CUST_007554,FRAUD_DETECTION,2026-10-01T11:22:57.899000+00:00,0.13,APPROVED,CONFIDENTIAL
RSK_004652,CUST_001577,AML_SCREENING,2026-10-01T11:23:01.266000+00:00,0.289,APPROVED,CONFIDENTIAL
RSK_004653,CUST_009510,CREDIT_EVALUATION,2026-10-01T11:23:03.562000+00:00,0.231,APPROVED,CONFIDENTIAL
RSK_004654,CUST_000222,CREDIT_EVALUATION,2026-10-01T11:23:06.216000+00:00,0.45,APPROVED,CONFIDENTIAL
RSK_004655,CUST_005385,CREDIT_EVALUATION,2026-10-01T11:23:09.296000+00:00,0.378,APPROVED,CONFIDENTIAL
RSK_004656,CUST_003993,LOAN_SCORING,2026-10-01T11:23:09.886000+00:00,0.402,APPROVED,CONFIDENTIAL
RSK_004657,CUST_005492,CREDIT_EVALUATION,2026-10-01T11:23:14.810000+00:00,0.193,APPROVED,CONFIDENTIAL
RSK_004658,CUST_001235,AML_SCREENING,2026-10-01T11:23:17.847000+00:00,0.152,APPROVED,CONFIDENTIAL
RSK_004659,CUST_001048,FRAUD_DETECTION,2026-10-01T11:23:18.861000+00:00,0.502,FLAGGED_FOR_REVIEW,CONFIDENTIAL
RSK_004660,CUST_006569,FRAUD_DETECTION,2026-10-01T11:23:22.003000+00:00,0.371,APPROVED,CONFIDENTIAL
RSK_004661,CUST_001210,AML_SCREENING,2026-10-01T11:23:24.094000+00:00,0.313,APPROVED,CONFIDENTIAL
RSK_004662,CUST_001139,AML_SCREENING,2026-10-01T11:23:28.936000+00:00,0.478,FLAGGED_FOR_REVIEW,CONFIDENTIAL
RSK_004663,CUST_008197,LOAN_SCORING,2026-10-01T11:23:32.003000+00:00,0.3,APPROVED,CONFIDENTIAL
RSK_004664,CUST_005949,FRAUD_DETECTION,2026-10-01T11:23:33.940000+00:00,0.339,APPROVED,CONFIDENTIAL
RSK_004665,CUST_004381,AML_SCREENING,2026-10-01T11:23:36.837000+00:00,0.093,APPROVED,CONFIDENTIAL
RSK_004666,CUST_002290,FRAUD_DETECTION,2026-10-01T11:23:38.222000+00:00,0.066,APPROVED,CONFIDENTIAL
RSK_004667,CUST_001059,CREDIT_EVALUATION,2026-10-01T11:23:38.612000+00:00,0.345,APPROVED,CONFIDENTIAL
RSK_004668,CUST_004616,LOAN_SCORING,2026-10-01T11:23:41.469000+00:00,0.146,APPROVED,CONFIDENTIAL
RSK_004669,CUST_008246,CREDIT_EVALUATION,2026-10-01T11:23:43.393000+00:00,0.253,APPROVED,CONFIDENTIAL
RSK_004670,CUST_006118,FRAUD_DETECTION,2026-10-01T11:23:44.358000+00:00,0.477,FLAGGED_FOR_REVIEW,CONFIDENTIAL
RSK_004671,CUST_002099,AML_SCREENING,2026-10-01T11:23:48.014000+00:00,0.511,FLAGGED_FOR_REVIEW,CONFIDENTIAL
RSK_004672,CUST_002411,CREDIT_EVALUATION,2026-10-01T11:23:51.001000+00:00,0.372,APPROVED,CONFIDENTIAL
RSK_004673,CUST_006496,AML_SCREENING,2026-10-01T11:23:53.895000+00:00,0.147,APPROVED,CONFIDENTIAL
RSK_004674,CUST_009850,AML_SCREENING,2026-10-01T11:23:55.263000+00:00,0.173,APPROVED,CONFIDENTIAL
RSK_004675,CUST_001177,AML_SCREENING,2026-10-01T11:23:56.055000+00:00,0.575,FLAGGED_FOR_REVIEW,CONFIDENTIAL
RSK_004676,CUST_004769,LOAN_SCORING,2026-10-01T11:23:59.339000+00:00,0.226,APPROVED,CONFIDENTIAL
RSK_004677,CUST_009086,CREDIT_EVALUATION,2026-10-01T11:24:03.670000+00:00,0.027,APPROVED,CONFIDENTIAL
RSK_004678,CUST_003755,FRAUD_DETECTION,2026-10-01T11:24:05.855000+00:00,0.434,APPROVED,CONFIDENTIAL
RSK_004679,CUST_003657,FRAUD_DETECTION,2026-10-01T11:24:07.288000+00:00,0.397,APPROVED,CONFIDENTIAL
RSK_004680,CUST_005815,CREDIT_EVALUATION,2026-10-01T11:24:07.777000+00:00,0.287,APPROVED,CONFIDENTIAL
RSK_004681,CUST_000285,FRAUD_DETECTION,2026-10-01T11:24:10.199000+00:00,0.283,APPROVED,CONFIDENTIAL
RSK_004682,CUST_006261,CREDIT_EVALUATION,2026-10-01T11:24:12.035000+00:00,0.185,APPROVED,CONFIDENTIAL
RSK_004683,CUST_004878,AML_SCREENING,2026-10-01T11:24:16.302000+00:00,0.418,APPROVED,CONFIDENTIAL
RSK_004684,CUST_002070,LOAN_SCORING,2026-10-01T11:24:18.179000+00:00,0.232,APPROVED,CONFIDENTIAL
RSK_004685,CUST_000031,LOAN_SCORING,2026-10-01T11:24:20.589000+00:00,0.49,FLAGGED_FOR_REVIEW,CONFIDENTIAL
RSK_004686,CUST_003779,CREDIT_EVALUATION,2026-10-01T11:24:20.810000+00:00,0.34,APPROVED,CONFIDENTIAL
RSK_004687,CUST_007708,CREDIT_EVALUATION,2026-10-01T11:24:24.408000+00:00,0.346,APPROVED,CONFIDENTIAL
RSK_004688,CUST_000683,FRAUD_DETECTION,2026-10-01T11:24:24.743000+00:00,0.298,APPROVED,CONFIDENTIAL
RSK_004689,CUST_001757,CREDIT_EVALUATION,2026-10-01T11:24:26.045000+00:00,0.345,APPROVED,CONFIDENTIAL
RSK_004690,CUST_006829,CREDIT_EVALUATION,2026-10-01T11:24:28.441000+00:00,0.412,APPROVED,CONFIDENTIAL
RSK_004691,CUST_002590,FRAUD_DETECTION,2026-10-01T11:24:29.201000+00:00,0.157,APPROVED,CONFIDENTIAL
RSK_004692,CUST_002023,FRAUD_DETECTION,2026-10-01T11:24:33.705000+00:00,0.232,APPROVED,CONFIDENTIAL
RSK_004693,CUST_002769,FRAUD_DETECTION,2026-10-01T11:24:38.680000+00:00,0.194,APPROVED,CONFIDENTIAL
RSK_004694,CUST_003941,CREDIT_EVALUATION,2026-10-01T11:24:39.724000+00:00,0.207,APPROVED,CONFIDENTIAL
RSK_004695,CUST_003012,FRAUD_DETECTION,2026-10-01T11:24:41.895000+00:00,0.283,APPROVED,CONFIDENTIAL
RSK_004696,CUST_008767,LOAN_SCORING,2026-10-01T11:24:42.965000+00:00,0.12,APPROVED,CONFIDENTIAL
RSK_004697,CUST_007765,AML_SCREENING,2026-10-01T11:24:47.180000+00:00,0.525,FLAGGED_FOR_REVIEW,CONFIDENTIAL
RSK_004698,CUST_008969,LOAN_SCORING,2026-10-01T11:24:48.337000+00:00,0.598,FLAGGED_FOR_REVIEW,CONFIDENTIAL
RSK_004699,CUST_009597,AML_SCREENING,2026-10-01T11:24:51.462000+00:00,0.068,APPROVED,CONFIDENTIAL
RSK_004700,CUST_003755,CREDIT_EVALUATION,2026-10-01T11:24:52.159000+00:00,0.262,APPROVED,CONFIDENTIAL
RSK_004701,CUST_003055,CREDIT_EVALUATION,2026-10-01T11:24:57.139000+00:00,0.155,APPROVED,CONFIDENTIAL
RSK_004702,CUST_000427,AML_SCREENING,2026-10-01T11:24:58.075000+00:00,0.108,APPROVED,CONFIDENTIAL
RSK_004703,CUST_008748,CREDIT_EVALUATION,2026-10-01T11:24:59.407000+00:00,0.1,APPROVED,CONFIDENTIAL
RSK_004704,CUST_000357,AML_SCREENING,2026-10-01T11:25:03.746000+00:00,0.689,FLAGGED_FOR_REVIEW,CONFIDENTIAL
RSK_004705,CUST_008637,CREDIT_EVALUATION,2026-10-01T11:25:07.263000+00:00,0.12,APPROVED,CONFIDENTIAL
RSK_004706,CUST_003770,AML_SCREENING,2026-10-01T11:25:10.795000+00:00,0.387,APPROVED,CONFIDENTIAL
RSK_004707,CUST_002866,CREDIT_EVALUATION,2026-10-01T11:25:11.237000+00:00,0.198,APPROVED,CONFIDENTIAL
RSK_004708,CUST_001883,CREDIT_EVALUATION,2026-10-01T11:25:16.107000+00:00,0.368,APPROVED,CONFIDENTIAL
RSK_004709,CUST_006933,LOAN_SCORING,2026-10-01T11:25:16.852000+00:00,0.564,FLAGGED_FOR_REVIEW,CONFIDENTIAL
RSK_004710,CUST_004015,AML_SCREENING,2026-10-01T11:25:20.728000+00:00,0.044,APPROVED,CONFIDENTIAL
RSK_004711,CUST_002330,FRAUD_DETECTION,2026-10-01T11:25:25.108000+00:00,0.157,APPROVED,CONFIDENTIAL
RSK_004712,CUST_001305,FRAUD_DETECTION,2026-10-01T11:25:25.721000+00:00,0.109,APPROVED,CONFIDENTIAL
RSK_004713,CUST_007758,LOAN_SCORING,2026-10-01T11:25:30.447000+00:00,0.368,APPROVED,CONFIDENTIAL
RSK_004714,CUST_009531,AML_SCREENING,2026-10-01T11:25:31.510000+00:00,0.185,APPROVED,CONFIDENTIAL
RSK_004715,CUST_006090,LOAN_SCORING,2026-10-01T11:25:35.855000+00:00,0.079,APPROVED,CONFIDENTIAL
RSK_004716,CUST_008861,FRAUD_DETECTION,2026-10-01T11:25:39.313000+00:00,0.084,APPROVED,CONFIDENTIAL
RSK_004717,CUST_001313,FRAUD_DETECTION,2026-10-01T11:25:40.210000+00:00,0.129,APPROVED,CONFIDENTIAL
RSK_004718,CUST_000590,CREDIT_EVALUATION,2026-10-01T11:25:40.898000+00:00,0.161,APPROVED,CONFIDENTIAL
RSK_004719,CUST_008658,CREDIT_EVALUATION,2026-10-01T11:25:44.592000+00:00,0.276,APPROVED,CONFIDENTIAL
RSK_004720,CUST_009089,CREDIT_EVALUATION,2026-10-01T11:25:47.835000+00:00,0.414,APPROVED,CONFIDENTIAL
RSK_004721,CUST_003232,FRAUD_DETECTION,2026-10-01T11:25:50.249000+00:00,0.119,APPROVED,CONFIDENTIAL
RSK_004722,CUST_008726,CREDIT_EVALUATION,2026-10-01T11:25:51.844000+00:00,0.261,APPROVED,CONFIDENTIAL
RSK_004723,CUST_003828,FRAUD_DETECTION,2026-10-01T11:25:52.433000+00:00,0.737,REJECTED,CONFIDENTIAL
RSK_004724,CUST_003046,FRAUD_DETECTION,2026-10-01T11:25:54.964000+00:00,0.469,FLAGGED_FOR_REVIEW,CONFIDENTIAL
RSK_004725,CUST_007583,CREDIT_EVALUATION,2026-10-01T11:25:55.762000+00:00,0.047,APPROVED,CONFIDENTIAL
RSK_004726,CUST_002291,LOAN_SCORING,2026-10-01T11:25:59.671000+00:00,0.162,APPROVED,CONFIDENTIAL
RSK_004727,CUST_007649,CREDIT_EVALUATION,2026-10-01T11:26:01.978000+00:00,0.323,APPROVED,CONFIDENTIAL
RSK_004728,CUST_009104,FRAUD_DETECTION,2026-10-01T11:26:04.110000+00:00,0.558,FLAGGED_FOR_REVIEW,CONFIDENTIAL
RSK_004729,CUST_009347,CREDIT_EVALUATION,2026-10-01T11:26:04.767000+00:00,0.337,APPROVED,CONFIDENTIAL
RSK_004730,CUST_002625,AML_SCREENING,2026-10-01T11:26:09.631000+00:00,0.403,APPROVED,CONFIDENTIAL
RSK_004731,CUST_008084,LOAN_SCORING,2026-10-01T11:26:13.793000+00:00,0.338,APPROVED,CONFIDENTIAL
RSK_004732,CUST_006444,AML_SCREENING,2026-10-01T11:26:14.062000+00:00,0.243,APPROVED,CONFIDENTIAL
RSK_004733,CUST_003869,LOAN_SCORING,2026-10-01T11:26:18.810000+00:00,0.082,APPROVED,CONFIDENTIAL
RSK_004734,CUST_007436,FRAUD_DETECTION,2026-10-01T11:26:21.402000+00:00,0.382,APPROVED,CONFIDENTIAL
RSK_004735,CUST_009172,AML_SCREENING,2026-10-01T11:26:26.222000+00:00,0.198,APPROVED,CONFIDENTIAL
RSK_004736,CUST_007996,AML_SCREENING,2026-10-01T11:26:27.561000+00:00,0.14,APPROVED,CONFIDENTIAL
RSK_004737,CUST_006496,FRAUD_DETECTION,2026-10-01T11:26:32.443000+00:00,0.211,APPROVED,CONFIDENTIAL
RSK_004738,CUST_001798,FRAUD_DETECTION,2026-10-01T11:26:34.910000+00:00,0.633,FLAGGED_FOR_REVIEW,CONFIDENTIAL
RSK_004739,CUST_007769,AML_SCREENING,2026-10-01T11:26:35.657000+00:00,0.407,APPROVED,CONFIDENTIAL
RSK_004740,CUST_004800,LOAN_SCORING,2026-10-01T11:26:37.206000+00:00,0.162,APPROVED,CONFIDENTIAL
RSK_004741,CUST_001182,CREDIT_EVALUATION,2026-10-01T11:26:39.371000+00:00,0.139,APPROVED,CONFIDENTIAL
RSK_004742,CUST_005694,FRAUD_DETECTION,2026-10-01T11:26:41.833000+00:00,0.352,APPROVED,CONFIDENTIAL
RSK_004743,CUST_005520,FRAUD_DETECTION,2026-10-01T11:26:43.147000+00:00,0.617,FLAGGED_FOR_REVIEW,CONFIDENTIAL
RSK_004744,CUST_002528,CREDIT_EVALUATION,2026-10-01T11:26:43.603000+00:00,0.072,APPROVED,CONFIDENTIAL
RSK_004745,CUST_008999,FRAUD_DETECTION,2026-10-01T11:26:48.022000+00:00,0.55,FLAGGED_FOR_REVIEW,CONFIDENTIAL
RSK_004746,CUST_000941,CREDIT_EVALUATION,2026-10-01T11:26:48.627000+00:00,0.138,APPROVED,CONFIDENTIAL
RSK_004747,CUST_009394,FRAUD_DETECTION,2026-10-01T11:26:51.081000+00:00,0.085,APPROVED,CONFIDENTIAL
RSK_004748,CUST_005706,FRAUD_DETECTION,2026-10-01T11:26:51.961000+00:00,0.209,APPROVED,CONFIDENTIAL
RSK_004749,CUST_001339,FRAUD_DETECTION,2026-10-01T11:26:56.100000+00:00,0.488,FLAGGED_FOR_REVIEW,CONFIDENTIAL
RSK_004750,CUST_006582,FRAUD_DETECTION,2026-10-01T11:26:58.495000+00:00,0.454,FLAGGED_FOR_REVIEW,CONFIDENTIAL
RSK_004751,CUST_007728,LOAN_SCORING,2026-10-01T11:27:01.986000+00:00,0.158,APPROVED,CONFIDENTIAL
RSK_004752,CUST_004743,AML_SCREENING,2026-10-01T11:27:03.441000+00:00,0.104,APPROVED,CONFIDENTIAL
RSK_004753,CUST_000221,AML_SCREENING,2026-10-01T11:27:06.067000+00:00,0.426,APPROVED,CONFIDENTIAL
RSK_004754,CUST_005073,LOAN_SCORING,2026-10-01T11:27:10.585000+00:00,0.2,APPROVED,CONFIDENTIAL
RSK_004755,CUST_003681,CREDIT_EVALUATION,2026-10-01T11:27:13.670000+00:00,0.286,APPROVED,CONFIDENTIAL
RSK_004756,CUST_009595,LOAN_SCORING,2026-10-01T11:27:14.628000+00:00,0.466,FLAGGED_FOR_REVIEW,CONFIDENTIAL
RSK_004757,CUST_001736,FRAUD_DETECTION,2026-10-01T11:27:15.254000+00:00,0.436,APPROVED,CONFIDENTIAL
RSK_004758,CUST_002281,AML_SCREENING,2026-10-01T11:27:16.421000+00:00,0.09,APPROVED,CONFIDENTIAL
RSK_004759,CUST_004359,LOAN_SCORING,2026-10-01T11:27:18.921000+00:00,0.099,APPROVED,CONFIDENTIAL
RSK_004760,CUST_006531,LOAN_SCORING,2026-10-01T11:27:22.738000+00:00,0.427,APPROVED,CONFIDENTIAL
RSK_004761,CUST_008261,LOAN_SCORING,2026-10-01T11:27:26.948000+00:00,0.185,APPROVED,CONFIDENTIAL
RSK_004762,CUST_008562,AML_SCREENING,2026-10-01T11:27:28.590000+00:00,0.187,APPROVED,CONFIDENTIAL
RSK_004763,CUST_009895,LOAN_SCORING,2026-10-01T11:27:29.966000+00:00,0.203,APPROVED,CONFIDENTIAL
RSK_004764,CUST_005530,FRAUD_DETECTION,2026-10-01T11:27:32.789000+00:00,0.075,APPROVED,CONFIDENTIAL
RSK_004765,CUST_007769,AML_SCREENING,2026-10-01T11:27:33.790000+00:00,0.58,FLAGGED_FOR_REVIEW,CONFIDENTIAL
RSK_004766,CUST_001979,AML_SCREENING,2026-10-01T11:27:34.892000+00:00,0.221,APPROVED,CONFIDENTIAL
RSK_004767,CUST_007801,FRAUD_DETECTION,2026-10-01T11:27:39.541000+00:00,0.215,APPROVED,CONFIDENTIAL
RSK_004768,CUST_007491,LOAN_SCORING,2026-10-01T11:27:40.628000+00:00,0.063,APPROVED,CONFIDENTIAL
RSK_004769,CUST_004375,AML_SCREENING,2026-10-01T11:27:42.370000+00:00,0.428,APPROVED,CONFIDENTIAL
RSK_004770,CUST_003238,FRAUD_DETECTION,2026-10-01T11:27:43.463000+00:00,0.533,FLAGGED_FOR_REVIEW,CONFIDENTIAL
RSK_004771,CUST_001972,LOAN_SCORING,2026-10-01T11:27:45.299000+00:00,0.419,APPROVED,CONFIDENTIAL
RSK_004772,CUST_001328,AML_SCREENING,2026-10-01T11:27:47.861000+00:00,0.137,APPROVED,CONFIDENTIAL
RSK_004773,CUST_009399,CREDIT_EVALUATION,2026-10-01T11:27:49.539000+00:00,0.285,APPROVED,CONFIDENTIAL
RSK_004774,CUST_002138,CREDIT_EVALUATION,2026-10-01T11:27:52.741000+00:00,0.293,APPROVED,CONFIDENTIAL
RSK_004775,CUST_008136,AML_SCREENING,2026-10-01T11:27:55.674000+00:00,0.089,APPROVED,CONFIDENTIAL
RSK_004776,CUST_003438,AML_SCREENING,2026-10-01T11:28:00.410000+00:00,0.564,FLAGGED_FOR_REVIEW,CONFIDENTIAL
RSK_004777,CUST_009655,AML_SCREENING,2026-10-01T11:28:03.715000+00:00,0.164,APPROVED,CONFIDENTIAL
RSK_004778,CUST_006587,AML_SCREENING,2026-10-01T11:28:06.770000+00:00,0.667,FLAGGED_FOR_REVIEW,CONFIDENTIAL
RSK_004779,CUST_003705,AML_SCREENING,2026-10-01T11:28:09.897000+00:00,0.482,FLAGGED_FOR_REVIEW,CONFIDENTIAL
RSK_004780,CUST_001940,CREDIT_EVALUATION,2026-10-01T11:28:12.628000+00:00,0.249,APPROVED,CONFIDENTIAL
RSK_004781,CUST_006811,AML_SCREENING,2026-10-01T11:28:15.972000+00:00,0.048,APPROVED,CONFIDENTIAL
RSK_004782,CUST_004018,LOAN_SCORING,2026-10-01T11:28:19.795000+00:00,0.258,APPROVED,CONFIDENTIAL
RSK_004783,CUST_004375,AML_SCREENING,2026-10-01T11:28:24.783000+00:00,0.496,FLAGGED_FOR_REVIEW,CONFIDENTIAL
RSK_004784,CUST_007916,CREDIT_EVALUATION,2026-10-01T11:28:29.124000+00:00,0.403,APPROVED,CONFIDENTIAL
RSK_004785,CUST_007041,CREDIT_EVALUATION,2026-10-01T11:28:30.943000+00:00,0.171,APPROVED,CONFIDENTIAL
RSK_004786,CUST_008008,AML_SCREENING,2026-10-01T11:28:33.125000+00:00,0.233,APPROVED,CONFIDENTIAL
RSK_004787,CUST_002792,LOAN_SCORING,2026-10-01T11:28:35.683000+00:00,0.647,FLAGGED_FOR_REVIEW,CONFIDENTIAL
RSK_004788,CUST_000979,AML_SCREENING,2026-10-01T11:28:37.500000+00:00,0.251,APPROVED,CONFIDENTIAL
RSK_004789,CUST_007765,FRAUD_DETECTION,2026-10-01T11:28:38.299000+00:00,0.437,APPROVED,CONFIDENTIAL
RSK_004790,CUST_004718,AML_SCREENING,2026-10-01T11:28:39.452000+00:00,0.063,APPROVED,CONFIDENTIAL
RSK_004791,CUST_002497,FRAUD_DETECTION,2026-10-01T11:28:43.622000+00:00,0.531,FLAGGED_FOR_REVIEW,CONFIDENTIAL
RSK_004792,CUST_005563,CREDIT_EVALUATION,2026-10-01T11:28:46.518000+00:00,0.222,APPROVED,CONFIDENTIAL
RSK_004793,CUST_007222,LOAN_SCORING,2026-10-01T11:28:48.259000+00:00,0.138,APPROVED,CONFIDENTIAL
RSK_004794,CUST_007734,CREDIT_EVALUATION,2026-10-01T11:28:48.692000+00:00,0.23,APPROVED,CONFIDENTIAL
RSK_004795,CUST_005699,AML_SCREENING,2026-10-01T11:28:51.845000+00:00,0.238,APPROVED,CONFIDENTIAL
RSK_004796,CUST_003522,FRAUD_DETECTION,2026-10-01T11:28:56.066000+00:00,0.082,APPROVED,CONFIDENTIAL
RSK_004797,CUST_008272,LOAN_SCORING,2026-10-01T11:28:57.153000+00:00,0.176,APPROVED,CONFIDENTIAL
RSK_004798,CUST_002502,AML_SCREENING,2026-10-01T11:28:59.732000+00:00,0.291,APPROVED,CONFIDENTIAL
RSK_004799,CUST_004678,LOAN_SCORING,2026-10-01T11:29:01.596000+00:00,0.142,APPROVED,CONFIDENTIAL
RSK_004800,CUST_003343,AML_SCREENING,2026-10-01T11:29:04.313000+00:00,0.663,FLAGGED_FOR_REVIEW,CONFIDENTIAL
RSK_004801,CUST_005288,FRAUD_DETECTION,2026-10-01T11:29:07.377000+00:00,0.178,APPROVED,CONFIDENTIAL
RSK_004802,CUST_001961,AML_SCREENING,2026-10-01T11:29:08.889000+00:00,0.463,FLAGGED_FOR_REVIEW,CONFIDENTIAL
RSK_004803,CUST_006074,CREDIT_EVALUATION,2026-10-01T11:29:09.886000+00:00,0.118,APPROVED,CONFIDENTIAL
RSK_004804,CUST_006852,LOAN_SCORING,2026-10-01T11:29:13.478000+00:00,0.276,APPROVED,CONFIDENTIAL
RSK_004805,CUST_009865,AML_SCREENING,2026-10-01T11:29:16.494000+00:00,0.422,APPROVED,CONFIDENTIAL
RSK_004806,CUST_004245,LOAN_SCORING,2026-10-01T11:29:20.088000+00:00,0.425,APPROVED,CONFIDENTIAL
RSK_004807,CUST_003618,FRAUD_DETECTION,2026-10-01T11:29:23.703000+00:00,0.287,APPROVED,CONFIDENTIAL
RSK_004808,CUST_005276,CREDIT_EVALUATION,2026-10-01T11:29:26.649000+00:00,0.071,APPROVED,CONFIDENTIAL
RSK_004809,CUST_002239,CREDIT_EVALUATION,2026-10-01T11:29:29.107000+00:00,0.568,FLAGGED_FOR_REVIEW,CONFIDENTIAL
RSK_004810,CUST_009555,LOAN_SCORING,2026-10-01T11:29:32.028000+00:00,0.394,APPROVED,CONFIDENTIAL
RSK_004811,CUST_004847,FRAUD_DETECTION,2026-10-01T11:29:36.458000+00:00,0.489,FLAGGED_FOR_REVIEW,CONFIDENTIAL
RSK_004812,CUST_004313,CREDIT_EVALUATION,2026-10-01T11:29:41.151000+00:00,0.249,APPROVED,CONFIDENTIAL
RSK_004813,CUST_005715,AML_SCREENING,2026-10-01T11:29:45.068000+00:00,0.393,APPROVED,CONFIDENTIAL
RSK_004814,CUST_007841,LOAN_SCORING,2026-10-01T11:29:49.439000+00:00,0.147,APPROVED,CONFIDENTIAL
RSK_004815,CUST_003043,AML_SCREENING,2026-10-01T11:29:52.056000+00:00,0.118,APPROVED,CONFIDENTIAL
RSK_004816,CUST_002369,FRAUD_DETECTION,2026-10-01T11:29:53.718000+00:00,0.208,APPROVED,CONFIDENTIAL
RSK_004817,CUST_005085,LOAN_SCORING,2026-10-01T11:29:57.379000+00:00,0.094,APPROVED,CONFIDENTIAL
RSK_004818,CUST_003607,CREDIT_EVALUATION,2026-10-01T11:29:59.839000+00:00,0.353,APPROVED,CONFIDENTIAL
RSK_004819,CUST_005545,LOAN_SCORING,2026-10-01T11:30:00.966000+00:00,0.713,REJECTED,CONFIDENTIAL
RSK_004820,CUST_001677,AML_SCREENING,2026-10-01T11:30:05.220000+00:00,0.072,APPROVED,CONFIDENTIAL
RSK_004821,CUST_008559,CREDIT_EVALUATION,2026-10-01T11:30:05.949000+00:00,0.226,APPROVED,CONFIDENTIAL
RSK_004822,CUST_003027,FRAUD_DETECTION,2026-10-01T11:30:10.576000+00:00,0.038,APPROVED,CONFIDENTIAL
RSK_004823,CUST_005474,AML_SCREENING,2026-10-01T11:30:13.439000+00:00,0.182,APPROVED,CONFIDENTIAL
RSK_004824,CUST_005940,LOAN_SCORING,2026-10-01T11:30:14.392000+00:00,0.274,APPROVED,CONFIDENTIAL
RSK_004825,CUST_002557,AML_SCREENING,2026-10-01T11:30:17.177000+00:00,0.113,APPROVED,CONFIDENTIAL
RSK_004826,CUST_008504,AML_SCREENING,2026-10-01T11:30:21.773000+00:00,0.371,APPROVED,CONFIDENTIAL
RSK_004827,CUST_006621,LOAN_SCORING,2026-10-01T11:30:25.010000+00:00,0.394,APPROVED,CONFIDENTIAL
RSK_004828,CUST_009524,CREDIT_EVALUATION,2026-10-01T11:30:26.480000+00:00,0.305,APPROVED,CONFIDENTIAL
RSK_004829,CUST_006554,LOAN_SCORING,2026-10-01T11:30:30.350000+00:00,0.327,APPROVED,CONFIDENTIAL
RSK_004830,CUST_008751,LOAN_SCORING,2026-10-01T11:30:31.094000+00:00,0.258,APPROVED,CONFIDENTIAL
RSK_004831,CUST_004549,CREDIT_EVALUATION,2026-10-01T11:30:31.515000+00:00,0.207,APPROVED,CONFIDENTIAL
RSK_004832,CUST_006240,CREDIT_EVALUATION,2026-10-01T11:30:31.899000+00:00,0.269,APPROVED,CONFIDENTIAL
RSK_004833,CUST_005937,AML_SCREENING,2026-10-01T11:30:32.612000+00:00,0.315,APPROVED,CONFIDENTIAL
RSK_004834,CUST_002065,CREDIT_EVALUATION,2026-10-01T11:30:33.366000+00:00,0.233,APPROVED,CONFIDENTIAL
RSK_004835,CUST_006032,AML_SCREENING,2026-10-01T11:30:36.410000+00:00,0.453,FLAGGED_FOR_REVIEW,CONFIDENTIAL
RSK_004836,CUST_001078,AML_SCREENING,2026-10-01T11:30:39.695000+00:00,0.215,APPROVED,CONFIDENTIAL
RSK_004837,CUST_006292,AML_SCREENING,2026-10-01T11:30:43.709000+00:00,0.242,APPROVED,CONFIDENTIAL
RSK_004838,CUST_003379,CREDIT_EVALUATION,2026-10-01T11:30:45.412000+00:00,0.137,APPROVED,CONFIDENTIAL
RSK_004839,CUST_002715,LOAN_SCORING,2026-10-01T11:30:48.182000+00:00,0.132,APPROVED,CONFIDENTIAL
RSK_004840,CUST_005631,LOAN_SCORING,2026-10-01T11:30:49.266000+00:00,0.264,APPROVED,CONFIDENTIAL
RSK_004841,CUST_008001,CREDIT_EVALUATION,2026-10-01T11:30:53.496000+00:00,0.291,APPROVED,CONFIDENTIAL
RSK_004842,CUST_008254,LOAN_SCORING,2026-10-01T11:30:54.387000+00:00,0.332,APPROVED,CONFIDENTIAL
RSK_004843,CUST_001436,AML_SCREENING,2026-10-01T11:30:55.320000+00:00,0.237,APPROVED,CONFIDENTIAL
RSK_004844,CUST_001249,FRAUD_DETECTION,2026-10-01T11:30:56.853000+00:00,0.343,APPROVED,CONFIDENTIAL
RSK_004845,CUST_003633,FRAUD_DETECTION,2026-10-01T11:30:58.208000+00:00,0.403,APPROVED,CONFIDENTIAL
RSK_004846,CUST_003865,LOAN_SCORING,2026-10-01T11:31:00.282000+00:00,0.537,FLAGGED_FOR_REVIEW,CONFIDENTIAL
RSK_004847,CUST_001027,LOAN_SCORING,2026-10-01T11:31:03.747000+00:00,0.298,APPROVED,CONFIDENTIAL
RSK_004848,CUST_005768,AML_SCREENING,2026-10-01T11:31:08.717000+00:00,0.19,APPROVED,CONFIDENTIAL
RSK_004849,CUST_004922,CREDIT_EVALUATION,2026-10-01T11:31:12.701000+00:00,0.282,APPROVED,CONFIDENTIAL
RSK_004850,CUST_000348,FRAUD_DETECTION,2026-10-01T11:31:13.604000+00:00,0.211,APPROVED,CONFIDENTIAL
RSK_004851,CUST_002999,CREDIT_EVALUATION,2026-10-01T11:31:17.160000+00:00,0.133,APPROVED,CONFIDENTIAL
RSK_004852,CUST_005041,AML_SCREENING,2026-10-01T11:31:21.703000+00:00,0.53,FLAGGED_FOR_REVIEW,CONFIDENTIAL
RSK_004853,CUST_000161,LOAN_SCORING,2026-10-01T11:31:22.708000+00:00,0.216,APPROVED,CONFIDENTIAL
RSK_004854,CUST_008774,LOAN_SCORING,2026-10-01T11:31:23.886000+00:00,0.146,APPROVED,CONFIDENTIAL
RSK_004855,CUST_004172,AML_SCREENING,2026-10-01T11:31:28.441000+00:00,0.269,APPROVED,CONFIDENTIAL
RSK_004856,CUST_004826,FRAUD_DETECTION,2026-10-01T11:31:30.615000+00:00,0.138,APPROVED,CONFIDENTIAL
RSK_004857,CUST_006609,LOAN_SCORING,2026-10-01T11:31:35.311000+00:00,0.333,APPROVED,CONFIDENTIAL
RSK_004858,CUST_000919,FRAUD_DETECTION,2026-10-01T11:31:37.702000+00:00,0.034,APPROVED,CONFIDENTIAL
RSK_004859,CUST_005464,AML_SCREENING,2026-10-01T11:31:38.569000+00:00,0.213,APPROVED,CONFIDENTIAL
RSK_004860,CUST_001113,AML_SCREENING,2026-10-01T11:31:43.510000+00:00,0.395,APPROVED,CONFIDENTIAL
RSK_004861,CUST_005189,FRAUD_DETECTION,2026-10-01T11:31:45.511000+00:00,0.148,APPROVED,CONFIDENTIAL
RSK_004862,CUST_000858,CREDIT_EVALUATION,2026-10-01T11:31:49.728000+00:00,0.231,APPROVED,CONFIDENTIAL
RSK_004863,CUST_003563,AML_SCREENING,2026-10-01T11:31:54.526000+00:00,0.04,APPROVED,CONFIDENTIAL
RSK_004864,CUST_002661,LOAN_SCORING,2026-10-01T11:31:55.898000+00:00,0.304,APPROVED,CONFIDENTIAL
RSK_004865,CUST_007323,CREDIT_EVALUATION,2026-10-01T11:32:00.179000+00:00,0.616,FLAGGED_FOR_REVIEW,CONFIDENTIAL
RSK_004866,CUST_005580,CREDIT_EVALUATION,2026-10-01T11:32:00.547000+00:00,0.1,APPROVED,CONFIDENTIAL
RSK_004867,CUST_000782,FRAUD_DETECTION,2026-10-01T11:32:00.762000+00:00,0.137,APPROVED,CONFIDENTIAL
RSK_004868,CUST_000313,LOAN_SCORING,2026-10-01T11:32:01.054000+00:00,0.568,FLAGGED_FOR_REVIEW,CONFIDENTIAL
RSK_004869,CUST_007146,LOAN_SCORING,2026-10-01T11:32:05.262000+00:00,0.192,APPROVED,CONFIDENTIAL
RSK_004870,CUST_004561,AML_SCREENING,2026-10-01T11:32:07.280000+00:00,0.635,FLAGGED_FOR_REVIEW,CONFIDENTIAL
RSK_004871,CUST_005450,CREDIT_EVALUATION,2026-10-01T11:32:12.150000+00:00,0.24,APPROVED,CONFIDENTIAL
RSK_004872,CUST_009624,CREDIT_EVALUATION,2026-10-01T11:32:15.853000+00:00,0.114,APPROVED,CONFIDENTIAL
RSK_004873,CUST_006320,AML_SCREENING,2026-10-01T11:32:17.301000+00:00,0.327,APPROVED,CONFIDENTIAL
RSK_004874,CUST_006167,AML_SCREENING,2026-10-01T11:32:17.969000+00:00,0.327,APPROVED,CONFIDENTIAL
RSK_004875,CUST_009077,AML_SCREENING,2026-10-01T11:32:20.681000+00:00,0.126,APPROVED,CONFIDENTIAL
RSK_004876,CUST_009318,AML_SCREENING,2026-10-01T11:32:21.543000+00:00,0.258,APPROVED,CONFIDENTIAL
RSK_004877,CUST_001996,CREDIT_EVALUATION,2026-10-01T11:32:23.775000+00:00,0.3,APPROVED,CONFIDENTIAL
RSK_004878,CUST_007177,CREDIT_EVALUATION,2026-10-01T11:32:28.765000+00:00,0.155,APPROVED,CONFIDENTIAL
RSK_004879,CUST_005223,LOAN_SCORING,2026-10-01T11:32:32.410000+00:00,0.409,APPROVED,CONFIDENTIAL
RSK_004880,CUST_001315,CREDIT_EVALUATION,2026-10-01T11:32:34.224000+00:00,0.149,APPROVED,CONFIDENTIAL
RSK_004881,CUST_001691,AML_SCREENING,2026-10-01T11:32:35.530000+00:00,0.283,APPROVED,CONFIDENTIAL
RSK_004882,CUST_001386,AML_SCREENING,2026-10-01T11:32:40.281000+00:00,0.149,APPROVED,CONFIDENTIAL
RSK_004883,CUST_006737,LOAN_SCORING,2026-10-01T11:32:44.825000+00:00,0.345,APPROVED,CONFIDENTIAL
RSK_004884,CUST_002378,CREDIT_EVALUATION,2026-10-01T11:32:48.434000+00:00,0.199,APPROVED,CONFIDENTIAL
RSK_004885,CUST_003683,CREDIT_EVALUATION,2026-10-01T11:32:53.394000+00:00,0.347,APPROVED,CONFIDENTIAL
RSK_004886,CUST_000587,CREDIT_EVALUATION,2026-10-01T11:32:56.938000+00:00,0.547,FLAGGED_FOR_REVIEW,CONFIDENTIAL
RSK_004887,CUST_003015,AML_SCREENING,2026-10-01T11:32:58.997000+00:00,0.211,APPROVED,CONFIDENTIAL
RSK_004888,CUST_000612,FRAUD_DETECTION,2026-10-01T11:33:01.816000+00:00,0.441,APPROVED,CONFIDENTIAL
RSK_004889,CUST_002421,FRAUD_DETECTION,2026-10-01T11:33:04.128000+00:00,0.379,APPROVED,CONFIDENTIAL
RSK_004890,CUST_009706,AML_SCREENING,2026-10-01T11:33:06.129000+00:00,0.212,APPROVED,CONFIDENTIAL
RSK_004891,CUST_006563,LOAN_SCORING,2026-10-01T11:33:09.431000+00:00,0.279,APPROVED,CONFIDENTIAL
RSK_004892,CUST_006315,LOAN_SCORING,2026-10-01T11:33:13.602000+00:00,0.353,APPROVED,CONFIDENTIAL
RSK_004893,CUST_008734,LOAN_SCORING,2026-10-01T11:33:16.538000+00:00,0.082,APPROVED,CONFIDENTIAL
RSK_004894,CUST_007840,AML_SCREENING,2026-10-01T11:33:19.506000+00:00,0.226,APPROVED,CONFIDENTIAL
RSK_004895,CUST_000583,AML_SCREENING,2026-10-01T11:33:22.558000+00:00,0.236,APPROVED,CONFIDENTIAL
RSK_004896,CUST_009391,CREDIT_EVALUATION,2026-10-01T11:33:26.808000+00:00,0.409,APPROVED,CONFIDENTIAL
RSK_004897,CUST_008492,LOAN_SCORING,2026-10-01T11:33:30.418000+00:00,0.605,FLAGGED_FOR_REVIEW,CONFIDENTIAL
RSK_004898,CUST_003386,LOAN_SCORING,2026-10-01T11:33:34.763000+00:00,0.298,APPROVED,CONFIDENTIAL
RSK_004899,CUST_009241,AML_SCREENING,2026-10-01T11:33:38.140000+00:00,0.096,APPROVED,CONFIDENTIAL
RSK_004900,CUST_003173,CREDIT_EVALUATION,2026-10-01T11:33:39.360000+00:00,0.358,APPROVED,CONFIDENTIAL
RSK_004901,CUST_008421,LOAN_SCORING,2026-10-01T11:33:41.585000+00:00,0.364,APPROVED,CONFIDENTIAL
RSK_004902,CUST_009621,FRAUD_DETECTION,2026-10-01T11:33:42.971000+00:00,0.246,APPROVED,CONFIDENTIAL
RSK_004903,CUST_000802,LOAN_SCORING,2026-10-01T11:33:43.440000+00:00,0.436,APPROVED,CONFIDENTIAL
RSK_004904,CUST_001699,CREDIT_EVALUATION,2026-10-01T11:33:47.056000+00:00,0.181,APPROVED,CONFIDENTIAL
RSK_004905,CUST_006119,LOAN_SCORING,2026-10-01T11:33:48.108000+00:00,0.081,APPROVED,CONFIDENTIAL
RSK_004906,CUST_005902,AML_SCREENING,2026-10-01T11:33:52.152000+00:00,0.215,APPROVED,CONFIDENTIAL
RSK_004907,CUST_003973,LOAN_SCORING,2026-10-01T11:33:52.609000+00:00,0.456,FLAGGED_FOR_REVIEW,CONFIDENTIAL
RSK_004908,CUST_000240,FRAUD_DETECTION,2026-10-01T11:33:56.599000+00:00,0.367,APPROVED,CONFIDENTIAL
RSK_004909,CUST_005547,FRAUD_DETECTION,2026-10-01T11:33:58.560000+00:00,0.433,APPROVED,CONFIDENTIAL
RSK_004910,CUST_005886,FRAUD_DETECTION,2026-10-01T11:34:00.542000+00:00,0.198,APPROVED,CONFIDENTIAL
RSK_004911,CUST_001672,LOAN_SCORING,2026-10-01T11:34:00.885000+00:00,0.493,FLAGGED_FOR_REVIEW,CONFIDENTIAL
RSK_004912,CUST_004116,AML_SCREENING,2026-10-01T11:34:03.911000+00:00,0.232,APPROVED,CONFIDENTIAL
RSK_004913,CUST_001536,CREDIT_EVALUATION,2026-10-01T11:34:04.708000+00:00,0.297,APPROVED,CONFIDENTIAL
RSK_004914,CUST_008283,AML_SCREENING,2026-10-01T11:34:07.925000+00:00,0.373,APPROVED,CONFIDENTIAL
RSK_004915,CUST_001939,FRAUD_DETECTION,2026-10-01T11:34:09.896000+00:00,0.252,APPROVED,CONFIDENTIAL
RSK_004916,CUST_006380,LOAN_SCORING,2026-10-01T11:34:11.776000+00:00,0.424,APPROVED,CONFIDENTIAL
RSK_004917,CUST_008212,LOAN_SCORING,2026-10-01T11:34:12.073000+00:00,0.065,APPROVED,CONFIDENTIAL
RSK_004918,CUST_000830,FRAUD_DETECTION,2026-10-01T11:34:16.180000+00:00,0.28,APPROVED,CONFIDENTIAL
RSK_004919,CUST_002784,LOAN_SCORING,2026-10-01T11:34:17.412000+00:00,0.038,APPROVED,CONFIDENTIAL
RSK_004920,CUST_000893,FRAUD_DETECTION,2026-10-01T11:34:21.839000+00:00,0.256,APPROVED,CONFIDENTIAL
RSK_004921,CUST_001507,FRAUD_DETECTION,2026-10-01T11:34:23.186000+00:00,0.556,FLAGGED_FOR_REVIEW,CONFIDENTIAL
RSK_004922,CUST_006224,LOAN_SCORING,2026-10-01T11:34:24.467000+00:00,0.154,APPROVED,CONFIDENTIAL
RSK_004923,CUST_008130,LOAN_SCORING,2026-10-01T11:34:26.170000+00:00,0.547,FLAGGED_FOR_REVIEW,CONFIDENTIAL
RSK_004924,CUST_002827,LOAN_SCORING,2026-10-01T11:34:30.710000+00:00,0.183,APPROVED,CONFIDENTIAL
RSK_004925,CUST_004547,FRAUD_DETECTION,2026-10-01T11:34:33.138000+00:00,0.321,APPROVED,CONFIDENTIAL
RSK_004926,CUST_000505,CREDIT_EVALUATION,2026-10-01T11:34:38.008000+00:00,0.292,APPROVED,CONFIDENTIAL
RSK_004927,CUST_005020,FRAUD_DETECTION,2026-10-01T11:34:42.999000+00:00,0.143,APPROVED,CONFIDENTIAL
RSK_004928,CUST_003953,CREDIT_EVALUATION,2026-10-01T11:34:43.630000+00:00,0.271,APPROVED,CONFIDENTIAL
RSK_004929,CUST_008290,FRAUD_DETECTION,2026-10-01T11:34:46.853000+00:00,0.152,APPROVED,CONFIDENTIAL
RSK_004930,CUST_005159,LOAN_SCORING,2026-10-01T11:34:47.108000+00:00,0.622,FLAGGED_FOR_REVIEW,CONFIDENTIAL
RSK_004931,CUST_002299,FRAUD_DETECTION,2026-10-01T11:34:48.734000+00:00,0.188,APPROVED,CONFIDENTIAL
RSK_004932,CUST_006226,FRAUD_DETECTION,2026-10-01T11:34:52.031000+00:00,0.319,APPROVED,CONFIDENTIAL
RSK_004933,CUST_009203,CREDIT_EVALUATION,2026-10-01T11:34:52.546000+00:00,0.168,APPROVED,CONFIDENTIAL
RSK_004934,CUST_002904,FRAUD_DETECTION,2026-10-01T11:34:54.069000+00:00,0.493,FLAGGED_FOR_REVIEW,CONFIDENTIAL
RSK_004935,CUST_004351,FRAUD_DETECTION,2026-10-01T11:34:55.103000+00:00,0.313,APPROVED,CONFIDENTIAL
RSK_004936,CUST_006973,FRAUD_DETECTION,2026-10-01T11:34:57.173000+00:00,0.389,APPROVED,CONFIDENTIAL
RSK_004937,CUST_003542,AML_SCREENING,2026-10-01T11:35:01.376000+00:00,0.376,APPROVED,CONFIDENTIAL
RSK_004938,CUST_002326,LOAN_SCORING,2026-10-01T11:35:03.891000+00:00,0.195,APPROVED,CONFIDENTIAL
RSK_004939,CUST_007059,LOAN_SCORING,2026-10-01T11:35:04.201000+00:00,0.141,APPROVED,CONFIDENTIAL
RSK_004940,CUST_007547,LOAN_SCORING,2026-10-01T11:35:05.413000+00:00,0.122,APPROVED,CONFIDENTIAL
RSK_004941,CUST_000307,FRAUD_DETECTION,2026-10-01T11:35:07.660000+00:00,0.053,APPROVED,CONFIDENTIAL
RSK_004942,CUST_000050,CREDIT_EVALUATION,2026-10-01T11:35:10.911000+00:00,0.339,APPROVED,CONFIDENTIAL
RSK_004943,CUST_001749,LOAN_SCORING,2026-10-01T11:35:12.551000+00:00,0.128,APPROVED,CONFIDENTIAL
RSK_004944,CUST_002018,AML_SCREENING,2026-10-01T11:35:17.549000+00:00,0.366,APPROVED,CONFIDENTIAL
RSK_004945,CUST_007092,AML_SCREENING,2026-10-01T11:35:18.535000+00:00,0.342,APPROVED,CONFIDENTIAL
RSK_004946,CUST_000001,AML_SCREENING,2026-10-01T11:35:19.479000+00:00,0.256,APPROVED,CONFIDENTIAL
RSK_004947,CUST_006224,AML_SCREENING,2026-10-01T11:35:22.449000+00:00,0.393,APPROVED,CONFIDENTIAL
RSK_004948,CUST_007288,FRAUD_DETECTION,2026-10-01T11:35:26.561000+00:00,0.104,APPROVED,CONFIDENTIAL
RSK_004949,CUST_009749,LOAN_SCORING,2026-10-01T11:35:29.816000+00:00,0.12,APPROVED,CONFIDENTIAL
RSK_004950,CUST_000430,AML_SCREENING,2026-10-01T11:35:33.856000+00:00,0.046,APPROVED,CONFIDENTIAL
RSK_004951,CUST_008212,LOAN_SCORING,2026-10-01T11:35:35.349000+00:00,0.067,APPROVED,CONFIDENTIAL
RSK_004952,CUST_000680,AML_SCREENING,2026-10-01T11:35:39.933000+00:00,0.232,APPROVED,CONFIDENTIAL
RSK_004953,CUST_000598,FRAUD_DETECTION,2026-10-01T11:35:42.793000+00:00,0.525,FLAGGED_FOR_REVIEW,CONFIDENTIAL
RSK_004954,CUST_007174,FRAUD_DETECTION,2026-10-01T11:35:43.133000+00:00,0.135,APPROVED,CONFIDENTIAL
RSK_004955,CUST_002576,AML_SCREENING,2026-10-01T11:35:43.748000+00:00,0.268,APPROVED,CONFIDENTIAL
RSK_004956,CUST_003789,CREDIT_EVALUATION,2026-10-01T11:35:48.024000+00:00,0.404,APPROVED,CONFIDENTIAL
RSK_004957,CUST_008349,CREDIT_EVALUATION,2026-10-01T11:35:50.973000+00:00,0.125,APPROVED,CONFIDENTIAL
RSK_004958,CUST_002888,CREDIT_EVALUATION,2026-10-01T11:35:55.799000+00:00,0.134,APPROVED,CONFIDENTIAL
RSK_004959,CUST_008680,AML_SCREENING,2026-10-01T11:35:57.161000+00:00,0.618,FLAGGED_FOR_REVIEW,CONFIDENTIAL
RSK_004960,CUST_002007,CREDIT_EVALUATION,2026-10-01T11:36:00.007000+00:00,0.348,APPROVED,CONFIDENTIAL
RSK_004961,CUST_006902,CREDIT_EVALUATION,2026-10-01T11:36:01.270000+00:00,0.265,APPROVED,CONFIDENTIAL
RSK_004962,CUST_008187,LOAN_SCORING,2026-10-01T11:36:04.787000+00:00,0.212,APPROVED,CONFIDENTIAL
RSK_004963,CUST_000201,CREDIT_EVALUATION,2026-10-01T11:36:08.050000+00:00,0.693,FLAGGED_FOR_REVIEW,CONFIDENTIAL
RSK_004964,CUST_006289,CREDIT_EVALUATION,2026-10-01T11:36:10.588000+00:00,0.153,APPROVED,CONFIDENTIAL
RSK_004965,CUST_000303,CREDIT_EVALUATION,2026-10-01T11:36:12.580000+00:00,0.43,APPROVED,CONFIDENTIAL
RSK_004966,CUST_006936,FRAUD_DETECTION,2026-10-01T11:36:15.204000+00:00,0.207,APPROVED,CONFIDENTIAL
RSK_004967,CUST_006999,CREDIT_EVALUATION,2026-10-01T11:36:19.244000+00:00,0.199,APPROVED,CONFIDENTIAL
RSK_004968,CUST_006883,FRAUD_DETECTION,2026-10-01T11:36:22.438000+00:00,0.629,FLAGGED_FOR_REVIEW,CONFIDENTIAL
RSK_004969,CUST_003369,LOAN_SCORING,2026-10-01T11:36:25.713000+00:00,0.432,APPROVED,CONFIDENTIAL
RSK_004970,CUST_004585,CREDIT_EVALUATION,2026-10-01T11:36:26.410000+00:00,0.214,APPROVED,CONFIDENTIAL
RSK_004971,CUST_003025,FRAUD_DETECTION,2026-10-01T11:36:29.038000+00:00,0.305,APPROVED,CONFIDENTIAL
RSK_004972,CUST_007123,LOAN_SCORING,2026-10-01T11:36:33.474000+00:00,0.283,APPROVED,CONFIDENTIAL
RSK_004973,CUST_003805,FRAUD_DETECTION,2026-10-01T11:36:35.531000+00:00,0.117,APPROVED,CONFIDENTIAL
RSK_004974,CUST_009091,AML_SCREENING,2026-10-01T11:36:36.986000+00:00,0.058,APPROVED,CONFIDENTIAL
RSK_004975,CUST_009961,CREDIT_EVALUATION,2026-10-01T11:36:41.530000+00:00,0.377,APPROVED,CONFIDENTIAL
RSK_004976,CUST_008900,FRAUD_DETECTION,2026-10-01T11:36:44.531000+00:00,0.317,APPROVED,CONFIDENTIAL
RSK_004977,CUST_006374,AML_SCREENING,2026-10-01T11:36:46.017000+00:00,0.075,APPROVED,CONFIDENTIAL
RSK_004978,CUST_004547,FRAUD_DETECTION,2026-10-01T11:36:47.501000+00:00,0.411,APPROVED,CONFIDENTIAL
RSK_004979,CUST_006169,CREDIT_EVALUATION,2026-10-01T11:36:48.010000+00:00,0.514,FLAGGED_FOR_REVIEW,CONFIDENTIAL
RSK_004980,CUST_003761,CREDIT_EVALUATION,2026-10-01T11:36:48.912000+00:00,0.104,APPROVED,CONFIDENTIAL
RSK_004981,CUST_008819,FRAUD_DETECTION,2026-10-01T11:36:51.798000+00:00,0.314,APPROVED,CONFIDENTIAL
RSK_004982,CUST_003093,FRAUD_DETECTION,2026-10-01T11:36:56.164000+00:00,0.257,APPROVED,CONFIDENTIAL
RSK_004983,CUST_006175,FRAUD_DETECTION,2026-10-01T11:36:59.895000+00:00,0.182,APPROVED,CONFIDENTIAL
RSK_004984,CUST_001545,FRAUD_DETECTION,2026-10-01T11:37:02.456000+00:00,0.413,APPROVED,CONFIDENTIAL
RSK_004985,CUST_007739,LOAN_SCORING,2026-10-01T11:37:04.624000+00:00,0.155,APPROVED,CONFIDENTIAL
RSK_004986,CUST_007483,CREDIT_EVALUATION,2026-10-01T11:37:05.223000+00:00,0.25,APPROVED,CONFIDENTIAL
RSK_004987,CUST_008602,FRAUD_DETECTION,2026-10-01T11:37:09.452000+00:00,0.461,FLAGGED_FOR_REVIEW,CONFIDENTIAL
RSK_004988,CUST_002216,FRAUD_DETECTION,2026-10-01T11:37:12.438000+00:00,0.114,APPROVED,CONFIDENTIAL
RSK_004989,CUST_000544,LOAN_SCORING,2026-10-01T11:37:16.795000+00:00,0.176,APPROVED,CONFIDENTIAL
RSK_004990,CUST_009230,CREDIT_EVALUATION,2026-10-01T11:37:19.823000+00:00,0.216,APPROVED,CONFIDENTIAL
RSK_004991,CUST_006023,FRAUD_DETECTION,2026-10-01T11:37:21.028000+00:00,0.056,APPROVED,CONFIDENTIAL
RSK_004992,CUST_007192,AML_SCREENING,2026-10-01T11:37:24.248000+00:00,0.128,APPROVED,CONFIDENTIAL
RSK_004993,CUST_004028,FRAUD_DETECTION,2026-10-01T11:37:27.331000+00:00,0.654,FLAGGED_FOR_REVIEW,CONFIDENTIAL
RSK_004994,CUST_004263,AML_SCREENING,2026-10-01T11:37:28.188000+00:00,0.224,APPROVED,CONFIDENTIAL
RSK_004995,CUST_004136,CREDIT_EVALUATION,2026-10-01T11:37:31.941000+00:00,0.092,APPROVED,CONFIDENTIAL
RSK_004996,CUST_007110,FRAUD_DETECTION,2026-10-01T11:37:33.662000+00:00,0.151,APPROVED,CONFIDENTIAL
RSK_004997,CUST_000299,LOAN_SCORING,2026-10-01T11:37:35.527000+00:00,0.201,APPROVED,CONFIDENTIAL
RSK_004998,CUST_009253,CREDIT_EVALUATION,2026-10-01T11:37:36.655000+00:00,0.48,FLAGGED_FOR_REVIEW,CONFIDENTIAL
RSK_004999,CUST_001058,CREDIT_EVALUATION,2026-10-01T11:37:37.952000+00:00,0.294,APPROVED,CONFIDENTIAL
RSK_005000,CUST_004516,FRAUD_DETECTION,2026-10-01T11:37:42.360000+00:00,0.271,APPROVED,CONFIDENTIAL
