account_id,customer_id,account_type,balance,status,kyc_status,risk_score,classification_tier
ACC_000001,CUST_000001,SAVINGS,38306.45,ACTIVE,VERIFIED,0.09,RESTRICTED
ACC_000002,CUST_000002,SAVINGS,12110.55,ACTIVE,VERIFIED,0.392,RESTRICTED
ACC_000003,CUST_000003,SAVINGS,39375.98,ACTIVE,VERIFIED,0.675,RESTRICTED
ACC_000004,CUST_000004,SAVINGS,27622.63,ACTIVE,VERIFIED,0.272,RESTRICTED
ACC_000005,CUST_000005,SAVINGS,15266.62,ACTIVE,VERIFIED,0.28,RESTRICTED
ACC_000006,CUST_000006,SAVINGS,44900.43,ACTIVE,PENDING,0.383,RESTRICTED
ACC_000007,CUST_000007,SAVINGS,21654.87,ACTIVE,VERIFIED,0.271,RESTRICTED
ACC_000008,CUST_000008,SAVINGS,49306.98,ACTIVE,VERIFIED,0.104,RESTRICTED
ACC_000009,CUST_000009,SAVINGS,11238.36,ACTIVE,PENDING,0.42,RESTRICTED
ACC_000010,CUST_000010,SAVINGS,2376.76,ACTIVE,VERIFIED,0.292,RESTRICTED
ACC_000011,CUST_000011,SAVINGS,26690.06,ACTIVE,VERIFIED,0.071,RESTRICTED
ACC_000012,CUST_000012,SAVINGS,28062.15,FROZEN,FLAGGED,0.238,RESTRICTED
ACC_000013,CUST_000013,SAVINGS,16267.26,ACTIVE,VERIFIED,0.111,RESTRICTED
ACC_000014,CUST_000014,SAVINGS,42405.51,ACTIVE,VERIFIED,0.063,RESTRICTED
ACC_000015,CUST_000015,SAVINGS,48750.68,ACTIVE,VERIFIED,0.753,RESTRICTED
ACC_000016,CUST_000016,SAVINGS,34361.32,ACTIVE,PENDING,0.209,RESTRICTED
ACC_000017,CUST_000017,SAVINGS,1090.8,ACTIVE,VERIFIED,0.124,RESTRICTED
ACC_000018,CUST_000018,SAVINGS,8896.29,FROZEN,FLAGGED,0.358,RESTRICTED
ACC_000019,CUST_000019,SAVINGS,39711.02,ACTIVE,VERIFIED,0.319,RESTRICTED
ACC_000020,CUST_000020,SAVINGS,28539.58,ACTIVE,PENDING,0.067,RESTRICTED
ACC_000021,CUST_000021,SAVINGS,11853.25,ACTIVE,VERIFIED,0.19,RESTRICTED
ACC_000022,CUST_000022,SAVINGS,8445.28,ACTIVE,VERIFIED,0.447,RESTRICTED
ACC_000023,CUST_000023,SAVINGS,42650.16,ACTIVE,VERIFIED,0.129,RESTRICTED
ACC_000024,CUST_000024,SAVINGS,19191.11,ACTIVE,VERIFIED,0.284,RESTRICTED
ACC_000025,CUST_000025,SAVINGS,12281.71,ACTIVE,PENDING,0.01,RESTRICTED
ACC_000026,CUST_000026,SAVINGS,12116.93,ACTIVE,VERIFIED,0.373,RESTRICTED
ACC_000027,CUST_000027,SAVINGS,42740.11,ACTIVE,VERIFIED,0.267,RESTRICTED
ACC_000028,CUST_000028,SAVINGS,2863.42,ACTIVE,VERIFIED,0.543,RESTRICTED
ACC_000029,CUST_000029,SAVINGS,12745.14,ACTIVE,VERIFIED,0.243,RESTRICTED
ACC_000030,CUST_000030,SAVINGS,9770.56,ACTIVE,VERIFIED,0.294,RESTRICTED
ACC_000031,CUST_000031,SAVINGS,30048.39,FROZEN,FLAGGED,0.072,RESTRICTED
ACC_000032,CUST_000032,SAVINGS,43444.18,ACTIVE,VERIFIED,0.298,RESTRICTED
ACC_000033,CUST_000033,SAVINGS,23073.74,ACTIVE,VERIFIED,0.701,RESTRICTED
ACC_000034,CUST_000034,SAVINGS,32260.94,ACTIVE,VERIFIED,0.361,RESTRICTED
ACC_000035,CUST_000035,SAVINGS,10743.35,ACTIVE,VERIFIED,0.28,RESTRICTED
ACC_000036,CUST_000036,SAVINGS,1914.98,ACTIVE,VERIFIED,0.547,RESTRICTED
ACC_000037,CUST_000037,SAVINGS,37926.51,ACTIVE,VERIFIED,0.435,RESTRICTED
ACC_000038,CUST_000038,SAVINGS,19384.45,ACTIVE,VERIFIED,0.485,RESTRICTED
ACC_000039,CUST_000039,SAVINGS,22842.69,FROZEN,FLAGGED,0.759,RESTRICTED
ACC_000040,CUST_000040,SAVINGS,26121.19,ACTIVE,VERIFIED,0.62,RESTRICTED
ACC_000041,CUST_000041,SAVINGS,33948.88,ACTIVE,PENDING,0.17,RESTRICTED
ACC_000042,CUST_000042,SAVINGS,49266.21,ACTIVE,VERIFIED,0.179,RESTRICTED
ACC_000043,CUST_000043,SAVINGS,9288.35,ACTIVE,VERIFIED,0.079,RESTRICTED
ACC_000044,CUST_000044,SAVINGS,15095.66,ACTIVE,VERIFIED,0.062,RESTRICTED
ACC_000045,CUST_000045,SAVINGS,42255.19,ACTIVE,PENDING,0.32,RESTRICTED
ACC_000046,CUST_000046,SAVINGS,13585.45,ACTIVE,VERIFIED,0.213,RESTRICTED
ACC_000047,CUST_000047,SAVINGS,43911.05,ACTIVE,VERIFIED,0.248,RESTRICTED
ACC_000048,CUST_000048,SAVINGS,11106.24,ACTIVE,VERIFIED,0.401,RESTRICTED
ACC_000049,CUST_000049,SAVINGS,33655.53,ACTIVE,VERIFIED,0.44,RESTRICTED
ACC_000050,CUST_000050,SAVINGS,38508.36,ACTIVE,VERIFIED,0.127,RESTRICTED
ACC_000051,CUST_000051,SAVINGS,32850.33,ACTIVE,VERIFIED,0.254,RESTRICTED
ACC_000052,CUST_000052,SAVINGS,11176.66,ACTIVE,VERIFIED,0.141,RESTRICTED
ACC_000053,CUST_000053,SAVINGS,23187.79,ACTIVE,VERIFIED,0.131,RESTRICTED
ACC_000054,CUST_000054,SAVINGS,24677.12,ACTIVE,VERIFIED,0.207,RESTRICTED
ACC_000055,CUST_000055,SAVINGS,14582.04,ACTIVE,VERIFIED,0.088,RESTRICTED
ACC_000056,CUST_000056,SAVINGS,6912.48,ACTIVE,VERIFIED,0.014,RESTRICTED
ACC_000057,CUST_000057,SAVINGS,22525.76,ACTIVE,VERIFIED,0.209,RESTRICTED
ACC_000058,CUST_000058,SAVINGS,36494.09,ACTIVE,PENDING,0.394,RESTRICTED
ACC_000059,CUST_000059,SAVINGS,29331.29,ACTIVE,VERIFIED,0.173,RESTRICTED
ACC_000060,CUST_000060,SAVINGS,43507.53,ACTIVE,VERIFIED,0.031,RESTRICTED
ACC_000061,CUST_000061,SAVINGS,43996.91,ACTIVE,VERIFIED,0.158,RESTRICTED
ACC_000062,CUST_000062,SAVINGS,3505.92,FROZEN,FLAGGED,0.157,RESTRICTED
ACC_000063,CUST_000063,SAVINGS,38182.54,ACTIVE,PENDING,0.384,RESTRICTED
ACC_000064,CUST_000064,SAVINGS,45964.34,ACTIVE,VERIFIED,0.689,RESTRICTED
ACC_000065,CUST_000065,SAVINGS,30541.78,ACTIVE,VERIFIED,0.264,RESTRICTED
ACC_000066,CUST_000066,SAVINGS,33831.06,ACTIVE,VERIFIED,0.706,RESTRICTED
ACC_000067,CUST_000067,SAVINGS,32568.27,ACTIVE,VERIFIED,0.318,RESTRICTED
ACC_000068,CUST_000068,SAVINGS,18872.15,ACTIVE,VERIFIED,0.32,RESTRICTED
ACC_000069,CUST_000069,SAVINGS,41571.45,ACTIVE,VERIFIED,0.203,RESTRICTED
ACC_000070,CUST_000070,SAVINGS,7846.44,ACTIVE,VERIFIED,0.359,RESTRICTED
ACC_000071,CUST_000071,SAVINGS,17078.55,ACTIVE,VERIFIED,0.361,RESTRICTED
ACC_000072,CUST_000072,SAVINGS,35847.96,FROZEN,FLAGGED,0.468,RESTRICTED
ACC_000073,CUST_000073,SAVINGS,38630.28,ACTIVE,VERIFIED,0.247,RESTRICTED
ACC_000074,CUST_000074,SAVINGS,26859.79,ACTIVE,VERIFIED,0.38,RESTRICTED
ACC_000075,CUST_000075,SAVINGS,34549.71,ACTIVE,VERIFIED,0.195,RESTRICTED
ACC_000076,CUST_000076,SAVINGS,48072.43,ACTIVE,VERIFIED,0.219,RESTRICTED
ACC_000077,CUST_000077,SAVINGS,33833.81,ACTIVE,VERIFIED,0.31,RESTRICTED
ACC_000078,CUST_000078,SAVINGS,42301.15,ACTIVE,VERIFIED,0.497,RESTRICTED
ACC_000079,CUST_000079,SAVINGS,16321.5,ACTIVE,VERIFIED,0.151,RESTRICTED
ACC_000080,CUST_000080,SAVINGS,8932.66,ACTIVE,PENDING,0.406,RESTRICTED
ACC_000081,CUST_000081,SAVINGS,24324.95,ACTIVE,VERIFIED,0.107,RESTRICTED
ACC_000082,CUST_000082,SAVINGS,11754.06,ACTIVE,VERIFIED,0.394,RESTRICTED
ACC_000083,CUST_000083,SAVINGS,18005.22,ACTIVE,VERIFIED,0.433,RESTRICTED
ACC_000084,CUST_000084,SAVINGS,6403.46,ACTIVE,VERIFIED,0.365,RESTRICTED
ACC_000085,CUST_000085,SAVINGS,44729.61,FROZEN,FLAGGED,0.324,RESTRICTED
ACC_000086,CUST_000086,SAVINGS,36280.82,ACTIVE,VERIFIED,0.563,RESTRICTED
ACC_000087,CUST_000087,SAVINGS,41717.52,ACTIVE,VERIFIED,0.01,RESTRICTED
ACC_000088,CUST_000088,SAVINGS,1437.67,ACTIVE,VERIFIED,0.328,RESTRICTED
ACC_000089,CUST_000089,SAVINGS,47626.86,ACTIVE,VERIFIED,0.736,RESTRICTED
ACC_000090,CUST_000090,SAVINGS,32238.33,ACTIVE,VERIFIED,0.111,RESTRICTED
ACC_000091,CUST_000091,SAVINGS,40524.3,FROZEN,FLAGGED,0.196,RESTRICTED
ACC_000092,CUST_000092,SAVINGS,9723.96,ACTIVE,VERIFIED,0.01,RESTRICTED
ACC_000093,CUST_000093,SAVINGS,26646.98,ACTIVE,VERIFIED,0.207,RESTRICTED
ACC_000094,CUST_000094,SAVINGS,18460.8,ACTIVE,VERIFIED,0.255,RESTRICTED
ACC_000095,CUST_000095,SAVINGS,16943.4,ACTIVE,VERIFIED,0.637,RESTRICTED
ACC_000096,CUST_000096,SAVINGS,9712.17,ACTIVE,VERIFIED,0.086,RESTRICTED
ACC_000097,CUST_000097,SAVINGS,22903.76,ACTIVE,PENDING,0.149,RESTRICTED
ACC_000098,CUST_000098,SAVINGS,22010.73,ACTIVE,VERIFIED,0.535,RESTRICTED
ACC_000099,CUST_000099,SAVINGS,49312.79,ACTIVE,VERIFIED,0.638,RESTRICTED
ACC_000100,CUST_000100,SAVINGS,26314.65,ACTIVE,VERIFIED,0.216,RESTRICTED
ACC_000101,CUST_000101,SAVINGS,39112.5,ACTIVE,VERIFIED,0.272,RESTRICTED
ACC_000102,CUST_000102,SAVINGS,28856.76,ACTIVE,VERIFIED,0.414,RESTRICTED
ACC_000103,CUST_000103,SAVINGS,40655.22,ACTIVE,VERIFIED,0.282,RESTRICTED
ACC_000104,CUST_000104,SAVINGS,20719.85,ACTIVE,VERIFIED,0.15,RESTRICTED
ACC_000105,CUST_000105,SAVINGS,2739.22,ACTIVE,VERIFIED,0.233,RESTRICTED
ACC_000106,CUST_000106,SAVINGS,30611.65,ACTIVE,VERIFIED,0.104,RESTRICTED
ACC_000107,CUST_000107,SAVINGS,36158.36,ACTIVE,VERIFIED,0.068,RESTRICTED
ACC_000108,CUST_000108,SAVINGS,32601.13,ACTIVE,VERIFIED,0.182,RESTRICTED
ACC_000109,CUST_000109,SAVINGS,28750.25,FROZEN,FLAGGED,0.071,RESTRICTED
ACC_000110,CUST_000110,SAVINGS,25225.34,ACTIVE,VERIFIED,0.255,RESTRICTED
ACC_000111,CUST_000111,SAVINGS,7748.45,ACTIVE,VERIFIED,0.087,RESTRICTED
ACC_000112,CUST_000112,SAVINGS,27941.4,ACTIVE,VERIFIED,0.201,RESTRICTED
ACC_000113,CUST_000113,SAVINGS,13439.51,ACTIVE,PENDING,0.331,RESTRICTED
ACC_000114,CUST_000114,SAVINGS,41793.02,ACTIVE,VERIFIED,0.298,RESTRICTED
ACC_000115,CUST_000115,SAVINGS,44729.39,ACTIVE,VERIFIED,0.378,RESTRICTED
ACC_000116,CUST_000116,SAVINGS,10769.43,ACTIVE,VERIFIED,0.245,RESTRICTED
ACC_000117,CUST_000117,SAVINGS,28232.74,ACTIVE,VERIFIED,0.194,RESTRICTED
ACC_000118,CUST_000118,SAVINGS,33579.95,FROZEN,FLAGGED,0.469,RESTRICTED
ACC_000119,CUST_000119,SAVINGS,35425.78,ACTIVE,VERIFIED,0.065,RESTRICTED
ACC_000120,CUST_000120,SAVINGS,30709.6,ACTIVE,VERIFIED,0.235,RESTRICTED
ACC_000121,CUST_000121,SAVINGS,8094.45,ACTIVE,VERIFIED,0.475,RESTRICTED
ACC_000122,CUST_000122,SAVINGS,3883.95,ACTIVE,VERIFIED,0.192,RESTRICTED
ACC_000123,CUST_000123,SAVINGS,28261.54,ACTIVE,VERIFIED,0.247,RESTRICTED
ACC_000124,CUST_000124,SAVINGS,47821.06,ACTIVE,VERIFIED,0.48,RESTRICTED
ACC_000125,CUST_000125,SAVINGS,19979.83,ACTIVE,VERIFIED,0.063,RESTRICTED
ACC_000126,CUST_000126,SAVINGS,41019.79,ACTIVE,VERIFIED,0.241,RESTRICTED
ACC_000127,CUST_000127,SAVINGS,20033.2,ACTIVE,VERIFIED,0.294,RESTRICTED
ACC_000128,CUST_000128,SAVINGS,1545.6,ACTIVE,VERIFIED,0.203,RESTRICTED
ACC_000129,CUST_000129,SAVINGS,25362.06,ACTIVE,VERIFIED,0.144,RESTRICTED
ACC_000130,CUST_000130,SAVINGS,7855.94,ACTIVE,PENDING,0.46,RESTRICTED
ACC_000131,CUST_000131,SAVINGS,41172.86,ACTIVE,VERIFIED,0.284,RESTRICTED
ACC_000132,CUST_000132,SAVINGS,32353.27,ACTIVE,VERIFIED,0.233,RESTRICTED
ACC_000133,CUST_000133,SAVINGS,9400.31,ACTIVE,VERIFIED,0.096,RESTRICTED
ACC_000134,CUST_000134,SAVINGS,25826.26,FROZEN,FLAGGED,0.05,RESTRICTED
ACC_000135,CUST_000135,SAVINGS,48133.27,ACTIVE,VERIFIED,0.232,RESTRICTED
ACC_000136,CUST_000136,SAVINGS,27637.84,ACTIVE,VERIFIED,0.321,RESTRICTED
ACC_000137,CUST_000137,SAVINGS,39138.22,ACTIVE,VERIFIED,0.351,RESTRICTED
ACC_000138,CUST_000138,SAVINGS,26512.16,ACTIVE,VERIFIED,0.362,RESTRICTED
ACC_000139,CUST_000139,SAVINGS,5021.42,ACTIVE,VERIFIED,0.469,RESTRICTED
ACC_000140,CUST_000140,SAVINGS,17938.01,ACTIVE,VERIFIED,0.245,RESTRICTED
ACC_000141,CUST_000141,SAVINGS,5951.48,ACTIVE,VERIFIED,0.45,RESTRICTED
ACC_000142,CUST_000142,SAVINGS,20222.31,ACTIVE,VERIFIED,0.105,RESTRICTED
ACC_000143,CUST_000143,SAVINGS,40586.32,ACTIVE,VERIFIED,0.162,RESTRICTED
ACC_000144,CUST_000144,SAVINGS,33478.12,FROZEN,FLAGGED,0.147,RESTRICTED
ACC_000145,CUST_000145,SAVINGS,28367.86,FROZEN,FLAGGED,0.227,RESTRICTED
ACC_000146,CUST_000146,SAVINGS,21061.59,ACTIVE,VERIFIED,0.251,RESTRICTED
ACC_000147,CUST_000147,SAVINGS,30871.68,ACTIVE,VERIFIED,0.236,RESTRICTED
ACC_000148,CUST_000148,SAVINGS,38523.47,ACTIVE,VERIFIED,0.523,RESTRICTED
ACC_000149,CUST_000149,SAVINGS,44909.73,ACTIVE,VERIFIED,0.166,RESTRICTED
ACC_000150,CUST_000150,SAVINGS,43495.57,ACTIVE,VERIFIED,0.026,RESTRICTED
ACC_000151,CUST_000151,SAVINGS,10538.06,ACTIVE,VERIFIED,0.062,RESTRICTED
ACC_000152,CUST_000152,SAVINGS,13250.07,ACTIVE,VERIFIED,0.149,RESTRICTED
ACC_000153,CUST_000153,SAVINGS,2250.48,ACTIVE,VERIFIED,0.397,RESTRICTED
ACC_000154,CUST_000154,SAVINGS,7028.44,ACTIVE,VERIFIED,0.349,RESTRICTED
ACC_000155,CUST_000155,SAVINGS,13075.39,ACTIVE,VERIFIED,0.41,RESTRICTED
ACC_000156,CUST_000156,SAVINGS,15903.17,ACTIVE,VERIFIED,0.072,RESTRICTED
ACC_000157,CUST_000157,SAVINGS,26441.61,ACTIVE,PENDING,0.193,RESTRICTED
ACC_000158,CUST_000158,SAVINGS,10204.07,ACTIVE,VERIFIED,0.029,RESTRICTED
ACC_000159,CUST_000159,SAVINGS,3133.2,ACTIVE,PENDING,0.204,RESTRICTED
ACC_000160,CUST_000160,SAVINGS,21999.39,ACTIVE,VERIFIED,0.112,RESTRICTED
ACC_000161,CUST_000161,SAVINGS,39552.08,ACTIVE,VERIFIED,0.26,RESTRICTED
ACC_000162,CUST_000162,SAVINGS,38653.96,ACTIVE,VERIFIED,0.368,RESTRICTED
ACC_000163,CUST_000163,SAVINGS,26190.31,ACTIVE,VERIFIED,0.213,RESTRICTED
ACC_000164,CUST_000164,SAVINGS,43271.96,ACTIVE,VERIFIED,0.176,RESTRICTED
ACC_000165,CUST_000165,SAVINGS,37329.67,ACTIVE,VERIFIED,0.505,RESTRICTED
ACC_000166,CUST_000166,SAVINGS,9760.43,ACTIVE,VERIFIED,0.392,RESTRICTED
ACC_000167,CUST_000167,SAVINGS,47963.86,ACTIVE,VERIFIED,0.191,RESTRICTED
ACC_000168,CUST_000168,SAVINGS,1837.44,ACTIVE,VERIFIED,0.353,RESTRICTED
ACC_000169,CUST_000169,SAVINGS,43405.57,ACTIVE,VERIFIED,0.17,RESTRICTED
ACC_000170,CUST_000170,SAVINGS,27943.07,ACTIVE,VERIFIED,0.324,RESTRICTED
ACC_000171,CUST_000171,SAVINGS,3468.57,ACTIVE,VERIFIED,0.28,RESTRICTED
ACC_000172,CUST_000172,SAVINGS,12861.63,ACTIVE,VERIFIED,0.213,RESTRICTED
ACC_000173,CUST_000173,SAVINGS,17895.38,ACTIVE,VERIFIED,0.339,RESTRICTED
ACC_000174,CUST_000174,SAVINGS,15299.09,ACTIVE,VERIFIED,0.151,RESTRICTED
ACC_000175,CUST_000175,SAVINGS,48251.92,ACTIVE,VERIFIED,0.294,RESTRICTED
ACC_000176,CUST_000176,SAVINGS,45161.83,ACTIVE,VERIFIED,0.126,RESTRICTED
ACC_000177,CUST_000177,SAVINGS,26882.75,ACTIVE,VERIFIED,0.055,RESTRICTED
ACC_000178,CUST_000178,SAVINGS,14976.34,ACTIVE,VERIFIED,0.499,RESTRICTED
ACC_000179,CUST_000179,SAVINGS,21252.96,ACTIVE,VERIFIED,0.198,RESTRICTED
ACC_000180,CUST_000180,SAVINGS,29998.38,ACTIVE,VERIFIED,0.09,RESTRICTED
ACC_000181,CUST_000181,SAVINGS,48329.73,ACTIVE,VERIFIED,0.412,RESTRICTED
ACC_000182,CUST_000182,SAVINGS,17798.82,ACTIVE,VERIFIED,0.537,RESTRICTED
ACC_000183,CUST_000183,SAVINGS,32230.62,ACTIVE,VERIFIED,0.513,RESTRICTED
ACC_000184,CUST_000184,SAVINGS,44607.3,ACTIVE,VERIFIED,0.289,RESTRICTED
ACC_000185,CUST_000185,SAVINGS,37239.82,ACTIVE,VERIFIED,0.168,RESTRICTED
ACC_000186,CUST_000186,SAVINGS,35834.9,ACTIVE,VERIFIED,0.449,RESTRICTED
ACC_000187,CUST_000187,SAVINGS,4455.82,ACTIVE,VERIFIED,0.138,RESTRICTED
ACC_000188,CUST_000188,SAVINGS,19284.86,ACTIVE,VERIFIED,0.683,RESTRICTED
ACC_000189,CUST_000189,SAVINGS,25609.73,ACTIVE,VERIFIED,0.486,RESTRICTED
ACC_000190,CUST_000190,SAVINGS,41317.31,ACTIVE,VERIFIED,0.082,RESTRICTED
ACC_000191,CUST_000191,SAVINGS,13521.01,FROZEN,FLAGGED,0.335,RESTRICTED
ACC_000192,CUST_000192,SAVINGS,18224.91,ACTIVE,VERIFIED,0.197,RESTRICTED
ACC_000193,CUST_000193,SAVINGS,7427.97,ACTIVE,VERIFIED,0.291,RESTRICTED
ACC_000194,CUST_000194,SAVINGS,5781.96,ACTIVE,VERIFIED,0.136,RESTRICTED
ACC_000195,CUST_000195,SAVINGS,22899.39,ACTIVE,VERIFIED,0.48,RESTRICTED
ACC_000196,CUST_000196,SAVINGS,45420.08,ACTIVE,VERIFIED,0.262,RESTRICTED
ACC_000197,CUST_000197,SAVINGS,25677.9,ACTIVE,VERIFIED,0.364,RESTRICTED
ACC_000198,CUST_000198,SAVINGS,37777.25,FROZEN,FLAGGED,0.26,RESTRICTED
ACC_000199,CUST_000199,SAVINGS,13733.74,FROZEN,FLAGGED,0.43,RESTRICTED
ACC_000200,CUST_000200,SAVINGS,41370.79,ACTIVE,VERIFIED,0.329,RESTRICTED
ACC_000201,CUST_000201,SAVINGS,31487.7,ACTIVE,VERIFIED,0.143,RESTRICTED
ACC_000202,CUST_000202,SAVINGS,31346.18,ACTIVE,VERIFIED,0.331,RESTRICTED
ACC_000203,CUST_000203,SAVINGS,44186.36,ACTIVE,VERIFIED,0.399,RESTRICTED
ACC_000204,CUST_000204,SAVINGS,33598.84,ACTIVE,VERIFIED,0.207,RESTRICTED
ACC_000205,CUST_000205,SAVINGS,3312.89,ACTIVE,VERIFIED,0.151,RESTRICTED
ACC_000206,CUST_000206,SAVINGS,19368.94,ACTIVE,VERIFIED,0.15,RESTRICTED
ACC_000207,CUST_000207,SAVINGS,17891.73,ACTIVE,VERIFIED,0.482,RESTRICTED
ACC_000208,CUST_000208,SAVINGS,4433.08,ACTIVE,PENDING,0.29,RESTRICTED
ACC_000209,CUST_000209,SAVINGS,42568.66,ACTIVE,VERIFIED,0.338,RESTRICTED
ACC_000210,CUST_000210,SAVINGS,30504.36,ACTIVE,VERIFIED,0.373,RESTRICTED
ACC_000211,CUST_000211,SAVINGS,21695.03,ACTIVE,PENDING,0.215,RESTRICTED
ACC_000212,CUST_000212,SAVINGS,25160.07,ACTIVE,PENDING,0.321,RESTRICTED
ACC_000213,CUST_000213,SAVINGS,25231.86,ACTIVE,VERIFIED,0.472,RESTRICTED
ACC_000214,CUST_000214,SAVINGS,26536.38,ACTIVE,PENDING,0.684,RESTRICTED
ACC_000215,CUST_000215,SAVINGS,35534.36,ACTIVE,PENDING,0.024,RESTRICTED
ACC_000216,CUST_000216,SAVINGS,37805.72,ACTIVE,VERIFIED,0.588,RESTRICTED
ACC_000217,CUST_000217,SAVINGS,2402.83,ACTIVE,VERIFIED,0.178,RESTRICTED
ACC_000218,CUST_000218,SAVINGS,6361.7,ACTIVE,VERIFIED,0.324,RESTRICTED
ACC_000219,CUST_000219,SAVINGS,46673.76,ACTIVE,VERIFIED,0.446,RESTRICTED
ACC_000220,CUST_000220,SAVINGS,2484.73,ACTIVE,VERIFIED,0.194,RESTRICTED
ACC_000221,CUST_000221,SAVINGS,35989.16,ACTIVE,VERIFIED,0.304,RESTRICTED
ACC_000222,CUST_000222,SAVINGS,34095.28,ACTIVE,VERIFIED,0.513,RESTRICTED
ACC_000223,CUST_000223,SAVINGS,44869.32,ACTIVE,VERIFIED,0.62,RESTRICTED
ACC_000224,CUST_000224,SAVINGS,12933.31,ACTIVE,VERIFIED,0.09,RESTRICTED
ACC_000225,CUST_000225,SAVINGS,46886.71,ACTIVE,VERIFIED,0.371,RESTRICTED
ACC_000226,CUST_000226,SAVINGS,35300.9,ACTIVE,VERIFIED,0.071,RESTRICTED
ACC_000227,CUST_000227,SAVINGS,25845.1,ACTIVE,VERIFIED,0.241,RESTRICTED
ACC_000228,CUST_000228,SAVINGS,18643.16,ACTIVE,VERIFIED,0.193,RESTRICTED
ACC_000229,CUST_000229,SAVINGS,2332.45,ACTIVE,VERIFIED,0.496,RESTRICTED
ACC_000230,CUST_000230,SAVINGS,33744.78,ACTIVE,VERIFIED,0.225,RESTRICTED
ACC_000231,CUST_000231,SAVINGS,19496.68,ACTIVE,VERIFIED,0.168,RESTRICTED
ACC_000232,CUST_000232,SAVINGS,23123.13,ACTIVE,VERIFIED,0.055,RESTRICTED
ACC_000233,CUST_000233,SAVINGS,22143.63,ACTIVE,VERIFIED,0.236,RESTRICTED
ACC_000234,CUST_000234,SAVINGS,21354.74,ACTIVE,VERIFIED,0.177,RESTRICTED
ACC_000235,CUST_000235,SAVINGS,28468.21,ACTIVE,VERIFIED,0.157,RESTRICTED
ACC_000236,CUST_000236,SAVINGS,37043.22,ACTIVE,VERIFIED,0.108,RESTRICTED
ACC_000237,CUST_000237,SAVINGS,37899.38,ACTIVE,VERIFIED,0.219,RESTRICTED
ACC_000238,CUST_000238,SAVINGS,40914.27,ACTIVE,VERIFIED,0.186,RESTRICTED
ACC_000239,CUST_000239,SAVINGS,49434.48,ACTIVE,VERIFIED,0.215,RESTRICTED
ACC_000240,CUST_000240,SAVINGS,47067.43,ACTIVE,VERIFIED,0.232,RESTRICTED
ACC_000241,CUST_000241,SAVINGS,14187.69,FROZEN,FLAGGED,0.488,RESTRICTED
ACC_000242,CUST_000242,SAVINGS,31615.03,ACTIVE,VERIFIED,0.631,RESTRICTED
ACC_000243,CUST_000243,SAVINGS,17005.69,ACTIVE,VERIFIED,0.492,RESTRICTED
ACC_000244,CUST_000244,SAVINGS,22446.51,ACTIVE,VERIFIED,0.626,RESTRICTED
ACC_000245,CUST_000245,SAVINGS,28754.7,ACTIVE,VERIFIED,0.649,RESTRICTED
ACC_000246,CUST_000246,SAVINGS,13256.0,ACTIVE,VERIFIED,0.263,RESTRICTED
ACC_000247,CUST_000247,SAVINGS,32838.2,ACTIVE,VERIFIED,0.707,RESTRICTED
ACC_000248,CUST_000248,SAVINGS,26922.44,ACTIVE,VERIFIED,0.076,RESTRICTED
ACC_000249,CUST_000249,SAVINGS,14442.04,ACTIVE,VERIFIED,0.169,RESTRICTED
ACC_000250,CUST_000250,SAVINGS,11272.91,ACTIVE,VERIFIED,0.466,RESTRICTED
ACC_000251,CUST_000251,SAVINGS,17255.5,ACTIVE,VERIFIED,0.28,RESTRICTED
ACC_000252,CUST_000252,SAVINGS,21034.51,ACTIVE,VERIFIED,0.301,RESTRICTED
ACC_000253,CUST_000253,SAVINGS,4561.16,ACTIVE,VERIFIED,0.558,RESTRICTED
ACC_000254,CUST_000254,SAVINGS,9359.81,ACTIVE,VERIFIED,0.287,RESTRICTED
ACC_000255,CUST_000255,SAVINGS,15150.62,ACTIVE,VERIFIED,0.399,RESTRICTED
ACC_000256,CUST_000256,SAVINGS,24162.32,ACTIVE,VERIFIED,0.087,RESTRICTED
ACC_000257,CUST_000257,SAVINGS,16020.1,ACTIVE,VERIFIED,0.36,RESTRICTED
ACC_000258,CUST_000258,SAVINGS,12786.18,ACTIVE,VERIFIED,0.182,RESTRICTED
ACC_000259,CUST_000259,SAVINGS,6478.98,ACTIVE,VERIFIED,0.457,RESTRICTED
ACC_000260,CUST_000260,SAVINGS,2381.62,ACTIVE,VERIFIED,0.269,RESTRICTED
ACC_000261,CUST_000261,SAVINGS,12316.49,FROZEN,FLAGGED,0.151,RESTRICTED
ACC_000262,CUST_000262,SAVINGS,39514.95,ACTIVE,VERIFIED,0.146,RESTRICTED
ACC_000263,CUST_000263,SAVINGS,16690.72,ACTIVE,VERIFIED,0.321,RESTRICTED
ACC_000264,CUST_000264,SAVINGS,31017.65,ACTIVE,VERIFIED,0.459,RESTRICTED
ACC_000265,CUST_000265,SAVINGS,8414.05,ACTIVE,VERIFIED,0.264,RESTRICTED
ACC_000266,CUST_000266,SAVINGS,42150.1,ACTIVE,VERIFIED,0.044,RESTRICTED
ACC_000267,CUST_000267,SAVINGS,45222.8,ACTIVE,VERIFIED,0.441,RESTRICTED
ACC_000268,CUST_000268,SAVINGS,2642.02,ACTIVE,VERIFIED,0.072,RESTRICTED
ACC_000269,CUST_000269,SAVINGS,27857.4,ACTIVE,VERIFIED,0.523,RESTRICTED
ACC_000270,CUST_000270,SAVINGS,20828.73,ACTIVE,PENDING,0.068,RESTRICTED
ACC_000271,CUST_000271,SAVINGS,39413.39,ACTIVE,VERIFIED,0.169,RESTRICTED
ACC_000272,CUST_000272,SAVINGS,20250.59,ACTIVE,VERIFIED,0.148,RESTRICTED
ACC_000273,CUST_000273,SAVINGS,4468.81,ACTIVE,VERIFIED,0.407,RESTRICTED
ACC_000274,CUST_000274,SAVINGS,25696.54,ACTIVE,VERIFIED,0.078,RESTRICTED
ACC_000275,CUST_000275,SAVINGS,48746.77,ACTIVE,VERIFIED,0.652,RESTRICTED
ACC_000276,CUST_000276,SAVINGS,30256.53,ACTIVE,VERIFIED,0.175,RESTRICTED
ACC_000277,CUST_000277,SAVINGS,2098.4,ACTIVE,VERIFIED,0.322,RESTRICTED
ACC_000278,CUST_000278,SAVINGS,15987.13,ACTIVE,VERIFIED,0.333,RESTRICTED
ACC_000279,CUST_000279,SAVINGS,18749.83,ACTIVE,VERIFIED,0.326,RESTRICTED
ACC_000280,CUST_000280,SAVINGS,12710.83,ACTIVE,VERIFIED,0.127,RESTRICTED
ACC_000281,CUST_000281,SAVINGS,31576.67,ACTIVE,VERIFIED,0.307,RESTRICTED
ACC_000282,CUST_000282,SAVINGS,6823.9,ACTIVE,VERIFIED,0.519,RESTRICTED
ACC_000283,CUST_000283,SAVINGS,5261.76,ACTIVE,VERIFIED,0.612,RESTRICTED
ACC_000284,CUST_000284,SAVINGS,41077.84,ACTIVE,VERIFIED,0.279,RESTRICTED
ACC_000285,CUST_000285,SAVINGS,6140.13,ACTIVE,VERIFIED,0.232,RESTRICTED
ACC_000286,CUST_000286,SAVINGS,34455.44,ACTIVE,VERIFIED,0.558,RESTRICTED
ACC_000287,CUST_000287,SAVINGS,14962.97,ACTIVE,VERIFIED,0.423,RESTRICTED
ACC_000288,CUST_000288,SAVINGS,33355.87,FROZEN,FLAGGED,0.223,RESTRICTED
ACC_000289,CUST_000289,SAVINGS,2757.49,ACTIVE,VERIFIED,0.314,RESTRICTED
ACC_000290,CUST_000290,SAVINGS,47655.04,ACTIVE,VERIFIED,0.214,RESTRICTED
ACC_000291,CUST_000291,SAVINGS,37384.0,ACTIVE,VERIFIED,0.172,RESTRICTED
ACC_000292,CUST_000292,SAVINGS,24392.98,ACTIVE,VERIFIED,0.214,RESTRICTED
ACC_000293,CUST_000293,SAVINGS,44053.32,ACTIVE,VERIFIED,0.328,RESTRICTED
ACC_000294,CUST_000294,SAVINGS,49463.62,ACTIVE,VERIFIED,0.167,RESTRICTED
ACC_000295,CUST_000295,SAVINGS,8517.09,ACTIVE,PENDING,0.724,RESTRICTED
ACC_000296,CUST_000296,SAVINGS,22081.36,ACTIVE,VERIFIED,0.191,RESTRICTED
ACC_000297,CUST_000297,SAVINGS,36606.51,ACTIVE,VERIFIED,0.086,RESTRICTED
ACC_000298,CUST_000298,SAVINGS,24849.74,FROZEN,FLAGGED,0.44,RESTRICTED
ACC_000299,CUST_000299,SAVINGS,22589.87,ACTIVE,PENDING,0.087,RESTRICTED
ACC_000300,CUST_000300,SAVINGS,14128.05,ACTIVE,VERIFIED,0.294,RESTRICTED
ACC_000301,CUST_000301,SAVINGS,14551.27,ACTIVE,VERIFIED,0.259,RESTRICTED
ACC_000302,CUST_000302,SAVINGS,7294.42,ACTIVE,VERIFIED,0.234,RESTRICTED
ACC_000303,CUST_000303,SAVINGS,26556.98,ACTIVE,VERIFIED,0.628,RESTRICTED
ACC_000304,CUST_000304,SAVINGS,13685.75,ACTIVE,VERIFIED,0.553,RESTRICTED
ACC_000305,CUST_000305,SAVINGS,27209.35,ACTIVE,VERIFIED,0.251,RESTRICTED
ACC_000306,CUST_000306,SAVINGS,5285.78,ACTIVE,VERIFIED,0.466,RESTRICTED
ACC_000307,CUST_000307,SAVINGS,14436.63,ACTIVE,PENDING,0.137,RESTRICTED
ACC_000308,CUST_000308,SAVINGS,21930.41,ACTIVE,VERIFIED,0.252,RESTRICTED
ACC_000309,CUST_000309,SAVINGS,10001.16,ACTIVE,VERIFIED,0.392,RESTRICTED
ACC_000310,CUST_000310,SAVINGS,34653.58,ACTIVE,VERIFIED,0.098,RESTRICTED
ACC_000311,CUST_000311,SAVINGS,34438.77,ACTIVE,VERIFIED,0.087,RESTRICTED
ACC_000312,CUST_000312,SAVINGS,36298.39,ACTIVE,VERIFIED,0.155,RESTRICTED
ACC_000313,CUST_000313,SAVINGS,40185.08,ACTIVE,VERIFIED,0.071,RESTRICTED
ACC_000314,CUST_000314,SAVINGS,3893.22,ACTIVE,VERIFIED,0.4,RESTRICTED
ACC_000315,CUST_000315,SAVINGS,43098.84,ACTIVE,VERIFIED,0.042,RESTRICTED
ACC_000316,CUST_000316,SAVINGS,4991.27,ACTIVE,VERIFIED,0.612,RESTRICTED
ACC_000317,CUST_000317,SAVINGS,41304.42,FROZEN,FLAGGED,0.173,RESTRICTED
ACC_000318,CUST_000318,SAVINGS,1590.3,ACTIVE,VERIFIED,0.552,RESTRICTED
ACC_000319,CUST_000319,SAVINGS,25074.18,ACTIVE,VERIFIED,0.442,RESTRICTED
ACC_000320,CUST_000320,SAVINGS,14719.03,ACTIVE,VERIFIED,0.242,RESTRICTED
ACC_000321,CUST_000321,SAVINGS,30190.71,FROZEN,FLAGGED,0.313,RESTRICTED
ACC_000322,CUST_000322,SAVINGS,1454.6,ACTIVE,VERIFIED,0.395,RESTRICTED
ACC_000323,CUST_000323,SAVINGS,41288.81,ACTIVE,VERIFIED,0.398,RESTRICTED
ACC_000324,CUST_000324,SAVINGS,32227.68,ACTIVE,VERIFIED,0.263,RESTRICTED
ACC_000325,CUST_000325,SAVINGS,18174.17,ACTIVE,VERIFIED,0.236,RESTRICTED
ACC_000326,CUST_000326,SAVINGS,19343.71,ACTIVE,PENDING,0.122,RESTRICTED
ACC_000327,CUST_000327,SAVINGS,49088.36,ACTIVE,VERIFIED,0.436,RESTRICTED
ACC_000328,CUST_000328,SAVINGS,38554.5,ACTIVE,VERIFIED,0.182,RESTRICTED
ACC_000329,CUST_000329,SAVINGS,28885.49,ACTIVE,VERIFIED,0.112,RESTRICTED
ACC_000330,CUST_000330,SAVINGS,18106.22,ACTIVE,PENDING,0.076,RESTRICTED
ACC_000331,CUST_000331,SAVINGS,24676.71,ACTIVE,VERIFIED,0.45,RESTRICTED
ACC_000332,CUST_000332,SAVINGS,43588.46,ACTIVE,VERIFIED,0.232,RESTRICTED
ACC_000333,CUST_000333,SAVINGS,4508.93,ACTIVE,VERIFIED,0.103,RESTRICTED
ACC_000334,CUST_000334,SAVINGS,11529.46,ACTIVE,VERIFIED,0.226,RESTRICTED
ACC_000335,CUST_000335,SAVINGS,22426.71,ACTIVE,VERIFIED,0.236,RESTRICTED
ACC_000336,CUST_000336,SAVINGS,5690.98,FROZEN,FLAGGED,0.261,RESTRICTED
ACC_000337,CUST_000337,SAVINGS,5619.4,ACTIVE,VERIFIED,0.759,RESTRICTED
ACC_000338,CUST_000338,SAVINGS,7291.6,ACTIVE,VERIFIED,0.378,RESTRICTED
ACC_000339,CUST_000339,SAVINGS,2424.9,ACTIVE,VERIFIED,0.467,RESTRICTED
ACC_000340,CUST_000340,SAVINGS,31850.4,ACTIVE,VERIFIED,0.051,RESTRICTED
ACC_000341,CUST_000341,SAVINGS,37214.28,ACTIVE,PENDING,0.02,RESTRICTED
ACC_000342,CUST_000342,SAVINGS,12030.65,ACTIVE,VERIFIED,0.173,RESTRICTED
ACC_000343,CUST_000343,SAVINGS,9350.36,ACTIVE,VERIFIED,0.11,RESTRICTED
ACC_000344,CUST_000344,SAVINGS,23584.66,ACTIVE,VERIFIED,0.287,RESTRICTED
ACC_000345,CUST_000345,SAVINGS,44258.27,ACTIVE,VERIFIED,0.024,RESTRICTED
ACC_000346,CUST_000346,SAVINGS,34912.05,ACTIVE,PENDING,0.172,RESTRICTED
ACC_000347,CUST_000347,SAVINGS,39868.69,ACTIVE,VERIFIED,0.43,RESTRICTED
ACC_000348,CUST_000348,SAVINGS,32324.7,ACTIVE,VERIFIED,0.697,RESTRICTED
ACC_000349,CUST_000349,SAVINGS,46776.27,ACTIVE,VERIFIED,0.383,RESTRICTED
ACC_000350,CUST_000350,SAVINGS,15735.75,ACTIVE,VERIFIED,0.214,RESTRICTED
ACC_000351,CUST_000351,SAVINGS,39703.68,ACTIVE,PENDING,0.348,RESTRICTED
ACC_000352,CUST_000352,SAVINGS,12226.18,ACTIVE,VERIFIED,0.301,RESTRICTED
ACC_000353,CUST_000353,SAVINGS,39073.55,ACTIVE,VERIFIED,0.495,RESTRICTED
ACC_000354,CUST_000354,SAVINGS,38495.12,ACTIVE,VERIFIED,0.365,RESTRICTED
ACC_000355,CUST_000355,SAVINGS,26850.23,ACTIVE,VERIFIED,0.4,RESTRICTED
ACC_000356,CUST_000356,SAVINGS,5168.22,ACTIVE,VERIFIED,0.169,RESTRICTED
ACC_000357,CUST_000357,SAVINGS,15395.17,ACTIVE,VERIFIED,0.33,RESTRICTED
ACC_000358,CUST_000358,SAVINGS,25700.18,FROZEN,FLAGGED,0.364,RESTRICTED
ACC_000359,CUST_000359,SAVINGS,46633.43,ACTIVE,VERIFIED,0.527,RESTRICTED
ACC_000360,CUST_000360,SAVINGS,42752.88,ACTIVE,PENDING,0.203,RESTRICTED
ACC_000361,CUST_000361,SAVINGS,16414.93,FROZEN,FLAGGED,0.434,RESTRICTED
ACC_000362,CUST_000362,SAVINGS,8133.36,ACTIVE,VERIFIED,0.218,RESTRICTED
ACC_000363,CUST_000363,SAVINGS,42755.16,ACTIVE,VERIFIED,0.164,RESTRICTED
ACC_000364,CUST_000364,SAVINGS,34186.18,ACTIVE,PENDING,0.375,RESTRICTED
ACC_000365,CUST_000365,SAVINGS,1193.55,ACTIVE,VERIFIED,0.141,RESTRICTED
ACC_000366,CUST_000366,SAVINGS,13818.92,ACTIVE,PENDING,0.053,RESTRICTED
ACC_000367,CUST_000367,SAVINGS,26733.01,ACTIVE,VERIFIED,0.349,RESTRICTED
ACC_000368,CUST_000368,SAVINGS,23370.49,ACTIVE,PENDING,0.627,RESTRICTED
ACC_000369,CUST_000369,SAVINGS,43504.66,ACTIVE,PENDING,0.03,RESTRICTED
ACC_000370,CUST_000370,SAVINGS,18216.52,ACTIVE,PENDING,0.283,RESTRICTED
ACC_000371,CUST_000371,SAVINGS,34579.44,ACTIVE,VERIFIED,0.209,RESTRICTED
ACC_000372,CUST_000372,SAVINGS,43550.76,ACTIVE,VERIFIED,0.425,RESTRICTED
ACC_000373,CUST_000373,SAVINGS,38004.19,ACTIVE,VERIFIED,0.153,RESTRICTED
ACC_000374,CUST_000374,SAVINGS,35160.02,ACTIVE,VERIFIED,0.219,RESTRICTED
ACC_000375,CUST_000375,SAVINGS,26255.11,ACTIVE,PENDING,0.325,RESTRICTED
ACC_000376,CUST_000376,SAVINGS,34611.16,ACTIVE,VERIFIED,0.412,RESTRICTED
ACC_000377,CUST_000377,SAVINGS,22119.94,ACTIVE,VERIFIED,0.256,RESTRICTED
ACC_000378,CUST_000378,SAVINGS,47636.87,ACTIVE,VERIFIED,0.471,RESTRICTED
ACC_000379,CUST_000379,SAVINGS,30458.16,ACTIVE,VERIFIED,0.499,RESTRICTED
ACC_000380,CUST_000380,SAVINGS,4116.58,ACTIVE,VERIFIED,0.424,RESTRICTED
ACC_000381,CUST_000381,SAVINGS,31766.7,ACTIVE,VERIFIED,0.129,RESTRICTED
ACC_000382,CUST_000382,SAVINGS,9902.57,ACTIVE,VERIFIED,0.324,RESTRICTED
ACC_000383,CUST_000383,SAVINGS,24203.72,ACTIVE,PENDING,0.25,RESTRICTED
ACC_000384,CUST_000384,SAVINGS,42836.76,ACTIVE,VERIFIED,0.279,RESTRICTED
ACC_000385,CUST_000385,SAVINGS,38778.67,ACTIVE,VERIFIED,0.394,RESTRICTED
ACC_000386,CUST_000386,SAVINGS,18124.19,ACTIVE,VERIFIED,0.139,RESTRICTED
ACC_000387,CUST_000387,SAVINGS,28990.32,ACTIVE,VERIFIED,0.272,RESTRICTED
ACC_000388,CUST_000388,SAVINGS,47668.13,ACTIVE,PENDING,0.355,RESTRICTED
ACC_000389,CUST_000389,SAVINGS,1988.68,ACTIVE,VERIFIED,0.227,RESTRICTED
ACC_000390,CUST_000390,SAVINGS,34710.0,ACTIVE,VERIFIED,0.306,RESTRICTED
ACC_000391,CUST_000391,SAVINGS,39071.0,ACTIVE,VERIFIED,0.106,RESTRICTED
ACC_000392,CUST_000392,SAVINGS,13578.78,ACTIVE,VERIFIED,0.321,RESTRICTED
ACC_000393,CUST_000393,SAVINGS,26760.03,ACTIVE,VERIFIED,0.072,RESTRICTED
ACC_000394,CUST_000394,SAVINGS,16463.19,ACTIVE,VERIFIED,0.245,RESTRICTED
ACC_000395,CUST_000395,SAVINGS,37796.38,ACTIVE,VERIFIED,0.255,RESTRICTED
ACC_000396,CUST_000396,SAVINGS,43094.43,FROZEN,FLAGGED,0.331,RESTRICTED
ACC_000397,CUST_000397,SAVINGS,21373.35,ACTIVE,VERIFIED,0.01,RESTRICTED
ACC_000398,CUST_000398,SAVINGS,37903.12,ACTIVE,VERIFIED,0.042,RESTRICTED
ACC_000399,CUST_000399,SAVINGS,6154.05,ACTIVE,VERIFIED,0.343,RESTRICTED
ACC_000400,CUST_000400,SAVINGS,12666.0,ACTIVE,VERIFIED,0.651,RESTRICTED
ACC_000401,CUST_000401,SAVINGS,25179.14,ACTIVE,VERIFIED,0.239,RESTRICTED
ACC_000402,CUST_000402,SAVINGS,17284.92,ACTIVE,VERIFIED,0.531,RESTRICTED
ACC_000403,CUST_000403,SAVINGS,21516.76,ACTIVE,VERIFIED,0.278,RESTRICTED
ACC_000404,CUST_000404,SAVINGS,27015.75,ACTIVE,VERIFIED,0.413,RESTRICTED
ACC_000405,CUST_000405,SAVINGS,22111.66,ACTIVE,VERIFIED,0.357,RESTRICTED
ACC_000406,CUST_000406,SAVINGS,31589.27,ACTIVE,VERIFIED,0.136,RESTRICTED
ACC_000407,CUST_000407,SAVINGS,16682.17,ACTIVE,PENDING,0.39,RESTRICTED
ACC_000408,CUST_000408,SAVINGS,46232.74,ACTIVE,VERIFIED,0.181,RESTRICTED
ACC_000409,CUST_000409,SAVINGS,36584.49,ACTIVE,VERIFIED,0.092,RESTRICTED
ACC_000410,CUST_000410,SAVINGS,20634.1,ACTIVE,VERIFIED,0.083,RESTRICTED
ACC_000411,CUST_000411,SAVINGS,35072.43,FROZEN,FLAGGED,0.305,RESTRICTED
ACC_000412,CUST_000412,SAVINGS,11249.44,ACTIVE,VERIFIED,0.157,RESTRICTED
ACC_000413,CUST_000413,SAVINGS,28227.92,ACTIVE,VERIFIED,0.112,RESTRICTED
ACC_000414,CUST_000414,SAVINGS,44750.56,ACTIVE,VERIFIED,0.164,RESTRICTED
ACC_000415,CUST_000415,SAVINGS,36232.5,ACTIVE,VERIFIED,0.052,RESTRICTED
ACC_000416,CUST_000416,SAVINGS,17707.57,FROZEN,FLAGGED,0.116,RESTRICTED
ACC_000417,CUST_000417,SAVINGS,37539.27,ACTIVE,PENDING,0.389,RESTRICTED
ACC_000418,CUST_000418,SAVINGS,6203.75,ACTIVE,VERIFIED,0.121,RESTRICTED
ACC_000419,CUST_000419,SAVINGS,23199.0,ACTIVE,VERIFIED,0.093,RESTRICTED
ACC_000420,CUST_000420,SAVINGS,20624.21,ACTIVE,PENDING,0.36,RESTRICTED
ACC_000421,CUST_000421,SAVINGS,14491.65,ACTIVE,VERIFIED,0.528,RESTRICTED
ACC_000422,CUST_000422,SAVINGS,18649.78,ACTIVE,VERIFIED,0.265,RESTRICTED
ACC_000423,CUST_000423,SAVINGS,28319.34,ACTIVE,VERIFIED,0.037,RESTRICTED
ACC_000424,CUST_000424,SAVINGS,3622.08,ACTIVE,VERIFIED,0.116,RESTRICTED
ACC_000425,CUST_000425,SAVINGS,5241.11,ACTIVE,VERIFIED,0.48,RESTRICTED
ACC_000426,CUST_000426,SAVINGS,38088.34,ACTIVE,VERIFIED,0.409,RESTRICTED
ACC_000427,CUST_000427,SAVINGS,43287.79,ACTIVE,VERIFIED,0.09,RESTRICTED
ACC_000428,CUST_000428,SAVINGS,42682.44,ACTIVE,VERIFIED,0.44,RESTRICTED
ACC_000429,CUST_000429,SAVINGS,4011.14,FROZEN,FLAGGED,0.062,RESTRICTED
ACC_000430,CUST_000430,SAVINGS,14730.65,ACTIVE,VERIFIED,0.093,RESTRICTED
ACC_000431,CUST_000431,SAVINGS,23672.91,ACTIVE,VERIFIED,0.082,RESTRICTED
ACC_000432,CUST_000432,SAVINGS,3635.44,ACTIVE,VERIFIED,0.399,RESTRICTED
ACC_000433,CUST_000433,SAVINGS,45877.01,ACTIVE,VERIFIED,0.376,RESTRICTED
ACC_000434,CUST_000434,SAVINGS,14620.55,ACTIVE,VERIFIED,0.424,RESTRICTED
ACC_000435,CUST_000435,SAVINGS,8501.38,ACTIVE,VERIFIED,0.098,RESTRICTED
ACC_000436,CUST_000436,SAVINGS,29588.94,ACTIVE,VERIFIED,0.311,RESTRICTED
ACC_000437,CUST_000437,SAVINGS,33490.7,ACTIVE,VERIFIED,0.303,RESTRICTED
ACC_000438,CUST_000438,SAVINGS,35905.7,ACTIVE,VERIFIED,0.117,RESTRICTED
ACC_000439,CUST_000439,SAVINGS,19581.05,ACTIVE,VERIFIED,0.271,RESTRICTED
ACC_000440,CUST_000440,SAVINGS,44069.78,ACTIVE,VERIFIED,0.237,RESTRICTED
ACC_000441,CUST_000441,SAVINGS,18632.55,ACTIVE,VERIFIED,0.095,RESTRICTED
ACC_000442,CUST_000442,SAVINGS,4361.18,ACTIVE,VERIFIED,0.397,RESTRICTED
ACC_000443,CUST_000443,SAVINGS,41354.9,ACTIVE,VERIFIED,0.482,RESTRICTED
ACC_000444,CUST_000444,SAVINGS,29359.82,ACTIVE,VERIFIED,0.144,RESTRICTED
ACC_000445,CUST_000445,SAVINGS,23345.91,ACTIVE,VERIFIED,0.519,RESTRICTED
ACC_000446,CUST_000446,SAVINGS,16558.86,ACTIVE,VERIFIED,0.324,RESTRICTED
ACC_000447,CUST_000447,SAVINGS,39780.41,ACTIVE,VERIFIED,0.369,RESTRICTED
ACC_000448,CUST_000448,SAVINGS,37316.3,ACTIVE,VERIFIED,0.174,RESTRICTED
ACC_000449,CUST_000449,SAVINGS,47501.01,ACTIVE,PENDING,0.326,RESTRICTED
ACC_000450,CUST_000450,SAVINGS,22732.15,ACTIVE,VERIFIED,0.302,RESTRICTED
ACC_000451,CUST_000451,SAVINGS,24664.47,ACTIVE,PENDING,0.23,RESTRICTED
ACC_000452,CUST_000452,SAVINGS,19880.05,ACTIVE,VERIFIED,0.326,RESTRICTED
ACC_000453,CUST_000453,SAVINGS,45791.2,ACTIVE,VERIFIED,0.123,RESTRICTED
ACC_000454,CUST_000454,SAVINGS,22234.86,ACTIVE,PENDING,0.087,RESTRICTED
ACC_000455,CUST_000455,SAVINGS,46805.4,ACTIVE,VERIFIED,0.279,RESTRICTED
ACC_000456,CUST_000456,SAVINGS,17732.61,ACTIVE,VERIFIED,0.197,RESTRICTED
ACC_000457,CUST_000457,SAVINGS,4554.24,ACTIVE,VERIFIED,0.361,RESTRICTED
ACC_000458,CUST_000458,SAVINGS,34802.42,ACTIVE,VERIFIED,0.124,RESTRICTED
ACC_000459,CUST_000459,SAVINGS,35736.44,ACTIVE,VERIFIED,0.114,RESTRICTED
ACC_000460,CUST_000460,SAVINGS,44300.25,ACTIVE,VERIFIED,0.373,RESTRICTED
ACC_000461,CUST_000461,SAVINGS,38681.53,ACTIVE,VERIFIED,0.328,RESTRICTED
ACC_000462,CUST_000462,SAVINGS,2553.96,ACTIVE,PENDING,0.177,RESTRICTED
ACC_000463,CUST_000463,SAVINGS,12394.0,ACTIVE,VERIFIED,0.364,RESTRICTED
ACC_000464,CUST_000464,SAVINGS,24124.82,ACTIVE,VERIFIED,0.24,RESTRICTED
ACC_000465,CUST_000465,SAVINGS,41076.89,ACTIVE,VERIFIED,0.017,RESTRICTED
ACC_000466,CUST_000466,SAVINGS,24355.07,ACTIVE,VERIFIED,0.254,RESTRICTED
ACC_000467,CUST_000467,SAVINGS,22266.93,ACTIVE,VERIFIED,0.199,RESTRICTED
ACC_000468,CUST_000468,SAVINGS,19059.54,ACTIVE,PENDING,0.303,RESTRICTED
ACC_000469,CUST_000469,SAVINGS,22783.07,ACTIVE,VERIFIED,0.215,RESTRICTED
ACC_000470,CUST_000470,SAVINGS,12472.56,ACTIVE,VERIFIED,0.409,RESTRICTED
ACC_000471,CUST_000471,SAVINGS,20043.47,ACTIVE,VERIFIED,0.241,RESTRICTED
ACC_000472,CUST_000472,SAVINGS,14558.53,ACTIVE,VERIFIED,0.144,RESTRICTED
ACC_000473,CUST_000473,SAVINGS,30839.62,ACTIVE,VERIFIED,0.268,RESTRICTED
ACC_000474,CUST_000474,SAVINGS,46276.59,ACTIVE,PENDING,0.068,RESTRICTED
ACC_000475,CUST_000475,SAVINGS,9716.36,ACTIVE,VERIFIED,0.206,RESTRICTED
ACC_000476,CUST_000476,SAVINGS,21812.52,ACTIVE,PENDING,0.301,RESTRICTED
ACC_000477,CUST_000477,SAVINGS,40700.27,ACTIVE,VERIFIED,0.219,RESTRICTED
ACC_000478,CUST_000478,SAVINGS,30549.29,ACTIVE,VERIFIED,0.338,RESTRICTED
ACC_000479,CUST_000479,SAVINGS,36599.68,ACTIVE,VERIFIED,0.201,RESTRICTED
ACC_000480,CUST_000480,SAVINGS,27437.21,ACTIVE,VERIFIED,0.361,RESTRICTED
ACC_000481,CUST_000481,SAVINGS,4961.51,ACTIVE,PENDING,0.351,RESTRICTED
ACC_000482,CUST_000482,SAVINGS,15576.65,ACTIVE,PENDING,0.319,RESTRICTED
ACC_000483,CUST_000483,SAVINGS,4350.08,ACTIVE,VERIFIED,0.459,RESTRICTED
ACC_000484,CUST_000484,SAVINGS,46858.18,ACTIVE,VERIFIED,0.3,RESTRICTED
ACC_000485,CUST_000485,SAVINGS,37601.81,ACTIVE,VERIFIED,0.47,RESTRICTED
ACC_000486,CUST_000486,SAVINGS,17790.54,ACTIVE,VERIFIED,0.283,RESTRICTED
ACC_000487,CUST_000487,SAVINGS,30514.53,ACTIVE,VERIFIED,0.237,RESTRICTED
ACC_000488,CUST_000488,SAVINGS,35391.87,ACTIVE,VERIFIED,0.089,RESTRICTED
ACC_000489,CUST_000489,SAVINGS,49239.42,ACTIVE,VERIFIED,0.16,RESTRICTED
ACC_000490,CUST_000490,SAVINGS,10103.7,ACTIVE,VERIFIED,0.335,RESTRICTED
ACC_000491,CUST_000491,SAVINGS,40098.8,ACTIVE,VERIFIED,0.548,RESTRICTED
ACC_000492,CUST_000492,SAVINGS,4304.76,ACTIVE,VERIFIED,0.192,RESTRICTED
ACC_000493,CUST_000493,SAVINGS,40327.4,ACTIVE,VERIFIED,0.31,RESTRICTED
ACC_000494,CUST_000494,SAVINGS,41808.12,ACTIVE,VERIFIED,0.224,RESTRICTED
ACC_000495,CUST_000495,SAVINGS,44378.12,ACTIVE,VERIFIED,0.421,RESTRICTED
ACC_000496,CUST_000496,SAVINGS,37681.21,ACTIVE,VERIFIED,0.183,RESTRICTED
ACC_000497,CUST_000497,SAVINGS,43779.24,ACTIVE,VERIFIED,0.147,RESTRICTED
ACC_000498,CUST_000498,SAVINGS,40551.25,ACTIVE,VERIFIED,0.15,RESTRICTED
ACC_000499,CUST_000499,SAVINGS,42735.55,FROZEN,FLAGGED,0.127,RESTRICTED
ACC_000500,CUST_000500,SAVINGS,19758.9,ACTIVE,VERIFIED,0.65,RESTRICTED
ACC_000501,CUST_000501,SAVINGS,10390.51,ACTIVE,VERIFIED,0.393,RESTRICTED
ACC_000502,CUST_000502,SAVINGS,5759.53,ACTIVE,VERIFIED,0.109,RESTRICTED
ACC_000503,CUST_000503,SAVINGS,28537.67,ACTIVE,PENDING,0.158,RESTRICTED
ACC_000504,CUST_000504,SAVINGS,24134.88,ACTIVE,VERIFIED,0.074,RESTRICTED
ACC_000505,CUST_000505,SAVINGS,44596.97,ACTIVE,VERIFIED,0.442,RESTRICTED
ACC_000506,CUST_000506,SAVINGS,12908.75,ACTIVE,VERIFIED,0.133,RESTRICTED
ACC_000507,CUST_000507,SAVINGS,6074.67,FROZEN,FLAGGED,0.362,RESTRICTED
ACC_000508,CUST_000508,SAVINGS,48300.19,ACTIVE,VERIFIED,0.205,RESTRICTED
ACC_000509,CUST_000509,SAVINGS,32873.21,ACTIVE,VERIFIED,0.154,RESTRICTED
ACC_000510,CUST_000510,SAVINGS,33965.61,ACTIVE,VERIFIED,0.32,RESTRICTED
ACC_000511,CUST_000511,SAVINGS,21312.68,ACTIVE,VERIFIED,0.463,RESTRICTED
ACC_000512,CUST_000512,SAVINGS,44731.94,ACTIVE,VERIFIED,0.305,RESTRICTED
ACC_000513,CUST_000513,SAVINGS,4338.34,ACTIVE,VERIFIED,0.169,RESTRICTED
ACC_000514,CUST_000514,SAVINGS,17091.33,ACTIVE,VERIFIED,0.126,RESTRICTED
ACC_000515,CUST_000515,SAVINGS,1850.84,ACTIVE,VERIFIED,0.217,RESTRICTED
ACC_000516,CUST_000516,SAVINGS,26668.77,ACTIVE,VERIFIED,0.348,RESTRICTED
ACC_000517,CUST_000517,SAVINGS,16066.56,ACTIVE,VERIFIED,0.443,RESTRICTED
ACC_000518,CUST_000518,SAVINGS,24488.32,ACTIVE,VERIFIED,0.254,RESTRICTED
ACC_000519,CUST_000519,SAVINGS,43001.74,ACTIVE,VERIFIED,0.031,RESTRICTED
ACC_000520,CUST_000520,SAVINGS,29882.99,ACTIVE,VERIFIED,0.31,RESTRICTED
ACC_000521,CUST_000521,SAVINGS,48554.93,ACTIVE,VERIFIED,0.602,RESTRICTED
ACC_000522,CUST_000522,SAVINGS,2485.79,ACTIVE,VERIFIED,0.115,RESTRICTED
ACC_000523,CUST_000523,SAVINGS,49765.92,ACTIVE,VERIFIED,0.237,RESTRICTED
ACC_000524,CUST_000524,SAVINGS,37163.55,ACTIVE,VERIFIED,0.123,RESTRICTED
ACC_000525,CUST_000525,SAVINGS,3889.59,ACTIVE,VERIFIED,0.505,RESTRICTED
ACC_000526,CUST_000526,SAVINGS,41121.91,ACTIVE,VERIFIED,0.271,RESTRICTED
ACC_000527,CUST_000527,SAVINGS,30628.81,ACTIVE,VERIFIED,0.366,RESTRICTED
ACC_000528,CUST_000528,SAVINGS,13692.21,ACTIVE,VERIFIED,0.26,RESTRICTED
ACC_000529,CUST_000529,SAVINGS,36954.53,ACTIVE,VERIFIED,0.031,RESTRICTED
ACC_000530,CUST_000530,SAVINGS,21437.48,ACTIVE,VERIFIED,0.339,RESTRICTED
ACC_000531,CUST_000531,SAVINGS,20748.07,ACTIVE,VERIFIED,0.621,RESTRICTED
ACC_000532,CUST_000532,SAVINGS,14555.42,ACTIVE,VERIFIED,0.2,RESTRICTED
ACC_000533,CUST_000533,SAVINGS,15963.91,ACTIVE,VERIFIED,0.124,RESTRICTED
ACC_000534,CUST_000534,SAVINGS,14881.75,ACTIVE,VERIFIED,0.279,RESTRICTED
ACC_000535,CUST_000535,SAVINGS,4495.99,ACTIVE,VERIFIED,0.162,RESTRICTED
ACC_000536,CUST_000536,SAVINGS,9320.2,ACTIVE,VERIFIED,0.352,RESTRICTED
ACC_000537,CUST_000537,SAVINGS,49843.11,FROZEN,FLAGGED,0.399,RESTRICTED
ACC_000538,CUST_000538,SAVINGS,16832.3,ACTIVE,VERIFIED,0.501,RESTRICTED
ACC_000539,CUST_000539,SAVINGS,15479.9,ACTIVE,PENDING,0.219,RESTRICTED
ACC_000540,CUST_000540,SAVINGS,46725.13,ACTIVE,VERIFIED,0.11,RESTRICTED
ACC_000541,CUST_000541,SAVINGS,46303.75,ACTIVE,VERIFIED,0.376,RESTRICTED
ACC_000542,CUST_000542,SAVINGS,48272.65,ACTIVE,VERIFIED,0.641,RESTRICTED
ACC_000543,CUST_000543,SAVINGS,47160.22,ACTIVE,VERIFIED,0.191,RESTRICTED
ACC_000544,CUST_000544,SAVINGS,6444.42,ACTIVE,VERIFIED,0.215,RESTRICTED
ACC_000545,CUST_000545,SAVINGS,31861.96,ACTIVE,VERIFIED,0.159,RESTRICTED
ACC_000546,CUST_000546,SAVINGS,22936.41,ACTIVE,VERIFIED,0.4,RESTRICTED
ACC_000547,CUST_000547,SAVINGS,25476.88,ACTIVE,VERIFIED,0.185,RESTRICTED
ACC_000548,CUST_000548,SAVINGS,6193.12,ACTIVE,VERIFIED,0.197,RESTRICTED
ACC_000549,CUST_000549,SAVINGS,18909.69,ACTIVE,VERIFIED,0.493,RESTRICTED
ACC_000550,CUST_000550,SAVINGS,14466.13,ACTIVE,VERIFIED,0.383,RESTRICTED
ACC_000551,CUST_000551,SAVINGS,30053.5,ACTIVE,VERIFIED,0.239,RESTRICTED
ACC_000552,CUST_000552,SAVINGS,39811.05,ACTIVE,VERIFIED,0.262,RESTRICTED
ACC_000553,CUST_000553,SAVINGS,37576.59,ACTIVE,VERIFIED,0.691,RESTRICTED
ACC_000554,CUST_000554,SAVINGS,37285.28,ACTIVE,VERIFIED,0.37,RESTRICTED
ACC_000555,CUST_000555,SAVINGS,23533.08,ACTIVE,PENDING,0.457,RESTRICTED
ACC_000556,CUST_000556,SAVINGS,45493.93,ACTIVE,VERIFIED,0.595,RESTRICTED
ACC_000557,CUST_000557,SAVINGS,48989.52,FROZEN,FLAGGED,0.089,RESTRICTED
ACC_000558,CUST_000558,SAVINGS,22272.81,ACTIVE,VERIFIED,0.336,RESTRICTED
ACC_000559,CUST_000559,SAVINGS,20204.4,ACTIVE,VERIFIED,0.293,RESTRICTED
ACC_000560,CUST_000560,SAVINGS,36360.33,ACTIVE,VERIFIED,0.608,RESTRICTED
ACC_000561,CUST_000561,SAVINGS,23534.92,ACTIVE,PENDING,0.249,RESTRICTED
ACC_000562,CUST_000562,SAVINGS,4525.2,FROZEN,FLAGGED,0.129,RESTRICTED
ACC_000563,CUST_000563,SAVINGS,25193.22,ACTIVE,VERIFIED,0.127,RESTRICTED
ACC_000564,CUST_000564,SAVINGS,44999.68,ACTIVE,VERIFIED,0.228,RESTRICTED
ACC_000565,CUST_000565,SAVINGS,42434.17,ACTIVE,VERIFIED,0.346,RESTRICTED
ACC_000566,CUST_000566,SAVINGS,30864.56,FROZEN,FLAGGED,0.235,RESTRICTED
ACC_000567,CUST_000567,SAVINGS,33977.69,ACTIVE,VERIFIED,0.276,RESTRICTED
ACC_000568,CUST_000568,SAVINGS,32457.66,ACTIVE,VERIFIED,0.221,RESTRICTED
ACC_000569,CUST_000569,SAVINGS,38763.5,ACTIVE,VERIFIED,0.645,RESTRICTED
ACC_000570,CUST_000570,SAVINGS,13481.64,ACTIVE,VERIFIED,0.188,RESTRICTED
ACC_000571,CUST_000571,SAVINGS,49877.74,ACTIVE,PENDING,0.4,RESTRICTED
ACC_000572,CUST_000572,SAVINGS,33519.22,ACTIVE,VERIFIED,0.315,RESTRICTED
ACC_000573,CUST_000573,SAVINGS,20017.41,ACTIVE,VERIFIED,0.64,RESTRICTED
ACC_000574,CUST_000574,SAVINGS,5816.43,ACTIVE,VERIFIED,0.594,RESTRICTED
ACC_000575,CUST_000575,SAVINGS,22925.3,ACTIVE,VERIFIED,0.078,RESTRICTED
ACC_000576,CUST_000576,SAVINGS,14086.41,ACTIVE,VERIFIED,0.051,RESTRICTED
ACC_000577,CUST_000577,SAVINGS,23050.89,ACTIVE,PENDING,0.198,RESTRICTED
ACC_000578,CUST_000578,SAVINGS,36062.03,ACTIVE,VERIFIED,0.232,RESTRICTED
ACC_000579,CUST_000579,SAVINGS,39732.03,ACTIVE,VERIFIED,0.464,RESTRICTED
ACC_000580,CUST_000580,SAVINGS,42108.19,ACTIVE,VERIFIED,0.206,RESTRICTED
ACC_000581,CUST_000581,SAVINGS,47403.37,ACTIVE,VERIFIED,0.071,RESTRICTED
ACC_000582,CUST_000582,SAVINGS,31192.75,ACTIVE,VERIFIED,0.17,RESTRICTED
ACC_000583,CUST_000583,SAVINGS,13534.16,ACTIVE,VERIFIED,0.149,RESTRICTED
ACC_000584,CUST_000584,SAVINGS,21446.76,ACTIVE,VERIFIED,0.324,RESTRICTED
ACC_000585,CUST_000585,SAVINGS,12749.68,ACTIVE,PENDING,0.244,RESTRICTED
ACC_000586,CUST_000586,SAVINGS,14436.79,ACTIVE,VERIFIED,0.171,RESTRICTED
ACC_000587,CUST_000587,SAVINGS,19595.12,ACTIVE,VERIFIED,0.444,RESTRICTED
ACC_000588,CUST_000588,SAVINGS,42300.61,ACTIVE,VERIFIED,0.123,RESTRICTED
ACC_000589,CUST_000589,SAVINGS,41773.54,ACTIVE,VERIFIED,0.109,RESTRICTED
ACC_000590,CUST_000590,SAVINGS,9429.24,ACTIVE,VERIFIED,0.552,RESTRICTED
ACC_000591,CUST_000591,SAVINGS,42362.95,ACTIVE,VERIFIED,0.697,RESTRICTED
ACC_000592,CUST_000592,SAVINGS,47789.47,ACTIVE,VERIFIED,0.155,RESTRICTED
ACC_000593,CUST_000593,SAVINGS,5476.2,ACTIVE,VERIFIED,0.14,RESTRICTED
ACC_000594,CUST_000594,SAVINGS,7844.4,ACTIVE,VERIFIED,0.212,RESTRICTED
ACC_000595,CUST_000595,SAVINGS,8573.88,ACTIVE,VERIFIED,0.046,RESTRICTED
ACC_000596,CUST_000596,SAVINGS,25634.36,ACTIVE,VERIFIED,0.356,RESTRICTED
ACC_000597,CUST_000597,SAVINGS,32167.95,ACTIVE,VERIFIED,0.809,RESTRICTED
ACC_000598,CUST_000598,SAVINGS,18547.44,ACTIVE,VERIFIED,0.736,RESTRICTED
ACC_000599,CUST_000599,SAVINGS,16097.98,ACTIVE,VERIFIED,0.254,RESTRICTED
ACC_000600,CUST_000600,SAVINGS,26735.0,FROZEN,FLAGGED,0.303,RESTRICTED
ACC_000601,CUST_000601,SAVINGS,49997.15,ACTIVE,VERIFIED,0.074,RESTRICTED
ACC_000602,CUST_000602,SAVINGS,40042.04,ACTIVE,PENDING,0.139,RESTRICTED
ACC_000603,CUST_000603,SAVINGS,9606.92,ACTIVE,VERIFIED,0.072,RESTRICTED
ACC_000604,CUST_000604,SAVINGS,24358.5,ACTIVE,VERIFIED,0.211,RESTRICTED
ACC_000605,CUST_000605,SAVINGS,47539.38,ACTIVE,VERIFIED,0.227,RESTRICTED
ACC_000606,CUST_000606,SAVINGS,34785.06,ACTIVE,VERIFIED,0.174,RESTRICTED
ACC_000607,CUST_000607,SAVINGS,4458.87,ACTIVE,VERIFIED,0.353,RESTRICTED
ACC_000608,CUST_000608,SAVINGS,8025.85,ACTIVE,VERIFIED,0.195,RESTRICTED
ACC_000609,CUST_000609,SAVINGS,29040.53,ACTIVE,VERIFIED,0.316,RESTRICTED
ACC_000610,CUST_000610,SAVINGS,14910.01,ACTIVE,VERIFIED,0.432,RESTRICTED
ACC_000611,CUST_000611,SAVINGS,13409.43,ACTIVE,VERIFIED,0.449,RESTRICTED
ACC_000612,CUST_000612,SAVINGS,9086.13,ACTIVE,PENDING,0.145,RESTRICTED
ACC_000613,CUST_000613,SAVINGS,4555.24,ACTIVE,VERIFIED,0.28,RESTRICTED
ACC_000614,CUST_000614,SAVINGS,13372.81,ACTIVE,VERIFIED,0.164,RESTRICTED
ACC_000615,CUST_000615,SAVINGS,32044.25,ACTIVE,VERIFIED,0.223,RESTRICTED
ACC_000616,CUST_000616,SAVINGS,33109.48,ACTIVE,VERIFIED,0.131,RESTRICTED
ACC_000617,CUST_000617,SAVINGS,21802.41,ACTIVE,VERIFIED,0.053,RESTRICTED
ACC_000618,CUST_000618,SAVINGS,3947.65,ACTIVE,VERIFIED,0.175,RESTRICTED
ACC_000619,CUST_000619,SAVINGS,37165.32,ACTIVE,VERIFIED,0.355,RESTRICTED
ACC_000620,CUST_000620,SAVINGS,39968.5,ACTIVE,VERIFIED,0.169,RESTRICTED
ACC_000621,CUST_000621,SAVINGS,42469.75,ACTIVE,VERIFIED,0.411,RESTRICTED
ACC_000622,CUST_000622,SAVINGS,16207.81,ACTIVE,VERIFIED,0.302,RESTRICTED
ACC_000623,CUST_000623,SAVINGS,20649.77,ACTIVE,VERIFIED,0.239,RESTRICTED
ACC_000624,CUST_000624,SAVINGS,2198.45,ACTIVE,VERIFIED,0.313,RESTRICTED
ACC_000625,CUST_000625,SAVINGS,42661.89,ACTIVE,VERIFIED,0.33,RESTRICTED
ACC_000626,CUST_000626,SAVINGS,19870.61,ACTIVE,VERIFIED,0.469,RESTRICTED
ACC_000627,CUST_000627,SAVINGS,10934.28,ACTIVE,VERIFIED,0.158,RESTRICTED
ACC_000628,CUST_000628,SAVINGS,46879.16,ACTIVE,VERIFIED,0.183,RESTRICTED
ACC_000629,CUST_000629,SAVINGS,34060.92,ACTIVE,VERIFIED,0.4,RESTRICTED
ACC_000630,CUST_000630,SAVINGS,44061.92,ACTIVE,VERIFIED,0.182,RESTRICTED
ACC_000631,CUST_000631,SAVINGS,19657.77,ACTIVE,VERIFIED,0.227,RESTRICTED
ACC_000632,CUST_000632,SAVINGS,28050.94,ACTIVE,VERIFIED,0.323,RESTRICTED
ACC_000633,CUST_000633,SAVINGS,43298.5,ACTIVE,PENDING,0.153,RESTRICTED
ACC_000634,CUST_000634,SAVINGS,5736.63,ACTIVE,VERIFIED,0.501,RESTRICTED
ACC_000635,CUST_000635,SAVINGS,42547.74,ACTIVE,VERIFIED,0.12,RESTRICTED
ACC_000636,CUST_000636,SAVINGS,13367.95,ACTIVE,PENDING,0.06,RESTRICTED
ACC_000637,CUST_000637,SAVINGS,30386.47,ACTIVE,VERIFIED,0.235,RESTRICTED
ACC_000638,CUST_000638,SAVINGS,21198.59,ACTIVE,PENDING,0.581,RESTRICTED
ACC_000639,CUST_000639,SAVINGS,45309.62,FROZEN,FLAGGED,0.266,RESTRICTED
ACC_000640,CUST_000640,SAVINGS,32429.76,ACTIVE,VERIFIED,0.115,RESTRICTED
ACC_000641,CUST_000641,SAVINGS,2906.55,ACTIVE,VERIFIED,0.117,RESTRICTED
ACC_000642,CUST_000642,SAVINGS,39142.99,ACTIVE,VERIFIED,0.099,RESTRICTED
ACC_000643,CUST_000643,SAVINGS,47879.7,ACTIVE,VERIFIED,0.479,RESTRICTED
ACC_000644,CUST_000644,SAVINGS,42160.44,ACTIVE,VERIFIED,0.551,RESTRICTED
ACC_000645,CUST_000645,SAVINGS,20120.74,ACTIVE,VERIFIED,0.541,RESTRICTED
ACC_000646,CUST_000646,SAVINGS,27295.34,ACTIVE,VERIFIED,0.181,RESTRICTED
ACC_000647,CUST_000647,SAVINGS,33991.9,ACTIVE,PENDING,0.546,RESTRICTED
ACC_000648,CUST_000648,SAVINGS,2437.98,ACTIVE,VERIFIED,0.202,RESTRICTED
ACC_000649,CUST_000649,SAVINGS,4246.34,ACTIVE,VERIFIED,0.09,RESTRICTED
ACC_000650,CUST_000650,SAVINGS,45735.45,ACTIVE,PENDING,0.047,RESTRICTED
ACC_000651,CUST_000651,SAVINGS,10869.13,ACTIVE,VERIFIED,0.21,RESTRICTED
ACC_000652,CUST_000652,SAVINGS,10372.7,ACTIVE,VERIFIED,0.551,RESTRICTED
ACC_000653,CUST_000653,SAVINGS,38987.8,ACTIVE,VERIFIED,0.107,RESTRICTED
ACC_000654,CUST_000654,SAVINGS,1693.2,ACTIVE,VERIFIED,0.055,RESTRICTED
ACC_000655,CUST_000655,SAVINGS,18518.49,ACTIVE,VERIFIED,0.237,RESTRICTED
ACC_000656,CUST_000656,SAVINGS,17474.71,ACTIVE,PENDING,0.275,RESTRICTED
ACC_000657,CUST_000657,SAVINGS,5289.17,ACTIVE,VERIFIED,0.249,RESTRICTED
ACC_000658,CUST_000658,SAVINGS,35844.16,ACTIVE,VERIFIED,0.121,RESTRICTED
ACC_000659,CUST_000659,SAVINGS,32738.7,FROZEN,FLAGGED,0.357,RESTRICTED
ACC_000660,CUST_000660,SAVINGS,4925.15,ACTIVE,VERIFIED,0.203,RESTRICTED
ACC_000661,CUST_000661,SAVINGS,40766.54,ACTIVE,VERIFIED,0.304,RESTRICTED
ACC_000662,CUST_000662,SAVINGS,11342.06,ACTIVE,VERIFIED,0.083,RESTRICTED
ACC_000663,CUST_000663,SAVINGS,44253.07,ACTIVE,PENDING,0.23,RESTRICTED
ACC_000664,CUST_000664,SAVINGS,49383.93,ACTIVE,PENDING,0.194,RESTRICTED
ACC_000665,CUST_000665,SAVINGS,46141.71,ACTIVE,VERIFIED,0.103,RESTRICTED
ACC_000666,CUST_000666,SAVINGS,47062.35,ACTIVE,VERIFIED,0.043,RESTRICTED
ACC_000667,CUST_000667,SAVINGS,33847.45,ACTIVE,PENDING,0.297,RESTRICTED
ACC_000668,CUST_000668,SAVINGS,16015.11,ACTIVE,VERIFIED,0.508,RESTRICTED
ACC_000669,CUST_000669,SAVINGS,2132.79,ACTIVE,PENDING,0.046,RESTRICTED
ACC_000670,CUST_000670,SAVINGS,47280.04,ACTIVE,VERIFIED,0.214,RESTRICTED
ACC_000671,CUST_000671,SAVINGS,40531.8,ACTIVE,VERIFIED,0.369,RESTRICTED
ACC_000672,CUST_000672,SAVINGS,9316.83,ACTIVE,VERIFIED,0.159,RESTRICTED
ACC_000673,CUST_000673,SAVINGS,28659.53,ACTIVE,VERIFIED,0.292,RESTRICTED
ACC_000674,CUST_000674,SAVINGS,17049.91,ACTIVE,VERIFIED,0.449,RESTRICTED
ACC_000675,CUST_000675,SAVINGS,19311.35,ACTIVE,VERIFIED,0.072,RESTRICTED
ACC_000676,CUST_000676,SAVINGS,28899.51,ACTIVE,VERIFIED,0.459,RESTRICTED
ACC_000677,CUST_000677,SAVINGS,17053.86,ACTIVE,PENDING,0.309,RESTRICTED
ACC_000678,CUST_000678,SAVINGS,30553.73,ACTIVE,VERIFIED,0.079,RESTRICTED
ACC_000679,CUST_000679,SAVINGS,27531.36,ACTIVE,VERIFIED,0.268,RESTRICTED
ACC_000680,CUST_000680,SAVINGS,28759.53,ACTIVE,VERIFIED,0.347,RESTRICTED
ACC_000681,CUST_000681,SAVINGS,48646.38,ACTIVE,VERIFIED,0.503,RESTRICTED
ACC_000682,CUST_000682,SAVINGS,45765.51,ACTIVE,VERIFIED,0.111,RESTRICTED
ACC_000683,CUST_000683,SAVINGS,21495.41,ACTIVE,VERIFIED,0.403,RESTRICTED
ACC_000684,CUST_000684,SAVINGS,32395.31,ACTIVE,VERIFIED,0.373,RESTRICTED
ACC_000685,CUST_000685,SAVINGS,1446.68,ACTIVE,VERIFIED,0.119,RESTRICTED
ACC_000686,CUST_000686,SAVINGS,14103.59,ACTIVE,VERIFIED,0.266,RESTRICTED
ACC_000687,CUST_000687,SAVINGS,17514.53,ACTIVE,VERIFIED,0.253,RESTRICTED
ACC_000688,CUST_000688,SAVINGS,19820.15,ACTIVE,VERIFIED,0.124,RESTRICTED
ACC_000689,CUST_000689,SAVINGS,11941.8,FROZEN,FLAGGED,0.377,RESTRICTED
ACC_000690,CUST_000690,SAVINGS,29285.24,ACTIVE,VERIFIED,0.34,RESTRICTED
ACC_000691,CUST_000691,SAVINGS,41948.48,ACTIVE,VERIFIED,0.459,RESTRICTED
ACC_000692,CUST_000692,SAVINGS,3413.64,ACTIVE,VERIFIED,0.435,RESTRICTED
ACC_000693,CUST_000693,SAVINGS,17726.94,ACTIVE,VERIFIED,0.138,RESTRICTED
ACC_000694,CUST_000694,SAVINGS,38766.54,ACTIVE,VERIFIED,0.1,RESTRICTED
ACC_000695,CUST_000695,SAVINGS,29540.96,ACTIVE,VERIFIED,0.223,RESTRICTED
ACC_000696,CUST_000696,SAVINGS,20927.54,FROZEN,FLAGGED,0.089,RESTRICTED
ACC_000697,CUST_000697,SAVINGS,33479.4,ACTIVE,VERIFIED,0.137,RESTRICTED
ACC_000698,CUST_000698,SAVINGS,14091.61,ACTIVE,VERIFIED,0.319,RESTRICTED
ACC_000699,CUST_000699,SAVINGS,38263.14,ACTIVE,VERIFIED,0.392,RESTRICTED
ACC_000700,CUST_000700,SAVINGS,12675.2,ACTIVE,VERIFIED,0.239,RESTRICTED
ACC_000701,CUST_000701,SAVINGS,29208.34,ACTIVE,VERIFIED,0.282,RESTRICTED
ACC_000702,CUST_000702,SAVINGS,44414.81,ACTIVE,VERIFIED,0.288,RESTRICTED
ACC_000703,CUST_000703,SAVINGS,7526.1,ACTIVE,VERIFIED,0.093,RESTRICTED
ACC_000704,CUST_000704,SAVINGS,37927.15,ACTIVE,VERIFIED,0.097,RESTRICTED
ACC_000705,CUST_000705,SAVINGS,13732.38,ACTIVE,VERIFIED,0.196,RESTRICTED
ACC_000706,CUST_000706,SAVINGS,10111.39,ACTIVE,VERIFIED,0.338,RESTRICTED
ACC_000707,CUST_000707,SAVINGS,49034.97,ACTIVE,VERIFIED,0.27,RESTRICTED
ACC_000708,CUST_000708,SAVINGS,26415.36,ACTIVE,VERIFIED,0.041,RESTRICTED
ACC_000709,CUST_000709,SAVINGS,7254.8,ACTIVE,VERIFIED,0.087,RESTRICTED
ACC_000710,CUST_000710,SAVINGS,25083.54,ACTIVE,VERIFIED,0.165,RESTRICTED
ACC_000711,CUST_000711,SAVINGS,16752.38,ACTIVE,VERIFIED,0.555,RESTRICTED
ACC_000712,CUST_000712,SAVINGS,49309.67,FROZEN,FLAGGED,0.497,RESTRICTED
ACC_000713,CUST_000713,SAVINGS,47302.28,ACTIVE,VERIFIED,0.376,RESTRICTED
ACC_000714,CUST_000714,SAVINGS,37214.02,ACTIVE,VERIFIED,0.075,RESTRICTED
ACC_000715,CUST_000715,SAVINGS,2703.9,ACTIVE,VERIFIED,0.234,RESTRICTED
ACC_000716,CUST_000716,SAVINGS,42165.99,ACTIVE,VERIFIED,0.085,RESTRICTED
ACC_000717,CUST_000717,SAVINGS,3062.63,ACTIVE,VERIFIED,0.197,RESTRICTED
ACC_000718,CUST_000718,SAVINGS,1884.64,FROZEN,FLAGGED,0.556,RESTRICTED
ACC_000719,CUST_000719,SAVINGS,25411.05,ACTIVE,VERIFIED,0.261,RESTRICTED
ACC_000720,CUST_000720,SAVINGS,38102.96,ACTIVE,PENDING,0.096,RESTRICTED
ACC_000721,CUST_000721,SAVINGS,10220.32,ACTIVE,VERIFIED,0.151,RESTRICTED
ACC_000722,CUST_000722,SAVINGS,31926.94,ACTIVE,VERIFIED,0.042,RESTRICTED
ACC_000723,CUST_000723,SAVINGS,19757.58,ACTIVE,VERIFIED,0.373,RESTRICTED
ACC_000724,CUST_000724,SAVINGS,18860.83,ACTIVE,VERIFIED,0.295,RESTRICTED
ACC_000725,CUST_000725,SAVINGS,19509.47,ACTIVE,VERIFIED,0.212,RESTRICTED
ACC_000726,CUST_000726,SAVINGS,24956.27,ACTIVE,VERIFIED,0.146,RESTRICTED
ACC_000727,CUST_000727,SAVINGS,23484.68,ACTIVE,VERIFIED,0.396,RESTRICTED
ACC_000728,CUST_000728,SAVINGS,48945.89,ACTIVE,VERIFIED,0.266,RESTRICTED
ACC_000729,CUST_000729,SAVINGS,29141.16,ACTIVE,VERIFIED,0.119,RESTRICTED
ACC_000730,CUST_000730,SAVINGS,39810.81,ACTIVE,VERIFIED,0.147,RESTRICTED
ACC_000731,CUST_000731,SAVINGS,23704.15,ACTIVE,VERIFIED,0.428,RESTRICTED
ACC_000732,CUST_000732,SAVINGS,4546.16,ACTIVE,VERIFIED,0.239,RESTRICTED
ACC_000733,CUST_000733,SAVINGS,15174.46,ACTIVE,VERIFIED,0.382,RESTRICTED
ACC_000734,CUST_000734,SAVINGS,13080.12,FROZEN,FLAGGED,0.183,RESTRICTED
ACC_000735,CUST_000735,SAVINGS,35880.27,ACTIVE,VERIFIED,0.582,RESTRICTED
ACC_000736,CUST_000736,SAVINGS,4191.11,ACTIVE,VERIFIED,0.334,RESTRICTED
ACC_000737,CUST_000737,SAVINGS,35751.91,ACTIVE,VERIFIED,0.021,RESTRICTED
ACC_000738,CUST_000738,SAVINGS,49862.07,ACTIVE,VERIFIED,0.236,RESTRICTED
ACC_000739,CUST_000739,SAVINGS,25747.45,ACTIVE,VERIFIED,0.122,RESTRICTED
ACC_000740,CUST_000740,SAVINGS,35154.73,ACTIVE,VERIFIED,0.154,RESTRICTED
ACC_000741,CUST_000741,SAVINGS,25444.87,ACTIVE,VERIFIED,0.3,RESTRICTED
ACC_000742,CUST_000742,SAVINGS,30610.81,ACTIVE,VERIFIED,0.56,RESTRICTED
ACC_000743,CUST_000743,SAVINGS,10823.32,ACTIVE,VERIFIED,0.081,RESTRICTED
ACC_000744,CUST_000744,SAVINGS,24448.15,ACTIVE,VERIFIED,0.478,RESTRICTED
ACC_000745,CUST_000745,SAVINGS,35862.87,ACTIVE,VERIFIED,0.14,RESTRICTED
ACC_000746,CUST_000746,SAVINGS,35918.05,ACTIVE,PENDING,0.228,RESTRICTED
ACC_000747,CUST_000747,SAVINGS,4971.51,ACTIVE,VERIFIED,0.462,RESTRICTED
ACC_000748,CUST_000748,SAVINGS,44223.41,ACTIVE,PENDING,0.71,RESTRICTED
ACC_000749,CUST_000749,SAVINGS,5825.69,ACTIVE,VERIFIED,0.057,RESTRICTED
ACC_000750,CUST_000750,SAVINGS,22585.56,ACTIVE,VERIFIED,0.579,RESTRICTED
ACC_000751,CUST_000751,SAVINGS,42236.71,ACTIVE,PENDING,0.455,RESTRICTED
ACC_000752,CUST_000752,SAVINGS,26398.9,ACTIVE,PENDING,0.503,RESTRICTED
ACC_000753,CUST_000753,SAVINGS,7317.6,ACTIVE,VERIFIED,0.443,RESTRICTED
ACC_000754,CUST_000754,SAVINGS,43827.41,ACTIVE,VERIFIED,0.376,RESTRICTED
ACC_000755,CUST_000755,SAVINGS,27511.29,ACTIVE,VERIFIED,0.408,RESTRICTED
ACC_000756,CUST_000756,SAVINGS,41954.59,ACTIVE,VERIFIED,0.171,RESTRICTED
ACC_000757,CUST_000757,SAVINGS,40153.58,ACTIVE,VERIFIED,0.214,RESTRICTED
ACC_000758,CUST_000758,SAVINGS,22254.11,ACTIVE,VERIFIED,0.703,RESTRICTED
ACC_000759,CUST_000759,SAVINGS,7481.78,ACTIVE,VERIFIED,0.208,RESTRICTED
ACC_000760,CUST_000760,SAVINGS,15477.64,ACTIVE,VERIFIED,0.31,RESTRICTED
ACC_000761,CUST_000761,SAVINGS,10711.71,ACTIVE,VERIFIED,0.344,RESTRICTED
ACC_000762,CUST_000762,SAVINGS,33801.71,ACTIVE,VERIFIED,0.072,RESTRICTED
ACC_000763,CUST_000763,SAVINGS,31026.09,ACTIVE,VERIFIED,0.051,RESTRICTED
ACC_000764,CUST_000764,SAVINGS,46610.91,ACTIVE,VERIFIED,0.605,RESTRICTED
ACC_000765,CUST_000765,SAVINGS,30371.97,FROZEN,FLAGGED,0.63,RESTRICTED
ACC_000766,CUST_000766,SAVINGS,18042.6,ACTIVE,VERIFIED,0.227,RESTRICTED
ACC_000767,CUST_000767,SAVINGS,33777.76,ACTIVE,VERIFIED,0.291,RESTRICTED
ACC_000768,CUST_000768,SAVINGS,19639.4,ACTIVE,VERIFIED,0.145,RESTRICTED
ACC_000769,CUST_000769,SAVINGS,13004.69,ACTIVE,VERIFIED,0.106,RESTRICTED
ACC_000770,CUST_000770,SAVINGS,42272.12,ACTIVE,VERIFIED,0.043,RESTRICTED
ACC_000771,CUST_000771,SAVINGS,36204.78,FROZEN,FLAGGED,0.478,RESTRICTED
ACC_000772,CUST_000772,SAVINGS,38859.94,ACTIVE,VERIFIED,0.14,RESTRICTED
ACC_000773,CUST_000773,SAVINGS,22553.7,ACTIVE,VERIFIED,0.195,RESTRICTED
ACC_000774,CUST_000774,SAVINGS,4599.68,ACTIVE,VERIFIED,0.354,RESTRICTED
ACC_000775,CUST_000775,SAVINGS,37421.25,ACTIVE,VERIFIED,0.359,RESTRICTED
ACC_000776,CUST_000776,SAVINGS,17157.7,ACTIVE,VERIFIED,0.163,RESTRICTED
ACC_000777,CUST_000777,SAVINGS,45604.39,ACTIVE,VERIFIED,0.488,RESTRICTED
ACC_000778,CUST_000778,SAVINGS,13959.74,ACTIVE,VERIFIED,0.364,RESTRICTED
ACC_000779,CUST_000779,SAVINGS,9812.57,ACTIVE,VERIFIED,0.591,RESTRICTED
ACC_000780,CUST_000780,SAVINGS,46671.59,ACTIVE,VERIFIED,0.33,RESTRICTED
ACC_000781,CUST_000781,SAVINGS,36852.03,ACTIVE,VERIFIED,0.497,RESTRICTED
ACC_000782,CUST_000782,SAVINGS,6657.79,ACTIVE,VERIFIED,0.112,RESTRICTED
ACC_000783,CUST_000783,SAVINGS,36676.59,ACTIVE,PENDING,0.419,RESTRICTED
ACC_000784,CUST_000784,SAVINGS,31843.38,ACTIVE,VERIFIED,0.307,RESTRICTED
ACC_000785,CUST_000785,SAVINGS,11669.75,ACTIVE,VERIFIED,0.657,RESTRICTED
ACC_000786,CUST_000786,SAVINGS,46340.28,ACTIVE,VERIFIED,0.049,RESTRICTED
ACC_000787,CUST_000787,SAVINGS,40307.69,ACTIVE,VERIFIED,0.267,RESTRICTED
ACC_000788,CUST_000788,SAVINGS,42040.81,ACTIVE,VERIFIED,0.143,RESTRICTED
ACC_000789,CUST_000789,SAVINGS,42899.1,FROZEN,FLAGGED,0.302,RESTRICTED
ACC_000790,CUST_000790,SAVINGS,47062.33,ACTIVE,VERIFIED,0.077,RESTRICTED
ACC_000791,CUST_000791,SAVINGS,40332.63,ACTIVE,VERIFIED,0.076,RESTRICTED
ACC_000792,CUST_000792,SAVINGS,8254.44,ACTIVE,VERIFIED,0.137,RESTRICTED
ACC_000793,CUST_000793,SAVINGS,23891.55,ACTIVE,PENDING,0.308,RESTRICTED
ACC_000794,CUST_000794,SAVINGS,21844.16,ACTIVE,VERIFIED,0.276,RESTRICTED
ACC_000795,CUST_000795,SAVINGS,45466.81,ACTIVE,VERIFIED,0.278,RESTRICTED
ACC_000796,CUST_000796,SAVINGS,36234.85,ACTIVE,VERIFIED,0.45,RESTRICTED
ACC_000797,CUST_000797,SAVINGS,25663.76,ACTIVE,VERIFIED,0.382,RESTRICTED
ACC_000798,CUST_000798,SAVINGS,13137.08,ACTIVE,VERIFIED,0.194,RESTRICTED
ACC_000799,CUST_000799,SAVINGS,22804.51,ACTIVE,VERIFIED,0.272,RESTRICTED
ACC_000800,CUST_000800,SAVINGS,38152.89,ACTIVE,VERIFIED,0.147,RESTRICTED
ACC_000801,CUST_000801,SAVINGS,36539.34,ACTIVE,PENDING,0.268,RESTRICTED
ACC_000802,CUST_000802,SAVINGS,16100.79,ACTIVE,VERIFIED,0.521,RESTRICTED
ACC_000803,CUST_000803,SAVINGS,5672.57,ACTIVE,VERIFIED,0.427,RESTRICTED
ACC_000804,CUST_000804,SAVINGS,14406.65,ACTIVE,PENDING,0.576,RESTRICTED
ACC_000805,CUST_000805,SAVINGS,10316.23,FROZEN,FLAGGED,0.434,RESTRICTED
ACC_000806,CUST_000806,SAVINGS,21724.0,ACTIVE,PENDING,0.141,RESTRICTED
ACC_000807,CUST_000807,SAVINGS,13436.18,ACTIVE,VERIFIED,0.131,RESTRICTED
ACC_000808,CUST_000808,SAVINGS,13509.51,ACTIVE,VERIFIED,0.325,RESTRICTED
ACC_000809,CUST_000809,SAVINGS,45554.3,ACTIVE,VERIFIED,0.534,RESTRICTED
ACC_000810,CUST_000810,SAVINGS,28912.77,FROZEN,FLAGGED,0.217,RESTRICTED
ACC_000811,CUST_000811,SAVINGS,8933.27,ACTIVE,VERIFIED,0.483,RESTRICTED
ACC_000812,CUST_000812,SAVINGS,31886.96,FROZEN,FLAGGED,0.31,RESTRICTED
ACC_000813,CUST_000813,SAVINGS,20611.49,ACTIVE,PENDING,0.023,RESTRICTED
ACC_000814,CUST_000814,SAVINGS,47060.76,ACTIVE,PENDING,0.367,RESTRICTED
ACC_000815,CUST_000815,SAVINGS,37028.98,ACTIVE,VERIFIED,0.242,RESTRICTED
ACC_000816,CUST_000816,SAVINGS,31738.65,ACTIVE,VERIFIED,0.422,RESTRICTED
ACC_000817,CUST_000817,SAVINGS,3278.68,ACTIVE,VERIFIED,0.064,RESTRICTED
ACC_000818,CUST_000818,SAVINGS,29154.19,ACTIVE,VERIFIED,0.16,RESTRICTED
ACC_000819,CUST_000819,SAVINGS,23444.67,ACTIVE,VERIFIED,0.633,RESTRICTED
ACC_000820,CUST_000820,SAVINGS,37164.66,ACTIVE,VERIFIED,0.215,RESTRICTED
ACC_000821,CUST_000821,SAVINGS,29095.84,ACTIVE,VERIFIED,0.293,RESTRICTED
ACC_000822,CUST_000822,SAVINGS,13232.17,ACTIVE,VERIFIED,0.261,RESTRICTED
ACC_000823,CUST_000823,SAVINGS,30454.18,ACTIVE,VERIFIED,0.263,RESTRICTED
ACC_000824,CUST_000824,SAVINGS,22522.56,ACTIVE,VERIFIED,0.227,RESTRICTED
ACC_000825,CUST_000825,SAVINGS,33011.07,FROZEN,FLAGGED,0.18,RESTRICTED
ACC_000826,CUST_000826,SAVINGS,7158.31,ACTIVE,VERIFIED,0.324,RESTRICTED
ACC_000827,CUST_000827,SAVINGS,40966.26,ACTIVE,VERIFIED,0.247,RESTRICTED
ACC_000828,CUST_000828,SAVINGS,9085.33,ACTIVE,VERIFIED,0.501,RESTRICTED
ACC_000829,CUST_000829,SAVINGS,36762.68,FROZEN,FLAGGED,0.297,RESTRICTED
ACC_000830,CUST_000830,SAVINGS,26722.65,ACTIVE,VERIFIED,0.088,RESTRICTED
ACC_000831,CUST_000831,SAVINGS,36118.77,ACTIVE,PENDING,0.174,RESTRICTED
ACC_000832,CUST_000832,SAVINGS,24411.53,ACTIVE,VERIFIED,0.511,RESTRICTED
ACC_000833,CUST_000833,SAVINGS,5683.54,ACTIVE,VERIFIED,0.311,RESTRICTED
ACC_000834,CUST_000834,SAVINGS,34157.94,ACTIVE,VERIFIED,0.118,RESTRICTED
ACC_000835,CUST_000835,SAVINGS,41702.19,ACTIVE,VERIFIED,0.062,RESTRICTED
ACC_000836,CUST_000836,SAVINGS,12142.41,ACTIVE,VERIFIED,0.593,RESTRICTED
ACC_000837,CUST_000837,SAVINGS,15884.37,ACTIVE,VERIFIED,0.12,RESTRICTED
ACC_000838,CUST_000838,SAVINGS,28829.02,ACTIVE,VERIFIED,0.39,RESTRICTED
ACC_000839,CUST_000839,SAVINGS,26969.9,FROZEN,FLAGGED,0.476,RESTRICTED
ACC_000840,CUST_000840,SAVINGS,4673.44,ACTIVE,VERIFIED,0.201,RESTRICTED
ACC_000841,CUST_000841,SAVINGS,26082.04,ACTIVE,VERIFIED,0.321,RESTRICTED
ACC_000842,CUST_000842,SAVINGS,8589.34,ACTIVE,VERIFIED,0.554,RESTRICTED
ACC_000843,CUST_000843,SAVINGS,45929.65,FROZEN,FLAGGED,0.33,RESTRICTED
ACC_000844,CUST_000844,SAVINGS,41821.36,ACTIVE,VERIFIED,0.197,RESTRICTED
ACC_000845,CUST_000845,SAVINGS,8322.44,ACTIVE,VERIFIED,0.21,RESTRICTED
ACC_000846,CUST_000846,SAVINGS,12203.51,ACTIVE,VERIFIED,0.161,RESTRICTED
ACC_000847,CUST_000847,SAVINGS,3587.39,ACTIVE,PENDING,0.564,RESTRICTED
ACC_000848,CUST_000848,SAVINGS,26579.17,ACTIVE,VERIFIED,0.044,RESTRICTED
ACC_000849,CUST_000849,SAVINGS,18322.55,ACTIVE,VERIFIED,0.24,RESTRICTED
ACC_000850,CUST_000850,SAVINGS,33873.59,ACTIVE,VERIFIED,0.068,RESTRICTED
ACC_000851,CUST_000851,SAVINGS,32663.43,ACTIVE,VERIFIED,0.366,RESTRICTED
ACC_000852,CUST_000852,SAVINGS,8411.67,ACTIVE,VERIFIED,0.428,RESTRICTED
ACC_000853,CUST_000853,SAVINGS,46163.65,ACTIVE,VERIFIED,0.244,RESTRICTED
ACC_000854,CUST_000854,SAVINGS,33636.28,ACTIVE,VERIFIED,0.138,RESTRICTED
ACC_000855,CUST_000855,SAVINGS,49644.05,ACTIVE,VERIFIED,0.384,RESTRICTED
ACC_000856,CUST_000856,SAVINGS,47841.08,ACTIVE,VERIFIED,0.588,RESTRICTED
ACC_000857,CUST_000857,SAVINGS,34591.08,ACTIVE,VERIFIED,0.061,RESTRICTED
ACC_000858,CUST_000858,SAVINGS,30868.31,ACTIVE,VERIFIED,0.517,RESTRICTED
ACC_000859,CUST_000859,SAVINGS,16735.14,ACTIVE,VERIFIED,0.221,RESTRICTED
ACC_000860,CUST_000860,SAVINGS,43432.44,ACTIVE,VERIFIED,0.151,RESTRICTED
ACC_000861,CUST_000861,SAVINGS,13686.17,ACTIVE,VERIFIED,0.243,RESTRICTED
ACC_000862,CUST_000862,SAVINGS,10118.77,ACTIVE,VERIFIED,0.385,RESTRICTED
ACC_000863,CUST_000863,SAVINGS,45613.21,ACTIVE,VERIFIED,0.334,RESTRICTED
ACC_000864,CUST_000864,SAVINGS,27757.08,ACTIVE,VERIFIED,0.189,RESTRICTED
ACC_000865,CUST_000865,SAVINGS,14902.44,ACTIVE,VERIFIED,0.363,RESTRICTED
ACC_000866,CUST_000866,SAVINGS,25271.89,ACTIVE,VERIFIED,0.283,RESTRICTED
ACC_000867,CUST_000867,SAVINGS,7246.24,ACTIVE,VERIFIED,0.049,RESTRICTED
ACC_000868,CUST_000868,SAVINGS,31426.55,ACTIVE,VERIFIED,0.476,RESTRICTED
ACC_000869,CUST_000869,SAVINGS,38359.97,ACTIVE,VERIFIED,0.165,RESTRICTED
ACC_000870,CUST_000870,SAVINGS,9266.13,ACTIVE,VERIFIED,0.106,RESTRICTED
ACC_000871,CUST_000871,SAVINGS,38571.02,ACTIVE,VERIFIED,0.151,RESTRICTED
ACC_000872,CUST_000872,SAVINGS,1816.0,ACTIVE,VERIFIED,0.268,RESTRICTED
ACC_000873,CUST_000873,SAVINGS,6302.3,ACTIVE,VERIFIED,0.171,RESTRICTED
ACC_000874,CUST_000874,SAVINGS,25137.98,ACTIVE,VERIFIED,0.109,RESTRICTED
ACC_000875,CUST_000875,SAVINGS,37660.11,ACTIVE,PENDING,0.162,RESTRICTED
ACC_000876,CUST_000876,SAVINGS,40579.93,ACTIVE,VERIFIED,0.361,RESTRICTED
ACC_000877,CUST_000877,SAVINGS,40478.46,ACTIVE,VERIFIED,0.488,RESTRICTED
ACC_000878,CUST_000878,SAVINGS,43032.03,ACTIVE,VERIFIED,0.183,RESTRICTED
ACC_000879,CUST_000879,SAVINGS,7632.54,ACTIVE,VERIFIED,0.128,RESTRICTED
ACC_000880,CUST_000880,SAVINGS,28046.04,ACTIVE,VERIFIED,0.3,RESTRICTED
ACC_000881,CUST_000881,SAVINGS,16896.27,ACTIVE,VERIFIED,0.182,RESTRICTED
ACC_000882,CUST_000882,SAVINGS,34949.36,ACTIVE,VERIFIED,0.186,RESTRICTED
ACC_000883,CUST_000883,SAVINGS,10637.27,FROZEN,FLAGGED,0.305,RESTRICTED
ACC_000884,CUST_000884,SAVINGS,7310.99,ACTIVE,VERIFIED,0.022,RESTRICTED
ACC_000885,CUST_000885,SAVINGS,49584.52,ACTIVE,VERIFIED,0.308,RESTRICTED
ACC_000886,CUST_000886,SAVINGS,1856.56,ACTIVE,VERIFIED,0.197,RESTRICTED
ACC_000887,CUST_000887,SAVINGS,49280.36,ACTIVE,VERIFIED,0.368,RESTRICTED
ACC_000888,CUST_000888,SAVINGS,37098.22,ACTIVE,PENDING,0.159,RESTRICTED
ACC_000889,CUST_000889,SAVINGS,42155.31,ACTIVE,VERIFIED,0.28,RESTRICTED
ACC_000890,CUST_000890,SAVINGS,6564.98,ACTIVE,VERIFIED,0.126,RESTRICTED
ACC_000891,CUST_000891,SAVINGS,22623.83,ACTIVE,VERIFIED,0.164,RESTRICTED
ACC_000892,CUST_000892,SAVINGS,32324.28,ACTIVE,VERIFIED,0.278,RESTRICTED
ACC_000893,CUST_000893,SAVINGS,28038.48,ACTIVE,VERIFIED,0.624,RESTRICTED
ACC_000894,CUST_000894,SAVINGS,14720.84,ACTIVE,VERIFIED,0.178,RESTRICTED
ACC_000895,CUST_000895,SAVINGS,47767.0,ACTIVE,PENDING,0.205,RESTRICTED
ACC_000896,CUST_000896,SAVINGS,46213.11,ACTIVE,VERIFIED,0.522,RESTRICTED
ACC_000897,CUST_000897,SAVINGS,10310.44,ACTIVE,VERIFIED,0.283,RESTRICTED
ACC_000898,CUST_000898,SAVINGS,40613.37,ACTIVE,PENDING,0.386,RESTRICTED
ACC_000899,CUST_000899,SAVINGS,40355.51,ACTIVE,VERIFIED,0.115,RESTRICTED
ACC_000900,CUST_000900,SAVINGS,12723.37,ACTIVE,PENDING,0.383,RESTRICTED
ACC_000901,CUST_000901,SAVINGS,48026.52,ACTIVE,VERIFIED,0.115,RESTRICTED
ACC_000902,CUST_000902,SAVINGS,28379.31,ACTIVE,VERIFIED,0.097,RESTRICTED
ACC_000903,CUST_000903,SAVINGS,30679.84,ACTIVE,VERIFIED,0.186,RESTRICTED
ACC_000904,CUST_000904,SAVINGS,33526.15,ACTIVE,VERIFIED,0.406,RESTRICTED
ACC_000905,CUST_000905,SAVINGS,9597.63,ACTIVE,VERIFIED,0.012,RESTRICTED
ACC_000906,CUST_000906,SAVINGS,36446.88,ACTIVE,VERIFIED,0.703,RESTRICTED
ACC_000907,CUST_000907,SAVINGS,24728.48,ACTIVE,VERIFIED,0.242,RESTRICTED
ACC_000908,CUST_000908,SAVINGS,29299.87,ACTIVE,VERIFIED,0.408,RESTRICTED
ACC_000909,CUST_000909,SAVINGS,11391.14,ACTIVE,VERIFIED,0.131,RESTRICTED
ACC_000910,CUST_000910,SAVINGS,18462.05,ACTIVE,VERIFIED,0.338,RESTRICTED
ACC_000911,CUST_000911,SAVINGS,3450.56,ACTIVE,VERIFIED,0.191,RESTRICTED
ACC_000912,CUST_000912,SAVINGS,14837.15,ACTIVE,VERIFIED,0.334,RESTRICTED
ACC_000913,CUST_000913,SAVINGS,28408.23,ACTIVE,VERIFIED,0.29,RESTRICTED
ACC_000914,CUST_000914,SAVINGS,8047.97,ACTIVE,VERIFIED,0.125,RESTRICTED
ACC_000915,CUST_000915,SAVINGS,4741.23,ACTIVE,VERIFIED,0.13,RESTRICTED
ACC_000916,CUST_000916,SAVINGS,24418.19,ACTIVE,VERIFIED,0.427,RESTRICTED
ACC_000917,CUST_000917,SAVINGS,13985.82,ACTIVE,VERIFIED,0.198,RESTRICTED
ACC_000918,CUST_000918,SAVINGS,21033.62,ACTIVE,VERIFIED,0.159,RESTRICTED
ACC_000919,CUST_000919,SAVINGS,43234.71,ACTIVE,VERIFIED,0.242,RESTRICTED
ACC_000920,CUST_000920,SAVINGS,37887.78,ACTIVE,VERIFIED,0.111,RESTRICTED
ACC_000921,CUST_000921,SAVINGS,31394.97,ACTIVE,VERIFIED,0.164,RESTRICTED
ACC_000922,CUST_000922,SAVINGS,15976.23,ACTIVE,VERIFIED,0.136,RESTRICTED
ACC_000923,CUST_000923,SAVINGS,47641.13,ACTIVE,VERIFIED,0.171,RESTRICTED
ACC_000924,CUST_000924,SAVINGS,27934.06,ACTIVE,VERIFIED,0.304,RESTRICTED
ACC_000925,CUST_000925,SAVINGS,22642.41,ACTIVE,VERIFIED,0.577,RESTRICTED
ACC_000926,CUST_000926,SAVINGS,23779.96,ACTIVE,VERIFIED,0.371,RESTRICTED
ACC_000927,CUST_000927,SAVINGS,35296.96,ACTIVE,VERIFIED,0.344,RESTRICTED
ACC_000928,CUST_000928,SAVINGS,36136.16,ACTIVE,VERIFIED,0.255,RESTRICTED
ACC_000929,CUST_000929,SAVINGS,37402.65,ACTIVE,PENDING,0.484,RESTRICTED
ACC_000930,CUST_000930,SAVINGS,13015.52,ACTIVE,PENDING,0.116,RESTRICTED
ACC_000931,CUST_000931,SAVINGS,2710.09,ACTIVE,VERIFIED,0.323,RESTRICTED
ACC_000932,CUST_000932,SAVINGS,47415.74,ACTIVE,VERIFIED,0.165,RESTRICTED
ACC_000933,CUST_000933,SAVINGS,8046.72,ACTIVE,VERIFIED,0.224,RESTRICTED
ACC_000934,CUST_000934,SAVINGS,34758.38,ACTIVE,VERIFIED,0.343,RESTRICTED
ACC_000935,CUST_000935,SAVINGS,46135.55,ACTIVE,VERIFIED,0.31,RESTRICTED
ACC_000936,CUST_000936,SAVINGS,30898.88,ACTIVE,VERIFIED,0.549,RESTRICTED
ACC_000937,CUST_000937,SAVINGS,40159.73,ACTIVE,VERIFIED,0.375,RESTRICTED
ACC_000938,CUST_000938,SAVINGS,42692.97,ACTIVE,PENDING,0.292,RESTRICTED
ACC_000939,CUST_000939,SAVINGS,23938.48,ACTIVE,PENDING,0.602,RESTRICTED
ACC_000940,CUST_000940,SAVINGS,37218.26,ACTIVE,VERIFIED,0.361,RESTRICTED
ACC_000941,CUST_000941,SAVINGS,15782.7,ACTIVE,VERIFIED,0.353,RESTRICTED
ACC_000942,CUST_000942,SAVINGS,21708.14,ACTIVE,VERIFIED,0.151,RESTRICTED
ACC_000943,CUST_000943,SAVINGS,26493.91,ACTIVE,VERIFIED,0.365,RESTRICTED
ACC_000944,CUST_000944,SAVINGS,9860.07,ACTIVE,PENDING,0.536,RESTRICTED
ACC_000945,CUST_000945,SAVINGS,23676.78,ACTIVE,VERIFIED,0.395,RESTRICTED
ACC_000946,CUST_000946,SAVINGS,34362.55,ACTIVE,VERIFIED,0.39,RESTRICTED
ACC_000947,CUST_000947,SAVINGS,18625.92,ACTIVE,VERIFIED,0.166,RESTRICTED
ACC_000948,CUST_000948,SAVINGS,37848.32,ACTIVE,VERIFIED,0.331,RESTRICTED
ACC_000949,CUST_000949,SAVINGS,25264.76,ACTIVE,PENDING,0.374,RESTRICTED
ACC_000950,CUST_000950,SAVINGS,16044.87,ACTIVE,VERIFIED,0.23,RESTRICTED
ACC_000951,CUST_000951,SAVINGS,18554.7,ACTIVE,VERIFIED,0.134,RESTRICTED
ACC_000952,CUST_000952,SAVINGS,17520.89,ACTIVE,VERIFIED,0.17,RESTRICTED
ACC_000953,CUST_000953,SAVINGS,12725.52,ACTIVE,VERIFIED,0.256,RESTRICTED
ACC_000954,CUST_000954,SAVINGS,48873.3,ACTIVE,VERIFIED,0.263,RESTRICTED
ACC_000955,CUST_000955,SAVINGS,33464.86,ACTIVE,VERIFIED,0.327,RESTRICTED
ACC_000956,CUST_000956,SAVINGS,6372.51,ACTIVE,VERIFIED,0.621,RESTRICTED
ACC_000957,CUST_000957,SAVINGS,29172.04,ACTIVE,VERIFIED,0.395,RESTRICTED
ACC_000958,CUST_000958,SAVINGS,28316.22,ACTIVE,VERIFIED,0.364,RESTRICTED
ACC_000959,CUST_000959,SAVINGS,20313.71,ACTIVE,VERIFIED,0.106,RESTRICTED
ACC_000960,CUST_000960,SAVINGS,21366.0,ACTIVE,VERIFIED,0.024,RESTRICTED
ACC_000961,CUST_000961,SAVINGS,36271.29,ACTIVE,VERIFIED,0.218,RESTRICTED
ACC_000962,CUST_000962,SAVINGS,47003.44,ACTIVE,VERIFIED,0.142,RESTRICTED
ACC_000963,CUST_000963,SAVINGS,22740.15,ACTIVE,VERIFIED,0.06,RESTRICTED
ACC_000964,CUST_000964,SAVINGS,30750.44,ACTIVE,VERIFIED,0.102,RESTRICTED
ACC_000965,CUST_000965,SAVINGS,33870.33,ACTIVE,VERIFIED,0.121,RESTRICTED
ACC_000966,CUST_000966,SAVINGS,1612.98,ACTIVE,VERIFIED,0.27,RESTRICTED
ACC_000967,CUST_000967,SAVINGS,41128.76,ACTIVE,VERIFIED,0.397,RESTRICTED
ACC_000968,CUST_000968,SAVINGS,35855.39,ACTIVE,VERIFIED,0.025,RESTRICTED
ACC_000969,CUST_000969,SAVINGS,23997.65,ACTIVE,VERIFIED,0.243,RESTRICTED
ACC_000970,CUST_000970,SAVINGS,35022.41,ACTIVE,PENDING,0.251,RESTRICTED
ACC_000971,CUST_000971,SAVINGS,22733.78,ACTIVE,PENDING,0.247,RESTRICTED
ACC_000972,CUST_000972,SAVINGS,34531.28,ACTIVE,PENDING,0.15,RESTRICTED
ACC_000973,CUST_000973,SAVINGS,41541.45,ACTIVE,VERIFIED,0.268,RESTRICTED
ACC_000974,CUST_000974,SAVINGS,14389.63,ACTIVE,VERIFIED,0.203,RESTRICTED
ACC_000975,CUST_000975,SAVINGS,22702.28,ACTIVE,VERIFIED,0.517,RESTRICTED
ACC_000976,CUST_000976,SAVINGS,34662.12,ACTIVE,VERIFIED,0.148,RESTRICTED
ACC_000977,CUST_000977,SAVINGS,2934.74,ACTIVE,PENDING,0.144,RESTRICTED
ACC_000978,CUST_000978,SAVINGS,37728.68,ACTIVE,VERIFIED,0.276,RESTRICTED
ACC_000979,CUST_000979,SAVINGS,44007.18,ACTIVE,PENDING,0.179,RESTRICTED
ACC_000980,CUST_000980,SAVINGS,45106.05,ACTIVE,VERIFIED,0.336,RESTRICTED
ACC_000981,CUST_000981,SAVINGS,3546.69,FROZEN,FLAGGED,0.365,RESTRICTED
ACC_000982,CUST_000982,SAVINGS,43552.99,ACTIVE,VERIFIED,0.083,RESTRICTED
ACC_000983,CUST_000983,SAVINGS,21174.85,ACTIVE,PENDING,0.41,RESTRICTED
ACC_000984,CUST_000984,SAVINGS,44921.29,ACTIVE,VERIFIED,0.427,RESTRICTED
ACC_000985,CUST_000985,SAVINGS,28855.32,ACTIVE,VERIFIED,0.172,RESTRICTED
ACC_000986,CUST_000986,SAVINGS,15024.72,ACTIVE,PENDING,0.359,RESTRICTED
ACC_000987,CUST_000987,SAVINGS,36376.1,ACTIVE,VERIFIED,0.101,RESTRICTED
ACC_000988,CUST_000988,SAVINGS,34429.22,ACTIVE,VERIFIED,0.314,RESTRICTED
ACC_000989,CUST_000989,SAVINGS,41531.01,ACTIVE,VERIFIED,0.461,RESTRICTED
ACC_000990,CUST_000990,SAVINGS,26123.34,ACTIVE,VERIFIED,0.382,RESTRICTED
ACC_000991,CUST_000991,SAVINGS,5071.49,ACTIVE,VERIFIED,0.425,RESTRICTED
ACC_000992,CUST_000992,SAVINGS,39847.98,ACTIVE,VERIFIED,0.278,RESTRICTED
ACC_000993,CUST_000993,SAVINGS,10655.06,ACTIVE,VERIFIED,0.201,RESTRICTED
ACC_000994,CUST_000994,SAVINGS,25104.0,ACTIVE,VERIFIED,0.375,RESTRICTED
ACC_000995,CUST_000995,SAVINGS,8616.5,ACTIVE,VERIFIED,0.207,RESTRICTED
ACC_000996,CUST_000996,SAVINGS,26629.72,ACTIVE,PENDING,0.112,RESTRICTED
ACC_000997,CUST_000997,SAVINGS,23679.68,ACTIVE,VERIFIED,0.351,RESTRICTED
ACC_000998,CUST_000998,SAVINGS,31358.64,ACTIVE,VERIFIED,0.46,RESTRICTED
ACC_000999,CUST_000999,SAVINGS,32745.15,ACTIVE,VERIFIED,0.372,RESTRICTED
ACC_001000,CUST_001000,SAVINGS,25842.89,ACTIVE,VERIFIED,0.143,RESTRICTED
ACC_001001,CUST_001001,SAVINGS,12894.44,ACTIVE,VERIFIED,0.212,RESTRICTED
ACC_001002,CUST_001002,SAVINGS,4919.31,ACTIVE,VERIFIED,0.44,RESTRICTED
ACC_001003,CUST_001003,SAVINGS,15851.93,ACTIVE,VERIFIED,0.104,RESTRICTED
ACC_001004,CUST_001004,SAVINGS,33868.33,ACTIVE,PENDING,0.213,RESTRICTED
ACC_001005,CUST_001005,SAVINGS,30332.49,ACTIVE,VERIFIED,0.42,RESTRICTED
ACC_001006,CUST_001006,SAVINGS,12005.33,ACTIVE,VERIFIED,0.284,RESTRICTED
ACC_001007,CUST_001007,SAVINGS,30667.84,ACTIVE,VERIFIED,0.143,RESTRICTED
ACC_001008,CUST_001008,SAVINGS,39984.11,ACTIVE,VERIFIED,0.315,RESTRICTED
ACC_001009,CUST_001009,SAVINGS,7471.96,ACTIVE,VERIFIED,0.248,RESTRICTED
ACC_001010,CUST_001010,SAVINGS,20350.65,ACTIVE,VERIFIED,0.262,RESTRICTED
ACC_001011,CUST_001011,SAVINGS,6984.81,ACTIVE,PENDING,0.332,RESTRICTED
ACC_001012,CUST_001012,SAVINGS,43589.95,ACTIVE,VERIFIED,0.09,RESTRICTED
ACC_001013,CUST_001013,SAVINGS,46001.34,ACTIVE,VERIFIED,0.253,RESTRICTED
ACC_001014,CUST_001014,SAVINGS,30321.97,ACTIVE,PENDING,0.059,RESTRICTED
ACC_001015,CUST_001015,SAVINGS,17634.06,ACTIVE,VERIFIED,0.411,RESTRICTED
ACC_001016,CUST_001016,SAVINGS,35992.44,ACTIVE,PENDING,0.228,RESTRICTED
ACC_001017,CUST_001017,SAVINGS,38277.71,ACTIVE,VERIFIED,0.376,RESTRICTED
ACC_001018,CUST_001018,SAVINGS,49925.17,ACTIVE,VERIFIED,0.091,RESTRICTED
ACC_001019,CUST_001019,SAVINGS,14574.96,ACTIVE,VERIFIED,0.145,RESTRICTED
ACC_001020,CUST_001020,SAVINGS,35145.26,ACTIVE,PENDING,0.608,RESTRICTED
ACC_001021,CUST_001021,SAVINGS,22593.07,FROZEN,FLAGGED,0.075,RESTRICTED
ACC_001022,CUST_001022,SAVINGS,40070.26,ACTIVE,VERIFIED,0.022,RESTRICTED
ACC_001023,CUST_001023,SAVINGS,39649.45,ACTIVE,VERIFIED,0.678,RESTRICTED
ACC_001024,CUST_001024,SAVINGS,37242.61,ACTIVE,VERIFIED,0.551,RESTRICTED
ACC_001025,CUST_001025,SAVINGS,42400.18,ACTIVE,VERIFIED,0.214,RESTRICTED
ACC_001026,CUST_001026,SAVINGS,37584.03,ACTIVE,VERIFIED,0.103,RESTRICTED
ACC_001027,CUST_001027,SAVINGS,27298.26,ACTIVE,VERIFIED,0.25,RESTRICTED
ACC_001028,CUST_001028,SAVINGS,3702.65,ACTIVE,VERIFIED,0.084,RESTRICTED
ACC_001029,CUST_001029,SAVINGS,37889.96,ACTIVE,VERIFIED,0.134,RESTRICTED
ACC_001030,CUST_001030,SAVINGS,24433.42,ACTIVE,VERIFIED,0.148,RESTRICTED
ACC_001031,CUST_001031,SAVINGS,18609.54,ACTIVE,VERIFIED,0.292,RESTRICTED
ACC_001032,CUST_001032,SAVINGS,47580.03,ACTIVE,VERIFIED,0.206,RESTRICTED
ACC_001033,CUST_001033,SAVINGS,24684.6,ACTIVE,VERIFIED,0.188,RESTRICTED
ACC_001034,CUST_001034,SAVINGS,5290.86,FROZEN,FLAGGED,0.13,RESTRICTED
ACC_001035,CUST_001035,SAVINGS,46287.14,FROZEN,FLAGGED,0.094,RESTRICTED
ACC_001036,CUST_001036,SAVINGS,14904.83,ACTIVE,VERIFIED,0.108,RESTRICTED
ACC_001037,CUST_001037,SAVINGS,8983.24,ACTIVE,VERIFIED,0.592,RESTRICTED
ACC_001038,CUST_001038,SAVINGS,20637.2,ACTIVE,VERIFIED,0.486,RESTRICTED
ACC_001039,CUST_001039,SAVINGS,41767.79,ACTIVE,PENDING,0.338,RESTRICTED
ACC_001040,CUST_001040,SAVINGS,36810.71,ACTIVE,PENDING,0.211,RESTRICTED
ACC_001041,CUST_001041,SAVINGS,22408.93,ACTIVE,VERIFIED,0.135,RESTRICTED
ACC_001042,CUST_001042,SAVINGS,20162.18,ACTIVE,VERIFIED,0.591,RESTRICTED
ACC_001043,CUST_001043,SAVINGS,40545.49,ACTIVE,VERIFIED,0.362,RESTRICTED
ACC_001044,CUST_001044,SAVINGS,14438.71,ACTIVE,VERIFIED,0.049,RESTRICTED
ACC_001045,CUST_001045,SAVINGS,12250.1,ACTIVE,PENDING,0.034,RESTRICTED
ACC_001046,CUST_001046,SAVINGS,45496.94,ACTIVE,VERIFIED,0.072,RESTRICTED
ACC_001047,CUST_001047,SAVINGS,49535.84,ACTIVE,VERIFIED,0.259,RESTRICTED
ACC_001048,CUST_001048,SAVINGS,23331.29,ACTIVE,VERIFIED,0.315,RESTRICTED
ACC_001049,CUST_001049,SAVINGS,39819.38,ACTIVE,VERIFIED,0.499,RESTRICTED
ACC_001050,CUST_001050,SAVINGS,26572.31,FROZEN,FLAGGED,0.298,RESTRICTED
ACC_001051,CUST_001051,SAVINGS,18496.66,ACTIVE,VERIFIED,0.335,RESTRICTED
ACC_001052,CUST_001052,SAVINGS,13506.78,ACTIVE,VERIFIED,0.123,RESTRICTED
ACC_001053,CUST_001053,SAVINGS,38253.56,ACTIVE,VERIFIED,0.68,RESTRICTED
ACC_001054,CUST_001054,SAVINGS,7307.71,ACTIVE,VERIFIED,0.186,RESTRICTED
ACC_001055,CUST_001055,SAVINGS,19694.55,ACTIVE,VERIFIED,0.262,RESTRICTED
ACC_001056,CUST_001056,SAVINGS,38959.21,ACTIVE,VERIFIED,0.37,RESTRICTED
ACC_001057,CUST_001057,SAVINGS,24794.33,ACTIVE,VERIFIED,0.166,RESTRICTED
ACC_001058,CUST_001058,SAVINGS,23445.19,ACTIVE,VERIFIED,0.324,RESTRICTED
ACC_001059,CUST_001059,SAVINGS,22950.98,ACTIVE,VERIFIED,0.527,RESTRICTED
ACC_001060,CUST_001060,SAVINGS,1877.29,ACTIVE,VERIFIED,0.463,RESTRICTED
ACC_001061,CUST_001061,SAVINGS,7570.06,ACTIVE,VERIFIED,0.224,RESTRICTED
ACC_001062,CUST_001062,SAVINGS,46086.72,ACTIVE,PENDING,0.303,RESTRICTED
ACC_001063,CUST_001063,SAVINGS,3207.9,ACTIVE,VERIFIED,0.079,RESTRICTED
ACC_001064,CUST_001064,SAVINGS,6029.35,ACTIVE,PENDING,0.204,RESTRICTED
ACC_001065,CUST_001065,SAVINGS,18629.08,FROZEN,FLAGGED,0.331,RESTRICTED
ACC_001066,CUST_001066,SAVINGS,26175.5,ACTIVE,VERIFIED,0.441,RESTRICTED
ACC_001067,CUST_001067,SAVINGS,23051.41,ACTIVE,VERIFIED,0.491,RESTRICTED
ACC_001068,CUST_001068,SAVINGS,19211.79,ACTIVE,VERIFIED,0.339,RESTRICTED
ACC_001069,CUST_001069,SAVINGS,48821.01,ACTIVE,VERIFIED,0.182,RESTRICTED
ACC_001070,CUST_001070,SAVINGS,25354.41,ACTIVE,VERIFIED,0.072,RESTRICTED
ACC_001071,CUST_001071,SAVINGS,41332.84,ACTIVE,VERIFIED,0.059,RESTRICTED
ACC_001072,CUST_001072,SAVINGS,30623.89,ACTIVE,VERIFIED,0.295,RESTRICTED
ACC_001073,CUST_001073,SAVINGS,7509.95,ACTIVE,VERIFIED,0.246,RESTRICTED
ACC_001074,CUST_001074,SAVINGS,2766.47,ACTIVE,PENDING,0.367,RESTRICTED
ACC_001075,CUST_001075,SAVINGS,45581.85,FROZEN,FLAGGED,0.25,RESTRICTED
ACC_001076,CUST_001076,SAVINGS,42160.53,ACTIVE,VERIFIED,0.477,RESTRICTED
ACC_001077,CUST_001077,SAVINGS,4513.91,ACTIVE,VERIFIED,0.238,RESTRICTED
ACC_001078,CUST_001078,SAVINGS,24766.82,ACTIVE,PENDING,0.165,RESTRICTED
ACC_001079,CUST_001079,SAVINGS,33103.97,ACTIVE,PENDING,0.064,RESTRICTED
ACC_001080,CUST_001080,SAVINGS,5197.45,ACTIVE,VERIFIED,0.481,RESTRICTED
ACC_001081,CUST_001081,SAVINGS,28002.05,ACTIVE,VERIFIED,0.258,RESTRICTED
ACC_001082,CUST_001082,SAVINGS,45688.57,ACTIVE,VERIFIED,0.19,RESTRICTED
ACC_001083,CUST_001083,SAVINGS,23375.71,ACTIVE,VERIFIED,0.471,RESTRICTED
ACC_001084,CUST_001084,SAVINGS,30131.65,ACTIVE,PENDING,0.487,RESTRICTED
ACC_001085,CUST_001085,SAVINGS,13716.98,ACTIVE,VERIFIED,0.045,RESTRICTED
ACC_001086,CUST_001086,SAVINGS,36077.23,ACTIVE,PENDING,0.075,RESTRICTED
ACC_001087,CUST_001087,SAVINGS,11598.61,ACTIVE,VERIFIED,0.16,RESTRICTED
ACC_001088,CUST_001088,SAVINGS,46740.01,ACTIVE,VERIFIED,0.288,RESTRICTED
ACC_001089,CUST_001089,SAVINGS,48356.86,ACTIVE,VERIFIED,0.173,RESTRICTED
ACC_001090,CUST_001090,SAVINGS,4269.8,ACTIVE,PENDING,0.169,RESTRICTED
ACC_001091,CUST_001091,SAVINGS,3762.42,ACTIVE,VERIFIED,0.6,RESTRICTED
ACC_001092,CUST_001092,SAVINGS,45467.16,ACTIVE,VERIFIED,0.544,RESTRICTED
ACC_001093,CUST_001093,SAVINGS,24730.06,ACTIVE,VERIFIED,0.208,RESTRICTED
ACC_001094,CUST_001094,SAVINGS,12868.46,ACTIVE,VERIFIED,0.494,RESTRICTED
ACC_001095,CUST_001095,SAVINGS,41062.61,ACTIVE,VERIFIED,0.511,RESTRICTED
ACC_001096,CUST_001096,SAVINGS,5897.34,ACTIVE,VERIFIED,0.497,RESTRICTED
ACC_001097,CUST_001097,SAVINGS,34759.54,ACTIVE,VERIFIED,0.141,RESTRICTED
ACC_001098,CUST_001098,SAVINGS,29900.63,ACTIVE,VERIFIED,0.259,RESTRICTED
ACC_001099,CUST_001099,SAVINGS,45455.6,ACTIVE,VERIFIED,0.233,RESTRICTED
ACC_001100,CUST_001100,SAVINGS,22661.15,ACTIVE,VERIFIED,0.267,RESTRICTED
ACC_001101,CUST_001101,SAVINGS,37900.45,ACTIVE,VERIFIED,0.264,RESTRICTED
ACC_001102,CUST_001102,SAVINGS,49302.66,ACTIVE,VERIFIED,0.375,RESTRICTED
ACC_001103,CUST_001103,SAVINGS,37402.52,ACTIVE,VERIFIED,0.16,RESTRICTED
ACC_001104,CUST_001104,SAVINGS,11792.86,ACTIVE,PENDING,0.385,RESTRICTED
ACC_001105,CUST_001105,SAVINGS,20695.24,ACTIVE,VERIFIED,0.254,RESTRICTED
ACC_001106,CUST_001106,SAVINGS,40712.2,ACTIVE,VERIFIED,0.33,RESTRICTED
ACC_001107,CUST_001107,SAVINGS,1799.39,ACTIVE,VERIFIED,0.127,RESTRICTED
ACC_001108,CUST_001108,SAVINGS,48226.55,ACTIVE,VERIFIED,0.156,RESTRICTED
ACC_001109,CUST_001109,SAVINGS,37489.86,ACTIVE,VERIFIED,0.542,RESTRICTED
ACC_001110,CUST_001110,SAVINGS,22304.14,ACTIVE,VERIFIED,0.232,RESTRICTED
ACC_001111,CUST_001111,SAVINGS,45590.94,ACTIVE,VERIFIED,0.252,RESTRICTED
ACC_001112,CUST_001112,SAVINGS,48547.24,ACTIVE,PENDING,0.152,RESTRICTED
ACC_001113,CUST_001113,SAVINGS,43720.82,ACTIVE,VERIFIED,0.105,RESTRICTED
ACC_001114,CUST_001114,SAVINGS,11392.93,ACTIVE,VERIFIED,0.294,RESTRICTED
ACC_001115,CUST_001115,SAVINGS,15488.14,ACTIVE,VERIFIED,0.126,RESTRICTED
ACC_001116,CUST_001116,SAVINGS,45198.19,ACTIVE,VERIFIED,0.184,RESTRICTED
ACC_001117,CUST_001117,SAVINGS,20360.16,ACTIVE,VERIFIED,0.359,RESTRICTED
ACC_001118,CUST_001118,SAVINGS,13301.63,ACTIVE,PENDING,0.386,RESTRICTED
ACC_001119,CUST_001119,SAVINGS,40174.67,ACTIVE,VERIFIED,0.439,RESTRICTED
ACC_001120,CUST_001120,SAVINGS,42895.03,ACTIVE,VERIFIED,0.614,RESTRICTED
ACC_001121,CUST_001121,SAVINGS,42869.14,FROZEN,FLAGGED,0.207,RESTRICTED
ACC_001122,CUST_001122,SAVINGS,7475.36,ACTIVE,PENDING,0.28,RESTRICTED
ACC_001123,CUST_001123,SAVINGS,45018.2,ACTIVE,VERIFIED,0.023,RESTRICTED
ACC_001124,CUST_001124,SAVINGS,10423.43,ACTIVE,VERIFIED,0.471,RESTRICTED
ACC_001125,CUST_001125,SAVINGS,37968.92,FROZEN,FLAGGED,0.636,RESTRICTED
ACC_001126,CUST_001126,SAVINGS,17201.72,ACTIVE,PENDING,0.171,RESTRICTED
ACC_001127,CUST_001127,SAVINGS,30966.12,ACTIVE,VERIFIED,0.402,RESTRICTED
ACC_001128,CUST_001128,SAVINGS,27891.05,ACTIVE,VERIFIED,0.342,RESTRICTED
ACC_001129,CUST_001129,SAVINGS,46996.25,ACTIVE,VERIFIED,0.323,RESTRICTED
ACC_001130,CUST_001130,SAVINGS,25412.71,ACTIVE,PENDING,0.606,RESTRICTED
ACC_001131,CUST_001131,SAVINGS,18606.52,ACTIVE,VERIFIED,0.075,RESTRICTED
ACC_001132,CUST_001132,SAVINGS,21883.87,ACTIVE,PENDING,0.078,RESTRICTED
ACC_001133,CUST_001133,SAVINGS,22107.09,ACTIVE,VERIFIED,0.302,RESTRICTED
ACC_001134,CUST_001134,SAVINGS,3825.85,ACTIVE,VERIFIED,0.297,RESTRICTED
ACC_001135,CUST_001135,SAVINGS,40778.05,ACTIVE,VERIFIED,0.083,RESTRICTED
ACC_001136,CUST_001136,SAVINGS,10908.25,ACTIVE,PENDING,0.29,RESTRICTED
ACC_001137,CUST_001137,SAVINGS,22731.96,ACTIVE,VERIFIED,0.546,RESTRICTED
ACC_001138,CUST_001138,SAVINGS,34045.1,ACTIVE,VERIFIED,0.263,RESTRICTED
ACC_001139,CUST_001139,SAVINGS,48713.52,ACTIVE,VERIFIED,0.099,RESTRICTED
ACC_001140,CUST_001140,SAVINGS,40324.23,ACTIVE,VERIFIED,0.167,RESTRICTED
ACC_001141,CUST_001141,SAVINGS,12932.14,ACTIVE,VERIFIED,0.363,RESTRICTED
ACC_001142,CUST_001142,SAVINGS,5339.01,ACTIVE,VERIFIED,0.516,RESTRICTED
ACC_001143,CUST_001143,SAVINGS,8987.69,ACTIVE,VERIFIED,0.231,RESTRICTED
ACC_001144,CUST_001144,SAVINGS,44220.13,ACTIVE,VERIFIED,0.42,RESTRICTED
ACC_001145,CUST_001145,SAVINGS,3804.63,ACTIVE,VERIFIED,0.024,RESTRICTED
ACC_001146,CUST_001146,SAVINGS,44099.53,FROZEN,FLAGGED,0.338,RESTRICTED
ACC_001147,CUST_001147,SAVINGS,1508.68,ACTIVE,VERIFIED,0.423,RESTRICTED
ACC_001148,CUST_001148,SAVINGS,28539.24,ACTIVE,VERIFIED,0.475,RESTRICTED
ACC_001149,CUST_001149,SAVINGS,49329.65,ACTIVE,VERIFIED,0.24,RESTRICTED
ACC_001150,CUST_001150,SAVINGS,23591.55,FROZEN,FLAGGED,0.241,RESTRICTED
ACC_001151,CUST_001151,SAVINGS,35700.56,ACTIVE,VERIFIED,0.325,RESTRICTED
ACC_001152,CUST_001152,SAVINGS,10796.19,ACTIVE,VERIFIED,0.305,RESTRICTED
ACC_001153,CUST_001153,SAVINGS,14513.2,ACTIVE,VERIFIED,0.573,RESTRICTED
ACC_001154,CUST_001154,SAVINGS,26523.49,ACTIVE,VERIFIED,0.121,RESTRICTED
ACC_001155,CUST_001155,SAVINGS,46676.15,ACTIVE,VERIFIED,0.128,RESTRICTED
ACC_001156,CUST_001156,SAVINGS,44727.03,ACTIVE,PENDING,0.212,RESTRICTED
ACC_001157,CUST_001157,SAVINGS,23746.49,ACTIVE,VERIFIED,0.093,RESTRICTED
ACC_001158,CUST_001158,SAVINGS,24212.02,ACTIVE,PENDING,0.43,RESTRICTED
ACC_001159,CUST_001159,SAVINGS,38257.46,ACTIVE,VERIFIED,0.098,RESTRICTED
ACC_001160,CUST_001160,SAVINGS,47277.49,ACTIVE,PENDING,0.338,RESTRICTED
ACC_001161,CUST_001161,SAVINGS,12086.01,ACTIVE,VERIFIED,0.352,RESTRICTED
ACC_001162,CUST_001162,SAVINGS,15214.37,ACTIVE,VERIFIED,0.082,RESTRICTED
ACC_001163,CUST_001163,SAVINGS,10258.35,ACTIVE,VERIFIED,0.211,RESTRICTED
ACC_001164,CUST_001164,SAVINGS,16904.19,ACTIVE,VERIFIED,0.327,RESTRICTED
ACC_001165,CUST_001165,SAVINGS,11873.23,ACTIVE,VERIFIED,0.309,RESTRICTED
ACC_001166,CUST_001166,SAVINGS,30001.47,ACTIVE,VERIFIED,0.346,RESTRICTED
ACC_001167,CUST_001167,SAVINGS,28028.4,ACTIVE,VERIFIED,0.467,RESTRICTED
ACC_001168,CUST_001168,SAVINGS,16544.33,ACTIVE,VERIFIED,0.066,RESTRICTED
ACC_001169,CUST_001169,SAVINGS,20512.33,ACTIVE,VERIFIED,0.136,RESTRICTED
ACC_001170,CUST_001170,SAVINGS,25577.66,FROZEN,FLAGGED,0.097,RESTRICTED
ACC_001171,CUST_001171,SAVINGS,10450.42,ACTIVE,VERIFIED,0.243,RESTRICTED
ACC_001172,CUST_001172,SAVINGS,42075.5,ACTIVE,VERIFIED,0.188,RESTRICTED
ACC_001173,CUST_001173,SAVINGS,1713.47,ACTIVE,VERIFIED,0.457,RESTRICTED
ACC_001174,CUST_001174,SAVINGS,3150.69,ACTIVE,VERIFIED,0.35,RESTRICTED
ACC_001175,CUST_001175,SAVINGS,8671.86,FROZEN,FLAGGED,0.058,RESTRICTED
ACC_001176,CUST_001176,SAVINGS,20523.77,ACTIVE,VERIFIED,0.219,RESTRICTED
ACC_001177,CUST_001177,SAVINGS,25926.7,ACTIVE,VERIFIED,0.31,RESTRICTED
ACC_001178,CUST_001178,SAVINGS,21098.58,ACTIVE,VERIFIED,0.276,RESTRICTED
ACC_001179,CUST_001179,SAVINGS,24853.41,ACTIVE,VERIFIED,0.258,RESTRICTED
ACC_001180,CUST_001180,SAVINGS,19007.7,ACTIVE,VERIFIED,0.275,RESTRICTED
ACC_001181,CUST_001181,SAVINGS,14200.51,ACTIVE,VERIFIED,0.186,RESTRICTED
ACC_001182,CUST_001182,SAVINGS,20562.87,ACTIVE,VERIFIED,0.454,RESTRICTED
ACC_001183,CUST_001183,SAVINGS,1549.93,ACTIVE,VERIFIED,0.218,RESTRICTED
ACC_001184,CUST_001184,SAVINGS,47672.93,ACTIVE,VERIFIED,0.468,RESTRICTED
ACC_001185,CUST_001185,SAVINGS,28779.43,FROZEN,FLAGGED,0.184,RESTRICTED
ACC_001186,CUST_001186,SAVINGS,2363.43,ACTIVE,VERIFIED,0.642,RESTRICTED
ACC_001187,CUST_001187,SAVINGS,23926.3,ACTIVE,VERIFIED,0.141,RESTRICTED
ACC_001188,CUST_001188,SAVINGS,44247.64,ACTIVE,VERIFIED,0.751,RESTRICTED
ACC_001189,CUST_001189,SAVINGS,37865.9,ACTIVE,VERIFIED,0.08,RESTRICTED
ACC_001190,CUST_001190,SAVINGS,37094.32,ACTIVE,PENDING,0.084,RESTRICTED
ACC_001191,CUST_001191,SAVINGS,2445.47,ACTIVE,PENDING,0.224,RESTRICTED
ACC_001192,CUST_001192,SAVINGS,36829.34,ACTIVE,VERIFIED,0.375,RESTRICTED
ACC_001193,CUST_001193,SAVINGS,43993.19,ACTIVE,VERIFIED,0.616,RESTRICTED
ACC_001194,CUST_001194,SAVINGS,32429.09,ACTIVE,VERIFIED,0.582,RESTRICTED
ACC_001195,CUST_001195,SAVINGS,11955.73,ACTIVE,VERIFIED,0.169,RESTRICTED
ACC_001196,CUST_001196,SAVINGS,7782.13,ACTIVE,VERIFIED,0.163,RESTRICTED
ACC_001197,CUST_001197,SAVINGS,30384.99,ACTIVE,VERIFIED,0.088,RESTRICTED
ACC_001198,CUST_001198,SAVINGS,44823.72,ACTIVE,PENDING,0.141,RESTRICTED
ACC_001199,CUST_001199,SAVINGS,27965.08,ACTIVE,VERIFIED,0.076,RESTRICTED
ACC_001200,CUST_001200,SAVINGS,14084.44,ACTIVE,VERIFIED,0.085,RESTRICTED
ACC_001201,CUST_001201,SAVINGS,12453.89,ACTIVE,VERIFIED,0.134,RESTRICTED
ACC_001202,CUST_001202,SAVINGS,5894.94,ACTIVE,VERIFIED,0.471,RESTRICTED
ACC_001203,CUST_001203,SAVINGS,32521.03,ACTIVE,VERIFIED,0.432,RESTRICTED
ACC_001204,CUST_001204,SAVINGS,26520.21,ACTIVE,VERIFIED,0.389,RESTRICTED
ACC_001205,CUST_001205,SAVINGS,24210.57,ACTIVE,VERIFIED,0.257,RESTRICTED
ACC_001206,CUST_001206,SAVINGS,40365.81,ACTIVE,VERIFIED,0.117,RESTRICTED
ACC_001207,CUST_001207,SAVINGS,23911.17,ACTIVE,VERIFIED,0.092,RESTRICTED
ACC_001208,CUST_001208,SAVINGS,9175.43,ACTIVE,VERIFIED,0.416,RESTRICTED
ACC_001209,CUST_001209,SAVINGS,47949.34,ACTIVE,PENDING,0.093,RESTRICTED
ACC_001210,CUST_001210,SAVINGS,14117.43,ACTIVE,VERIFIED,0.578,RESTRICTED
ACC_001211,CUST_001211,SAVINGS,39626.46,ACTIVE,VERIFIED,0.205,RESTRICTED
ACC_001212,CUST_001212,SAVINGS,41396.18,ACTIVE,PENDING,0.57,RESTRICTED
ACC_001213,CUST_001213,SAVINGS,5267.46,FROZEN,FLAGGED,0.153,RESTRICTED
ACC_001214,CUST_001214,SAVINGS,31729.36,ACTIVE,VERIFIED,0.264,RESTRICTED
ACC_001215,CUST_001215,SAVINGS,44053.18,ACTIVE,PENDING,0.333,RESTRICTED
ACC_001216,CUST_001216,SAVINGS,21996.72,ACTIVE,VERIFIED,0.427,RESTRICTED
ACC_001217,CUST_001217,SAVINGS,20521.82,ACTIVE,VERIFIED,0.109,RESTRICTED
ACC_001218,CUST_001218,SAVINGS,17242.86,ACTIVE,VERIFIED,0.602,RESTRICTED
ACC_001219,CUST_001219,SAVINGS,26339.31,ACTIVE,VERIFIED,0.39,RESTRICTED
ACC_001220,CUST_001220,SAVINGS,13374.57,ACTIVE,VERIFIED,0.339,RESTRICTED
ACC_001221,CUST_001221,SAVINGS,29795.18,ACTIVE,VERIFIED,0.281,RESTRICTED
ACC_001222,CUST_001222,SAVINGS,7124.5,ACTIVE,VERIFIED,0.403,RESTRICTED
ACC_001223,CUST_001223,SAVINGS,5054.48,ACTIVE,VERIFIED,0.107,RESTRICTED
ACC_001224,CUST_001224,SAVINGS,17130.76,ACTIVE,VERIFIED,0.218,RESTRICTED
ACC_001225,CUST_001225,SAVINGS,13730.12,ACTIVE,VERIFIED,0.357,RESTRICTED
ACC_001226,CUST_001226,SAVINGS,40305.73,ACTIVE,VERIFIED,0.612,RESTRICTED
ACC_001227,CUST_001227,SAVINGS,43425.33,ACTIVE,VERIFIED,0.065,RESTRICTED
ACC_001228,CUST_001228,SAVINGS,12530.96,ACTIVE,VERIFIED,0.148,RESTRICTED
ACC_001229,CUST_001229,SAVINGS,26124.34,ACTIVE,VERIFIED,0.367,RESTRICTED
ACC_001230,CUST_001230,SAVINGS,3957.26,ACTIVE,VERIFIED,0.154,RESTRICTED
ACC_001231,CUST_001231,SAVINGS,9047.08,ACTIVE,VERIFIED,0.761,RESTRICTED
ACC_001232,CUST_001232,SAVINGS,17035.98,ACTIVE,VERIFIED,0.186,RESTRICTED
ACC_001233,CUST_001233,SAVINGS,38403.65,ACTIVE,VERIFIED,0.187,RESTRICTED
ACC_001234,CUST_001234,SAVINGS,44114.83,ACTIVE,VERIFIED,0.189,RESTRICTED
ACC_001235,CUST_001235,SAVINGS,5450.66,ACTIVE,VERIFIED,0.38,RESTRICTED
ACC_001236,CUST_001236,SAVINGS,3233.88,ACTIVE,VERIFIED,0.257,RESTRICTED
ACC_001237,CUST_001237,SAVINGS,32455.93,ACTIVE,PENDING,0.416,RESTRICTED
ACC_001238,CUST_001238,SAVINGS,29265.47,ACTIVE,VERIFIED,0.083,RESTRICTED
ACC_001239,CUST_001239,SAVINGS,8397.89,ACTIVE,VERIFIED,0.288,RESTRICTED
ACC_001240,CUST_001240,SAVINGS,32885.84,ACTIVE,VERIFIED,0.214,RESTRICTED
ACC_001241,CUST_001241,SAVINGS,19552.05,ACTIVE,VERIFIED,0.502,RESTRICTED
ACC_001242,CUST_001242,SAVINGS,19869.99,ACTIVE,VERIFIED,0.463,RESTRICTED
ACC_001243,CUST_001243,SAVINGS,18159.82,ACTIVE,VERIFIED,0.193,RESTRICTED
ACC_001244,CUST_001244,SAVINGS,7821.69,ACTIVE,VERIFIED,0.443,RESTRICTED
ACC_001245,CUST_001245,SAVINGS,49560.08,ACTIVE,VERIFIED,0.442,RESTRICTED
ACC_001246,CUST_001246,SAVINGS,9886.52,ACTIVE,VERIFIED,0.52,RESTRICTED
ACC_001247,CUST_001247,SAVINGS,33265.47,ACTIVE,VERIFIED,0.106,RESTRICTED
ACC_001248,CUST_001248,SAVINGS,22394.87,ACTIVE,PENDING,0.421,RESTRICTED
ACC_001249,CUST_001249,SAVINGS,9565.62,ACTIVE,VERIFIED,0.31,RESTRICTED
ACC_001250,CUST_001250,SAVINGS,34790.69,ACTIVE,VERIFIED,0.439,RESTRICTED
ACC_001251,CUST_001251,SAVINGS,44896.72,ACTIVE,PENDING,0.407,RESTRICTED
ACC_001252,CUST_001252,SAVINGS,4453.16,ACTIVE,VERIFIED,0.27,RESTRICTED
ACC_001253,CUST_001253,SAVINGS,29435.23,ACTIVE,VERIFIED,0.177,RESTRICTED
ACC_001254,CUST_001254,SAVINGS,45546.52,ACTIVE,VERIFIED,0.513,RESTRICTED
ACC_001255,CUST_001255,SAVINGS,22117.18,ACTIVE,VERIFIED,0.084,RESTRICTED
ACC_001256,CUST_001256,SAVINGS,5627.72,ACTIVE,VERIFIED,0.667,RESTRICTED
ACC_001257,CUST_001257,SAVINGS,48172.69,ACTIVE,VERIFIED,0.041,RESTRICTED
ACC_001258,CUST_001258,SAVINGS,46343.23,ACTIVE,VERIFIED,0.056,RESTRICTED
ACC_001259,CUST_001259,SAVINGS,37421.53,FROZEN,FLAGGED,0.294,RESTRICTED
ACC_001260,CUST_001260,SAVINGS,47016.11,ACTIVE,VERIFIED,0.538,RESTRICTED
ACC_001261,CUST_001261,SAVINGS,21342.75,ACTIVE,PENDING,0.1,RESTRICTED
ACC_001262,CUST_001262,SAVINGS,12725.85,FROZEN,FLAGGED,0.406,RESTRICTED
ACC_001263,CUST_001263,SAVINGS,16367.91,ACTIVE,VERIFIED,0.32,RESTRICTED
ACC_001264,CUST_001264,SAVINGS,16652.1,ACTIVE,VERIFIED,0.383,RESTRICTED
ACC_001265,CUST_001265,SAVINGS,43238.17,ACTIVE,VERIFIED,0.325,RESTRICTED
ACC_001266,CUST_001266,SAVINGS,24445.08,ACTIVE,VERIFIED,0.079,RESTRICTED
ACC_001267,CUST_001267,SAVINGS,17225.58,ACTIVE,VERIFIED,0.221,RESTRICTED
ACC_001268,CUST_001268,SAVINGS,38146.82,ACTIVE,VERIFIED,0.292,RESTRICTED
ACC_001269,CUST_001269,SAVINGS,37680.64,ACTIVE,VERIFIED,0.203,RESTRICTED
ACC_001270,CUST_001270,SAVINGS,39039.64,ACTIVE,VERIFIED,0.323,RESTRICTED
ACC_001271,CUST_001271,SAVINGS,25683.31,ACTIVE,VERIFIED,0.247,RESTRICTED
ACC_001272,CUST_001272,SAVINGS,24903.06,FROZEN,FLAGGED,0.386,RESTRICTED
ACC_001273,CUST_001273,SAVINGS,20966.04,ACTIVE,VERIFIED,0.363,RESTRICTED
ACC_001274,CUST_001274,SAVINGS,11452.68,ACTIVE,VERIFIED,0.107,RESTRICTED
ACC_001275,CUST_001275,SAVINGS,9854.46,ACTIVE,VERIFIED,0.569,RESTRICTED
ACC_001276,CUST_001276,SAVINGS,40582.97,ACTIVE,VERIFIED,0.312,RESTRICTED
ACC_001277,CUST_001277,SAVINGS,10926.24,ACTIVE,VERIFIED,0.438,RESTRICTED
ACC_001278,CUST_001278,SAVINGS,11181.28,ACTIVE,VERIFIED,0.172,RESTRICTED
ACC_001279,CUST_001279,SAVINGS,37251.88,ACTIVE,VERIFIED,0.153,RESTRICTED
ACC_001280,CUST_001280,SAVINGS,33531.85,ACTIVE,VERIFIED,0.161,RESTRICTED
ACC_001281,CUST_001281,SAVINGS,12737.44,ACTIVE,VERIFIED,0.106,RESTRICTED
ACC_001282,CUST_001282,SAVINGS,22400.91,ACTIVE,VERIFIED,0.223,RESTRICTED
ACC_001283,CUST_001283,SAVINGS,24855.57,ACTIVE,VERIFIED,0.228,RESTRICTED
ACC_001284,CUST_001284,SAVINGS,35745.38,ACTIVE,VERIFIED,0.255,RESTRICTED
ACC_001285,CUST_001285,SAVINGS,24004.14,ACTIVE,VERIFIED,0.168,RESTRICTED
ACC_001286,CUST_001286,SAVINGS,5272.59,ACTIVE,VERIFIED,0.158,RESTRICTED
ACC_001287,CUST_001287,SAVINGS,5055.07,ACTIVE,VERIFIED,0.463,RESTRICTED
ACC_001288,CUST_001288,SAVINGS,25909.96,ACTIVE,VERIFIED,0.126,RESTRICTED
ACC_001289,CUST_001289,SAVINGS,8513.14,ACTIVE,VERIFIED,0.097,RESTRICTED
ACC_001290,CUST_001290,SAVINGS,43647.87,ACTIVE,VERIFIED,0.477,RESTRICTED
ACC_001291,CUST_001291,SAVINGS,1251.99,ACTIVE,VERIFIED,0.102,RESTRICTED
ACC_001292,CUST_001292,SAVINGS,37505.63,ACTIVE,PENDING,0.395,RESTRICTED
ACC_001293,CUST_001293,SAVINGS,1134.85,ACTIVE,VERIFIED,0.133,RESTRICTED
ACC_001294,CUST_001294,SAVINGS,18303.19,ACTIVE,VERIFIED,0.2,RESTRICTED
ACC_001295,CUST_001295,SAVINGS,40943.32,ACTIVE,VERIFIED,0.451,RESTRICTED
ACC_001296,CUST_001296,SAVINGS,30592.68,ACTIVE,VERIFIED,0.332,RESTRICTED
ACC_001297,CUST_001297,SAVINGS,39124.57,ACTIVE,VERIFIED,0.107,RESTRICTED
ACC_001298,CUST_001298,SAVINGS,42403.25,ACTIVE,VERIFIED,0.387,RESTRICTED
ACC_001299,CUST_001299,SAVINGS,9620.6,ACTIVE,VERIFIED,0.356,RESTRICTED
ACC_001300,CUST_001300,SAVINGS,11030.63,ACTIVE,PENDING,0.198,RESTRICTED
ACC_001301,CUST_001301,SAVINGS,36149.74,ACTIVE,VERIFIED,0.166,RESTRICTED
ACC_001302,CUST_001302,SAVINGS,4023.89,ACTIVE,VERIFIED,0.536,RESTRICTED
ACC_001303,CUST_001303,SAVINGS,38850.63,ACTIVE,VERIFIED,0.262,RESTRICTED
ACC_001304,CUST_001304,SAVINGS,11179.95,ACTIVE,VERIFIED,0.29,RESTRICTED
ACC_001305,CUST_001305,SAVINGS,27643.36,ACTIVE,VERIFIED,0.333,RESTRICTED
ACC_001306,CUST_001306,SAVINGS,9394.43,FROZEN,FLAGGED,0.088,RESTRICTED
ACC_001307,CUST_001307,SAVINGS,19049.32,ACTIVE,VERIFIED,0.397,RESTRICTED
ACC_001308,CUST_001308,SAVINGS,17275.36,ACTIVE,VERIFIED,0.334,RESTRICTED
ACC_001309,CUST_001309,SAVINGS,7661.48,ACTIVE,PENDING,0.494,RESTRICTED
ACC_001310,CUST_001310,SAVINGS,46521.43,ACTIVE,VERIFIED,0.331,RESTRICTED
ACC_001311,CUST_001311,SAVINGS,32549.61,ACTIVE,VERIFIED,0.282,RESTRICTED
ACC_001312,CUST_001312,SAVINGS,22582.58,ACTIVE,VERIFIED,0.312,RESTRICTED
ACC_001313,CUST_001313,SAVINGS,38731.01,FROZEN,FLAGGED,0.216,RESTRICTED
ACC_001314,CUST_001314,SAVINGS,10440.43,ACTIVE,PENDING,0.193,RESTRICTED
ACC_001315,CUST_001315,SAVINGS,14600.43,ACTIVE,PENDING,0.238,RESTRICTED
ACC_001316,CUST_001316,SAVINGS,37505.05,ACTIVE,VERIFIED,0.215,RESTRICTED
ACC_001317,CUST_001317,SAVINGS,32452.89,FROZEN,FLAGGED,0.258,RESTRICTED
ACC_001318,CUST_001318,SAVINGS,45464.75,ACTIVE,VERIFIED,0.029,RESTRICTED
ACC_001319,CUST_001319,SAVINGS,24380.07,FROZEN,FLAGGED,0.425,RESTRICTED
ACC_001320,CUST_001320,SAVINGS,16276.4,ACTIVE,VERIFIED,0.209,RESTRICTED
ACC_001321,CUST_001321,SAVINGS,36207.71,ACTIVE,VERIFIED,0.26,RESTRICTED
ACC_001322,CUST_001322,SAVINGS,12475.53,ACTIVE,VERIFIED,0.133,RESTRICTED
ACC_001323,CUST_001323,SAVINGS,24337.82,ACTIVE,VERIFIED,0.404,RESTRICTED
ACC_001324,CUST_001324,SAVINGS,30799.87,ACTIVE,VERIFIED,0.221,RESTRICTED
ACC_001325,CUST_001325,SAVINGS,10580.5,ACTIVE,VERIFIED,0.163,RESTRICTED
ACC_001326,CUST_001326,SAVINGS,41516.5,ACTIVE,PENDING,0.108,RESTRICTED
ACC_001327,CUST_001327,SAVINGS,39262.05,ACTIVE,VERIFIED,0.285,RESTRICTED
ACC_001328,CUST_001328,SAVINGS,18073.91,ACTIVE,VERIFIED,0.321,RESTRICTED
ACC_001329,CUST_001329,SAVINGS,36772.12,ACTIVE,VERIFIED,0.257,RESTRICTED
ACC_001330,CUST_001330,SAVINGS,31676.84,ACTIVE,VERIFIED,0.67,RESTRICTED
ACC_001331,CUST_001331,SAVINGS,23217.93,ACTIVE,VERIFIED,0.286,RESTRICTED
ACC_001332,CUST_001332,SAVINGS,3613.12,ACTIVE,VERIFIED,0.13,RESTRICTED
ACC_001333,CUST_001333,SAVINGS,20738.64,ACTIVE,VERIFIED,0.141,RESTRICTED
ACC_001334,CUST_001334,SAVINGS,2418.68,ACTIVE,VERIFIED,0.177,RESTRICTED
ACC_001335,CUST_001335,SAVINGS,23734.25,ACTIVE,VERIFIED,0.282,RESTRICTED
ACC_001336,CUST_001336,SAVINGS,8372.58,ACTIVE,VERIFIED,0.491,RESTRICTED
ACC_001337,CUST_001337,SAVINGS,12713.45,ACTIVE,VERIFIED,0.436,RESTRICTED
ACC_001338,CUST_001338,SAVINGS,26846.49,ACTIVE,VERIFIED,0.23,RESTRICTED
ACC_001339,CUST_001339,SAVINGS,11017.82,ACTIVE,PENDING,0.405,RESTRICTED
ACC_001340,CUST_001340,SAVINGS,29529.97,ACTIVE,VERIFIED,0.503,RESTRICTED
ACC_001341,CUST_001341,SAVINGS,24300.44,ACTIVE,VERIFIED,0.38,RESTRICTED
ACC_001342,CUST_001342,SAVINGS,21486.01,ACTIVE,VERIFIED,0.228,RESTRICTED
ACC_001343,CUST_001343,SAVINGS,31480.24,ACTIVE,VERIFIED,0.544,RESTRICTED
ACC_001344,CUST_001344,SAVINGS,5622.82,ACTIVE,VERIFIED,0.128,RESTRICTED
ACC_001345,CUST_001345,SAVINGS,6418.02,ACTIVE,VERIFIED,0.05,RESTRICTED
ACC_001346,CUST_001346,SAVINGS,44053.02,ACTIVE,VERIFIED,0.326,RESTRICTED
ACC_001347,CUST_001347,SAVINGS,5598.79,ACTIVE,VERIFIED,0.295,RESTRICTED
ACC_001348,CUST_001348,SAVINGS,38681.8,ACTIVE,VERIFIED,0.054,RESTRICTED
ACC_001349,CUST_001349,SAVINGS,13079.3,ACTIVE,VERIFIED,0.23,RESTRICTED
ACC_001350,CUST_001350,SAVINGS,19696.08,ACTIVE,VERIFIED,0.592,RESTRICTED
ACC_001351,CUST_001351,SAVINGS,35866.96,ACTIVE,VERIFIED,0.124,RESTRICTED
ACC_001352,CUST_001352,SAVINGS,30633.86,ACTIVE,VERIFIED,0.061,RESTRICTED
ACC_001353,CUST_001353,SAVINGS,14573.27,ACTIVE,VERIFIED,0.319,RESTRICTED
ACC_001354,CUST_001354,SAVINGS,38813.48,ACTIVE,VERIFIED,0.259,RESTRICTED
ACC_001355,CUST_001355,SAVINGS,8542.2,ACTIVE,VERIFIED,0.355,RESTRICTED
ACC_001356,CUST_001356,SAVINGS,23041.11,ACTIVE,VERIFIED,0.224,RESTRICTED
ACC_001357,CUST_001357,SAVINGS,47591.11,ACTIVE,VERIFIED,0.103,RESTRICTED
ACC_001358,CUST_001358,SAVINGS,28327.57,ACTIVE,VERIFIED,0.488,RESTRICTED
ACC_001359,CUST_001359,SAVINGS,4839.19,ACTIVE,VERIFIED,0.495,RESTRICTED
ACC_001360,CUST_001360,SAVINGS,43248.89,ACTIVE,VERIFIED,0.25,RESTRICTED
ACC_001361,CUST_001361,SAVINGS,15827.83,ACTIVE,PENDING,0.502,RESTRICTED
ACC_001362,CUST_001362,SAVINGS,12121.47,ACTIVE,VERIFIED,0.706,RESTRICTED
ACC_001363,CUST_001363,SAVINGS,20562.16,ACTIVE,VERIFIED,0.357,RESTRICTED
ACC_001364,CUST_001364,SAVINGS,6363.13,ACTIVE,PENDING,0.213,RESTRICTED
ACC_001365,CUST_001365,SAVINGS,6317.9,ACTIVE,VERIFIED,0.186,RESTRICTED
ACC_001366,CUST_001366,SAVINGS,42834.37,ACTIVE,VERIFIED,0.313,RESTRICTED
ACC_001367,CUST_001367,SAVINGS,3682.92,ACTIVE,PENDING,0.026,RESTRICTED
ACC_001368,CUST_001368,SAVINGS,48131.73,ACTIVE,VERIFIED,0.047,RESTRICTED
ACC_001369,CUST_001369,SAVINGS,24983.52,ACTIVE,PENDING,0.397,RESTRICTED
ACC_001370,CUST_001370,SAVINGS,49521.0,FROZEN,FLAGGED,0.549,RESTRICTED
ACC_001371,CUST_001371,SAVINGS,18690.55,ACTIVE,VERIFIED,0.242,RESTRICTED
ACC_001372,CUST_001372,SAVINGS,27232.67,ACTIVE,VERIFIED,0.768,RESTRICTED
ACC_001373,CUST_001373,SAVINGS,4895.92,ACTIVE,VERIFIED,0.319,RESTRICTED
ACC_001374,CUST_001374,SAVINGS,21209.73,ACTIVE,VERIFIED,0.59,RESTRICTED
ACC_001375,CUST_001375,SAVINGS,25334.6,ACTIVE,VERIFIED,0.3,RESTRICTED
ACC_001376,CUST_001376,SAVINGS,15959.57,ACTIVE,VERIFIED,0.136,RESTRICTED
ACC_001377,CUST_001377,SAVINGS,7373.08,ACTIVE,VERIFIED,0.174,RESTRICTED
ACC_001378,CUST_001378,SAVINGS,36471.78,FROZEN,FLAGGED,0.038,RESTRICTED
ACC_001379,CUST_001379,SAVINGS,18966.9,ACTIVE,VERIFIED,0.576,RESTRICTED
ACC_001380,CUST_001380,SAVINGS,5717.89,ACTIVE,VERIFIED,0.421,RESTRICTED
ACC_001381,CUST_001381,SAVINGS,29697.85,ACTIVE,VERIFIED,0.166,RESTRICTED
ACC_001382,CUST_001382,SAVINGS,41054.89,ACTIVE,VERIFIED,0.094,RESTRICTED
ACC_001383,CUST_001383,SAVINGS,23131.31,ACTIVE,VERIFIED,0.206,RESTRICTED
ACC_001384,CUST_001384,SAVINGS,21069.79,ACTIVE,VERIFIED,0.044,RESTRICTED
ACC_001385,CUST_001385,SAVINGS,17393.68,ACTIVE,VERIFIED,0.571,RESTRICTED
ACC_001386,CUST_001386,SAVINGS,36006.49,ACTIVE,VERIFIED,0.453,RESTRICTED
ACC_001387,CUST_001387,SAVINGS,8168.02,ACTIVE,VERIFIED,0.256,RESTRICTED
ACC_001388,CUST_001388,SAVINGS,21052.54,ACTIVE,VERIFIED,0.217,RESTRICTED
ACC_001389,CUST_001389,SAVINGS,22665.65,ACTIVE,VERIFIED,0.105,RESTRICTED
ACC_001390,CUST_001390,SAVINGS,6309.48,ACTIVE,VERIFIED,0.179,RESTRICTED
ACC_001391,CUST_001391,SAVINGS,14144.55,ACTIVE,VERIFIED,0.204,RESTRICTED
ACC_001392,CUST_001392,SAVINGS,14266.57,ACTIVE,VERIFIED,0.121,RESTRICTED
ACC_001393,CUST_001393,SAVINGS,12482.87,ACTIVE,VERIFIED,0.162,RESTRICTED
ACC_001394,CUST_001394,SAVINGS,25928.33,ACTIVE,VERIFIED,0.132,RESTRICTED
ACC_001395,CUST_001395,SAVINGS,16807.77,ACTIVE,VERIFIED,0.432,RESTRICTED
ACC_001396,CUST_001396,SAVINGS,13951.09,ACTIVE,VERIFIED,0.421,RESTRICTED
ACC_001397,CUST_001397,SAVINGS,2341.12,ACTIVE,VERIFIED,0.258,RESTRICTED
ACC_001398,CUST_001398,SAVINGS,38785.02,ACTIVE,VERIFIED,0.245,RESTRICTED
ACC_001399,CUST_001399,SAVINGS,28699.12,ACTIVE,VERIFIED,0.402,RESTRICTED
ACC_001400,CUST_001400,SAVINGS,31818.28,ACTIVE,PENDING,0.159,RESTRICTED
ACC_001401,CUST_001401,SAVINGS,21858.39,ACTIVE,VERIFIED,0.175,RESTRICTED
ACC_001402,CUST_001402,SAVINGS,1826.83,ACTIVE,VERIFIED,0.21,RESTRICTED
ACC_001403,CUST_001403,SAVINGS,29010.05,ACTIVE,VERIFIED,0.304,RESTRICTED
ACC_001404,CUST_001404,SAVINGS,25718.42,ACTIVE,VERIFIED,0.26,RESTRICTED
ACC_001405,CUST_001405,SAVINGS,35232.03,ACTIVE,VERIFIED,0.474,RESTRICTED
ACC_001406,CUST_001406,SAVINGS,25905.29,ACTIVE,VERIFIED,0.293,RESTRICTED
ACC_001407,CUST_001407,SAVINGS,26711.71,ACTIVE,VERIFIED,0.267,RESTRICTED
ACC_001408,CUST_001408,SAVINGS,10571.27,ACTIVE,VERIFIED,0.047,RESTRICTED
ACC_001409,CUST_001409,SAVINGS,10059.44,ACTIVE,VERIFIED,0.392,RESTRICTED
ACC_001410,CUST_001410,SAVINGS,15882.5,ACTIVE,VERIFIED,0.221,RESTRICTED
ACC_001411,CUST_001411,SAVINGS,33348.89,ACTIVE,VERIFIED,0.223,RESTRICTED
ACC_001412,CUST_001412,SAVINGS,39532.49,ACTIVE,VERIFIED,0.163,RESTRICTED
ACC_001413,CUST_001413,SAVINGS,48727.13,ACTIVE,VERIFIED,0.096,RESTRICTED
ACC_001414,CUST_001414,SAVINGS,5266.06,FROZEN,FLAGGED,0.115,RESTRICTED
ACC_001415,CUST_001415,SAVINGS,33072.23,ACTIVE,VERIFIED,0.272,RESTRICTED
ACC_001416,CUST_001416,SAVINGS,31749.41,ACTIVE,VERIFIED,0.244,RESTRICTED
ACC_001417,CUST_001417,SAVINGS,8752.69,ACTIVE,VERIFIED,0.058,RESTRICTED
ACC_001418,CUST_001418,SAVINGS,44852.97,ACTIVE,VERIFIED,0.133,RESTRICTED
ACC_001419,CUST_001419,SAVINGS,11621.13,ACTIVE,VERIFIED,0.357,RESTRICTED
ACC_001420,CUST_001420,SAVINGS,41194.03,FROZEN,FLAGGED,0.252,RESTRICTED
ACC_001421,CUST_001421,SAVINGS,48286.14,ACTIVE,VERIFIED,0.331,RESTRICTED
ACC_001422,CUST_001422,SAVINGS,25809.1,ACTIVE,PENDING,0.356,RESTRICTED
ACC_001423,CUST_001423,SAVINGS,23213.82,ACTIVE,VERIFIED,0.217,RESTRICTED
ACC_001424,CUST_001424,SAVINGS,24920.02,ACTIVE,VERIFIED,0.386,RESTRICTED
ACC_001425,CUST_001425,SAVINGS,36746.26,ACTIVE,PENDING,0.06,RESTRICTED
ACC_001426,CUST_001426,SAVINGS,41190.23,ACTIVE,VERIFIED,0.185,RESTRICTED
ACC_001427,CUST_001427,SAVINGS,10894.16,ACTIVE,VERIFIED,0.172,RESTRICTED
ACC_001428,CUST_001428,SAVINGS,48592.93,ACTIVE,VERIFIED,0.188,RESTRICTED
ACC_001429,CUST_001429,SAVINGS,16447.18,ACTIVE,PENDING,0.72,RESTRICTED
ACC_001430,CUST_001430,SAVINGS,1656.1,ACTIVE,VERIFIED,0.295,RESTRICTED
ACC_001431,CUST_001431,SAVINGS,18035.45,ACTIVE,VERIFIED,0.377,RESTRICTED
ACC_001432,CUST_001432,SAVINGS,24375.49,ACTIVE,VERIFIED,0.126,RESTRICTED
ACC_001433,CUST_001433,SAVINGS,13131.78,ACTIVE,VERIFIED,0.19,RESTRICTED
ACC_001434,CUST_001434,SAVINGS,46787.3,ACTIVE,VERIFIED,0.292,RESTRICTED
ACC_001435,CUST_001435,SAVINGS,35276.92,ACTIVE,VERIFIED,0.377,RESTRICTED
ACC_001436,CUST_001436,SAVINGS,44280.8,ACTIVE,VERIFIED,0.068,RESTRICTED
ACC_001437,CUST_001437,SAVINGS,2313.71,ACTIVE,VERIFIED,0.103,RESTRICTED
ACC_001438,CUST_001438,SAVINGS,41224.19,ACTIVE,PENDING,0.548,RESTRICTED
ACC_001439,CUST_001439,SAVINGS,47096.31,ACTIVE,PENDING,0.126,RESTRICTED
ACC_001440,CUST_001440,SAVINGS,10311.53,ACTIVE,VERIFIED,0.279,RESTRICTED
ACC_001441,CUST_001441,SAVINGS,29711.69,ACTIVE,VERIFIED,0.101,RESTRICTED
ACC_001442,CUST_001442,SAVINGS,26927.6,ACTIVE,VERIFIED,0.033,RESTRICTED
ACC_001443,CUST_001443,SAVINGS,26024.0,ACTIVE,VERIFIED,0.076,RESTRICTED
ACC_001444,CUST_001444,SAVINGS,20870.57,ACTIVE,VERIFIED,0.105,RESTRICTED
ACC_001445,CUST_001445,SAVINGS,1097.1,ACTIVE,VERIFIED,0.284,RESTRICTED
ACC_001446,CUST_001446,SAVINGS,13829.96,FROZEN,FLAGGED,0.463,RESTRICTED
ACC_001447,CUST_001447,SAVINGS,2339.38,ACTIVE,VERIFIED,0.535,RESTRICTED
ACC_001448,CUST_001448,SAVINGS,15225.13,ACTIVE,VERIFIED,0.042,RESTRICTED
ACC_001449,CUST_001449,SAVINGS,30121.42,ACTIVE,VERIFIED,0.187,RESTRICTED
ACC_001450,CUST_001450,SAVINGS,25531.4,ACTIVE,VERIFIED,0.369,RESTRICTED
ACC_001451,CUST_001451,SAVINGS,26689.12,ACTIVE,VERIFIED,0.385,RESTRICTED
ACC_001452,CUST_001452,SAVINGS,47415.66,ACTIVE,VERIFIED,0.111,RESTRICTED
ACC_001453,CUST_001453,SAVINGS,20812.1,ACTIVE,VERIFIED,0.145,RESTRICTED
ACC_001454,CUST_001454,SAVINGS,5946.96,ACTIVE,VERIFIED,0.47,RESTRICTED
ACC_001455,CUST_001455,SAVINGS,36363.73,ACTIVE,VERIFIED,0.332,RESTRICTED
ACC_001456,CUST_001456,SAVINGS,11004.49,FROZEN,FLAGGED,0.348,RESTRICTED
ACC_001457,CUST_001457,SAVINGS,24290.86,ACTIVE,VERIFIED,0.153,RESTRICTED
ACC_001458,CUST_001458,SAVINGS,21097.68,ACTIVE,VERIFIED,0.253,RESTRICTED
ACC_001459,CUST_001459,SAVINGS,10879.88,ACTIVE,VERIFIED,0.331,RESTRICTED
ACC_001460,CUST_001460,SAVINGS,33873.8,ACTIVE,VERIFIED,0.136,RESTRICTED
ACC_001461,CUST_001461,SAVINGS,34367.16,ACTIVE,VERIFIED,0.285,RESTRICTED
ACC_001462,CUST_001462,SAVINGS,13077.2,ACTIVE,VERIFIED,0.237,RESTRICTED
ACC_001463,CUST_001463,SAVINGS,43813.5,ACTIVE,VERIFIED,0.157,RESTRICTED
ACC_001464,CUST_001464,SAVINGS,14270.38,ACTIVE,VERIFIED,0.361,RESTRICTED
ACC_001465,CUST_001465,SAVINGS,23680.49,ACTIVE,VERIFIED,0.113,RESTRICTED
ACC_001466,CUST_001466,SAVINGS,40174.59,ACTIVE,VERIFIED,0.427,RESTRICTED
ACC_001467,CUST_001467,SAVINGS,49267.34,ACTIVE,PENDING,0.124,RESTRICTED
ACC_001468,CUST_001468,SAVINGS,40262.23,ACTIVE,VERIFIED,0.537,RESTRICTED
ACC_001469,CUST_001469,SAVINGS,45665.5,ACTIVE,VERIFIED,0.339,RESTRICTED
ACC_001470,CUST_001470,SAVINGS,24927.0,ACTIVE,VERIFIED,0.409,RESTRICTED
ACC_001471,CUST_001471,SAVINGS,28249.77,ACTIVE,VERIFIED,0.551,RESTRICTED
ACC_001472,CUST_001472,SAVINGS,32328.44,ACTIVE,VERIFIED,0.668,RESTRICTED
ACC_001473,CUST_001473,SAVINGS,23983.44,ACTIVE,VERIFIED,0.255,RESTRICTED
ACC_001474,CUST_001474,SAVINGS,13890.6,ACTIVE,VERIFIED,0.648,RESTRICTED
ACC_001475,CUST_001475,SAVINGS,3357.81,ACTIVE,VERIFIED,0.173,RESTRICTED
ACC_001476,CUST_001476,SAVINGS,27215.74,ACTIVE,VERIFIED,0.313,RESTRICTED
ACC_001477,CUST_001477,SAVINGS,15285.53,ACTIVE,VERIFIED,0.151,RESTRICTED
ACC_001478,CUST_001478,SAVINGS,36100.42,ACTIVE,PENDING,0.162,RESTRICTED
ACC_001479,CUST_001479,SAVINGS,38730.39,ACTIVE,VERIFIED,0.017,RESTRICTED
ACC_001480,CUST_001480,SAVINGS,1665.83,ACTIVE,VERIFIED,0.186,RESTRICTED
ACC_001481,CUST_001481,SAVINGS,31335.02,ACTIVE,VERIFIED,0.347,RESTRICTED
ACC_001482,CUST_001482,SAVINGS,47089.27,ACTIVE,VERIFIED,0.489,RESTRICTED
ACC_001483,CUST_001483,SAVINGS,39377.55,ACTIVE,VERIFIED,0.174,RESTRICTED
ACC_001484,CUST_001484,SAVINGS,16518.42,ACTIVE,VERIFIED,0.105,RESTRICTED
ACC_001485,CUST_001485,SAVINGS,47374.1,ACTIVE,VERIFIED,0.333,RESTRICTED
ACC_001486,CUST_001486,SAVINGS,19519.26,ACTIVE,VERIFIED,0.366,RESTRICTED
ACC_001487,CUST_001487,SAVINGS,36237.26,ACTIVE,VERIFIED,0.774,RESTRICTED
ACC_001488,CUST_001488,SAVINGS,19917.89,ACTIVE,VERIFIED,0.318,RESTRICTED
ACC_001489,CUST_001489,SAVINGS,45490.32,ACTIVE,VERIFIED,0.188,RESTRICTED
ACC_001490,CUST_001490,SAVINGS,3512.58,ACTIVE,VERIFIED,0.293,RESTRICTED
ACC_001491,CUST_001491,SAVINGS,1383.56,ACTIVE,VERIFIED,0.136,RESTRICTED
ACC_001492,CUST_001492,SAVINGS,28604.33,FROZEN,FLAGGED,0.693,RESTRICTED
ACC_001493,CUST_001493,SAVINGS,8241.78,ACTIVE,VERIFIED,0.05,RESTRICTED
ACC_001494,CUST_001494,SAVINGS,47181.47,ACTIVE,VERIFIED,0.148,RESTRICTED
ACC_001495,CUST_001495,SAVINGS,28446.21,ACTIVE,VERIFIED,0.08,RESTRICTED
ACC_001496,CUST_001496,SAVINGS,26717.31,ACTIVE,VERIFIED,0.301,RESTRICTED
ACC_001497,CUST_001497,SAVINGS,11435.78,ACTIVE,VERIFIED,0.386,RESTRICTED
ACC_001498,CUST_001498,SAVINGS,8058.44,ACTIVE,VERIFIED,0.355,RESTRICTED
ACC_001499,CUST_001499,SAVINGS,11659.29,ACTIVE,VERIFIED,0.129,RESTRICTED
ACC_001500,CUST_001500,SAVINGS,1711.95,ACTIVE,VERIFIED,0.428,RESTRICTED
ACC_001501,CUST_001501,SAVINGS,42594.97,ACTIVE,VERIFIED,0.123,RESTRICTED
ACC_001502,CUST_001502,SAVINGS,39918.11,ACTIVE,VERIFIED,0.264,RESTRICTED
ACC_001503,CUST_001503,SAVINGS,49362.28,ACTIVE,VERIFIED,0.157,RESTRICTED
ACC_001504,CUST_001504,SAVINGS,25948.45,ACTIVE,VERIFIED,0.109,RESTRICTED
ACC_001505,CUST_001505,SAVINGS,3408.56,ACTIVE,VERIFIED,0.426,RESTRICTED
ACC_001506,CUST_001506,SAVINGS,34447.66,ACTIVE,VERIFIED,0.246,RESTRICTED
ACC_001507,CUST_001507,SAVINGS,8881.31,ACTIVE,VERIFIED,0.405,RESTRICTED
ACC_001508,CUST_001508,SAVINGS,32427.32,ACTIVE,VERIFIED,0.176,RESTRICTED
ACC_001509,CUST_001509,SAVINGS,34973.87,ACTIVE,VERIFIED,0.3,RESTRICTED
ACC_001510,CUST_001510,SAVINGS,32133.8,ACTIVE,VERIFIED,0.078,RESTRICTED
ACC_001511,CUST_001511,SAVINGS,9403.61,ACTIVE,VERIFIED,0.416,RESTRICTED
ACC_001512,CUST_001512,SAVINGS,8287.0,ACTIVE,VERIFIED,0.649,RESTRICTED
ACC_001513,CUST_001513,SAVINGS,6744.48,ACTIVE,VERIFIED,0.564,RESTRICTED
ACC_001514,CUST_001514,SAVINGS,6131.58,ACTIVE,VERIFIED,0.15,RESTRICTED
ACC_001515,CUST_001515,SAVINGS,9045.04,ACTIVE,VERIFIED,0.057,RESTRICTED
ACC_001516,CUST_001516,SAVINGS,20678.85,ACTIVE,VERIFIED,0.431,RESTRICTED
ACC_001517,CUST_001517,SAVINGS,22654.18,ACTIVE,VERIFIED,0.15,RESTRICTED
ACC_001518,CUST_001518,SAVINGS,19316.51,ACTIVE,VERIFIED,0.477,RESTRICTED
ACC_001519,CUST_001519,SAVINGS,11867.61,ACTIVE,VERIFIED,0.274,RESTRICTED
ACC_001520,CUST_001520,SAVINGS,27524.49,ACTIVE,VERIFIED,0.105,RESTRICTED
ACC_001521,CUST_001521,SAVINGS,24141.1,ACTIVE,VERIFIED,0.2,RESTRICTED
ACC_001522,CUST_001522,SAVINGS,11176.87,ACTIVE,VERIFIED,0.577,RESTRICTED
ACC_001523,CUST_001523,SAVINGS,44920.79,ACTIVE,VERIFIED,0.021,RESTRICTED
ACC_001524,CUST_001524,SAVINGS,24355.67,ACTIVE,VERIFIED,0.193,RESTRICTED
ACC_001525,CUST_001525,SAVINGS,38151.99,ACTIVE,VERIFIED,0.154,RESTRICTED
ACC_001526,CUST_001526,SAVINGS,35609.41,ACTIVE,VERIFIED,0.215,RESTRICTED
ACC_001527,CUST_001527,SAVINGS,25878.05,ACTIVE,VERIFIED,0.523,RESTRICTED
ACC_001528,CUST_001528,SAVINGS,33930.05,FROZEN,FLAGGED,0.096,RESTRICTED
ACC_001529,CUST_001529,SAVINGS,49966.11,ACTIVE,VERIFIED,0.326,RESTRICTED
ACC_001530,CUST_001530,SAVINGS,12606.55,ACTIVE,VERIFIED,0.534,RESTRICTED
ACC_001531,CUST_001531,SAVINGS,43995.55,ACTIVE,VERIFIED,0.145,RESTRICTED
ACC_001532,CUST_001532,SAVINGS,20523.2,ACTIVE,VERIFIED,0.324,RESTRICTED
ACC_001533,CUST_001533,SAVINGS,35718.82,ACTIVE,VERIFIED,0.217,RESTRICTED
ACC_001534,CUST_001534,SAVINGS,44012.5,ACTIVE,VERIFIED,0.161,RESTRICTED
ACC_001535,CUST_001535,SAVINGS,39369.17,ACTIVE,VERIFIED,0.139,RESTRICTED
ACC_001536,CUST_001536,SAVINGS,45597.47,ACTIVE,VERIFIED,0.104,RESTRICTED
ACC_001537,CUST_001537,SAVINGS,31104.12,ACTIVE,VERIFIED,0.266,RESTRICTED
ACC_001538,CUST_001538,SAVINGS,28046.68,ACTIVE,VERIFIED,0.3,RESTRICTED
ACC_001539,CUST_001539,SAVINGS,42543.3,ACTIVE,VERIFIED,0.248,RESTRICTED
ACC_001540,CUST_001540,SAVINGS,44736.4,ACTIVE,VERIFIED,0.126,RESTRICTED
ACC_001541,CUST_001541,SAVINGS,7754.6,ACTIVE,VERIFIED,0.177,RESTRICTED
ACC_001542,CUST_001542,SAVINGS,49775.98,ACTIVE,VERIFIED,0.297,RESTRICTED
ACC_001543,CUST_001543,SAVINGS,39020.99,ACTIVE,VERIFIED,0.12,RESTRICTED
ACC_001544,CUST_001544,SAVINGS,13505.66,ACTIVE,VERIFIED,0.221,RESTRICTED
ACC_001545,CUST_001545,SAVINGS,23290.63,ACTIVE,VERIFIED,0.243,RESTRICTED
ACC_001546,CUST_001546,SAVINGS,39536.93,ACTIVE,VERIFIED,0.221,RESTRICTED
ACC_001547,CUST_001547,SAVINGS,30725.23,ACTIVE,VERIFIED,0.233,RESTRICTED
ACC_001548,CUST_001548,SAVINGS,10674.1,ACTIVE,VERIFIED,0.344,RESTRICTED
ACC_001549,CUST_001549,SAVINGS,21583.84,ACTIVE,VERIFIED,0.193,RESTRICTED
ACC_001550,CUST_001550,SAVINGS,11392.39,ACTIVE,PENDING,0.115,RESTRICTED
ACC_001551,CUST_001551,SAVINGS,11093.63,ACTIVE,PENDING,0.188,RESTRICTED
ACC_001552,CUST_001552,SAVINGS,34114.47,ACTIVE,VERIFIED,0.243,RESTRICTED
ACC_001553,CUST_001553,SAVINGS,38772.12,ACTIVE,VERIFIED,0.355,RESTRICTED
ACC_001554,CUST_001554,SAVINGS,44742.19,ACTIVE,VERIFIED,0.121,RESTRICTED
ACC_001555,CUST_001555,SAVINGS,40361.73,ACTIVE,VERIFIED,0.327,RESTRICTED
ACC_001556,CUST_001556,SAVINGS,19077.8,ACTIVE,VERIFIED,0.14,RESTRICTED
ACC_001557,CUST_001557,SAVINGS,41023.72,ACTIVE,VERIFIED,0.243,RESTRICTED
ACC_001558,CUST_001558,SAVINGS,23284.84,ACTIVE,VERIFIED,0.264,RESTRICTED
ACC_001559,CUST_001559,SAVINGS,8574.8,ACTIVE,VERIFIED,0.15,RESTRICTED
ACC_001560,CUST_001560,SAVINGS,29154.48,ACTIVE,VERIFIED,0.212,RESTRICTED
ACC_001561,CUST_001561,SAVINGS,19347.29,ACTIVE,VERIFIED,0.078,RESTRICTED
ACC_001562,CUST_001562,SAVINGS,33593.1,ACTIVE,VERIFIED,0.642,RESTRICTED
ACC_001563,CUST_001563,SAVINGS,13340.05,ACTIVE,VERIFIED,0.162,RESTRICTED
ACC_001564,CUST_001564,SAVINGS,7775.24,ACTIVE,VERIFIED,0.198,RESTRICTED
ACC_001565,CUST_001565,SAVINGS,7086.96,ACTIVE,VERIFIED,0.306,RESTRICTED
ACC_001566,CUST_001566,SAVINGS,14250.63,ACTIVE,VERIFIED,0.575,RESTRICTED
ACC_001567,CUST_001567,SAVINGS,17839.34,ACTIVE,VERIFIED,0.265,RESTRICTED
ACC_001568,CUST_001568,SAVINGS,49071.08,ACTIVE,VERIFIED,0.373,RESTRICTED
ACC_001569,CUST_001569,SAVINGS,17954.0,ACTIVE,VERIFIED,0.502,RESTRICTED
ACC_001570,CUST_001570,SAVINGS,6884.31,ACTIVE,VERIFIED,0.179,RESTRICTED
ACC_001571,CUST_001571,SAVINGS,24743.31,ACTIVE,VERIFIED,0.098,RESTRICTED
ACC_001572,CUST_001572,SAVINGS,45571.13,ACTIVE,VERIFIED,0.115,RESTRICTED
ACC_001573,CUST_001573,SAVINGS,2301.64,FROZEN,FLAGGED,0.522,RESTRICTED
ACC_001574,CUST_001574,SAVINGS,49862.59,ACTIVE,VERIFIED,0.612,RESTRICTED
ACC_001575,CUST_001575,SAVINGS,44183.29,ACTIVE,VERIFIED,0.138,RESTRICTED
ACC_001576,CUST_001576,SAVINGS,40703.51,ACTIVE,VERIFIED,0.425,RESTRICTED
ACC_001577,CUST_001577,SAVINGS,28379.75,ACTIVE,VERIFIED,0.433,RESTRICTED
ACC_001578,CUST_001578,SAVINGS,5834.22,ACTIVE,VERIFIED,0.38,RESTRICTED
ACC_001579,CUST_001579,SAVINGS,25622.84,ACTIVE,VERIFIED,0.36,RESTRICTED
ACC_001580,CUST_001580,SAVINGS,32416.97,ACTIVE,VERIFIED,0.291,RESTRICTED
ACC_001581,CUST_001581,SAVINGS,41516.54,ACTIVE,VERIFIED,0.687,RESTRICTED
ACC_001582,CUST_001582,SAVINGS,38249.12,ACTIVE,VERIFIED,0.077,RESTRICTED
ACC_001583,CUST_001583,SAVINGS,8625.9,ACTIVE,VERIFIED,0.172,RESTRICTED
ACC_001584,CUST_001584,SAVINGS,2915.57,FROZEN,FLAGGED,0.34,RESTRICTED
ACC_001585,CUST_001585,SAVINGS,26770.14,ACTIVE,VERIFIED,0.044,RESTRICTED
ACC_001586,CUST_001586,SAVINGS,43915.03,ACTIVE,VERIFIED,0.12,RESTRICTED
ACC_001587,CUST_001587,SAVINGS,27116.68,ACTIVE,VERIFIED,0.094,RESTRICTED
ACC_001588,CUST_001588,SAVINGS,42847.24,ACTIVE,VERIFIED,0.274,RESTRICTED
ACC_001589,CUST_001589,SAVINGS,49161.04,ACTIVE,VERIFIED,0.461,RESTRICTED
ACC_001590,CUST_001590,SAVINGS,2751.01,ACTIVE,VERIFIED,0.498,RESTRICTED
ACC_001591,CUST_001591,SAVINGS,32712.64,ACTIVE,VERIFIED,0.09,RESTRICTED
ACC_001592,CUST_001592,SAVINGS,48253.62,ACTIVE,VERIFIED,0.076,RESTRICTED
ACC_001593,CUST_001593,SAVINGS,28818.45,ACTIVE,VERIFIED,0.09,RESTRICTED
ACC_001594,CUST_001594,SAVINGS,28101.33,ACTIVE,VERIFIED,0.227,RESTRICTED
ACC_001595,CUST_001595,SAVINGS,27165.59,ACTIVE,PENDING,0.171,RESTRICTED
ACC_001596,CUST_001596,SAVINGS,47149.21,ACTIVE,VERIFIED,0.127,RESTRICTED
ACC_001597,CUST_001597,SAVINGS,4239.32,ACTIVE,VERIFIED,0.116,RESTRICTED
ACC_001598,CUST_001598,SAVINGS,4166.09,ACTIVE,VERIFIED,0.14,RESTRICTED
ACC_001599,CUST_001599,SAVINGS,2764.39,ACTIVE,VERIFIED,0.035,RESTRICTED
ACC_001600,CUST_001600,SAVINGS,42472.49,ACTIVE,VERIFIED,0.251,RESTRICTED
ACC_001601,CUST_001601,SAVINGS,33898.34,ACTIVE,VERIFIED,0.38,RESTRICTED
ACC_001602,CUST_001602,SAVINGS,44099.9,ACTIVE,VERIFIED,0.313,RESTRICTED
ACC_001603,CUST_001603,SAVINGS,45477.84,ACTIVE,VERIFIED,0.399,RESTRICTED
ACC_001604,CUST_001604,SAVINGS,34561.46,ACTIVE,VERIFIED,0.279,RESTRICTED
ACC_001605,CUST_001605,SAVINGS,49774.9,ACTIVE,VERIFIED,0.361,RESTRICTED
ACC_001606,CUST_001606,SAVINGS,24976.91,ACTIVE,VERIFIED,0.173,RESTRICTED
ACC_001607,CUST_001607,SAVINGS,25275.78,FROZEN,FLAGGED,0.243,RESTRICTED
ACC_001608,CUST_001608,SAVINGS,13224.48,ACTIVE,VERIFIED,0.294,RESTRICTED
ACC_001609,CUST_001609,SAVINGS,10865.0,ACTIVE,VERIFIED,0.239,RESTRICTED
ACC_001610,CUST_001610,SAVINGS,38119.92,ACTIVE,VERIFIED,0.484,RESTRICTED
ACC_001611,CUST_001611,SAVINGS,45600.57,ACTIVE,VERIFIED,0.231,RESTRICTED
ACC_001612,CUST_001612,SAVINGS,41563.6,ACTIVE,VERIFIED,0.087,RESTRICTED
ACC_001613,CUST_001613,SAVINGS,5870.67,ACTIVE,PENDING,0.422,RESTRICTED
ACC_001614,CUST_001614,SAVINGS,43444.87,ACTIVE,VERIFIED,0.48,RESTRICTED
ACC_001615,CUST_001615,SAVINGS,30064.15,ACTIVE,VERIFIED,0.358,RESTRICTED
ACC_001616,CUST_001616,SAVINGS,20335.49,ACTIVE,VERIFIED,0.475,RESTRICTED
ACC_001617,CUST_001617,SAVINGS,29899.83,ACTIVE,VERIFIED,0.485,RESTRICTED
ACC_001618,CUST_001618,SAVINGS,15071.99,ACTIVE,VERIFIED,0.14,RESTRICTED
ACC_001619,CUST_001619,SAVINGS,38396.73,ACTIVE,VERIFIED,0.096,RESTRICTED
ACC_001620,CUST_001620,SAVINGS,39245.42,ACTIVE,VERIFIED,0.354,RESTRICTED
ACC_001621,CUST_001621,SAVINGS,9811.2,ACTIVE,VERIFIED,0.351,RESTRICTED
ACC_001622,CUST_001622,SAVINGS,42989.58,ACTIVE,VERIFIED,0.32,RESTRICTED
ACC_001623,CUST_001623,SAVINGS,10718.8,ACTIVE,VERIFIED,0.625,RESTRICTED
ACC_001624,CUST_001624,SAVINGS,45504.81,ACTIVE,VERIFIED,0.118,RESTRICTED
ACC_001625,CUST_001625,SAVINGS,46961.73,ACTIVE,VERIFIED,0.344,RESTRICTED
ACC_001626,CUST_001626,SAVINGS,14863.27,ACTIVE,VERIFIED,0.264,RESTRICTED
ACC_001627,CUST_001627,SAVINGS,27587.0,ACTIVE,VERIFIED,0.413,RESTRICTED
ACC_001628,CUST_001628,SAVINGS,6928.54,FROZEN,FLAGGED,0.222,RESTRICTED
ACC_001629,CUST_001629,SAVINGS,25159.26,ACTIVE,VERIFIED,0.032,RESTRICTED
ACC_001630,CUST_001630,SAVINGS,9120.21,ACTIVE,VERIFIED,0.074,RESTRICTED
ACC_001631,CUST_001631,SAVINGS,24772.79,FROZEN,FLAGGED,0.362,RESTRICTED
ACC_001632,CUST_001632,SAVINGS,24135.46,ACTIVE,VERIFIED,0.549,RESTRICTED
ACC_001633,CUST_001633,SAVINGS,37265.68,ACTIVE,VERIFIED,0.363,RESTRICTED
ACC_001634,CUST_001634,SAVINGS,5863.97,ACTIVE,VERIFIED,0.11,RESTRICTED
ACC_001635,CUST_001635,SAVINGS,5702.53,ACTIVE,VERIFIED,0.064,RESTRICTED
ACC_001636,CUST_001636,SAVINGS,16519.7,ACTIVE,VERIFIED,0.847,RESTRICTED
ACC_001637,CUST_001637,SAVINGS,42051.09,ACTIVE,VERIFIED,0.537,RESTRICTED
ACC_001638,CUST_001638,SAVINGS,43984.0,ACTIVE,VERIFIED,0.33,RESTRICTED
ACC_001639,CUST_001639,SAVINGS,20960.56,ACTIVE,VERIFIED,0.293,RESTRICTED
ACC_001640,CUST_001640,SAVINGS,20290.76,ACTIVE,VERIFIED,0.513,RESTRICTED
ACC_001641,CUST_001641,SAVINGS,6106.32,FROZEN,FLAGGED,0.056,RESTRICTED
ACC_001642,CUST_001642,SAVINGS,34860.82,ACTIVE,VERIFIED,0.277,RESTRICTED
ACC_001643,CUST_001643,SAVINGS,12586.27,ACTIVE,VERIFIED,0.322,RESTRICTED
ACC_001644,CUST_001644,SAVINGS,22214.09,ACTIVE,VERIFIED,0.128,RESTRICTED
ACC_001645,CUST_001645,SAVINGS,30342.09,ACTIVE,VERIFIED,0.157,RESTRICTED
ACC_001646,CUST_001646,SAVINGS,4965.27,ACTIVE,VERIFIED,0.226,RESTRICTED
ACC_001647,CUST_001647,SAVINGS,11227.5,ACTIVE,VERIFIED,0.303,RESTRICTED
ACC_001648,CUST_001648,SAVINGS,28320.44,ACTIVE,VERIFIED,0.044,RESTRICTED
ACC_001649,CUST_001649,SAVINGS,47539.38,ACTIVE,VERIFIED,0.493,RESTRICTED
ACC_001650,CUST_001650,SAVINGS,35697.54,FROZEN,FLAGGED,0.372,RESTRICTED
ACC_001651,CUST_001651,SAVINGS,36616.03,ACTIVE,VERIFIED,0.383,RESTRICTED
ACC_001652,CUST_001652,SAVINGS,12063.91,FROZEN,FLAGGED,0.219,RESTRICTED
ACC_001653,CUST_001653,SAVINGS,4471.39,FROZEN,FLAGGED,0.123,RESTRICTED
ACC_001654,CUST_001654,SAVINGS,37415.8,FROZEN,FLAGGED,0.605,RESTRICTED
ACC_001655,CUST_001655,SAVINGS,22707.32,ACTIVE,VERIFIED,0.365,RESTRICTED
ACC_001656,CUST_001656,SAVINGS,6424.77,ACTIVE,VERIFIED,0.294,RESTRICTED
ACC_001657,CUST_001657,SAVINGS,9102.59,ACTIVE,VERIFIED,0.079,RESTRICTED
ACC_001658,CUST_001658,SAVINGS,2617.17,ACTIVE,PENDING,0.107,RESTRICTED
ACC_001659,CUST_001659,SAVINGS,34510.52,ACTIVE,VERIFIED,0.36,RESTRICTED
ACC_001660,CUST_001660,SAVINGS,45830.57,ACTIVE,PENDING,0.215,RESTRICTED
ACC_001661,CUST_001661,SAVINGS,30333.45,ACTIVE,VERIFIED,0.292,RESTRICTED
ACC_001662,CUST_001662,SAVINGS,10972.6,ACTIVE,VERIFIED,0.25,RESTRICTED
ACC_001663,CUST_001663,SAVINGS,25773.71,ACTIVE,VERIFIED,0.3,RESTRICTED
ACC_001664,CUST_001664,SAVINGS,29746.29,ACTIVE,VERIFIED,0.332,RESTRICTED
ACC_001665,CUST_001665,SAVINGS,34597.4,ACTIVE,VERIFIED,0.124,RESTRICTED
ACC_001666,CUST_001666,SAVINGS,15438.42,ACTIVE,VERIFIED,0.405,RESTRICTED
ACC_001667,CUST_001667,SAVINGS,42155.27,ACTIVE,VERIFIED,0.516,RESTRICTED
ACC_001668,CUST_001668,SAVINGS,24808.82,ACTIVE,VERIFIED,0.29,RESTRICTED
ACC_001669,CUST_001669,SAVINGS,43578.4,ACTIVE,VERIFIED,0.374,RESTRICTED
ACC_001670,CUST_001670,SAVINGS,46285.41,ACTIVE,VERIFIED,0.346,RESTRICTED
ACC_001671,CUST_001671,SAVINGS,24581.75,ACTIVE,VERIFIED,0.416,RESTRICTED
ACC_001672,CUST_001672,SAVINGS,13152.36,ACTIVE,VERIFIED,0.347,RESTRICTED
ACC_001673,CUST_001673,SAVINGS,9349.9,ACTIVE,VERIFIED,0.08,RESTRICTED
ACC_001674,CUST_001674,SAVINGS,48275.1,ACTIVE,VERIFIED,0.505,RESTRICTED
ACC_001675,CUST_001675,SAVINGS,3749.16,ACTIVE,VERIFIED,0.432,RESTRICTED
ACC_001676,CUST_001676,SAVINGS,41376.3,ACTIVE,VERIFIED,0.439,RESTRICTED
ACC_001677,CUST_001677,SAVINGS,27608.98,ACTIVE,VERIFIED,0.279,RESTRICTED
ACC_001678,CUST_001678,SAVINGS,15925.79,ACTIVE,VERIFIED,0.174,RESTRICTED
ACC_001679,CUST_001679,SAVINGS,26476.67,ACTIVE,VERIFIED,0.74,RESTRICTED
ACC_001680,CUST_001680,SAVINGS,28352.88,ACTIVE,VERIFIED,0.25,RESTRICTED
ACC_001681,CUST_001681,SAVINGS,29011.41,ACTIVE,VERIFIED,0.234,RESTRICTED
ACC_001682,CUST_001682,SAVINGS,44022.19,ACTIVE,VERIFIED,0.284,RESTRICTED
ACC_001683,CUST_001683,SAVINGS,29386.53,ACTIVE,VERIFIED,0.527,RESTRICTED
ACC_001684,CUST_001684,SAVINGS,27818.68,ACTIVE,VERIFIED,0.103,RESTRICTED
ACC_001685,CUST_001685,SAVINGS,33629.12,ACTIVE,VERIFIED,0.08,RESTRICTED
ACC_001686,CUST_001686,SAVINGS,25176.11,ACTIVE,VERIFIED,0.183,RESTRICTED
ACC_001687,CUST_001687,SAVINGS,11056.99,ACTIVE,PENDING,0.275,RESTRICTED
ACC_001688,CUST_001688,SAVINGS,40204.68,ACTIVE,VERIFIED,0.341,RESTRICTED
ACC_001689,CUST_001689,SAVINGS,33047.49,ACTIVE,VERIFIED,0.202,RESTRICTED
ACC_001690,CUST_001690,SAVINGS,21645.23,ACTIVE,PENDING,0.17,RESTRICTED
ACC_001691,CUST_001691,SAVINGS,40907.37,ACTIVE,VERIFIED,0.148,RESTRICTED
ACC_001692,CUST_001692,SAVINGS,10332.14,ACTIVE,VERIFIED,0.355,RESTRICTED
ACC_001693,CUST_001693,SAVINGS,28455.1,ACTIVE,PENDING,0.218,RESTRICTED
ACC_001694,CUST_001694,SAVINGS,8214.84,ACTIVE,VERIFIED,0.272,RESTRICTED
ACC_001695,CUST_001695,SAVINGS,4294.07,ACTIVE,VERIFIED,0.139,RESTRICTED
ACC_001696,CUST_001696,SAVINGS,4985.86,FROZEN,FLAGGED,0.096,RESTRICTED
ACC_001697,CUST_001697,SAVINGS,11636.31,ACTIVE,VERIFIED,0.376,RESTRICTED
ACC_001698,CUST_001698,SAVINGS,4728.99,ACTIVE,VERIFIED,0.121,RESTRICTED
ACC_001699,CUST_001699,SAVINGS,1129.91,ACTIVE,VERIFIED,0.471,RESTRICTED
ACC_001700,CUST_001700,SAVINGS,9038.18,ACTIVE,VERIFIED,0.41,RESTRICTED
ACC_001701,CUST_001701,SAVINGS,37646.19,ACTIVE,VERIFIED,0.22,RESTRICTED
ACC_001702,CUST_001702,SAVINGS,4922.17,ACTIVE,VERIFIED,0.109,RESTRICTED
ACC_001703,CUST_001703,SAVINGS,21262.98,ACTIVE,VERIFIED,0.079,RESTRICTED
ACC_001704,CUST_001704,SAVINGS,25411.71,ACTIVE,VERIFIED,0.313,RESTRICTED
ACC_001705,CUST_001705,SAVINGS,28326.24,ACTIVE,VERIFIED,0.096,RESTRICTED
ACC_001706,CUST_001706,SAVINGS,11176.83,FROZEN,FLAGGED,0.368,RESTRICTED
ACC_001707,CUST_001707,SAVINGS,39814.78,ACTIVE,VERIFIED,0.164,RESTRICTED
ACC_001708,CUST_001708,SAVINGS,12118.91,ACTIVE,VERIFIED,0.18,RESTRICTED
ACC_001709,CUST_001709,SAVINGS,14507.21,ACTIVE,VERIFIED,0.703,RESTRICTED
ACC_001710,CUST_001710,SAVINGS,31097.78,FROZEN,FLAGGED,0.379,RESTRICTED
ACC_001711,CUST_001711,SAVINGS,41176.39,ACTIVE,VERIFIED,0.2,RESTRICTED
ACC_001712,CUST_001712,SAVINGS,30818.59,ACTIVE,VERIFIED,0.193,RESTRICTED
ACC_001713,CUST_001713,SAVINGS,19811.81,ACTIVE,VERIFIED,0.431,RESTRICTED
ACC_001714,CUST_001714,SAVINGS,43674.21,ACTIVE,VERIFIED,0.447,RESTRICTED
ACC_001715,CUST_001715,SAVINGS,19829.64,ACTIVE,VERIFIED,0.155,RESTRICTED
ACC_001716,CUST_001716,SAVINGS,30745.1,ACTIVE,VERIFIED,0.413,RESTRICTED
ACC_001717,CUST_001717,SAVINGS,16702.02,FROZEN,FLAGGED,0.139,RESTRICTED
ACC_001718,CUST_001718,SAVINGS,3505.01,FROZEN,FLAGGED,0.123,RESTRICTED
ACC_001719,CUST_001719,SAVINGS,13018.45,ACTIVE,VERIFIED,0.445,RESTRICTED
ACC_001720,CUST_001720,SAVINGS,4163.73,FROZEN,FLAGGED,0.135,RESTRICTED
ACC_001721,CUST_001721,SAVINGS,26777.01,ACTIVE,VERIFIED,0.189,RESTRICTED
ACC_001722,CUST_001722,SAVINGS,1896.29,ACTIVE,VERIFIED,0.327,RESTRICTED
ACC_001723,CUST_001723,SAVINGS,32227.68,ACTIVE,VERIFIED,0.154,RESTRICTED
ACC_001724,CUST_001724,SAVINGS,10236.49,ACTIVE,PENDING,0.544,RESTRICTED
ACC_001725,CUST_001725,SAVINGS,31392.87,ACTIVE,VERIFIED,0.226,RESTRICTED
ACC_001726,CUST_001726,SAVINGS,17703.34,ACTIVE,VERIFIED,0.226,RESTRICTED
ACC_001727,CUST_001727,SAVINGS,30897.76,ACTIVE,PENDING,0.086,RESTRICTED
ACC_001728,CUST_001728,SAVINGS,25132.86,ACTIVE,VERIFIED,0.361,RESTRICTED
ACC_001729,CUST_001729,SAVINGS,31755.22,ACTIVE,VERIFIED,0.281,RESTRICTED
ACC_001730,CUST_001730,SAVINGS,13964.76,ACTIVE,VERIFIED,0.137,RESTRICTED
ACC_001731,CUST_001731,SAVINGS,31801.86,ACTIVE,VERIFIED,0.621,RESTRICTED
ACC_001732,CUST_001732,SAVINGS,49284.49,ACTIVE,VERIFIED,0.313,RESTRICTED
ACC_001733,CUST_001733,SAVINGS,32599.67,ACTIVE,VERIFIED,0.072,RESTRICTED
ACC_001734,CUST_001734,SAVINGS,34957.93,ACTIVE,VERIFIED,0.298,RESTRICTED
ACC_001735,CUST_001735,SAVINGS,28658.68,ACTIVE,VERIFIED,0.283,RESTRICTED
ACC_001736,CUST_001736,SAVINGS,5694.01,ACTIVE,VERIFIED,0.337,RESTRICTED
ACC_001737,CUST_001737,SAVINGS,22789.62,ACTIVE,VERIFIED,0.054,RESTRICTED
ACC_001738,CUST_001738,SAVINGS,16735.54,ACTIVE,VERIFIED,0.612,RESTRICTED
ACC_001739,CUST_001739,SAVINGS,33888.04,FROZEN,FLAGGED,0.212,RESTRICTED
ACC_001740,CUST_001740,SAVINGS,40082.82,ACTIVE,VERIFIED,0.214,RESTRICTED
ACC_001741,CUST_001741,SAVINGS,3779.54,ACTIVE,VERIFIED,0.144,RESTRICTED
ACC_001742,CUST_001742,SAVINGS,47813.52,ACTIVE,PENDING,0.272,RESTRICTED
ACC_001743,CUST_001743,SAVINGS,16020.42,ACTIVE,VERIFIED,0.176,RESTRICTED
ACC_001744,CUST_001744,SAVINGS,15423.44,ACTIVE,VERIFIED,0.236,RESTRICTED
ACC_001745,CUST_001745,SAVINGS,7314.16,ACTIVE,VERIFIED,0.232,RESTRICTED
ACC_001746,CUST_001746,SAVINGS,13904.2,ACTIVE,VERIFIED,0.344,RESTRICTED
ACC_001747,CUST_001747,SAVINGS,11399.05,ACTIVE,VERIFIED,0.186,RESTRICTED
ACC_001748,CUST_001748,SAVINGS,34075.92,ACTIVE,VERIFIED,0.226,RESTRICTED
ACC_001749,CUST_001749,SAVINGS,30713.99,ACTIVE,VERIFIED,0.15,RESTRICTED
ACC_001750,CUST_001750,SAVINGS,43984.72,ACTIVE,VERIFIED,0.213,RESTRICTED
ACC_001751,CUST_001751,SAVINGS,21489.69,ACTIVE,VERIFIED,0.493,RESTRICTED
ACC_001752,CUST_001752,SAVINGS,20882.51,ACTIVE,VERIFIED,0.142,RESTRICTED
ACC_001753,CUST_001753,SAVINGS,28802.72,ACTIVE,VERIFIED,0.317,RESTRICTED
ACC_001754,CUST_001754,SAVINGS,12303.49,ACTIVE,PENDING,0.606,RESTRICTED
ACC_001755,CUST_001755,SAVINGS,35984.73,ACTIVE,VERIFIED,0.26,RESTRICTED
ACC_001756,CUST_001756,SAVINGS,39089.25,ACTIVE,VERIFIED,0.28,RESTRICTED
ACC_001757,CUST_001757,SAVINGS,30199.78,ACTIVE,VERIFIED,0.426,RESTRICTED
ACC_001758,CUST_001758,SAVINGS,40022.79,ACTIVE,VERIFIED,0.297,RESTRICTED
ACC_001759,CUST_001759,SAVINGS,34690.22,ACTIVE,VERIFIED,0.231,RESTRICTED
ACC_001760,CUST_001760,SAVINGS,16398.33,FROZEN,FLAGGED,0.227,RESTRICTED
ACC_001761,CUST_001761,SAVINGS,1128.75,ACTIVE,PENDING,0.419,RESTRICTED
ACC_001762,CUST_001762,SAVINGS,44755.86,ACTIVE,VERIFIED,0.526,RESTRICTED
ACC_001763,CUST_001763,SAVINGS,38164.37,ACTIVE,VERIFIED,0.31,RESTRICTED
ACC_001764,CUST_001764,SAVINGS,28197.19,ACTIVE,PENDING,0.226,RESTRICTED
ACC_001765,CUST_001765,SAVINGS,48684.68,ACTIVE,VERIFIED,0.225,RESTRICTED
ACC_001766,CUST_001766,SAVINGS,10793.51,ACTIVE,VERIFIED,0.363,RESTRICTED
ACC_001767,CUST_001767,SAVINGS,33447.82,ACTIVE,VERIFIED,0.785,RESTRICTED
ACC_001768,CUST_001768,SAVINGS,4327.94,ACTIVE,VERIFIED,0.165,RESTRICTED
ACC_001769,CUST_001769,SAVINGS,14396.4,ACTIVE,VERIFIED,0.469,RESTRICTED
ACC_001770,CUST_001770,SAVINGS,11860.12,ACTIVE,VERIFIED,0.415,RESTRICTED
ACC_001771,CUST_001771,SAVINGS,32292.22,FROZEN,FLAGGED,0.415,RESTRICTED
ACC_001772,CUST_001772,SAVINGS,5576.96,ACTIVE,VERIFIED,0.231,RESTRICTED
ACC_001773,CUST_001773,SAVINGS,8483.34,ACTIVE,VERIFIED,0.498,RESTRICTED
ACC_001774,CUST_001774,SAVINGS,32808.53,ACTIVE,VERIFIED,0.377,RESTRICTED
ACC_001775,CUST_001775,SAVINGS,22082.36,ACTIVE,VERIFIED,0.142,RESTRICTED
ACC_001776,CUST_001776,SAVINGS,24331.28,ACTIVE,VERIFIED,0.313,RESTRICTED
ACC_001777,CUST_001777,SAVINGS,8185.93,ACTIVE,VERIFIED,0.205,RESTRICTED
ACC_001778,CUST_001778,SAVINGS,17632.33,ACTIVE,VERIFIED,0.285,RESTRICTED
ACC_001779,CUST_001779,SAVINGS,21909.09,ACTIVE,VERIFIED,0.176,RESTRICTED
ACC_001780,CUST_001780,SAVINGS,42965.73,ACTIVE,VERIFIED,0.409,RESTRICTED
ACC_001781,CUST_001781,SAVINGS,43306.48,ACTIVE,VERIFIED,0.061,RESTRICTED
ACC_001782,CUST_001782,SAVINGS,37935.23,ACTIVE,VERIFIED,0.473,RESTRICTED
ACC_001783,CUST_001783,SAVINGS,2384.65,ACTIVE,PENDING,0.178,RESTRICTED
ACC_001784,CUST_001784,SAVINGS,44666.92,ACTIVE,VERIFIED,0.43,RESTRICTED
ACC_001785,CUST_001785,SAVINGS,27498.92,ACTIVE,PENDING,0.071,RESTRICTED
ACC_001786,CUST_001786,SAVINGS,1000.32,ACTIVE,VERIFIED,0.372,RESTRICTED
ACC_001787,CUST_001787,SAVINGS,20832.96,ACTIVE,VERIFIED,0.357,RESTRICTED
ACC_001788,CUST_001788,SAVINGS,29901.9,ACTIVE,VERIFIED,0.693,RESTRICTED
ACC_001789,CUST_001789,SAVINGS,8873.65,ACTIVE,VERIFIED,0.256,RESTRICTED
ACC_001790,CUST_001790,SAVINGS,18452.74,ACTIVE,VERIFIED,0.208,RESTRICTED
ACC_001791,CUST_001791,SAVINGS,23662.73,ACTIVE,VERIFIED,0.084,RESTRICTED
ACC_001792,CUST_001792,SAVINGS,13025.76,ACTIVE,VERIFIED,0.387,RESTRICTED
ACC_001793,CUST_001793,SAVINGS,4317.26,ACTIVE,VERIFIED,0.139,RESTRICTED
ACC_001794,CUST_001794,SAVINGS,6307.73,ACTIVE,VERIFIED,0.534,RESTRICTED
ACC_001795,CUST_001795,SAVINGS,23077.27,ACTIVE,PENDING,0.227,RESTRICTED
ACC_001796,CUST_001796,SAVINGS,37950.41,ACTIVE,VERIFIED,0.114,RESTRICTED
ACC_001797,CUST_001797,SAVINGS,38689.03,ACTIVE,PENDING,0.232,RESTRICTED
ACC_001798,CUST_001798,SAVINGS,41482.76,ACTIVE,VERIFIED,0.484,RESTRICTED
ACC_001799,CUST_001799,SAVINGS,8386.32,ACTIVE,VERIFIED,0.142,RESTRICTED
ACC_001800,CUST_001800,SAVINGS,48193.59,ACTIVE,VERIFIED,0.256,RESTRICTED
ACC_001801,CUST_001801,SAVINGS,10136.49,FROZEN,FLAGGED,0.079,RESTRICTED
ACC_001802,CUST_001802,SAVINGS,4117.63,ACTIVE,VERIFIED,0.108,RESTRICTED
ACC_001803,CUST_001803,SAVINGS,2872.91,ACTIVE,VERIFIED,0.058,RESTRICTED
ACC_001804,CUST_001804,SAVINGS,34335.62,ACTIVE,VERIFIED,0.186,RESTRICTED
ACC_001805,CUST_001805,SAVINGS,40868.92,ACTIVE,VERIFIED,0.508,RESTRICTED
ACC_001806,CUST_001806,SAVINGS,13805.23,ACTIVE,VERIFIED,0.445,RESTRICTED
ACC_001807,CUST_001807,SAVINGS,24932.67,ACTIVE,VERIFIED,0.239,RESTRICTED
ACC_001808,CUST_001808,SAVINGS,5125.53,ACTIVE,VERIFIED,0.227,RESTRICTED
ACC_001809,CUST_001809,SAVINGS,46483.09,ACTIVE,VERIFIED,0.139,RESTRICTED
ACC_001810,CUST_001810,SAVINGS,11250.47,ACTIVE,VERIFIED,0.062,RESTRICTED
ACC_001811,CUST_001811,SAVINGS,14574.0,ACTIVE,VERIFIED,0.228,RESTRICTED
ACC_001812,CUST_001812,SAVINGS,40186.4,ACTIVE,VERIFIED,0.4,RESTRICTED
ACC_001813,CUST_001813,SAVINGS,22426.26,ACTIVE,VERIFIED,0.666,RESTRICTED
ACC_001814,CUST_001814,SAVINGS,48025.41,ACTIVE,PENDING,0.171,RESTRICTED
ACC_001815,CUST_001815,SAVINGS,30658.47,ACTIVE,VERIFIED,0.248,RESTRICTED
ACC_001816,CUST_001816,SAVINGS,16029.13,ACTIVE,VERIFIED,0.419,RESTRICTED
ACC_001817,CUST_001817,SAVINGS,26609.25,ACTIVE,VERIFIED,0.266,RESTRICTED
ACC_001818,CUST_001818,SAVINGS,16972.99,ACTIVE,VERIFIED,0.119,RESTRICTED
ACC_001819,CUST_001819,SAVINGS,24813.84,ACTIVE,VERIFIED,0.539,RESTRICTED
ACC_001820,CUST_001820,SAVINGS,44344.29,ACTIVE,VERIFIED,0.459,RESTRICTED
ACC_001821,CUST_001821,SAVINGS,5254.4,ACTIVE,PENDING,0.577,RESTRICTED
ACC_001822,CUST_001822,SAVINGS,28364.37,ACTIVE,VERIFIED,0.447,RESTRICTED
ACC_001823,CUST_001823,SAVINGS,26598.08,ACTIVE,VERIFIED,0.492,RESTRICTED
ACC_001824,CUST_001824,SAVINGS,4984.16,ACTIVE,VERIFIED,0.355,RESTRICTED
ACC_001825,CUST_001825,SAVINGS,24709.3,ACTIVE,PENDING,0.363,RESTRICTED
ACC_001826,CUST_001826,SAVINGS,47572.05,FROZEN,FLAGGED,0.312,RESTRICTED
ACC_001827,CUST_001827,SAVINGS,30625.41,ACTIVE,VERIFIED,0.39,RESTRICTED
ACC_001828,CUST_001828,SAVINGS,20246.01,ACTIVE,VERIFIED,0.112,RESTRICTED
ACC_001829,CUST_001829,SAVINGS,10131.48,ACTIVE,PENDING,0.197,RESTRICTED
ACC_001830,CUST_001830,SAVINGS,47174.1,ACTIVE,VERIFIED,0.441,RESTRICTED
ACC_001831,CUST_001831,SAVINGS,8290.31,ACTIVE,VERIFIED,0.086,RESTRICTED
ACC_001832,CUST_001832,SAVINGS,22811.73,ACTIVE,VERIFIED,0.527,RESTRICTED
ACC_001833,CUST_001833,SAVINGS,7529.65,ACTIVE,VERIFIED,0.494,RESTRICTED
ACC_001834,CUST_001834,SAVINGS,48214.22,ACTIVE,VERIFIED,0.233,RESTRICTED
ACC_001835,CUST_001835,SAVINGS,18122.42,ACTIVE,VERIFIED,0.431,RESTRICTED
ACC_001836,CUST_001836,SAVINGS,44078.29,ACTIVE,VERIFIED,0.307,RESTRICTED
ACC_001837,CUST_001837,SAVINGS,39154.5,FROZEN,FLAGGED,0.218,RESTRICTED
ACC_001838,CUST_001838,SAVINGS,37173.88,FROZEN,FLAGGED,0.152,RESTRICTED
ACC_001839,CUST_001839,SAVINGS,37607.99,ACTIVE,VERIFIED,0.236,RESTRICTED
ACC_001840,CUST_001840,SAVINGS,36208.19,FROZEN,FLAGGED,0.122,RESTRICTED
ACC_001841,CUST_001841,SAVINGS,39716.9,ACTIVE,VERIFIED,0.025,RESTRICTED
ACC_001842,CUST_001842,SAVINGS,45914.32,ACTIVE,VERIFIED,0.301,RESTRICTED
ACC_001843,CUST_001843,SAVINGS,15445.84,ACTIVE,VERIFIED,0.43,RESTRICTED
ACC_001844,CUST_001844,SAVINGS,12967.86,ACTIVE,VERIFIED,0.248,RESTRICTED
ACC_001845,CUST_001845,SAVINGS,15071.41,ACTIVE,VERIFIED,0.162,RESTRICTED
ACC_001846,CUST_001846,SAVINGS,26560.98,ACTIVE,VERIFIED,0.279,RESTRICTED
ACC_001847,CUST_001847,SAVINGS,20523.37,ACTIVE,VERIFIED,0.699,RESTRICTED
ACC_001848,CUST_001848,SAVINGS,7718.39,ACTIVE,VERIFIED,0.52,RESTRICTED
ACC_001849,CUST_001849,SAVINGS,10819.4,ACTIVE,VERIFIED,0.195,RESTRICTED
ACC_001850,CUST_001850,SAVINGS,22289.58,ACTIVE,PENDING,0.105,RESTRICTED
ACC_001851,CUST_001851,SAVINGS,37803.12,ACTIVE,VERIFIED,0.141,RESTRICTED
ACC_001852,CUST_001852,SAVINGS,47969.47,ACTIVE,VERIFIED,0.357,RESTRICTED
ACC_001853,CUST_001853,SAVINGS,19753.45,ACTIVE,VERIFIED,0.237,RESTRICTED
ACC_001854,CUST_001854,SAVINGS,26989.88,ACTIVE,VERIFIED,0.59,RESTRICTED
ACC_001855,CUST_001855,SAVINGS,49805.57,ACTIVE,PENDING,0.297,RESTRICTED
ACC_001856,CUST_001856,SAVINGS,49778.23,ACTIVE,PENDING,0.316,RESTRICTED
ACC_001857,CUST_001857,SAVINGS,24206.12,ACTIVE,VERIFIED,0.485,RESTRICTED
ACC_001858,CUST_001858,SAVINGS,1097.58,ACTIVE,VERIFIED,0.515,RESTRICTED
ACC_001859,CUST_001859,SAVINGS,40230.74,ACTIVE,VERIFIED,0.243,RESTRICTED
ACC_001860,CUST_001860,SAVINGS,21031.19,ACTIVE,VERIFIED,0.489,RESTRICTED
ACC_001861,CUST_001861,SAVINGS,33613.34,ACTIVE,VERIFIED,0.34,RESTRICTED
ACC_001862,CUST_001862,SAVINGS,32815.13,ACTIVE,VERIFIED,0.092,RESTRICTED
ACC_001863,CUST_001863,SAVINGS,46310.67,ACTIVE,VERIFIED,0.364,RESTRICTED
ACC_001864,CUST_001864,SAVINGS,36766.71,ACTIVE,VERIFIED,0.665,RESTRICTED
ACC_001865,CUST_001865,SAVINGS,4308.48,ACTIVE,VERIFIED,0.063,RESTRICTED
ACC_001866,CUST_001866,SAVINGS,36393.5,ACTIVE,VERIFIED,0.043,RESTRICTED
ACC_001867,CUST_001867,SAVINGS,21672.43,ACTIVE,VERIFIED,0.343,RESTRICTED
ACC_001868,CUST_001868,SAVINGS,25582.28,ACTIVE,VERIFIED,0.17,RESTRICTED
ACC_001869,CUST_001869,SAVINGS,47318.88,ACTIVE,VERIFIED,0.318,RESTRICTED
ACC_001870,CUST_001870,SAVINGS,3214.31,ACTIVE,VERIFIED,0.303,RESTRICTED
ACC_001871,CUST_001871,SAVINGS,44175.13,ACTIVE,VERIFIED,0.361,RESTRICTED
ACC_001872,CUST_001872,SAVINGS,40936.95,ACTIVE,VERIFIED,0.142,RESTRICTED
ACC_001873,CUST_001873,SAVINGS,4829.25,ACTIVE,VERIFIED,0.302,RESTRICTED
ACC_001874,CUST_001874,SAVINGS,35545.06,ACTIVE,VERIFIED,0.347,RESTRICTED
ACC_001875,CUST_001875,SAVINGS,14281.34,ACTIVE,PENDING,0.172,RESTRICTED
ACC_001876,CUST_001876,SAVINGS,34206.65,ACTIVE,VERIFIED,0.152,RESTRICTED
ACC_001877,CUST_001877,SAVINGS,40291.23,ACTIVE,VERIFIED,0.483,RESTRICTED
ACC_001878,CUST_001878,SAVINGS,13695.27,ACTIVE,VERIFIED,0.215,RESTRICTED
ACC_001879,CUST_001879,SAVINGS,26978.19,ACTIVE,VERIFIED,0.307,RESTRICTED
ACC_001880,CUST_001880,SAVINGS,47599.75,ACTIVE,VERIFIED,0.223,RESTRICTED
ACC_001881,CUST_001881,SAVINGS,30134.55,ACTIVE,VERIFIED,0.322,RESTRICTED
ACC_001882,CUST_001882,SAVINGS,27464.64,ACTIVE,VERIFIED,0.28,RESTRICTED
ACC_001883,CUST_001883,SAVINGS,19682.82,ACTIVE,VERIFIED,0.406,RESTRICTED
ACC_001884,CUST_001884,SAVINGS,35594.8,ACTIVE,VERIFIED,0.197,RESTRICTED
ACC_001885,CUST_001885,SAVINGS,34900.92,ACTIVE,PENDING,0.434,RESTRICTED
ACC_001886,CUST_001886,SAVINGS,12547.47,ACTIVE,VERIFIED,0.178,RESTRICTED
ACC_001887,CUST_001887,SAVINGS,15952.22,ACTIVE,VERIFIED,0.293,RESTRICTED
ACC_001888,CUST_001888,SAVINGS,42856.74,ACTIVE,VERIFIED,0.079,RESTRICTED
ACC_001889,CUST_001889,SAVINGS,15351.06,ACTIVE,VERIFIED,0.319,RESTRICTED
ACC_001890,CUST_001890,SAVINGS,47631.41,ACTIVE,VERIFIED,0.134,RESTRICTED
ACC_001891,CUST_001891,SAVINGS,9914.24,ACTIVE,VERIFIED,0.247,RESTRICTED
ACC_001892,CUST_001892,SAVINGS,19252.22,ACTIVE,VERIFIED,0.354,RESTRICTED
ACC_001893,CUST_001893,SAVINGS,1995.43,ACTIVE,VERIFIED,0.102,RESTRICTED
ACC_001894,CUST_001894,SAVINGS,4766.88,ACTIVE,PENDING,0.119,RESTRICTED
ACC_001895,CUST_001895,SAVINGS,28460.67,ACTIVE,VERIFIED,0.336,RESTRICTED
ACC_001896,CUST_001896,SAVINGS,16882.61,ACTIVE,VERIFIED,0.232,RESTRICTED
ACC_001897,CUST_001897,SAVINGS,40968.6,ACTIVE,VERIFIED,0.393,RESTRICTED
ACC_001898,CUST_001898,SAVINGS,18759.24,ACTIVE,VERIFIED,0.444,RESTRICTED
ACC_001899,CUST_001899,SAVINGS,18057.51,ACTIVE,VERIFIED,0.043,RESTRICTED
ACC_001900,CUST_001900,SAVINGS,21967.52,ACTIVE,VERIFIED,0.519,RESTRICTED
ACC_001901,CUST_001901,SAVINGS,47283.33,ACTIVE,PENDING,0.133,RESTRICTED
ACC_001902,CUST_001902,SAVINGS,28085.25,ACTIVE,VERIFIED,0.088,RESTRICTED
ACC_001903,CUST_001903,SAVINGS,8967.2,ACTIVE,PENDING,0.396,RESTRICTED
ACC_001904,CUST_001904,SAVINGS,41039.58,ACTIVE,VERIFIED,0.569,RESTRICTED
ACC_001905,CUST_001905,SAVINGS,12532.86,ACTIVE,VERIFIED,0.043,RESTRICTED
ACC_001906,CUST_001906,SAVINGS,21998.38,ACTIVE,VERIFIED,0.107,RESTRICTED
ACC_001907,CUST_001907,SAVINGS,3456.88,ACTIVE,VERIFIED,0.08,RESTRICTED
ACC_001908,CUST_001908,SAVINGS,1030.56,ACTIVE,PENDING,0.102,RESTRICTED
ACC_001909,CUST_001909,SAVINGS,43930.55,ACTIVE,VERIFIED,0.314,RESTRICTED
ACC_001910,CUST_001910,SAVINGS,17909.21,ACTIVE,VERIFIED,0.091,RESTRICTED
ACC_001911,CUST_001911,SAVINGS,13299.73,ACTIVE,VERIFIED,0.446,RESTRICTED
ACC_001912,CUST_001912,SAVINGS,49554.99,ACTIVE,PENDING,0.055,RESTRICTED
ACC_001913,CUST_001913,SAVINGS,19851.14,ACTIVE,VERIFIED,0.527,RESTRICTED
ACC_001914,CUST_001914,SAVINGS,38803.19,ACTIVE,VERIFIED,0.438,RESTRICTED
ACC_001915,CUST_001915,SAVINGS,41070.52,ACTIVE,VERIFIED,0.067,RESTRICTED
ACC_001916,CUST_001916,SAVINGS,16681.84,ACTIVE,VERIFIED,0.436,RESTRICTED
ACC_001917,CUST_001917,SAVINGS,16968.12,ACTIVE,VERIFIED,0.373,RESTRICTED
ACC_001918,CUST_001918,SAVINGS,9933.08,ACTIVE,VERIFIED,0.493,RESTRICTED
ACC_001919,CUST_001919,SAVINGS,4691.25,ACTIVE,PENDING,0.344,RESTRICTED
ACC_001920,CUST_001920,SAVINGS,29283.14,ACTIVE,VERIFIED,0.151,RESTRICTED
ACC_001921,CUST_001921,SAVINGS,37395.47,ACTIVE,VERIFIED,0.3,RESTRICTED
ACC_001922,CUST_001922,SAVINGS,19668.71,ACTIVE,VERIFIED,0.357,RESTRICTED
ACC_001923,CUST_001923,SAVINGS,46193.73,ACTIVE,VERIFIED,0.599,RESTRICTED
ACC_001924,CUST_001924,SAVINGS,34835.13,ACTIVE,VERIFIED,0.205,RESTRICTED
ACC_001925,CUST_001925,SAVINGS,46753.98,ACTIVE,VERIFIED,0.267,RESTRICTED
ACC_001926,CUST_001926,SAVINGS,32472.68,ACTIVE,PENDING,0.313,RESTRICTED
ACC_001927,CUST_001927,SAVINGS,45441.15,ACTIVE,PENDING,0.192,RESTRICTED
ACC_001928,CUST_001928,SAVINGS,7561.43,ACTIVE,VERIFIED,0.223,RESTRICTED
ACC_001929,CUST_001929,SAVINGS,3197.34,ACTIVE,VERIFIED,0.107,RESTRICTED
ACC_001930,CUST_001930,SAVINGS,19425.53,ACTIVE,PENDING,0.258,RESTRICTED
ACC_001931,CUST_001931,SAVINGS,3016.68,ACTIVE,VERIFIED,0.384,RESTRICTED
ACC_001932,CUST_001932,SAVINGS,31916.14,ACTIVE,VERIFIED,0.799,RESTRICTED
ACC_001933,CUST_001933,SAVINGS,45604.16,ACTIVE,PENDING,0.021,RESTRICTED
ACC_001934,CUST_001934,SAVINGS,9247.56,ACTIVE,VERIFIED,0.284,RESTRICTED
ACC_001935,CUST_001935,SAVINGS,16518.85,ACTIVE,VERIFIED,0.18,RESTRICTED
ACC_001936,CUST_001936,SAVINGS,43939.9,ACTIVE,VERIFIED,0.07,RESTRICTED
ACC_001937,CUST_001937,SAVINGS,45370.97,ACTIVE,VERIFIED,0.313,RESTRICTED
ACC_001938,CUST_001938,SAVINGS,12212.25,ACTIVE,VERIFIED,0.038,RESTRICTED
ACC_001939,CUST_001939,SAVINGS,32566.81,ACTIVE,VERIFIED,0.318,RESTRICTED
ACC_001940,CUST_001940,SAVINGS,24477.51,ACTIVE,VERIFIED,0.62,RESTRICTED
ACC_001941,CUST_001941,SAVINGS,33525.74,ACTIVE,VERIFIED,0.607,RESTRICTED
ACC_001942,CUST_001942,SAVINGS,7472.86,FROZEN,FLAGGED,0.15,RESTRICTED
ACC_001943,CUST_001943,SAVINGS,40606.4,ACTIVE,VERIFIED,0.227,RESTRICTED
ACC_001944,CUST_001944,SAVINGS,9908.56,ACTIVE,VERIFIED,0.414,RESTRICTED
ACC_001945,CUST_001945,SAVINGS,30770.66,ACTIVE,VERIFIED,0.309,RESTRICTED
ACC_001946,CUST_001946,SAVINGS,47181.83,ACTIVE,VERIFIED,0.053,RESTRICTED
ACC_001947,CUST_001947,SAVINGS,1124.08,ACTIVE,VERIFIED,0.123,RESTRICTED
ACC_001948,CUST_001948,SAVINGS,34876.3,ACTIVE,VERIFIED,0.791,RESTRICTED
ACC_001949,CUST_001949,SAVINGS,25164.84,ACTIVE,PENDING,0.095,RESTRICTED
ACC_001950,CUST_001950,SAVINGS,37808.89,ACTIVE,VERIFIED,0.643,RESTRICTED
ACC_001951,CUST_001951,SAVINGS,48159.05,ACTIVE,VERIFIED,0.482,RESTRICTED
ACC_001952,CUST_001952,SAVINGS,33047.3,ACTIVE,PENDING,0.473,RESTRICTED
ACC_001953,CUST_001953,SAVINGS,47813.28,ACTIVE,VERIFIED,0.119,RESTRICTED
ACC_001954,CUST_001954,SAVINGS,30502.9,ACTIVE,VERIFIED,0.486,RESTRICTED
ACC_001955,CUST_001955,SAVINGS,8679.71,ACTIVE,VERIFIED,0.04,RESTRICTED
ACC_001956,CUST_001956,SAVINGS,22226.05,ACTIVE,PENDING,0.342,RESTRICTED
ACC_001957,CUST_001957,SAVINGS,2285.58,ACTIVE,VERIFIED,0.111,RESTRICTED
ACC_001958,CUST_001958,SAVINGS,38005.35,ACTIVE,VERIFIED,0.341,RESTRICTED
ACC_001959,CUST_001959,SAVINGS,23759.81,ACTIVE,PENDING,0.281,RESTRICTED
ACC_001960,CUST_001960,SAVINGS,45856.59,ACTIVE,VERIFIED,0.195,RESTRICTED
ACC_001961,CUST_001961,SAVINGS,12238.73,ACTIVE,VERIFIED,0.607,RESTRICTED
ACC_001962,CUST_001962,SAVINGS,46796.26,ACTIVE,VERIFIED,0.054,RESTRICTED
ACC_001963,CUST_001963,SAVINGS,28961.99,ACTIVE,PENDING,0.377,RESTRICTED
ACC_001964,CUST_001964,SAVINGS,29093.14,ACTIVE,VERIFIED,0.139,RESTRICTED
ACC_001965,CUST_001965,SAVINGS,16984.5,ACTIVE,VERIFIED,0.244,RESTRICTED
ACC_001966,CUST_001966,SAVINGS,11560.09,ACTIVE,VERIFIED,0.307,RESTRICTED
ACC_001967,CUST_001967,SAVINGS,11766.31,ACTIVE,PENDING,0.189,RESTRICTED
ACC_001968,CUST_001968,SAVINGS,10281.24,ACTIVE,VERIFIED,0.407,RESTRICTED
ACC_001969,CUST_001969,SAVINGS,6661.85,ACTIVE,VERIFIED,0.152,RESTRICTED
ACC_001970,CUST_001970,SAVINGS,17447.81,ACTIVE,PENDING,0.222,RESTRICTED
ACC_001971,CUST_001971,SAVINGS,31987.3,ACTIVE,VERIFIED,0.398,RESTRICTED
ACC_001972,CUST_001972,SAVINGS,46070.14,ACTIVE,VERIFIED,0.348,RESTRICTED
ACC_001973,CUST_001973,SAVINGS,5185.48,ACTIVE,VERIFIED,0.251,RESTRICTED
ACC_001974,CUST_001974,SAVINGS,9843.47,ACTIVE,VERIFIED,0.447,RESTRICTED
ACC_001975,CUST_001975,SAVINGS,35681.07,ACTIVE,VERIFIED,0.419,RESTRICTED
ACC_001976,CUST_001976,SAVINGS,19324.04,FROZEN,FLAGGED,0.237,RESTRICTED
ACC_001977,CUST_001977,SAVINGS,16806.51,ACTIVE,PENDING,0.331,RESTRICTED
ACC_001978,CUST_001978,SAVINGS,42478.48,ACTIVE,VERIFIED,0.175,RESTRICTED
ACC_001979,CUST_001979,SAVINGS,32980.55,ACTIVE,VERIFIED,0.016,RESTRICTED
ACC_001980,CUST_001980,SAVINGS,25358.22,ACTIVE,VERIFIED,0.224,RESTRICTED
ACC_001981,CUST_001981,SAVINGS,25006.26,ACTIVE,VERIFIED,0.353,RESTRICTED
ACC_001982,CUST_001982,SAVINGS,22045.39,FROZEN,FLAGGED,0.26,RESTRICTED
ACC_001983,CUST_001983,SAVINGS,22394.45,ACTIVE,VERIFIED,0.561,RESTRICTED
ACC_001984,CUST_001984,SAVINGS,36463.96,ACTIVE,PENDING,0.139,RESTRICTED
ACC_001985,CUST_001985,SAVINGS,37930.51,ACTIVE,PENDING,0.297,RESTRICTED
ACC_001986,CUST_001986,SAVINGS,25513.7,ACTIVE,VERIFIED,0.45,RESTRICTED
ACC_001987,CUST_001987,SAVINGS,38987.92,ACTIVE,VERIFIED,0.162,RESTRICTED
ACC_001988,CUST_001988,SAVINGS,8990.5,ACTIVE,VERIFIED,0.198,RESTRICTED
ACC_001989,CUST_001989,SAVINGS,44800.46,ACTIVE,PENDING,0.084,RESTRICTED
ACC_001990,CUST_001990,SAVINGS,42139.78,FROZEN,FLAGGED,0.095,RESTRICTED
ACC_001991,CUST_001991,SAVINGS,39228.11,ACTIVE,VERIFIED,0.092,RESTRICTED
ACC_001992,CUST_001992,SAVINGS,1910.83,ACTIVE,VERIFIED,0.574,RESTRICTED
ACC_001993,CUST_001993,SAVINGS,38578.0,ACTIVE,VERIFIED,0.121,RESTRICTED
ACC_001994,CUST_001994,SAVINGS,45378.05,ACTIVE,VERIFIED,0.234,RESTRICTED
ACC_001995,CUST_001995,SAVINGS,43218.48,ACTIVE,VERIFIED,0.149,RESTRICTED
ACC_001996,CUST_001996,SAVINGS,7059.94,ACTIVE,VERIFIED,0.443,RESTRICTED
ACC_001997,CUST_001997,SAVINGS,45160.31,ACTIVE,PENDING,0.223,RESTRICTED
ACC_001998,CUST_001998,SAVINGS,9439.19,ACTIVE,PENDING,0.164,RESTRICTED
ACC_001999,CUST_001999,SAVINGS,38973.23,ACTIVE,PENDING,0.518,RESTRICTED
ACC_002000,CUST_002000,SAVINGS,26824.89,ACTIVE,VERIFIED,0.264,RESTRICTED
ACC_002001,CUST_002001,SAVINGS,10996.91,ACTIVE,VERIFIED,0.069,RESTRICTED
ACC_002002,CUST_002002,SAVINGS,12710.98,ACTIVE,VERIFIED,0.346,RESTRICTED
ACC_002003,CUST_002003,SAVINGS,46829.56,ACTIVE,VERIFIED,0.053,RESTRICTED
ACC_002004,CUST_002004,SAVINGS,22782.58,ACTIVE,VERIFIED,0.227,RESTRICTED
ACC_002005,CUST_002005,SAVINGS,29114.16,ACTIVE,VERIFIED,0.547,RESTRICTED
ACC_002006,CUST_002006,SAVINGS,5234.1,ACTIVE,VERIFIED,0.148,RESTRICTED
ACC_002007,CUST_002007,SAVINGS,14128.07,ACTIVE,PENDING,0.055,RESTRICTED
ACC_002008,CUST_002008,SAVINGS,26518.19,ACTIVE,VERIFIED,0.551,RESTRICTED
ACC_002009,CUST_002009,SAVINGS,44619.1,ACTIVE,PENDING,0.46,RESTRICTED
ACC_002010,CUST_002010,SAVINGS,3961.17,ACTIVE,VERIFIED,0.472,RESTRICTED
ACC_002011,CUST_002011,SAVINGS,14685.52,ACTIVE,VERIFIED,0.205,RESTRICTED
ACC_002012,CUST_002012,SAVINGS,38720.85,ACTIVE,VERIFIED,0.208,RESTRICTED
ACC_002013,CUST_002013,SAVINGS,47662.41,ACTIVE,VERIFIED,0.029,RESTRICTED
ACC_002014,CUST_002014,SAVINGS,21132.18,ACTIVE,VERIFIED,0.271,RESTRICTED
ACC_002015,CUST_002015,SAVINGS,48011.59,ACTIVE,PENDING,0.263,RESTRICTED
ACC_002016,CUST_002016,SAVINGS,42580.29,ACTIVE,PENDING,0.511,RESTRICTED
ACC_002017,CUST_002017,SAVINGS,18978.1,ACTIVE,VERIFIED,0.407,RESTRICTED
ACC_002018,CUST_002018,SAVINGS,3822.29,ACTIVE,VERIFIED,0.154,RESTRICTED
ACC_002019,CUST_002019,SAVINGS,46761.26,ACTIVE,VERIFIED,0.118,RESTRICTED
ACC_002020,CUST_002020,SAVINGS,44394.01,ACTIVE,VERIFIED,0.067,RESTRICTED
ACC_002021,CUST_002021,SAVINGS,8421.22,ACTIVE,VERIFIED,0.192,RESTRICTED
ACC_002022,CUST_002022,SAVINGS,35035.09,ACTIVE,VERIFIED,0.163,RESTRICTED
ACC_002023,CUST_002023,SAVINGS,21027.96,ACTIVE,VERIFIED,0.25,RESTRICTED
ACC_002024,CUST_002024,SAVINGS,48323.63,ACTIVE,VERIFIED,0.025,RESTRICTED
ACC_002025,CUST_002025,SAVINGS,42572.81,ACTIVE,VERIFIED,0.17,RESTRICTED
ACC_002026,CUST_002026,SAVINGS,6846.92,ACTIVE,VERIFIED,0.399,RESTRICTED
ACC_002027,CUST_002027,SAVINGS,16235.51,ACTIVE,VERIFIED,0.361,RESTRICTED
ACC_002028,CUST_002028,SAVINGS,47864.94,ACTIVE,VERIFIED,0.19,RESTRICTED
ACC_002029,CUST_002029,SAVINGS,34399.34,ACTIVE,PENDING,0.037,RESTRICTED
ACC_002030,CUST_002030,SAVINGS,13608.41,ACTIVE,VERIFIED,0.478,RESTRICTED
ACC_002031,CUST_002031,SAVINGS,19224.11,ACTIVE,VERIFIED,0.151,RESTRICTED
ACC_002032,CUST_002032,SAVINGS,6009.2,ACTIVE,VERIFIED,0.13,RESTRICTED
ACC_002033,CUST_002033,SAVINGS,24750.58,ACTIVE,VERIFIED,0.095,RESTRICTED
ACC_002034,CUST_002034,SAVINGS,11170.0,ACTIVE,VERIFIED,0.092,RESTRICTED
ACC_002035,CUST_002035,SAVINGS,48237.83,ACTIVE,PENDING,0.19,RESTRICTED
ACC_002036,CUST_002036,SAVINGS,3311.03,ACTIVE,VERIFIED,0.145,RESTRICTED
ACC_002037,CUST_002037,SAVINGS,38789.38,ACTIVE,VERIFIED,0.112,RESTRICTED
ACC_002038,CUST_002038,SAVINGS,18762.58,ACTIVE,VERIFIED,0.525,RESTRICTED
ACC_002039,CUST_002039,SAVINGS,19754.92,ACTIVE,VERIFIED,0.437,RESTRICTED
ACC_002040,CUST_002040,SAVINGS,10227.22,ACTIVE,VERIFIED,0.442,RESTRICTED
ACC_002041,CUST_002041,SAVINGS,11642.15,ACTIVE,VERIFIED,0.083,RESTRICTED
ACC_002042,CUST_002042,SAVINGS,38942.4,ACTIVE,VERIFIED,0.153,RESTRICTED
ACC_002043,CUST_002043,SAVINGS,26971.72,ACTIVE,VERIFIED,0.291,RESTRICTED
ACC_002044,CUST_002044,SAVINGS,42442.44,ACTIVE,VERIFIED,0.297,RESTRICTED
ACC_002045,CUST_002045,SAVINGS,43984.18,ACTIVE,VERIFIED,0.151,RESTRICTED
ACC_002046,CUST_002046,SAVINGS,21354.53,ACTIVE,VERIFIED,0.084,RESTRICTED
ACC_002047,CUST_002047,SAVINGS,11439.2,ACTIVE,VERIFIED,0.257,RESTRICTED
ACC_002048,CUST_002048,SAVINGS,7920.62,FROZEN,FLAGGED,0.118,RESTRICTED
ACC_002049,CUST_002049,SAVINGS,26530.68,ACTIVE,PENDING,0.271,RESTRICTED
ACC_002050,CUST_002050,SAVINGS,8422.06,ACTIVE,VERIFIED,0.203,RESTRICTED
ACC_002051,CUST_002051,SAVINGS,34566.07,ACTIVE,PENDING,0.117,RESTRICTED
ACC_002052,CUST_002052,SAVINGS,19446.89,ACTIVE,VERIFIED,0.047,RESTRICTED
ACC_002053,CUST_002053,SAVINGS,3805.25,ACTIVE,VERIFIED,0.428,RESTRICTED
ACC_002054,CUST_002054,SAVINGS,7007.17,ACTIVE,VERIFIED,0.444,RESTRICTED
ACC_002055,CUST_002055,SAVINGS,16591.66,ACTIVE,VERIFIED,0.663,RESTRICTED
ACC_002056,CUST_002056,SAVINGS,24116.41,ACTIVE,VERIFIED,0.176,RESTRICTED
ACC_002057,CUST_002057,SAVINGS,33250.8,ACTIVE,VERIFIED,0.518,RESTRICTED
ACC_002058,CUST_002058,SAVINGS,19744.93,ACTIVE,VERIFIED,0.68,RESTRICTED
ACC_002059,CUST_002059,SAVINGS,30426.34,ACTIVE,VERIFIED,0.185,RESTRICTED
ACC_002060,CUST_002060,SAVINGS,37251.14,ACTIVE,VERIFIED,0.342,RESTRICTED
ACC_002061,CUST_002061,SAVINGS,15545.42,ACTIVE,VERIFIED,0.251,RESTRICTED
ACC_002062,CUST_002062,SAVINGS,16933.44,ACTIVE,VERIFIED,0.038,RESTRICTED
ACC_002063,CUST_002063,SAVINGS,30631.2,ACTIVE,VERIFIED,0.334,RESTRICTED
ACC_002064,CUST_002064,SAVINGS,18523.27,ACTIVE,VERIFIED,0.567,RESTRICTED
ACC_002065,CUST_002065,SAVINGS,44332.38,ACTIVE,VERIFIED,0.158,RESTRICTED
ACC_002066,CUST_002066,SAVINGS,45403.21,ACTIVE,VERIFIED,0.128,RESTRICTED
ACC_002067,CUST_002067,SAVINGS,5974.49,ACTIVE,VERIFIED,0.145,RESTRICTED
ACC_002068,CUST_002068,SAVINGS,12225.98,ACTIVE,VERIFIED,0.219,RESTRICTED
ACC_002069,CUST_002069,SAVINGS,15601.49,ACTIVE,VERIFIED,0.241,RESTRICTED
ACC_002070,CUST_002070,SAVINGS,46259.32,ACTIVE,VERIFIED,0.089,RESTRICTED
ACC_002071,CUST_002071,SAVINGS,30126.02,ACTIVE,VERIFIED,0.372,RESTRICTED
ACC_002072,CUST_002072,SAVINGS,12279.4,ACTIVE,VERIFIED,0.208,RESTRICTED
ACC_002073,CUST_002073,SAVINGS,30970.32,ACTIVE,PENDING,0.303,RESTRICTED
ACC_002074,CUST_002074,SAVINGS,49786.74,ACTIVE,VERIFIED,0.369,RESTRICTED
ACC_002075,CUST_002075,SAVINGS,23525.94,ACTIVE,VERIFIED,0.363,RESTRICTED
ACC_002076,CUST_002076,SAVINGS,28516.73,ACTIVE,VERIFIED,0.641,RESTRICTED
ACC_002077,CUST_002077,SAVINGS,32488.07,ACTIVE,VERIFIED,0.225,RESTRICTED
ACC_002078,CUST_002078,SAVINGS,23368.74,ACTIVE,VERIFIED,0.141,RESTRICTED
ACC_002079,CUST_002079,SAVINGS,33615.74,ACTIVE,VERIFIED,0.175,RESTRICTED
ACC_002080,CUST_002080,SAVINGS,9986.22,ACTIVE,VERIFIED,0.354,RESTRICTED
ACC_002081,CUST_002081,SAVINGS,35665.39,ACTIVE,VERIFIED,0.114,RESTRICTED
ACC_002082,CUST_002082,SAVINGS,10654.65,ACTIVE,VERIFIED,0.189,RESTRICTED
ACC_002083,CUST_002083,SAVINGS,49237.23,ACTIVE,VERIFIED,0.13,RESTRICTED
ACC_002084,CUST_002084,SAVINGS,32934.5,ACTIVE,PENDING,0.226,RESTRICTED
ACC_002085,CUST_002085,SAVINGS,3522.29,ACTIVE,VERIFIED,0.188,RESTRICTED
ACC_002086,CUST_002086,SAVINGS,45515.45,ACTIVE,VERIFIED,0.39,RESTRICTED
ACC_002087,CUST_002087,SAVINGS,7792.03,ACTIVE,VERIFIED,0.153,RESTRICTED
ACC_002088,CUST_002088,SAVINGS,41841.58,ACTIVE,VERIFIED,0.04,RESTRICTED
ACC_002089,CUST_002089,SAVINGS,47195.59,FROZEN,FLAGGED,0.244,RESTRICTED
ACC_002090,CUST_002090,SAVINGS,7983.75,ACTIVE,VERIFIED,0.226,RESTRICTED
ACC_002091,CUST_002091,SAVINGS,32084.07,ACTIVE,VERIFIED,0.637,RESTRICTED
ACC_002092,CUST_002092,SAVINGS,5304.24,ACTIVE,VERIFIED,0.343,RESTRICTED
ACC_002093,CUST_002093,SAVINGS,31899.11,FROZEN,FLAGGED,0.498,RESTRICTED
ACC_002094,CUST_002094,SAVINGS,16947.85,ACTIVE,VERIFIED,0.161,RESTRICTED
ACC_002095,CUST_002095,SAVINGS,20591.68,ACTIVE,VERIFIED,0.24,RESTRICTED
ACC_002096,CUST_002096,SAVINGS,39846.48,ACTIVE,VERIFIED,0.395,RESTRICTED
ACC_002097,CUST_002097,SAVINGS,41729.57,ACTIVE,PENDING,0.127,RESTRICTED
ACC_002098,CUST_002098,SAVINGS,24814.13,ACTIVE,VERIFIED,0.562,RESTRICTED
ACC_002099,CUST_002099,SAVINGS,36744.76,ACTIVE,VERIFIED,0.775,RESTRICTED
ACC_002100,CUST_002100,SAVINGS,9272.49,ACTIVE,VERIFIED,0.324,RESTRICTED
ACC_002101,CUST_002101,SAVINGS,24779.14,ACTIVE,VERIFIED,0.474,RESTRICTED
ACC_002102,CUST_002102,SAVINGS,21646.98,ACTIVE,VERIFIED,0.256,RESTRICTED
ACC_002103,CUST_002103,SAVINGS,3694.58,ACTIVE,VERIFIED,0.242,RESTRICTED
ACC_002104,CUST_002104,SAVINGS,37346.66,ACTIVE,VERIFIED,0.173,RESTRICTED
ACC_002105,CUST_002105,SAVINGS,44188.12,ACTIVE,VERIFIED,0.549,RESTRICTED
ACC_002106,CUST_002106,SAVINGS,6823.7,ACTIVE,VERIFIED,0.787,RESTRICTED
ACC_002107,CUST_002107,SAVINGS,13387.26,ACTIVE,VERIFIED,0.193,RESTRICTED
ACC_002108,CUST_002108,SAVINGS,2360.85,ACTIVE,VERIFIED,0.051,RESTRICTED
ACC_002109,CUST_002109,SAVINGS,13590.29,ACTIVE,VERIFIED,0.174,RESTRICTED
ACC_002110,CUST_002110,SAVINGS,47443.3,ACTIVE,VERIFIED,0.431,RESTRICTED
ACC_002111,CUST_002111,SAVINGS,48511.36,ACTIVE,VERIFIED,0.11,RESTRICTED
ACC_002112,CUST_002112,SAVINGS,1311.81,ACTIVE,VERIFIED,0.689,RESTRICTED
ACC_002113,CUST_002113,SAVINGS,25750.01,ACTIVE,VERIFIED,0.269,RESTRICTED
ACC_002114,CUST_002114,SAVINGS,33866.81,ACTIVE,VERIFIED,0.264,RESTRICTED
ACC_002115,CUST_002115,SAVINGS,22374.38,ACTIVE,VERIFIED,0.259,RESTRICTED
ACC_002116,CUST_002116,SAVINGS,3137.57,ACTIVE,PENDING,0.513,RESTRICTED
ACC_002117,CUST_002117,SAVINGS,9661.81,ACTIVE,VERIFIED,0.44,RESTRICTED
ACC_002118,CUST_002118,SAVINGS,6310.64,ACTIVE,VERIFIED,0.187,RESTRICTED
ACC_002119,CUST_002119,SAVINGS,46573.38,ACTIVE,VERIFIED,0.177,RESTRICTED
ACC_002120,CUST_002120,SAVINGS,11831.06,ACTIVE,VERIFIED,0.661,RESTRICTED
ACC_002121,CUST_002121,SAVINGS,29538.22,ACTIVE,VERIFIED,0.15,RESTRICTED
ACC_002122,CUST_002122,SAVINGS,43912.97,ACTIVE,VERIFIED,0.499,RESTRICTED
ACC_002123,CUST_002123,SAVINGS,21887.66,ACTIVE,VERIFIED,0.45,RESTRICTED
ACC_002124,CUST_002124,SAVINGS,8756.65,ACTIVE,VERIFIED,0.263,RESTRICTED
ACC_002125,CUST_002125,SAVINGS,25686.84,ACTIVE,VERIFIED,0.744,RESTRICTED
ACC_002126,CUST_002126,SAVINGS,17843.15,ACTIVE,VERIFIED,0.4,RESTRICTED
ACC_002127,CUST_002127,SAVINGS,11353.4,ACTIVE,VERIFIED,0.315,RESTRICTED
ACC_002128,CUST_002128,SAVINGS,19767.52,ACTIVE,VERIFIED,0.391,RESTRICTED
ACC_002129,CUST_002129,SAVINGS,43297.4,ACTIVE,VERIFIED,0.207,RESTRICTED
ACC_002130,CUST_002130,SAVINGS,20297.19,ACTIVE,VERIFIED,0.416,RESTRICTED
ACC_002131,CUST_002131,SAVINGS,42708.57,ACTIVE,VERIFIED,0.235,RESTRICTED
ACC_002132,CUST_002132,SAVINGS,12281.99,ACTIVE,VERIFIED,0.325,RESTRICTED
ACC_002133,CUST_002133,SAVINGS,42544.07,ACTIVE,VERIFIED,0.476,RESTRICTED
ACC_002134,CUST_002134,SAVINGS,10846.45,ACTIVE,PENDING,0.336,RESTRICTED
ACC_002135,CUST_002135,SAVINGS,19684.05,ACTIVE,VERIFIED,0.074,RESTRICTED
ACC_002136,CUST_002136,SAVINGS,43388.87,ACTIVE,PENDING,0.076,RESTRICTED
ACC_002137,CUST_002137,SAVINGS,35438.83,ACTIVE,VERIFIED,0.461,RESTRICTED
ACC_002138,CUST_002138,SAVINGS,3064.85,ACTIVE,VERIFIED,0.252,RESTRICTED
ACC_002139,CUST_002139,SAVINGS,48749.42,ACTIVE,VERIFIED,0.163,RESTRICTED
ACC_002140,CUST_002140,SAVINGS,33582.84,ACTIVE,VERIFIED,0.384,RESTRICTED
ACC_002141,CUST_002141,SAVINGS,4759.19,ACTIVE,VERIFIED,0.253,RESTRICTED
ACC_002142,CUST_002142,SAVINGS,35243.24,ACTIVE,VERIFIED,0.137,RESTRICTED
ACC_002143,CUST_002143,SAVINGS,22173.28,FROZEN,FLAGGED,0.086,RESTRICTED
ACC_002144,CUST_002144,SAVINGS,16455.66,ACTIVE,VERIFIED,0.26,RESTRICTED
ACC_002145,CUST_002145,SAVINGS,7801.81,ACTIVE,VERIFIED,0.152,RESTRICTED
ACC_002146,CUST_002146,SAVINGS,11722.19,ACTIVE,VERIFIED,0.146,RESTRICTED
ACC_002147,CUST_002147,SAVINGS,15364.95,ACTIVE,VERIFIED,0.743,RESTRICTED
ACC_002148,CUST_002148,SAVINGS,1166.93,ACTIVE,VERIFIED,0.131,RESTRICTED
ACC_002149,CUST_002149,SAVINGS,2160.86,ACTIVE,VERIFIED,0.667,RESTRICTED
ACC_002150,CUST_002150,SAVINGS,48509.93,ACTIVE,VERIFIED,0.388,RESTRICTED
ACC_002151,CUST_002151,SAVINGS,25096.24,ACTIVE,VERIFIED,0.141,RESTRICTED
ACC_002152,CUST_002152,SAVINGS,3936.57,ACTIVE,VERIFIED,0.367,RESTRICTED
ACC_002153,CUST_002153,SAVINGS,37609.24,ACTIVE,VERIFIED,0.334,RESTRICTED
ACC_002154,CUST_002154,SAVINGS,48449.12,ACTIVE,VERIFIED,0.139,RESTRICTED
ACC_002155,CUST_002155,SAVINGS,37658.37,ACTIVE,VERIFIED,0.297,RESTRICTED
ACC_002156,CUST_002156,SAVINGS,49525.53,ACTIVE,VERIFIED,0.331,RESTRICTED
ACC_002157,CUST_002157,SAVINGS,45554.35,ACTIVE,VERIFIED,0.509,RESTRICTED
ACC_002158,CUST_002158,SAVINGS,35232.39,ACTIVE,VERIFIED,0.121,RESTRICTED
ACC_002159,CUST_002159,SAVINGS,17266.34,ACTIVE,VERIFIED,0.277,RESTRICTED
ACC_002160,CUST_002160,SAVINGS,41479.41,ACTIVE,VERIFIED,0.194,RESTRICTED
ACC_002161,CUST_002161,SAVINGS,16558.37,ACTIVE,VERIFIED,0.185,RESTRICTED
ACC_002162,CUST_002162,SAVINGS,16174.8,ACTIVE,PENDING,0.317,RESTRICTED
ACC_002163,CUST_002163,SAVINGS,33724.0,ACTIVE,VERIFIED,0.121,RESTRICTED
ACC_002164,CUST_002164,SAVINGS,31590.84,ACTIVE,VERIFIED,0.225,RESTRICTED
ACC_002165,CUST_002165,SAVINGS,42535.67,ACTIVE,VERIFIED,0.248,RESTRICTED
ACC_002166,CUST_002166,SAVINGS,15347.62,ACTIVE,VERIFIED,0.136,RESTRICTED
ACC_002167,CUST_002167,SAVINGS,19801.94,ACTIVE,VERIFIED,0.548,RESTRICTED
ACC_002168,CUST_002168,SAVINGS,32115.44,ACTIVE,VERIFIED,0.3,RESTRICTED
ACC_002169,CUST_002169,SAVINGS,11724.14,ACTIVE,VERIFIED,0.432,RESTRICTED
ACC_002170,CUST_002170,SAVINGS,3136.55,ACTIVE,VERIFIED,0.172,RESTRICTED
ACC_002171,CUST_002171,SAVINGS,18607.97,ACTIVE,VERIFIED,0.111,RESTRICTED
ACC_002172,CUST_002172,SAVINGS,22312.45,ACTIVE,PENDING,0.34,RESTRICTED
ACC_002173,CUST_002173,SAVINGS,7860.18,ACTIVE,VERIFIED,0.235,RESTRICTED
ACC_002174,CUST_002174,SAVINGS,17316.11,ACTIVE,VERIFIED,0.664,RESTRICTED
ACC_002175,CUST_002175,SAVINGS,47163.65,ACTIVE,VERIFIED,0.432,RESTRICTED
ACC_002176,CUST_002176,SAVINGS,20262.05,ACTIVE,VERIFIED,0.443,RESTRICTED
ACC_002177,CUST_002177,SAVINGS,19162.12,ACTIVE,VERIFIED,0.199,RESTRICTED
ACC_002178,CUST_002178,SAVINGS,3529.89,ACTIVE,VERIFIED,0.141,RESTRICTED
ACC_002179,CUST_002179,SAVINGS,10838.81,ACTIVE,VERIFIED,0.166,RESTRICTED
ACC_002180,CUST_002180,SAVINGS,14419.13,ACTIVE,VERIFIED,0.334,RESTRICTED
ACC_002181,CUST_002181,SAVINGS,49971.53,ACTIVE,VERIFIED,0.46,RESTRICTED
ACC_002182,CUST_002182,SAVINGS,23746.72,FROZEN,FLAGGED,0.266,RESTRICTED
ACC_002183,CUST_002183,SAVINGS,22817.2,ACTIVE,VERIFIED,0.57,RESTRICTED
ACC_002184,CUST_002184,SAVINGS,44055.11,ACTIVE,VERIFIED,0.534,RESTRICTED
ACC_002185,CUST_002185,SAVINGS,20076.65,ACTIVE,VERIFIED,0.445,RESTRICTED
ACC_002186,CUST_002186,SAVINGS,13051.36,ACTIVE,VERIFIED,0.105,RESTRICTED
ACC_002187,CUST_002187,SAVINGS,12032.41,ACTIVE,VERIFIED,0.405,RESTRICTED
ACC_002188,CUST_002188,SAVINGS,42980.61,ACTIVE,VERIFIED,0.074,RESTRICTED
ACC_002189,CUST_002189,SAVINGS,32929.19,ACTIVE,VERIFIED,0.086,RESTRICTED
ACC_002190,CUST_002190,SAVINGS,6199.47,ACTIVE,VERIFIED,0.376,RESTRICTED
ACC_002191,CUST_002191,SAVINGS,16595.26,ACTIVE,VERIFIED,0.151,RESTRICTED
ACC_002192,CUST_002192,SAVINGS,22540.76,ACTIVE,VERIFIED,0.086,RESTRICTED
ACC_002193,CUST_002193,SAVINGS,10482.35,ACTIVE,VERIFIED,0.306,RESTRICTED
ACC_002194,CUST_002194,SAVINGS,39937.98,ACTIVE,VERIFIED,0.221,RESTRICTED
ACC_002195,CUST_002195,SAVINGS,27984.0,ACTIVE,VERIFIED,0.218,RESTRICTED
ACC_002196,CUST_002196,SAVINGS,8045.75,ACTIVE,VERIFIED,0.084,RESTRICTED
ACC_002197,CUST_002197,SAVINGS,8007.81,ACTIVE,VERIFIED,0.591,RESTRICTED
ACC_002198,CUST_002198,SAVINGS,25192.8,ACTIVE,VERIFIED,0.214,RESTRICTED
ACC_002199,CUST_002199,SAVINGS,30379.51,ACTIVE,VERIFIED,0.126,RESTRICTED
ACC_002200,CUST_002200,SAVINGS,4043.33,ACTIVE,VERIFIED,0.187,RESTRICTED
ACC_002201,CUST_002201,SAVINGS,28569.34,ACTIVE,VERIFIED,0.029,RESTRICTED
ACC_002202,CUST_002202,SAVINGS,34067.68,FROZEN,FLAGGED,0.225,RESTRICTED
ACC_002203,CUST_002203,SAVINGS,47939.53,ACTIVE,VERIFIED,0.359,RESTRICTED
ACC_002204,CUST_002204,SAVINGS,31172.56,ACTIVE,VERIFIED,0.167,RESTRICTED
ACC_002205,CUST_002205,SAVINGS,36174.28,ACTIVE,VERIFIED,0.282,RESTRICTED
ACC_002206,CUST_002206,SAVINGS,44886.85,ACTIVE,VERIFIED,0.685,RESTRICTED
ACC_002207,CUST_002207,SAVINGS,19357.61,ACTIVE,VERIFIED,0.408,RESTRICTED
ACC_002208,CUST_002208,SAVINGS,33547.27,ACTIVE,VERIFIED,0.013,RESTRICTED
ACC_002209,CUST_002209,SAVINGS,26332.38,ACTIVE,VERIFIED,0.613,RESTRICTED
ACC_002210,CUST_002210,SAVINGS,8681.07,ACTIVE,VERIFIED,0.236,RESTRICTED
ACC_002211,CUST_002211,SAVINGS,36793.25,ACTIVE,VERIFIED,0.148,RESTRICTED
ACC_002212,CUST_002212,SAVINGS,35097.82,ACTIVE,VERIFIED,0.403,RESTRICTED
ACC_002213,CUST_002213,SAVINGS,10076.92,ACTIVE,VERIFIED,0.309,RESTRICTED
ACC_002214,CUST_002214,SAVINGS,14208.62,ACTIVE,VERIFIED,0.155,RESTRICTED
ACC_002215,CUST_002215,SAVINGS,43143.91,ACTIVE,VERIFIED,0.559,RESTRICTED
ACC_002216,CUST_002216,SAVINGS,2842.63,ACTIVE,VERIFIED,0.342,RESTRICTED
ACC_002217,CUST_002217,SAVINGS,1673.18,ACTIVE,VERIFIED,0.367,RESTRICTED
ACC_002218,CUST_002218,SAVINGS,43431.71,ACTIVE,PENDING,0.156,RESTRICTED
ACC_002219,CUST_002219,SAVINGS,5696.1,ACTIVE,VERIFIED,0.517,RESTRICTED
ACC_002220,CUST_002220,SAVINGS,9310.93,ACTIVE,VERIFIED,0.228,RESTRICTED
ACC_002221,CUST_002221,SAVINGS,45963.4,FROZEN,FLAGGED,0.322,RESTRICTED
ACC_002222,CUST_002222,SAVINGS,41417.79,ACTIVE,VERIFIED,0.428,RESTRICTED
ACC_002223,CUST_002223,SAVINGS,11235.33,FROZEN,FLAGGED,0.294,RESTRICTED
ACC_002224,CUST_002224,SAVINGS,44832.57,ACTIVE,VERIFIED,0.154,RESTRICTED
ACC_002225,CUST_002225,SAVINGS,16107.34,ACTIVE,VERIFIED,0.08,RESTRICTED
ACC_002226,CUST_002226,SAVINGS,16782.29,ACTIVE,VERIFIED,0.265,RESTRICTED
ACC_002227,CUST_002227,SAVINGS,49596.06,ACTIVE,VERIFIED,0.18,RESTRICTED
ACC_002228,CUST_002228,SAVINGS,45477.33,ACTIVE,VERIFIED,0.204,RESTRICTED
ACC_002229,CUST_002229,SAVINGS,35168.19,ACTIVE,VERIFIED,0.194,RESTRICTED
ACC_002230,CUST_002230,SAVINGS,18581.4,ACTIVE,VERIFIED,0.396,RESTRICTED
ACC_002231,CUST_002231,SAVINGS,34546.09,ACTIVE,VERIFIED,0.153,RESTRICTED
ACC_002232,CUST_002232,SAVINGS,31610.88,FROZEN,FLAGGED,0.069,RESTRICTED
ACC_002233,CUST_002233,SAVINGS,26062.92,ACTIVE,VERIFIED,0.125,RESTRICTED
ACC_002234,CUST_002234,SAVINGS,39901.04,ACTIVE,VERIFIED,0.342,RESTRICTED
ACC_002235,CUST_002235,SAVINGS,41431.01,FROZEN,FLAGGED,0.026,RESTRICTED
ACC_002236,CUST_002236,SAVINGS,4473.18,ACTIVE,VERIFIED,0.339,RESTRICTED
ACC_002237,CUST_002237,SAVINGS,7157.2,ACTIVE,VERIFIED,0.123,RESTRICTED
ACC_002238,CUST_002238,SAVINGS,14364.23,ACTIVE,VERIFIED,0.229,RESTRICTED
ACC_002239,CUST_002239,SAVINGS,24779.78,ACTIVE,VERIFIED,0.562,RESTRICTED
ACC_002240,CUST_002240,SAVINGS,48260.24,ACTIVE,VERIFIED,0.376,RESTRICTED
ACC_002241,CUST_002241,SAVINGS,29683.77,ACTIVE,VERIFIED,0.086,RESTRICTED
ACC_002242,CUST_002242,SAVINGS,27919.86,ACTIVE,VERIFIED,0.178,RESTRICTED
ACC_002243,CUST_002243,SAVINGS,24559.42,ACTIVE,VERIFIED,0.21,RESTRICTED
ACC_002244,CUST_002244,SAVINGS,31617.1,ACTIVE,VERIFIED,0.107,RESTRICTED
ACC_002245,CUST_002245,SAVINGS,24037.02,ACTIVE,VERIFIED,0.331,RESTRICTED
ACC_002246,CUST_002246,SAVINGS,14982.24,ACTIVE,VERIFIED,0.222,RESTRICTED
ACC_002247,CUST_002247,SAVINGS,38280.36,ACTIVE,VERIFIED,0.016,RESTRICTED
ACC_002248,CUST_002248,SAVINGS,45503.14,ACTIVE,VERIFIED,0.012,RESTRICTED
ACC_002249,CUST_002249,SAVINGS,31860.41,ACTIVE,VERIFIED,0.096,RESTRICTED
ACC_002250,CUST_002250,SAVINGS,18614.08,ACTIVE,VERIFIED,0.032,RESTRICTED
ACC_002251,CUST_002251,SAVINGS,44687.87,ACTIVE,VERIFIED,0.308,RESTRICTED
ACC_002252,CUST_002252,SAVINGS,5718.72,ACTIVE,PENDING,0.428,RESTRICTED
ACC_002253,CUST_002253,SAVINGS,35029.58,ACTIVE,VERIFIED,0.417,RESTRICTED
ACC_002254,CUST_002254,SAVINGS,28047.46,ACTIVE,VERIFIED,0.684,RESTRICTED
ACC_002255,CUST_002255,SAVINGS,19076.43,ACTIVE,VERIFIED,0.184,RESTRICTED
ACC_002256,CUST_002256,SAVINGS,45748.57,ACTIVE,VERIFIED,0.452,RESTRICTED
ACC_002257,CUST_002257,SAVINGS,23023.72,ACTIVE,PENDING,0.336,RESTRICTED
ACC_002258,CUST_002258,SAVINGS,46759.07,ACTIVE,VERIFIED,0.504,RESTRICTED
ACC_002259,CUST_002259,SAVINGS,43094.5,ACTIVE,VERIFIED,0.244,RESTRICTED
ACC_002260,CUST_002260,SAVINGS,38400.79,ACTIVE,VERIFIED,0.159,RESTRICTED
ACC_002261,CUST_002261,SAVINGS,19733.46,ACTIVE,VERIFIED,0.07,RESTRICTED
ACC_002262,CUST_002262,SAVINGS,9862.75,ACTIVE,VERIFIED,0.086,RESTRICTED
ACC_002263,CUST_002263,SAVINGS,15813.1,ACTIVE,VERIFIED,0.328,RESTRICTED
ACC_002264,CUST_002264,SAVINGS,32727.68,ACTIVE,VERIFIED,0.222,RESTRICTED
ACC_002265,CUST_002265,SAVINGS,44573.29,ACTIVE,VERIFIED,0.149,RESTRICTED
ACC_002266,CUST_002266,SAVINGS,1248.97,FROZEN,FLAGGED,0.311,RESTRICTED
ACC_002267,CUST_002267,SAVINGS,31873.93,ACTIVE,VERIFIED,0.111,RESTRICTED
ACC_002268,CUST_002268,SAVINGS,3686.86,ACTIVE,VERIFIED,0.274,RESTRICTED
ACC_002269,CUST_002269,SAVINGS,37423.17,ACTIVE,VERIFIED,0.39,RESTRICTED
ACC_002270,CUST_002270,SAVINGS,49755.14,ACTIVE,PENDING,0.09,RESTRICTED
ACC_002271,CUST_002271,SAVINGS,34571.4,ACTIVE,VERIFIED,0.587,RESTRICTED
ACC_002272,CUST_002272,SAVINGS,48139.5,ACTIVE,VERIFIED,0.169,RESTRICTED
ACC_002273,CUST_002273,SAVINGS,25636.1,ACTIVE,VERIFIED,0.604,RESTRICTED
ACC_002274,CUST_002274,SAVINGS,25002.13,ACTIVE,VERIFIED,0.134,RESTRICTED
ACC_002275,CUST_002275,SAVINGS,14933.75,ACTIVE,VERIFIED,0.115,RESTRICTED
ACC_002276,CUST_002276,SAVINGS,39588.84,ACTIVE,VERIFIED,0.103,RESTRICTED
ACC_002277,CUST_002277,SAVINGS,34091.55,ACTIVE,VERIFIED,0.182,RESTRICTED
ACC_002278,CUST_002278,SAVINGS,45800.08,ACTIVE,VERIFIED,0.63,RESTRICTED
ACC_002279,CUST_002279,SAVINGS,36932.24,ACTIVE,VERIFIED,0.064,RESTRICTED
ACC_002280,CUST_002280,SAVINGS,27718.32,ACTIVE,VERIFIED,0.693,RESTRICTED
ACC_002281,CUST_002281,SAVINGS,19678.62,ACTIVE,VERIFIED,0.105,RESTRICTED
ACC_002282,CUST_002282,SAVINGS,13053.57,ACTIVE,VERIFIED,0.411,RESTRICTED
ACC_002283,CUST_002283,SAVINGS,1894.85,ACTIVE,VERIFIED,0.013,RESTRICTED
ACC_002284,CUST_002284,SAVINGS,25500.65,ACTIVE,VERIFIED,0.07,RESTRICTED
ACC_002285,CUST_002285,SAVINGS,26667.42,ACTIVE,PENDING,0.576,RESTRICTED
ACC_002286,CUST_002286,SAVINGS,19741.34,FROZEN,FLAGGED,0.228,RESTRICTED
ACC_002287,CUST_002287,SAVINGS,47603.19,ACTIVE,PENDING,0.106,RESTRICTED
ACC_002288,CUST_002288,SAVINGS,29731.86,ACTIVE,VERIFIED,0.078,RESTRICTED
ACC_002289,CUST_002289,SAVINGS,12273.41,ACTIVE,VERIFIED,0.135,RESTRICTED
ACC_002290,CUST_002290,SAVINGS,31788.47,ACTIVE,VERIFIED,0.567,RESTRICTED
ACC_002291,CUST_002291,SAVINGS,38520.72,ACTIVE,VERIFIED,0.183,RESTRICTED
ACC_002292,CUST_002292,SAVINGS,15761.92,ACTIVE,VERIFIED,0.422,RESTRICTED
ACC_002293,CUST_002293,SAVINGS,40565.97,ACTIVE,VERIFIED,0.218,RESTRICTED
ACC_002294,CUST_002294,SAVINGS,16522.68,ACTIVE,VERIFIED,0.521,RESTRICTED
ACC_002295,CUST_002295,SAVINGS,48425.61,ACTIVE,VERIFIED,0.141,RESTRICTED
ACC_002296,CUST_002296,SAVINGS,49997.21,ACTIVE,VERIFIED,0.163,RESTRICTED
ACC_002297,CUST_002297,SAVINGS,30174.08,ACTIVE,VERIFIED,0.257,RESTRICTED
ACC_002298,CUST_002298,SAVINGS,10851.76,ACTIVE,VERIFIED,0.236,RESTRICTED
ACC_002299,CUST_002299,SAVINGS,35139.46,ACTIVE,VERIFIED,0.099,RESTRICTED
ACC_002300,CUST_002300,SAVINGS,11012.73,ACTIVE,VERIFIED,0.079,RESTRICTED
ACC_002301,CUST_002301,SAVINGS,46292.53,ACTIVE,VERIFIED,0.208,RESTRICTED
ACC_002302,CUST_002302,SAVINGS,5006.86,ACTIVE,VERIFIED,0.325,RESTRICTED
ACC_002303,CUST_002303,SAVINGS,17762.09,ACTIVE,PENDING,0.117,RESTRICTED
ACC_002304,CUST_002304,SAVINGS,18934.59,ACTIVE,VERIFIED,0.429,RESTRICTED
ACC_002305,CUST_002305,SAVINGS,8250.21,ACTIVE,VERIFIED,0.142,RESTRICTED
ACC_002306,CUST_002306,SAVINGS,5328.46,ACTIVE,VERIFIED,0.475,RESTRICTED
ACC_002307,CUST_002307,SAVINGS,36740.77,ACTIVE,VERIFIED,0.165,RESTRICTED
ACC_002308,CUST_002308,SAVINGS,22822.78,ACTIVE,VERIFIED,0.368,RESTRICTED
ACC_002309,CUST_002309,SAVINGS,9267.05,ACTIVE,VERIFIED,0.299,RESTRICTED
ACC_002310,CUST_002310,SAVINGS,17103.26,ACTIVE,VERIFIED,0.437,RESTRICTED
ACC_002311,CUST_002311,SAVINGS,31787.76,ACTIVE,VERIFIED,0.267,RESTRICTED
ACC_002312,CUST_002312,SAVINGS,16508.11,ACTIVE,PENDING,0.509,RESTRICTED
ACC_002313,CUST_002313,SAVINGS,46492.35,ACTIVE,VERIFIED,0.329,RESTRICTED
ACC_002314,CUST_002314,SAVINGS,2241.01,ACTIVE,PENDING,0.386,RESTRICTED
ACC_002315,CUST_002315,SAVINGS,29105.78,ACTIVE,VERIFIED,0.297,RESTRICTED
ACC_002316,CUST_002316,SAVINGS,46199.7,ACTIVE,VERIFIED,0.513,RESTRICTED
ACC_002317,CUST_002317,SAVINGS,40683.93,ACTIVE,VERIFIED,0.183,RESTRICTED
ACC_002318,CUST_002318,SAVINGS,7965.54,ACTIVE,VERIFIED,0.229,RESTRICTED
ACC_002319,CUST_002319,SAVINGS,22368.64,ACTIVE,VERIFIED,0.683,RESTRICTED
ACC_002320,CUST_002320,SAVINGS,44156.08,ACTIVE,VERIFIED,0.533,RESTRICTED
ACC_002321,CUST_002321,SAVINGS,18875.06,ACTIVE,PENDING,0.254,RESTRICTED
ACC_002322,CUST_002322,SAVINGS,32411.78,ACTIVE,VERIFIED,0.382,RESTRICTED
ACC_002323,CUST_002323,SAVINGS,7379.75,ACTIVE,PENDING,0.837,RESTRICTED
ACC_002324,CUST_002324,SAVINGS,47073.95,ACTIVE,VERIFIED,0.146,RESTRICTED
ACC_002325,CUST_002325,SAVINGS,32844.96,ACTIVE,VERIFIED,0.362,RESTRICTED
ACC_002326,CUST_002326,SAVINGS,44996.6,ACTIVE,VERIFIED,0.389,RESTRICTED
ACC_002327,CUST_002327,SAVINGS,45532.54,ACTIVE,VERIFIED,0.211,RESTRICTED
ACC_002328,CUST_002328,SAVINGS,25668.05,ACTIVE,VERIFIED,0.241,RESTRICTED
ACC_002329,CUST_002329,SAVINGS,44368.12,ACTIVE,VERIFIED,0.399,RESTRICTED
ACC_002330,CUST_002330,SAVINGS,14146.89,ACTIVE,VERIFIED,0.397,RESTRICTED
ACC_002331,CUST_002331,SAVINGS,48558.87,ACTIVE,VERIFIED,0.454,RESTRICTED
ACC_002332,CUST_002332,SAVINGS,38644.48,ACTIVE,VERIFIED,0.176,RESTRICTED
ACC_002333,CUST_002333,SAVINGS,10344.88,ACTIVE,VERIFIED,0.134,RESTRICTED
ACC_002334,CUST_002334,SAVINGS,28090.24,ACTIVE,VERIFIED,0.76,RESTRICTED
ACC_002335,CUST_002335,SAVINGS,39275.83,ACTIVE,VERIFIED,0.549,RESTRICTED
ACC_002336,CUST_002336,SAVINGS,17622.91,ACTIVE,PENDING,0.398,RESTRICTED
ACC_002337,CUST_002337,SAVINGS,30512.6,ACTIVE,VERIFIED,0.15,RESTRICTED
ACC_002338,CUST_002338,SAVINGS,26285.81,ACTIVE,VERIFIED,0.166,RESTRICTED
ACC_002339,CUST_002339,SAVINGS,3770.21,ACTIVE,VERIFIED,0.256,RESTRICTED
ACC_002340,CUST_002340,SAVINGS,10265.6,ACTIVE,VERIFIED,0.152,RESTRICTED
ACC_002341,CUST_002341,SAVINGS,11034.4,ACTIVE,VERIFIED,0.469,RESTRICTED
ACC_002342,CUST_002342,SAVINGS,36762.12,ACTIVE,VERIFIED,0.378,RESTRICTED
ACC_002343,CUST_002343,SAVINGS,38392.46,ACTIVE,VERIFIED,0.248,RESTRICTED
ACC_002344,CUST_002344,SAVINGS,38223.62,ACTIVE,VERIFIED,0.292,RESTRICTED
ACC_002345,CUST_002345,SAVINGS,32753.82,ACTIVE,VERIFIED,0.111,RESTRICTED
ACC_002346,CUST_002346,SAVINGS,48320.86,ACTIVE,VERIFIED,0.258,RESTRICTED
ACC_002347,CUST_002347,SAVINGS,40832.07,ACTIVE,PENDING,0.247,RESTRICTED
ACC_002348,CUST_002348,SAVINGS,8486.44,ACTIVE,VERIFIED,0.62,RESTRICTED
ACC_002349,CUST_002349,SAVINGS,36706.05,ACTIVE,VERIFIED,0.437,RESTRICTED
ACC_002350,CUST_002350,SAVINGS,18905.32,ACTIVE,VERIFIED,0.307,RESTRICTED
ACC_002351,CUST_002351,SAVINGS,31329.16,ACTIVE,VERIFIED,0.09,RESTRICTED
ACC_002352,CUST_002352,SAVINGS,39711.72,ACTIVE,VERIFIED,0.428,RESTRICTED
ACC_002353,CUST_002353,SAVINGS,32786.07,ACTIVE,VERIFIED,0.326,RESTRICTED
ACC_002354,CUST_002354,SAVINGS,14314.63,ACTIVE,VERIFIED,0.351,RESTRICTED
ACC_002355,CUST_002355,SAVINGS,3998.56,ACTIVE,VERIFIED,0.451,RESTRICTED
ACC_002356,CUST_002356,SAVINGS,41765.86,ACTIVE,VERIFIED,0.289,RESTRICTED
ACC_002357,CUST_002357,SAVINGS,22217.72,ACTIVE,VERIFIED,0.438,RESTRICTED
ACC_002358,CUST_002358,SAVINGS,6552.46,ACTIVE,PENDING,0.397,RESTRICTED
ACC_002359,CUST_002359,SAVINGS,15319.98,ACTIVE,VERIFIED,0.078,RESTRICTED
ACC_002360,CUST_002360,SAVINGS,39949.36,ACTIVE,VERIFIED,0.235,RESTRICTED
ACC_002361,CUST_002361,SAVINGS,39101.84,ACTIVE,VERIFIED,0.221,RESTRICTED
ACC_002362,CUST_002362,SAVINGS,38021.47,ACTIVE,VERIFIED,0.128,RESTRICTED
ACC_002363,CUST_002363,SAVINGS,40475.73,ACTIVE,VERIFIED,0.067,RESTRICTED
ACC_002364,CUST_002364,SAVINGS,42040.26,ACTIVE,VERIFIED,0.108,RESTRICTED
ACC_002365,CUST_002365,SAVINGS,47110.16,ACTIVE,VERIFIED,0.141,RESTRICTED
ACC_002366,CUST_002366,SAVINGS,19646.62,ACTIVE,VERIFIED,0.307,RESTRICTED
ACC_002367,CUST_002367,SAVINGS,29401.52,ACTIVE,VERIFIED,0.32,RESTRICTED
ACC_002368,CUST_002368,SAVINGS,17813.04,ACTIVE,VERIFIED,0.289,RESTRICTED
ACC_002369,CUST_002369,SAVINGS,4145.55,ACTIVE,VERIFIED,0.226,RESTRICTED
ACC_002370,CUST_002370,SAVINGS,13915.13,ACTIVE,VERIFIED,0.473,RESTRICTED
ACC_002371,CUST_002371,SAVINGS,44932.83,ACTIVE,PENDING,0.275,RESTRICTED
ACC_002372,CUST_002372,SAVINGS,14480.21,ACTIVE,VERIFIED,0.353,RESTRICTED
ACC_002373,CUST_002373,SAVINGS,33610.36,ACTIVE,VERIFIED,0.439,RESTRICTED
ACC_002374,CUST_002374,SAVINGS,9895.27,ACTIVE,VERIFIED,0.442,RESTRICTED
ACC_002375,CUST_002375,SAVINGS,30005.99,ACTIVE,VERIFIED,0.329,RESTRICTED
ACC_002376,CUST_002376,SAVINGS,11935.29,ACTIVE,VERIFIED,0.322,RESTRICTED
ACC_002377,CUST_002377,SAVINGS,27683.28,ACTIVE,VERIFIED,0.328,RESTRICTED
ACC_002378,CUST_002378,SAVINGS,7299.13,ACTIVE,VERIFIED,0.027,RESTRICTED
ACC_002379,CUST_002379,SAVINGS,34488.94,ACTIVE,VERIFIED,0.284,RESTRICTED
ACC_002380,CUST_002380,SAVINGS,5010.53,ACTIVE,VERIFIED,0.214,RESTRICTED
ACC_002381,CUST_002381,SAVINGS,22219.36,ACTIVE,VERIFIED,0.435,RESTRICTED
ACC_002382,CUST_002382,SAVINGS,32032.74,ACTIVE,VERIFIED,0.46,RESTRICTED
ACC_002383,CUST_002383,SAVINGS,12893.51,ACTIVE,VERIFIED,0.133,RESTRICTED
ACC_002384,CUST_002384,SAVINGS,30726.9,ACTIVE,VERIFIED,0.204,RESTRICTED
ACC_002385,CUST_002385,SAVINGS,6997.29,ACTIVE,PENDING,0.414,RESTRICTED
ACC_002386,CUST_002386,SAVINGS,40195.3,ACTIVE,VERIFIED,0.212,RESTRICTED
ACC_002387,CUST_002387,SAVINGS,40554.68,ACTIVE,VERIFIED,0.189,RESTRICTED
ACC_002388,CUST_002388,SAVINGS,31790.8,ACTIVE,VERIFIED,0.345,RESTRICTED
ACC_002389,CUST_002389,SAVINGS,11362.81,ACTIVE,VERIFIED,0.358,RESTRICTED
ACC_002390,CUST_002390,SAVINGS,44875.01,ACTIVE,VERIFIED,0.626,RESTRICTED
ACC_002391,CUST_002391,SAVINGS,22490.76,ACTIVE,VERIFIED,0.416,RESTRICTED
ACC_002392,CUST_002392,SAVINGS,24528.45,ACTIVE,VERIFIED,0.24,RESTRICTED
ACC_002393,CUST_002393,SAVINGS,1567.64,ACTIVE,VERIFIED,0.069,RESTRICTED
ACC_002394,CUST_002394,SAVINGS,32640.72,ACTIVE,VERIFIED,0.355,RESTRICTED
ACC_002395,CUST_002395,SAVINGS,15331.3,ACTIVE,VERIFIED,0.021,RESTRICTED
ACC_002396,CUST_002396,SAVINGS,26512.9,ACTIVE,PENDING,0.304,RESTRICTED
ACC_002397,CUST_002397,SAVINGS,2396.77,ACTIVE,VERIFIED,0.176,RESTRICTED
ACC_002398,CUST_002398,SAVINGS,25313.28,ACTIVE,VERIFIED,0.149,RESTRICTED
ACC_002399,CUST_002399,SAVINGS,26166.65,FROZEN,FLAGGED,0.177,RESTRICTED
ACC_002400,CUST_002400,SAVINGS,39806.32,ACTIVE,VERIFIED,0.28,RESTRICTED
ACC_002401,CUST_002401,SAVINGS,23339.43,ACTIVE,VERIFIED,0.219,RESTRICTED
ACC_002402,CUST_002402,SAVINGS,47582.54,ACTIVE,VERIFIED,0.124,RESTRICTED
ACC_002403,CUST_002403,SAVINGS,17659.28,ACTIVE,VERIFIED,0.678,RESTRICTED
ACC_002404,CUST_002404,SAVINGS,4892.95,ACTIVE,VERIFIED,0.486,RESTRICTED
ACC_002405,CUST_002405,SAVINGS,33696.4,ACTIVE,VERIFIED,0.023,RESTRICTED
ACC_002406,CUST_002406,SAVINGS,20572.41,ACTIVE,VERIFIED,0.287,RESTRICTED
ACC_002407,CUST_002407,SAVINGS,2512.11,ACTIVE,VERIFIED,0.128,RESTRICTED
ACC_002408,CUST_002408,SAVINGS,49496.2,ACTIVE,VERIFIED,0.337,RESTRICTED
ACC_002409,CUST_002409,SAVINGS,24739.7,ACTIVE,VERIFIED,0.279,RESTRICTED
ACC_002410,CUST_002410,SAVINGS,44427.75,ACTIVE,VERIFIED,0.229,RESTRICTED
ACC_002411,CUST_002411,SAVINGS,29367.48,ACTIVE,VERIFIED,0.303,RESTRICTED
ACC_002412,CUST_002412,SAVINGS,28422.63,ACTIVE,VERIFIED,0.199,RESTRICTED
ACC_002413,CUST_002413,SAVINGS,25884.18,ACTIVE,VERIFIED,0.563,RESTRICTED
ACC_002414,CUST_002414,SAVINGS,17687.66,ACTIVE,VERIFIED,0.483,RESTRICTED
ACC_002415,CUST_002415,SAVINGS,11769.94,ACTIVE,VERIFIED,0.357,RESTRICTED
ACC_002416,CUST_002416,SAVINGS,29948.69,ACTIVE,VERIFIED,0.691,RESTRICTED
ACC_002417,CUST_002417,SAVINGS,5444.79,ACTIVE,VERIFIED,0.382,RESTRICTED
ACC_002418,CUST_002418,SAVINGS,10817.69,ACTIVE,VERIFIED,0.183,RESTRICTED
ACC_002419,CUST_002419,SAVINGS,40140.43,ACTIVE,VERIFIED,0.355,RESTRICTED
ACC_002420,CUST_002420,SAVINGS,5169.62,ACTIVE,VERIFIED,0.061,RESTRICTED
ACC_002421,CUST_002421,SAVINGS,3134.74,ACTIVE,VERIFIED,0.331,RESTRICTED
ACC_002422,CUST_002422,SAVINGS,27925.79,FROZEN,FLAGGED,0.219,RESTRICTED
ACC_002423,CUST_002423,SAVINGS,8004.14,ACTIVE,VERIFIED,0.433,RESTRICTED
ACC_002424,CUST_002424,SAVINGS,26100.92,ACTIVE,VERIFIED,0.48,RESTRICTED
ACC_002425,CUST_002425,SAVINGS,21222.79,ACTIVE,VERIFIED,0.523,RESTRICTED
ACC_002426,CUST_002426,SAVINGS,30634.73,ACTIVE,VERIFIED,0.172,RESTRICTED
ACC_002427,CUST_002427,SAVINGS,35311.79,ACTIVE,VERIFIED,0.277,RESTRICTED
ACC_002428,CUST_002428,SAVINGS,6476.26,ACTIVE,PENDING,0.169,RESTRICTED
ACC_002429,CUST_002429,SAVINGS,7812.9,ACTIVE,VERIFIED,0.442,RESTRICTED
ACC_002430,CUST_002430,SAVINGS,1434.48,ACTIVE,VERIFIED,0.622,RESTRICTED
ACC_002431,CUST_002431,SAVINGS,42310.16,ACTIVE,VERIFIED,0.213,RESTRICTED
ACC_002432,CUST_002432,SAVINGS,25079.94,ACTIVE,VERIFIED,0.089,RESTRICTED
ACC_002433,CUST_002433,SAVINGS,18714.08,ACTIVE,PENDING,0.095,RESTRICTED
ACC_002434,CUST_002434,SAVINGS,25075.38,ACTIVE,PENDING,0.488,RESTRICTED
ACC_002435,CUST_002435,SAVINGS,31531.37,ACTIVE,VERIFIED,0.238,RESTRICTED
ACC_002436,CUST_002436,SAVINGS,10474.63,ACTIVE,PENDING,0.448,RESTRICTED
ACC_002437,CUST_002437,SAVINGS,6134.87,ACTIVE,VERIFIED,0.503,RESTRICTED
ACC_002438,CUST_002438,SAVINGS,6535.35,ACTIVE,VERIFIED,0.184,RESTRICTED
ACC_002439,CUST_002439,SAVINGS,39365.2,ACTIVE,VERIFIED,0.35,RESTRICTED
ACC_002440,CUST_002440,SAVINGS,34072.35,ACTIVE,VERIFIED,0.246,RESTRICTED
ACC_002441,CUST_002441,SAVINGS,15468.37,ACTIVE,VERIFIED,0.392,RESTRICTED
ACC_002442,CUST_002442,SAVINGS,39326.63,ACTIVE,VERIFIED,0.182,RESTRICTED
ACC_002443,CUST_002443,SAVINGS,30592.03,ACTIVE,VERIFIED,0.524,RESTRICTED
ACC_002444,CUST_002444,SAVINGS,34794.53,ACTIVE,VERIFIED,0.537,RESTRICTED
ACC_002445,CUST_002445,SAVINGS,3495.93,ACTIVE,VERIFIED,0.352,RESTRICTED
ACC_002446,CUST_002446,SAVINGS,25195.58,ACTIVE,VERIFIED,0.329,RESTRICTED
ACC_002447,CUST_002447,SAVINGS,14908.51,FROZEN,FLAGGED,0.135,RESTRICTED
ACC_002448,CUST_002448,SAVINGS,47857.25,ACTIVE,VERIFIED,0.461,RESTRICTED
ACC_002449,CUST_002449,SAVINGS,12967.75,ACTIVE,PENDING,0.323,RESTRICTED
ACC_002450,CUST_002450,SAVINGS,43401.22,ACTIVE,VERIFIED,0.242,RESTRICTED
ACC_002451,CUST_002451,SAVINGS,47166.68,ACTIVE,VERIFIED,0.256,RESTRICTED
ACC_002452,CUST_002452,SAVINGS,49135.08,ACTIVE,PENDING,0.443,RESTRICTED
ACC_002453,CUST_002453,SAVINGS,37151.84,ACTIVE,VERIFIED,0.318,RESTRICTED
ACC_002454,CUST_002454,SAVINGS,13072.92,ACTIVE,VERIFIED,0.276,RESTRICTED
ACC_002455,CUST_002455,SAVINGS,9476.68,ACTIVE,VERIFIED,0.225,RESTRICTED
ACC_002456,CUST_002456,SAVINGS,33081.05,ACTIVE,VERIFIED,0.158,RESTRICTED
ACC_002457,CUST_002457,SAVINGS,46269.53,ACTIVE,VERIFIED,0.278,RESTRICTED
ACC_002458,CUST_002458,SAVINGS,16646.18,FROZEN,FLAGGED,0.038,RESTRICTED
ACC_002459,CUST_002459,SAVINGS,11632.96,ACTIVE,VERIFIED,0.403,RESTRICTED
ACC_002460,CUST_002460,SAVINGS,2629.62,ACTIVE,VERIFIED,0.195,RESTRICTED
ACC_002461,CUST_002461,SAVINGS,41067.23,ACTIVE,VERIFIED,0.287,RESTRICTED
ACC_002462,CUST_002462,SAVINGS,7328.22,ACTIVE,VERIFIED,0.159,RESTRICTED
ACC_002463,CUST_002463,SAVINGS,44586.28,ACTIVE,VERIFIED,0.221,RESTRICTED
ACC_002464,CUST_002464,SAVINGS,40888.85,ACTIVE,VERIFIED,0.072,RESTRICTED
ACC_002465,CUST_002465,SAVINGS,28878.92,ACTIVE,VERIFIED,0.259,RESTRICTED
ACC_002466,CUST_002466,SAVINGS,11266.47,ACTIVE,VERIFIED,0.14,RESTRICTED
ACC_002467,CUST_002467,SAVINGS,18134.32,ACTIVE,VERIFIED,0.172,RESTRICTED
ACC_002468,CUST_002468,SAVINGS,45114.23,ACTIVE,VERIFIED,0.088,RESTRICTED
ACC_002469,CUST_002469,SAVINGS,38897.88,ACTIVE,VERIFIED,0.081,RESTRICTED
ACC_002470,CUST_002470,SAVINGS,26782.95,ACTIVE,VERIFIED,0.242,RESTRICTED
ACC_002471,CUST_002471,SAVINGS,6082.5,ACTIVE,VERIFIED,0.388,RESTRICTED
ACC_002472,CUST_002472,SAVINGS,22206.51,ACTIVE,VERIFIED,0.548,RESTRICTED
ACC_002473,CUST_002473,SAVINGS,17544.16,ACTIVE,PENDING,0.193,RESTRICTED
ACC_002474,CUST_002474,SAVINGS,36595.23,ACTIVE,VERIFIED,0.188,RESTRICTED
ACC_002475,CUST_002475,SAVINGS,30444.06,ACTIVE,VERIFIED,0.065,RESTRICTED
ACC_002476,CUST_002476,SAVINGS,10059.42,ACTIVE,VERIFIED,0.311,RESTRICTED
ACC_002477,CUST_002477,SAVINGS,21915.92,ACTIVE,VERIFIED,0.199,RESTRICTED
ACC_002478,CUST_002478,SAVINGS,4003.4,ACTIVE,VERIFIED,0.337,RESTRICTED
ACC_002479,CUST_002479,SAVINGS,9534.39,ACTIVE,VERIFIED,0.395,RESTRICTED
ACC_002480,CUST_002480,SAVINGS,24625.19,ACTIVE,VERIFIED,0.362,RESTRICTED
ACC_002481,CUST_002481,SAVINGS,18711.76,FROZEN,FLAGGED,0.701,RESTRICTED
ACC_002482,CUST_002482,SAVINGS,14549.3,ACTIVE,VERIFIED,0.146,RESTRICTED
ACC_002483,CUST_002483,SAVINGS,40663.93,ACTIVE,VERIFIED,0.318,RESTRICTED
ACC_002484,CUST_002484,SAVINGS,5630.62,ACTIVE,PENDING,0.244,RESTRICTED
ACC_002485,CUST_002485,SAVINGS,49674.16,ACTIVE,VERIFIED,0.088,RESTRICTED
ACC_002486,CUST_002486,SAVINGS,41606.85,ACTIVE,PENDING,0.156,RESTRICTED
ACC_002487,CUST_002487,SAVINGS,22225.28,ACTIVE,VERIFIED,0.353,RESTRICTED
ACC_002488,CUST_002488,SAVINGS,47791.11,ACTIVE,VERIFIED,0.549,RESTRICTED
ACC_002489,CUST_002489,SAVINGS,22538.62,ACTIVE,VERIFIED,0.527,RESTRICTED
ACC_002490,CUST_002490,SAVINGS,45970.99,ACTIVE,VERIFIED,0.312,RESTRICTED
ACC_002491,CUST_002491,SAVINGS,37096.61,FROZEN,FLAGGED,0.57,RESTRICTED
ACC_002492,CUST_002492,SAVINGS,39435.04,ACTIVE,VERIFIED,0.682,RESTRICTED
ACC_002493,CUST_002493,SAVINGS,2231.85,ACTIVE,PENDING,0.298,RESTRICTED
ACC_002494,CUST_002494,SAVINGS,10515.96,ACTIVE,VERIFIED,0.252,RESTRICTED
ACC_002495,CUST_002495,SAVINGS,7336.11,ACTIVE,VERIFIED,0.337,RESTRICTED
ACC_002496,CUST_002496,SAVINGS,4461.34,ACTIVE,VERIFIED,0.287,RESTRICTED
ACC_002497,CUST_002497,SAVINGS,47341.6,ACTIVE,VERIFIED,0.115,RESTRICTED
ACC_002498,CUST_002498,SAVINGS,39356.77,ACTIVE,PENDING,0.387,RESTRICTED
ACC_002499,CUST_002499,SAVINGS,34089.98,ACTIVE,VERIFIED,0.174,RESTRICTED
ACC_002500,CUST_002500,SAVINGS,47095.73,ACTIVE,VERIFIED,0.706,RESTRICTED
ACC_002501,CUST_002501,SAVINGS,11092.56,ACTIVE,PENDING,0.157,RESTRICTED
ACC_002502,CUST_002502,SAVINGS,26452.4,ACTIVE,VERIFIED,0.134,RESTRICTED
ACC_002503,CUST_002503,SAVINGS,29539.25,ACTIVE,VERIFIED,0.746,RESTRICTED
ACC_002504,CUST_002504,SAVINGS,3756.32,ACTIVE,VERIFIED,0.174,RESTRICTED
ACC_002505,CUST_002505,SAVINGS,20057.04,ACTIVE,VERIFIED,0.295,RESTRICTED
ACC_002506,CUST_002506,SAVINGS,31953.74,ACTIVE,VERIFIED,0.429,RESTRICTED
ACC_002507,CUST_002507,SAVINGS,29748.67,ACTIVE,VERIFIED,0.265,RESTRICTED
ACC_002508,CUST_002508,SAVINGS,29095.76,ACTIVE,VERIFIED,0.067,RESTRICTED
ACC_002509,CUST_002509,SAVINGS,32552.11,ACTIVE,VERIFIED,0.619,RESTRICTED
ACC_002510,CUST_002510,SAVINGS,20146.24,ACTIVE,VERIFIED,0.294,RESTRICTED
ACC_002511,CUST_002511,SAVINGS,20103.4,ACTIVE,VERIFIED,0.139,RESTRICTED
ACC_002512,CUST_002512,SAVINGS,28816.28,ACTIVE,VERIFIED,0.157,RESTRICTED
ACC_002513,CUST_002513,SAVINGS,43734.83,ACTIVE,VERIFIED,0.349,RESTRICTED
ACC_002514,CUST_002514,SAVINGS,1389.22,ACTIVE,VERIFIED,0.472,RESTRICTED
ACC_002515,CUST_002515,SAVINGS,28376.55,ACTIVE,VERIFIED,0.381,RESTRICTED
ACC_002516,CUST_002516,SAVINGS,44633.88,ACTIVE,VERIFIED,0.205,RESTRICTED
ACC_002517,CUST_002517,SAVINGS,46440.43,FROZEN,FLAGGED,0.022,RESTRICTED
ACC_002518,CUST_002518,SAVINGS,22712.48,ACTIVE,VERIFIED,0.244,RESTRICTED
ACC_002519,CUST_002519,SAVINGS,44072.48,ACTIVE,VERIFIED,0.064,RESTRICTED
ACC_002520,CUST_002520,SAVINGS,45969.44,ACTIVE,VERIFIED,0.344,RESTRICTED
ACC_002521,CUST_002521,SAVINGS,42832.9,ACTIVE,PENDING,0.216,RESTRICTED
ACC_002522,CUST_002522,SAVINGS,20245.0,ACTIVE,VERIFIED,0.043,RESTRICTED
ACC_002523,CUST_002523,SAVINGS,5056.47,ACTIVE,VERIFIED,0.377,RESTRICTED
ACC_002524,CUST_002524,SAVINGS,32539.84,ACTIVE,VERIFIED,0.07,RESTRICTED
ACC_002525,CUST_002525,SAVINGS,23171.02,ACTIVE,PENDING,0.519,RESTRICTED
ACC_002526,CUST_002526,SAVINGS,38047.24,ACTIVE,VERIFIED,0.176,RESTRICTED
ACC_002527,CUST_002527,SAVINGS,3484.58,ACTIVE,VERIFIED,0.19,RESTRICTED
ACC_002528,CUST_002528,SAVINGS,24464.78,ACTIVE,VERIFIED,0.195,RESTRICTED
ACC_002529,CUST_002529,SAVINGS,13725.63,ACTIVE,VERIFIED,0.183,RESTRICTED
ACC_002530,CUST_002530,SAVINGS,29758.69,ACTIVE,VERIFIED,0.235,RESTRICTED
ACC_002531,CUST_002531,SAVINGS,4549.32,ACTIVE,PENDING,0.167,RESTRICTED
ACC_002532,CUST_002532,SAVINGS,42757.78,ACTIVE,VERIFIED,0.059,RESTRICTED
ACC_002533,CUST_002533,SAVINGS,42611.57,ACTIVE,VERIFIED,0.331,RESTRICTED
ACC_002534,CUST_002534,SAVINGS,41683.19,ACTIVE,VERIFIED,0.076,RESTRICTED
ACC_002535,CUST_002535,SAVINGS,10703.0,ACTIVE,VERIFIED,0.476,RESTRICTED
ACC_002536,CUST_002536,SAVINGS,2411.27,ACTIVE,VERIFIED,0.177,RESTRICTED
ACC_002537,CUST_002537,SAVINGS,7094.5,ACTIVE,VERIFIED,0.321,RESTRICTED
ACC_002538,CUST_002538,SAVINGS,29277.03,ACTIVE,VERIFIED,0.231,RESTRICTED
ACC_002539,CUST_002539,SAVINGS,43147.71,ACTIVE,VERIFIED,0.1,RESTRICTED
ACC_002540,CUST_002540,SAVINGS,22526.34,ACTIVE,VERIFIED,0.432,RESTRICTED
ACC_002541,CUST_002541,SAVINGS,20599.83,ACTIVE,PENDING,0.218,RESTRICTED
ACC_002542,CUST_002542,SAVINGS,15235.89,ACTIVE,VERIFIED,0.39,RESTRICTED
ACC_002543,CUST_002543,SAVINGS,12175.34,ACTIVE,VERIFIED,0.199,RESTRICTED
ACC_002544,CUST_002544,SAVINGS,17005.05,ACTIVE,VERIFIED,0.035,RESTRICTED
ACC_002545,CUST_002545,SAVINGS,47646.96,ACTIVE,VERIFIED,0.195,RESTRICTED
ACC_002546,CUST_002546,SAVINGS,32665.66,ACTIVE,VERIFIED,0.243,RESTRICTED
ACC_002547,CUST_002547,SAVINGS,3289.65,ACTIVE,VERIFIED,0.387,RESTRICTED
ACC_002548,CUST_002548,SAVINGS,6564.76,ACTIVE,VERIFIED,0.445,RESTRICTED
ACC_002549,CUST_002549,SAVINGS,40616.71,ACTIVE,VERIFIED,0.079,RESTRICTED
ACC_002550,CUST_002550,SAVINGS,8742.44,ACTIVE,VERIFIED,0.345,RESTRICTED
ACC_002551,CUST_002551,SAVINGS,46791.14,FROZEN,FLAGGED,0.18,RESTRICTED
ACC_002552,CUST_002552,SAVINGS,19352.93,FROZEN,FLAGGED,0.581,RESTRICTED
ACC_002553,CUST_002553,SAVINGS,32351.73,ACTIVE,VERIFIED,0.455,RESTRICTED
ACC_002554,CUST_002554,SAVINGS,42757.2,ACTIVE,VERIFIED,0.102,RESTRICTED
ACC_002555,CUST_002555,SAVINGS,40972.6,ACTIVE,VERIFIED,0.181,RESTRICTED
ACC_002556,CUST_002556,SAVINGS,21642.18,FROZEN,FLAGGED,0.198,RESTRICTED
ACC_002557,CUST_002557,SAVINGS,39697.39,ACTIVE,PENDING,0.254,RESTRICTED
ACC_002558,CUST_002558,SAVINGS,4859.05,ACTIVE,VERIFIED,0.286,RESTRICTED
ACC_002559,CUST_002559,SAVINGS,44563.97,ACTIVE,VERIFIED,0.044,RESTRICTED
ACC_002560,CUST_002560,SAVINGS,6234.93,ACTIVE,VERIFIED,0.115,RESTRICTED
ACC_002561,CUST_002561,SAVINGS,34790.7,ACTIVE,VERIFIED,0.332,RESTRICTED
ACC_002562,CUST_002562,SAVINGS,18699.42,ACTIVE,VERIFIED,0.104,RESTRICTED
ACC_002563,CUST_002563,SAVINGS,14923.42,ACTIVE,VERIFIED,0.296,RESTRICTED
ACC_002564,CUST_002564,SAVINGS,32261.99,ACTIVE,VERIFIED,0.213,RESTRICTED
ACC_002565,CUST_002565,SAVINGS,31407.18,ACTIVE,VERIFIED,0.23,RESTRICTED
ACC_002566,CUST_002566,SAVINGS,29097.63,ACTIVE,VERIFIED,0.469,RESTRICTED
ACC_002567,CUST_002567,SAVINGS,35300.57,ACTIVE,VERIFIED,0.293,RESTRICTED
ACC_002568,CUST_002568,SAVINGS,3525.8,ACTIVE,VERIFIED,0.381,RESTRICTED
ACC_002569,CUST_002569,SAVINGS,18020.72,ACTIVE,VERIFIED,0.246,RESTRICTED
ACC_002570,CUST_002570,SAVINGS,15816.65,ACTIVE,PENDING,0.152,RESTRICTED
ACC_002571,CUST_002571,SAVINGS,16064.6,ACTIVE,VERIFIED,0.345,RESTRICTED
ACC_002572,CUST_002572,SAVINGS,5273.8,ACTIVE,VERIFIED,0.597,RESTRICTED
ACC_002573,CUST_002573,SAVINGS,26689.77,ACTIVE,VERIFIED,0.068,RESTRICTED
ACC_002574,CUST_002574,SAVINGS,48968.8,ACTIVE,PENDING,0.155,RESTRICTED
ACC_002575,CUST_002575,SAVINGS,47967.25,ACTIVE,VERIFIED,0.646,RESTRICTED
ACC_002576,CUST_002576,SAVINGS,3672.37,ACTIVE,VERIFIED,0.318,RESTRICTED
ACC_002577,CUST_002577,SAVINGS,48248.3,ACTIVE,VERIFIED,0.628,RESTRICTED
ACC_002578,CUST_002578,SAVINGS,19948.08,ACTIVE,VERIFIED,0.164,RESTRICTED
ACC_002579,CUST_002579,SAVINGS,8146.39,ACTIVE,VERIFIED,0.426,RESTRICTED
ACC_002580,CUST_002580,SAVINGS,49335.06,ACTIVE,VERIFIED,0.229,RESTRICTED
ACC_002581,CUST_002581,SAVINGS,37825.63,ACTIVE,VERIFIED,0.574,RESTRICTED
ACC_002582,CUST_002582,SAVINGS,11762.51,ACTIVE,VERIFIED,0.272,RESTRICTED
ACC_002583,CUST_002583,SAVINGS,19455.89,ACTIVE,VERIFIED,0.393,RESTRICTED
ACC_002584,CUST_002584,SAVINGS,21754.77,ACTIVE,VERIFIED,0.197,RESTRICTED
ACC_002585,CUST_002585,SAVINGS,12914.97,ACTIVE,VERIFIED,0.222,RESTRICTED
ACC_002586,CUST_002586,SAVINGS,28755.54,ACTIVE,VERIFIED,0.228,RESTRICTED
ACC_002587,CUST_002587,SAVINGS,32515.21,ACTIVE,VERIFIED,0.641,RESTRICTED
ACC_002588,CUST_002588,SAVINGS,1139.14,ACTIVE,PENDING,0.174,RESTRICTED
ACC_002589,CUST_002589,SAVINGS,22908.81,ACTIVE,VERIFIED,0.295,RESTRICTED
ACC_002590,CUST_002590,SAVINGS,47983.27,ACTIVE,VERIFIED,0.171,RESTRICTED
ACC_002591,CUST_002591,SAVINGS,8079.22,FROZEN,FLAGGED,0.274,RESTRICTED
ACC_002592,CUST_002592,SAVINGS,16769.85,ACTIVE,VERIFIED,0.086,RESTRICTED
ACC_002593,CUST_002593,SAVINGS,9128.85,ACTIVE,VERIFIED,0.341,RESTRICTED
ACC_002594,CUST_002594,SAVINGS,15576.38,ACTIVE,VERIFIED,0.179,RESTRICTED
ACC_002595,CUST_002595,SAVINGS,35006.33,ACTIVE,VERIFIED,0.248,RESTRICTED
ACC_002596,CUST_002596,SAVINGS,43154.86,ACTIVE,VERIFIED,0.439,RESTRICTED
ACC_002597,CUST_002597,SAVINGS,35770.73,FROZEN,FLAGGED,0.149,RESTRICTED
ACC_002598,CUST_002598,SAVINGS,7503.57,ACTIVE,VERIFIED,0.358,RESTRICTED
ACC_002599,CUST_002599,SAVINGS,42678.54,ACTIVE,VERIFIED,0.172,RESTRICTED
ACC_002600,CUST_002600,SAVINGS,5024.59,FROZEN,FLAGGED,0.195,RESTRICTED
ACC_002601,CUST_002601,SAVINGS,34057.47,ACTIVE,VERIFIED,0.548,RESTRICTED
ACC_002602,CUST_002602,SAVINGS,25689.88,ACTIVE,VERIFIED,0.198,RESTRICTED
ACC_002603,CUST_002603,SAVINGS,49779.21,ACTIVE,PENDING,0.25,RESTRICTED
ACC_002604,CUST_002604,SAVINGS,2961.75,ACTIVE,VERIFIED,0.383,RESTRICTED
ACC_002605,CUST_002605,SAVINGS,43427.69,ACTIVE,PENDING,0.383,RESTRICTED
ACC_002606,CUST_002606,SAVINGS,36246.75,ACTIVE,VERIFIED,0.531,RESTRICTED
ACC_002607,CUST_002607,SAVINGS,8036.99,ACTIVE,VERIFIED,0.242,RESTRICTED
ACC_002608,CUST_002608,SAVINGS,17341.61,ACTIVE,PENDING,0.557,RESTRICTED
ACC_002609,CUST_002609,SAVINGS,1366.83,ACTIVE,VERIFIED,0.046,RESTRICTED
ACC_002610,CUST_002610,SAVINGS,24909.03,ACTIVE,PENDING,0.122,RESTRICTED
ACC_002611,CUST_002611,SAVINGS,27718.06,ACTIVE,VERIFIED,0.3,RESTRICTED
ACC_002612,CUST_002612,SAVINGS,31243.11,ACTIVE,VERIFIED,0.219,RESTRICTED
ACC_002613,CUST_002613,SAVINGS,16852.47,FROZEN,FLAGGED,0.291,RESTRICTED
ACC_002614,CUST_002614,SAVINGS,32701.36,ACTIVE,VERIFIED,0.245,RESTRICTED
ACC_002615,CUST_002615,SAVINGS,6791.88,ACTIVE,VERIFIED,0.332,RESTRICTED
ACC_002616,CUST_002616,SAVINGS,27836.18,ACTIVE,PENDING,0.599,RESTRICTED
ACC_002617,CUST_002617,SAVINGS,1288.11,ACTIVE,VERIFIED,0.45,RESTRICTED
ACC_002618,CUST_002618,SAVINGS,33891.92,ACTIVE,VERIFIED,0.225,RESTRICTED
ACC_002619,CUST_002619,SAVINGS,17265.22,ACTIVE,VERIFIED,0.235,RESTRICTED
ACC_002620,CUST_002620,SAVINGS,49726.56,ACTIVE,VERIFIED,0.429,RESTRICTED
ACC_002621,CUST_002621,SAVINGS,38172.54,ACTIVE,VERIFIED,0.215,RESTRICTED
ACC_002622,CUST_002622,SAVINGS,19152.67,ACTIVE,VERIFIED,0.274,RESTRICTED
ACC_002623,CUST_002623,SAVINGS,35073.93,ACTIVE,VERIFIED,0.546,RESTRICTED
ACC_002624,CUST_002624,SAVINGS,36291.43,ACTIVE,VERIFIED,0.087,RESTRICTED
ACC_002625,CUST_002625,SAVINGS,28974.07,ACTIVE,PENDING,0.119,RESTRICTED
ACC_002626,CUST_002626,SAVINGS,40860.57,ACTIVE,VERIFIED,0.169,RESTRICTED
ACC_002627,CUST_002627,SAVINGS,10990.76,ACTIVE,VERIFIED,0.109,RESTRICTED
ACC_002628,CUST_002628,SAVINGS,37834.14,ACTIVE,VERIFIED,0.017,RESTRICTED
ACC_002629,CUST_002629,SAVINGS,14931.27,ACTIVE,VERIFIED,0.365,RESTRICTED
ACC_002630,CUST_002630,SAVINGS,1723.01,ACTIVE,VERIFIED,0.292,RESTRICTED
ACC_002631,CUST_002631,SAVINGS,6531.99,ACTIVE,VERIFIED,0.321,RESTRICTED
ACC_002632,CUST_002632,SAVINGS,31834.26,ACTIVE,VERIFIED,0.238,RESTRICTED
ACC_002633,CUST_002633,SAVINGS,25743.06,ACTIVE,VERIFIED,0.359,RESTRICTED
ACC_002634,CUST_002634,SAVINGS,7250.66,ACTIVE,VERIFIED,0.285,RESTRICTED
ACC_002635,CUST_002635,SAVINGS,26823.94,ACTIVE,VERIFIED,0.166,RESTRICTED
ACC_002636,CUST_002636,SAVINGS,16342.95,ACTIVE,VERIFIED,0.099,RESTRICTED
ACC_002637,CUST_002637,SAVINGS,18569.18,ACTIVE,VERIFIED,0.134,RESTRICTED
ACC_002638,CUST_002638,SAVINGS,35628.86,ACTIVE,VERIFIED,0.659,RESTRICTED
ACC_002639,CUST_002639,SAVINGS,42338.7,ACTIVE,VERIFIED,0.268,RESTRICTED
ACC_002640,CUST_002640,SAVINGS,9221.61,ACTIVE,PENDING,0.177,RESTRICTED
ACC_002641,CUST_002641,SAVINGS,28297.25,FROZEN,FLAGGED,0.45,RESTRICTED
ACC_002642,CUST_002642,SAVINGS,2912.37,ACTIVE,VERIFIED,0.272,RESTRICTED
ACC_002643,CUST_002643,SAVINGS,23109.88,ACTIVE,VERIFIED,0.247,RESTRICTED
ACC_002644,CUST_002644,SAVINGS,41469.79,ACTIVE,VERIFIED,0.201,RESTRICTED
ACC_002645,CUST_002645,SAVINGS,30842.03,ACTIVE,VERIFIED,0.378,RESTRICTED
ACC_002646,CUST_002646,SAVINGS,32363.96,ACTIVE,VERIFIED,0.639,RESTRICTED
ACC_002647,CUST_002647,SAVINGS,21627.08,ACTIVE,VERIFIED,0.079,RESTRICTED
ACC_002648,CUST_002648,SAVINGS,17845.61,ACTIVE,VERIFIED,0.255,RESTRICTED
ACC_002649,CUST_002649,SAVINGS,49555.04,ACTIVE,VERIFIED,0.16,RESTRICTED
ACC_002650,CUST_002650,SAVINGS,25994.17,ACTIVE,VERIFIED,0.624,RESTRICTED
ACC_002651,CUST_002651,SAVINGS,18683.46,ACTIVE,VERIFIED,0.31,RESTRICTED
ACC_002652,CUST_002652,SAVINGS,32569.96,ACTIVE,VERIFIED,0.147,RESTRICTED
ACC_002653,CUST_002653,SAVINGS,41609.96,ACTIVE,VERIFIED,0.376,RESTRICTED
ACC_002654,CUST_002654,SAVINGS,47998.62,ACTIVE,VERIFIED,0.19,RESTRICTED
ACC_002655,CUST_002655,SAVINGS,8210.62,FROZEN,FLAGGED,0.383,RESTRICTED
ACC_002656,CUST_002656,SAVINGS,16967.96,ACTIVE,VERIFIED,0.311,RESTRICTED
ACC_002657,CUST_002657,SAVINGS,26379.23,ACTIVE,VERIFIED,0.355,RESTRICTED
ACC_002658,CUST_002658,SAVINGS,35195.6,ACTIVE,VERIFIED,0.219,RESTRICTED
ACC_002659,CUST_002659,SAVINGS,47315.42,ACTIVE,VERIFIED,0.198,RESTRICTED
ACC_002660,CUST_002660,SAVINGS,37569.16,ACTIVE,VERIFIED,0.527,RESTRICTED
ACC_002661,CUST_002661,SAVINGS,46415.32,ACTIVE,VERIFIED,0.303,RESTRICTED
ACC_002662,CUST_002662,SAVINGS,21020.05,ACTIVE,VERIFIED,0.218,RESTRICTED
ACC_002663,CUST_002663,SAVINGS,5128.6,ACTIVE,VERIFIED,0.341,RESTRICTED
ACC_002664,CUST_002664,SAVINGS,27113.1,ACTIVE,VERIFIED,0.317,RESTRICTED
ACC_002665,CUST_002665,SAVINGS,28186.24,ACTIVE,VERIFIED,0.528,RESTRICTED
ACC_002666,CUST_002666,SAVINGS,3531.57,ACTIVE,VERIFIED,0.097,RESTRICTED
ACC_002667,CUST_002667,SAVINGS,33098.46,ACTIVE,VERIFIED,0.177,RESTRICTED
ACC_002668,CUST_002668,SAVINGS,34672.37,ACTIVE,VERIFIED,0.249,RESTRICTED
ACC_002669,CUST_002669,SAVINGS,8606.51,ACTIVE,VERIFIED,0.595,RESTRICTED
ACC_002670,CUST_002670,SAVINGS,46102.5,ACTIVE,VERIFIED,0.181,RESTRICTED
ACC_002671,CUST_002671,SAVINGS,42972.14,ACTIVE,VERIFIED,0.645,RESTRICTED
ACC_002672,CUST_002672,SAVINGS,42045.19,ACTIVE,VERIFIED,0.409,RESTRICTED
ACC_002673,CUST_002673,SAVINGS,19255.1,ACTIVE,VERIFIED,0.306,RESTRICTED
ACC_002674,CUST_002674,SAVINGS,16916.85,ACTIVE,VERIFIED,0.242,RESTRICTED
ACC_002675,CUST_002675,SAVINGS,5619.8,ACTIVE,VERIFIED,0.436,RESTRICTED
ACC_002676,CUST_002676,SAVINGS,7738.43,ACTIVE,VERIFIED,0.188,RESTRICTED
ACC_002677,CUST_002677,SAVINGS,43162.09,ACTIVE,VERIFIED,0.184,RESTRICTED
ACC_002678,CUST_002678,SAVINGS,6123.08,ACTIVE,VERIFIED,0.116,RESTRICTED
ACC_002679,CUST_002679,SAVINGS,17114.58,ACTIVE,VERIFIED,0.211,RESTRICTED
ACC_002680,CUST_002680,SAVINGS,20855.1,ACTIVE,VERIFIED,0.443,RESTRICTED
ACC_002681,CUST_002681,SAVINGS,10402.13,ACTIVE,VERIFIED,0.052,RESTRICTED
ACC_002682,CUST_002682,SAVINGS,33903.26,ACTIVE,VERIFIED,0.235,RESTRICTED
ACC_002683,CUST_002683,SAVINGS,33298.75,ACTIVE,VERIFIED,0.365,RESTRICTED
ACC_002684,CUST_002684,SAVINGS,33618.34,ACTIVE,VERIFIED,0.22,RESTRICTED
ACC_002685,CUST_002685,SAVINGS,14149.53,ACTIVE,VERIFIED,0.154,RESTRICTED
ACC_002686,CUST_002686,SAVINGS,34418.22,ACTIVE,PENDING,0.209,RESTRICTED
ACC_002687,CUST_002687,SAVINGS,25613.32,ACTIVE,PENDING,0.618,RESTRICTED
ACC_002688,CUST_002688,SAVINGS,44594.32,ACTIVE,PENDING,0.598,RESTRICTED
ACC_002689,CUST_002689,SAVINGS,45512.14,ACTIVE,PENDING,0.218,RESTRICTED
ACC_002690,CUST_002690,SAVINGS,24767.44,ACTIVE,PENDING,0.257,RESTRICTED
ACC_002691,CUST_002691,SAVINGS,44639.18,ACTIVE,VERIFIED,0.411,RESTRICTED
ACC_002692,CUST_002692,SAVINGS,16937.28,ACTIVE,VERIFIED,0.037,RESTRICTED
ACC_002693,CUST_002693,SAVINGS,22416.13,ACTIVE,PENDING,0.071,RESTRICTED
ACC_002694,CUST_002694,SAVINGS,19656.86,ACTIVE,VERIFIED,0.369,RESTRICTED
ACC_002695,CUST_002695,SAVINGS,6741.06,ACTIVE,VERIFIED,0.073,RESTRICTED
ACC_002696,CUST_002696,SAVINGS,9568.65,ACTIVE,VERIFIED,0.178,RESTRICTED
ACC_002697,CUST_002697,SAVINGS,8936.06,FROZEN,FLAGGED,0.36,RESTRICTED
ACC_002698,CUST_002698,SAVINGS,49210.38,ACTIVE,VERIFIED,0.077,RESTRICTED
ACC_002699,CUST_002699,SAVINGS,8121.02,ACTIVE,VERIFIED,0.646,RESTRICTED
ACC_002700,CUST_002700,SAVINGS,6198.44,ACTIVE,VERIFIED,0.477,RESTRICTED
ACC_002701,CUST_002701,SAVINGS,19849.66,ACTIVE,VERIFIED,0.198,RESTRICTED
ACC_002702,CUST_002702,SAVINGS,30064.58,ACTIVE,VERIFIED,0.348,RESTRICTED
ACC_002703,CUST_002703,SAVINGS,24620.39,ACTIVE,VERIFIED,0.21,RESTRICTED
ACC_002704,CUST_002704,SAVINGS,40327.56,ACTIVE,VERIFIED,0.096,RESTRICTED
ACC_002705,CUST_002705,SAVINGS,16498.74,ACTIVE,PENDING,0.379,RESTRICTED
ACC_002706,CUST_002706,SAVINGS,41136.0,ACTIVE,VERIFIED,0.142,RESTRICTED
ACC_002707,CUST_002707,SAVINGS,31731.38,ACTIVE,VERIFIED,0.054,RESTRICTED
ACC_002708,CUST_002708,SAVINGS,13139.13,ACTIVE,VERIFIED,0.259,RESTRICTED
ACC_002709,CUST_002709,SAVINGS,5719.2,ACTIVE,VERIFIED,0.363,RESTRICTED
ACC_002710,CUST_002710,SAVINGS,3756.5,ACTIVE,VERIFIED,0.263,RESTRICTED
ACC_002711,CUST_002711,SAVINGS,41844.48,ACTIVE,VERIFIED,0.343,RESTRICTED
ACC_002712,CUST_002712,SAVINGS,9126.02,ACTIVE,VERIFIED,0.049,RESTRICTED
ACC_002713,CUST_002713,SAVINGS,14128.32,ACTIVE,VERIFIED,0.319,RESTRICTED
ACC_002714,CUST_002714,SAVINGS,27289.91,ACTIVE,PENDING,0.234,RESTRICTED
ACC_002715,CUST_002715,SAVINGS,13134.07,ACTIVE,VERIFIED,0.422,RESTRICTED
ACC_002716,CUST_002716,SAVINGS,10115.85,ACTIVE,VERIFIED,0.141,RESTRICTED
ACC_002717,CUST_002717,SAVINGS,20097.48,ACTIVE,VERIFIED,0.156,RESTRICTED
ACC_002718,CUST_002718,SAVINGS,32266.38,ACTIVE,VERIFIED,0.085,RESTRICTED
ACC_002719,CUST_002719,SAVINGS,5466.81,ACTIVE,VERIFIED,0.173,RESTRICTED
ACC_002720,CUST_002720,SAVINGS,47490.62,ACTIVE,VERIFIED,0.599,RESTRICTED
ACC_002721,CUST_002721,SAVINGS,27720.09,ACTIVE,VERIFIED,0.397,RESTRICTED
ACC_002722,CUST_002722,SAVINGS,22186.99,ACTIVE,VERIFIED,0.11,RESTRICTED
ACC_002723,CUST_002723,SAVINGS,31018.49,ACTIVE,PENDING,0.394,RESTRICTED
ACC_002724,CUST_002724,SAVINGS,32083.73,FROZEN,FLAGGED,0.278,RESTRICTED
ACC_002725,CUST_002725,SAVINGS,23882.18,ACTIVE,VERIFIED,0.209,RESTRICTED
ACC_002726,CUST_002726,SAVINGS,44900.56,ACTIVE,VERIFIED,0.449,RESTRICTED
ACC_002727,CUST_002727,SAVINGS,22118.38,ACTIVE,VERIFIED,0.238,RESTRICTED
ACC_002728,CUST_002728,SAVINGS,1244.53,ACTIVE,VERIFIED,0.429,RESTRICTED
ACC_002729,CUST_002729,SAVINGS,36651.55,ACTIVE,VERIFIED,0.462,RESTRICTED
ACC_002730,CUST_002730,SAVINGS,3329.44,ACTIVE,VERIFIED,0.476,RESTRICTED
ACC_002731,CUST_002731,SAVINGS,30459.76,ACTIVE,VERIFIED,0.197,RESTRICTED
ACC_002732,CUST_002732,SAVINGS,41936.84,ACTIVE,VERIFIED,0.397,RESTRICTED
ACC_002733,CUST_002733,SAVINGS,20787.08,ACTIVE,VERIFIED,0.291,RESTRICTED
ACC_002734,CUST_002734,SAVINGS,49543.57,ACTIVE,VERIFIED,0.238,RESTRICTED
ACC_002735,CUST_002735,SAVINGS,35895.69,ACTIVE,VERIFIED,0.482,RESTRICTED
ACC_002736,CUST_002736,SAVINGS,12062.75,ACTIVE,VERIFIED,0.25,RESTRICTED
ACC_002737,CUST_002737,SAVINGS,10869.84,ACTIVE,VERIFIED,0.134,RESTRICTED
ACC_002738,CUST_002738,SAVINGS,36680.41,ACTIVE,VERIFIED,0.274,RESTRICTED
ACC_002739,CUST_002739,SAVINGS,40796.5,ACTIVE,VERIFIED,0.146,RESTRICTED
ACC_002740,CUST_002740,SAVINGS,19765.53,ACTIVE,VERIFIED,0.01,RESTRICTED
ACC_002741,CUST_002741,SAVINGS,48840.38,ACTIVE,VERIFIED,0.108,RESTRICTED
ACC_002742,CUST_002742,SAVINGS,9655.54,ACTIVE,VERIFIED,0.189,RESTRICTED
ACC_002743,CUST_002743,SAVINGS,10294.09,ACTIVE,VERIFIED,0.079,RESTRICTED
ACC_002744,CUST_002744,SAVINGS,17623.88,ACTIVE,VERIFIED,0.401,RESTRICTED
ACC_002745,CUST_002745,SAVINGS,48175.36,ACTIVE,VERIFIED,0.479,RESTRICTED
ACC_002746,CUST_002746,SAVINGS,13909.68,FROZEN,FLAGGED,0.215,RESTRICTED
ACC_002747,CUST_002747,SAVINGS,47482.29,ACTIVE,VERIFIED,0.129,RESTRICTED
ACC_002748,CUST_002748,SAVINGS,34028.27,ACTIVE,VERIFIED,0.204,RESTRICTED
ACC_002749,CUST_002749,SAVINGS,33317.14,ACTIVE,VERIFIED,0.356,RESTRICTED
ACC_002750,CUST_002750,SAVINGS,47017.78,ACTIVE,PENDING,0.075,RESTRICTED
ACC_002751,CUST_002751,SAVINGS,19330.89,ACTIVE,VERIFIED,0.492,RESTRICTED
ACC_002752,CUST_002752,SAVINGS,23980.21,ACTIVE,VERIFIED,0.368,RESTRICTED
ACC_002753,CUST_002753,SAVINGS,1590.6,ACTIVE,VERIFIED,0.172,RESTRICTED
ACC_002754,CUST_002754,SAVINGS,4383.77,ACTIVE,VERIFIED,0.333,RESTRICTED
ACC_002755,CUST_002755,SAVINGS,32144.88,ACTIVE,VERIFIED,0.464,RESTRICTED
ACC_002756,CUST_002756,SAVINGS,8853.11,ACTIVE,VERIFIED,0.648,RESTRICTED
ACC_002757,CUST_002757,SAVINGS,47857.57,ACTIVE,VERIFIED,0.347,RESTRICTED
ACC_002758,CUST_002758,SAVINGS,5449.71,ACTIVE,VERIFIED,0.651,RESTRICTED
ACC_002759,CUST_002759,SAVINGS,34732.9,ACTIVE,VERIFIED,0.148,RESTRICTED
ACC_002760,CUST_002760,SAVINGS,3458.87,ACTIVE,VERIFIED,0.634,RESTRICTED
ACC_002761,CUST_002761,SAVINGS,17607.52,FROZEN,FLAGGED,0.587,RESTRICTED
ACC_002762,CUST_002762,SAVINGS,33553.1,ACTIVE,VERIFIED,0.391,RESTRICTED
ACC_002763,CUST_002763,SAVINGS,48890.48,ACTIVE,VERIFIED,0.271,RESTRICTED
ACC_002764,CUST_002764,SAVINGS,40565.18,FROZEN,FLAGGED,0.263,RESTRICTED
ACC_002765,CUST_002765,SAVINGS,18650.0,ACTIVE,VERIFIED,0.037,RESTRICTED
ACC_002766,CUST_002766,SAVINGS,30391.65,ACTIVE,VERIFIED,0.038,RESTRICTED
ACC_002767,CUST_002767,SAVINGS,18712.43,ACTIVE,VERIFIED,0.147,RESTRICTED
ACC_002768,CUST_002768,SAVINGS,11896.32,ACTIVE,VERIFIED,0.204,RESTRICTED
ACC_002769,CUST_002769,SAVINGS,24484.77,ACTIVE,VERIFIED,0.127,RESTRICTED
ACC_002770,CUST_002770,SAVINGS,7882.27,ACTIVE,VERIFIED,0.394,RESTRICTED
ACC_002771,CUST_002771,SAVINGS,4965.16,ACTIVE,VERIFIED,0.411,RESTRICTED
ACC_002772,CUST_002772,SAVINGS,41956.52,ACTIVE,VERIFIED,0.238,RESTRICTED
ACC_002773,CUST_002773,SAVINGS,27156.93,ACTIVE,VERIFIED,0.544,RESTRICTED
ACC_002774,CUST_002774,SAVINGS,48837.03,ACTIVE,VERIFIED,0.631,RESTRICTED
ACC_002775,CUST_002775,SAVINGS,11489.26,ACTIVE,VERIFIED,0.543,RESTRICTED
ACC_002776,CUST_002776,SAVINGS,30955.87,ACTIVE,VERIFIED,0.148,RESTRICTED
ACC_002777,CUST_002777,SAVINGS,18059.99,ACTIVE,VERIFIED,0.186,RESTRICTED
ACC_002778,CUST_002778,SAVINGS,22276.84,ACTIVE,VERIFIED,0.503,RESTRICTED
ACC_002779,CUST_002779,SAVINGS,8492.25,ACTIVE,VERIFIED,0.645,RESTRICTED
ACC_002780,CUST_002780,SAVINGS,10415.02,ACTIVE,VERIFIED,0.334,RESTRICTED
ACC_002781,CUST_002781,SAVINGS,17614.91,ACTIVE,VERIFIED,0.304,RESTRICTED
ACC_002782,CUST_002782,SAVINGS,10685.15,ACTIVE,VERIFIED,0.145,RESTRICTED
ACC_002783,CUST_002783,SAVINGS,7326.27,ACTIVE,VERIFIED,0.181,RESTRICTED
ACC_002784,CUST_002784,SAVINGS,22928.76,ACTIVE,VERIFIED,0.384,RESTRICTED
ACC_002785,CUST_002785,SAVINGS,11928.98,ACTIVE,VERIFIED,0.647,RESTRICTED
ACC_002786,CUST_002786,SAVINGS,14313.09,FROZEN,FLAGGED,0.074,RESTRICTED
ACC_002787,CUST_002787,SAVINGS,44937.81,ACTIVE,VERIFIED,0.252,RESTRICTED
ACC_002788,CUST_002788,SAVINGS,16370.72,ACTIVE,VERIFIED,0.477,RESTRICTED
ACC_002789,CUST_002789,SAVINGS,13216.34,FROZEN,FLAGGED,0.427,RESTRICTED
ACC_002790,CUST_002790,SAVINGS,40193.67,ACTIVE,VERIFIED,0.303,RESTRICTED
ACC_002791,CUST_002791,SAVINGS,45741.04,ACTIVE,VERIFIED,0.32,RESTRICTED
ACC_002792,CUST_002792,SAVINGS,1404.91,ACTIVE,VERIFIED,0.415,RESTRICTED
ACC_002793,CUST_002793,SAVINGS,33460.21,ACTIVE,PENDING,0.138,RESTRICTED
ACC_002794,CUST_002794,SAVINGS,21626.72,ACTIVE,VERIFIED,0.181,RESTRICTED
ACC_002795,CUST_002795,SAVINGS,30726.05,ACTIVE,PENDING,0.464,RESTRICTED
ACC_002796,CUST_002796,SAVINGS,22306.22,ACTIVE,VERIFIED,0.399,RESTRICTED
ACC_002797,CUST_002797,SAVINGS,20690.41,ACTIVE,VERIFIED,0.367,RESTRICTED
ACC_002798,CUST_002798,SAVINGS,2051.03,ACTIVE,VERIFIED,0.174,RESTRICTED
ACC_002799,CUST_002799,SAVINGS,28735.87,ACTIVE,VERIFIED,0.202,RESTRICTED
ACC_002800,CUST_002800,SAVINGS,12561.89,ACTIVE,VERIFIED,0.096,RESTRICTED
ACC_002801,CUST_002801,SAVINGS,24658.87,ACTIVE,VERIFIED,0.49,RESTRICTED
ACC_002802,CUST_002802,SAVINGS,47643.74,ACTIVE,PENDING,0.333,RESTRICTED
ACC_002803,CUST_002803,SAVINGS,3194.45,ACTIVE,VERIFIED,0.361,RESTRICTED
ACC_002804,CUST_002804,SAVINGS,5847.39,ACTIVE,VERIFIED,0.146,RESTRICTED
ACC_002805,CUST_002805,SAVINGS,10626.87,ACTIVE,VERIFIED,0.113,RESTRICTED
ACC_002806,CUST_002806,SAVINGS,27651.12,ACTIVE,VERIFIED,0.047,RESTRICTED
ACC_002807,CUST_002807,SAVINGS,4450.29,ACTIVE,VERIFIED,0.264,RESTRICTED
ACC_002808,CUST_002808,SAVINGS,24960.24,ACTIVE,VERIFIED,0.137,RESTRICTED
ACC_002809,CUST_002809,SAVINGS,33900.1,ACTIVE,VERIFIED,0.166,RESTRICTED
ACC_002810,CUST_002810,SAVINGS,8455.02,ACTIVE,VERIFIED,0.173,RESTRICTED
ACC_002811,CUST_002811,SAVINGS,40530.09,ACTIVE,VERIFIED,0.436,RESTRICTED
ACC_002812,CUST_002812,SAVINGS,5281.7,ACTIVE,VERIFIED,0.28,RESTRICTED
ACC_002813,CUST_002813,SAVINGS,31866.97,ACTIVE,VERIFIED,0.302,RESTRICTED
ACC_002814,CUST_002814,SAVINGS,46283.99,ACTIVE,VERIFIED,0.397,RESTRICTED
ACC_002815,CUST_002815,SAVINGS,10236.7,ACTIVE,PENDING,0.305,RESTRICTED
ACC_002816,CUST_002816,SAVINGS,49754.14,ACTIVE,VERIFIED,0.506,RESTRICTED
ACC_002817,CUST_002817,SAVINGS,26259.95,ACTIVE,VERIFIED,0.216,RESTRICTED
ACC_002818,CUST_002818,SAVINGS,11792.94,ACTIVE,VERIFIED,0.176,RESTRICTED
ACC_002819,CUST_002819,SAVINGS,5038.18,ACTIVE,VERIFIED,0.292,RESTRICTED
ACC_002820,CUST_002820,SAVINGS,47581.71,ACTIVE,VERIFIED,0.462,RESTRICTED
ACC_002821,CUST_002821,SAVINGS,43729.96,ACTIVE,VERIFIED,0.159,RESTRICTED
ACC_002822,CUST_002822,SAVINGS,30946.2,ACTIVE,VERIFIED,0.336,RESTRICTED
ACC_002823,CUST_002823,SAVINGS,23639.55,ACTIVE,VERIFIED,0.298,RESTRICTED
ACC_002824,CUST_002824,SAVINGS,24250.91,ACTIVE,VERIFIED,0.464,RESTRICTED
ACC_002825,CUST_002825,SAVINGS,48217.29,ACTIVE,VERIFIED,0.171,RESTRICTED
ACC_002826,CUST_002826,SAVINGS,40319.81,ACTIVE,VERIFIED,0.123,RESTRICTED
ACC_002827,CUST_002827,SAVINGS,39998.53,ACTIVE,VERIFIED,0.78,RESTRICTED
ACC_002828,CUST_002828,SAVINGS,30295.35,ACTIVE,VERIFIED,0.085,RESTRICTED
ACC_002829,CUST_002829,SAVINGS,19244.79,ACTIVE,VERIFIED,0.259,RESTRICTED
ACC_002830,CUST_002830,SAVINGS,35362.12,ACTIVE,VERIFIED,0.233,RESTRICTED
ACC_002831,CUST_002831,SAVINGS,15150.02,ACTIVE,VERIFIED,0.152,RESTRICTED
ACC_002832,CUST_002832,SAVINGS,21750.76,ACTIVE,VERIFIED,0.149,RESTRICTED
ACC_002833,CUST_002833,SAVINGS,29118.52,ACTIVE,VERIFIED,0.108,RESTRICTED
ACC_002834,CUST_002834,SAVINGS,32142.34,ACTIVE,VERIFIED,0.155,RESTRICTED
ACC_002835,CUST_002835,SAVINGS,24982.86,ACTIVE,VERIFIED,0.073,RESTRICTED
ACC_002836,CUST_002836,SAVINGS,44628.75,ACTIVE,VERIFIED,0.186,RESTRICTED
ACC_002837,CUST_002837,SAVINGS,13090.05,ACTIVE,PENDING,0.297,RESTRICTED
ACC_002838,CUST_002838,SAVINGS,3101.54,ACTIVE,VERIFIED,0.359,RESTRICTED
ACC_002839,CUST_002839,SAVINGS,23358.73,ACTIVE,VERIFIED,0.094,RESTRICTED
ACC_002840,CUST_002840,SAVINGS,39311.76,ACTIVE,VERIFIED,0.355,RESTRICTED
ACC_002841,CUST_002841,SAVINGS,45965.21,ACTIVE,VERIFIED,0.604,RESTRICTED
ACC_002842,CUST_002842,SAVINGS,21625.42,ACTIVE,VERIFIED,0.139,RESTRICTED
ACC_002843,CUST_002843,SAVINGS,1331.11,ACTIVE,VERIFIED,0.068,RESTRICTED
ACC_002844,CUST_002844,SAVINGS,25728.72,ACTIVE,VERIFIED,0.495,RESTRICTED
ACC_002845,CUST_002845,SAVINGS,12838.56,ACTIVE,VERIFIED,0.157,RESTRICTED
ACC_002846,CUST_002846,SAVINGS,29047.05,ACTIVE,VERIFIED,0.153,RESTRICTED
ACC_002847,CUST_002847,SAVINGS,32291.56,ACTIVE,VERIFIED,0.176,RESTRICTED
ACC_002848,CUST_002848,SAVINGS,39859.06,FROZEN,FLAGGED,0.256,RESTRICTED
ACC_002849,CUST_002849,SAVINGS,31660.39,ACTIVE,VERIFIED,0.393,RESTRICTED
ACC_002850,CUST_002850,SAVINGS,33159.57,ACTIVE,VERIFIED,0.47,RESTRICTED
ACC_002851,CUST_002851,SAVINGS,20025.2,ACTIVE,VERIFIED,0.279,RESTRICTED
ACC_002852,CUST_002852,SAVINGS,14554.45,ACTIVE,VERIFIED,0.236,RESTRICTED
ACC_002853,CUST_002853,SAVINGS,35264.51,ACTIVE,VERIFIED,0.218,RESTRICTED
ACC_002854,CUST_002854,SAVINGS,11463.75,ACTIVE,VERIFIED,0.613,RESTRICTED
ACC_002855,CUST_002855,SAVINGS,10120.71,ACTIVE,VERIFIED,0.144,RESTRICTED
ACC_002856,CUST_002856,SAVINGS,2539.34,ACTIVE,VERIFIED,0.39,RESTRICTED
ACC_002857,CUST_002857,SAVINGS,25892.03,ACTIVE,VERIFIED,0.281,RESTRICTED
ACC_002858,CUST_002858,SAVINGS,9479.91,ACTIVE,VERIFIED,0.29,RESTRICTED
ACC_002859,CUST_002859,SAVINGS,16637.61,ACTIVE,PENDING,0.578,RESTRICTED
ACC_002860,CUST_002860,SAVINGS,25858.17,ACTIVE,VERIFIED,0.129,RESTRICTED
ACC_002861,CUST_002861,SAVINGS,24227.84,ACTIVE,VERIFIED,0.168,RESTRICTED
ACC_002862,CUST_002862,SAVINGS,42682.48,ACTIVE,VERIFIED,0.637,RESTRICTED
ACC_002863,CUST_002863,SAVINGS,32548.39,ACTIVE,VERIFIED,0.176,RESTRICTED
ACC_002864,CUST_002864,SAVINGS,44946.55,ACTIVE,VERIFIED,0.445,RESTRICTED
ACC_002865,CUST_002865,SAVINGS,34015.19,ACTIVE,VERIFIED,0.42,RESTRICTED
ACC_002866,CUST_002866,SAVINGS,40039.03,ACTIVE,VERIFIED,0.213,RESTRICTED
ACC_002867,CUST_002867,SAVINGS,17828.74,ACTIVE,VERIFIED,0.301,RESTRICTED
ACC_002868,CUST_002868,SAVINGS,24956.14,ACTIVE,VERIFIED,0.092,RESTRICTED
ACC_002869,CUST_002869,SAVINGS,44508.61,ACTIVE,VERIFIED,0.19,RESTRICTED
ACC_002870,CUST_002870,SAVINGS,41470.19,ACTIVE,VERIFIED,0.392,RESTRICTED
ACC_002871,CUST_002871,SAVINGS,32289.41,ACTIVE,VERIFIED,0.037,RESTRICTED
ACC_002872,CUST_002872,SAVINGS,7846.35,ACTIVE,VERIFIED,0.327,RESTRICTED
ACC_002873,CUST_002873,SAVINGS,20136.69,ACTIVE,VERIFIED,0.397,RESTRICTED
ACC_002874,CUST_002874,SAVINGS,2765.14,ACTIVE,PENDING,0.091,RESTRICTED
ACC_002875,CUST_002875,SAVINGS,21512.91,ACTIVE,VERIFIED,0.111,RESTRICTED
ACC_002876,CUST_002876,SAVINGS,5655.55,ACTIVE,VERIFIED,0.011,RESTRICTED
ACC_002877,CUST_002877,SAVINGS,36873.84,ACTIVE,VERIFIED,0.141,RESTRICTED
ACC_002878,CUST_002878,SAVINGS,13266.26,ACTIVE,VERIFIED,0.317,RESTRICTED
ACC_002879,CUST_002879,SAVINGS,27971.82,ACTIVE,VERIFIED,0.509,RESTRICTED
ACC_002880,CUST_002880,SAVINGS,14345.15,ACTIVE,VERIFIED,0.136,RESTRICTED
ACC_002881,CUST_002881,SAVINGS,15523.56,ACTIVE,VERIFIED,0.267,RESTRICTED
ACC_002882,CUST_002882,SAVINGS,37428.15,ACTIVE,VERIFIED,0.265,RESTRICTED
ACC_002883,CUST_002883,SAVINGS,26054.99,ACTIVE,VERIFIED,0.353,RESTRICTED
ACC_002884,CUST_002884,SAVINGS,12097.3,ACTIVE,VERIFIED,0.384,RESTRICTED
ACC_002885,CUST_002885,SAVINGS,10823.45,ACTIVE,VERIFIED,0.579,RESTRICTED
ACC_002886,CUST_002886,SAVINGS,35132.85,ACTIVE,VERIFIED,0.146,RESTRICTED
ACC_002887,CUST_002887,SAVINGS,39321.86,ACTIVE,VERIFIED,0.523,RESTRICTED
ACC_002888,CUST_002888,SAVINGS,9082.67,ACTIVE,VERIFIED,0.241,RESTRICTED
ACC_002889,CUST_002889,SAVINGS,47157.1,ACTIVE,PENDING,0.655,RESTRICTED
ACC_002890,CUST_002890,SAVINGS,41532.55,ACTIVE,VERIFIED,0.095,RESTRICTED
ACC_002891,CUST_002891,SAVINGS,10734.21,ACTIVE,VERIFIED,0.098,RESTRICTED
ACC_002892,CUST_002892,SAVINGS,10819.93,ACTIVE,PENDING,0.448,RESTRICTED
ACC_002893,CUST_002893,SAVINGS,22580.16,ACTIVE,VERIFIED,0.176,RESTRICTED
ACC_002894,CUST_002894,SAVINGS,47805.63,ACTIVE,VERIFIED,0.437,RESTRICTED
ACC_002895,CUST_002895,SAVINGS,23851.99,ACTIVE,VERIFIED,0.53,RESTRICTED
ACC_002896,CUST_002896,SAVINGS,19093.6,ACTIVE,PENDING,0.381,RESTRICTED
ACC_002897,CUST_002897,SAVINGS,16186.56,ACTIVE,VERIFIED,0.179,RESTRICTED
ACC_002898,CUST_002898,SAVINGS,14299.33,ACTIVE,VERIFIED,0.298,RESTRICTED
ACC_002899,CUST_002899,SAVINGS,14605.37,ACTIVE,VERIFIED,0.336,RESTRICTED
ACC_002900,CUST_002900,SAVINGS,19589.68,ACTIVE,VERIFIED,0.336,RESTRICTED
ACC_002901,CUST_002901,SAVINGS,1564.63,ACTIVE,VERIFIED,0.234,RESTRICTED
ACC_002902,CUST_002902,SAVINGS,10458.55,ACTIVE,VERIFIED,0.327,RESTRICTED
ACC_002903,CUST_002903,SAVINGS,1732.21,ACTIVE,VERIFIED,0.189,RESTRICTED
ACC_002904,CUST_002904,SAVINGS,41469.16,ACTIVE,VERIFIED,0.457,RESTRICTED
ACC_002905,CUST_002905,SAVINGS,18382.58,ACTIVE,PENDING,0.208,RESTRICTED
ACC_002906,CUST_002906,SAVINGS,16054.17,ACTIVE,VERIFIED,0.619,RESTRICTED
ACC_002907,CUST_002907,SAVINGS,4967.55,ACTIVE,VERIFIED,0.367,RESTRICTED
ACC_002908,CUST_002908,SAVINGS,6609.37,ACTIVE,VERIFIED,0.633,RESTRICTED
ACC_002909,CUST_002909,SAVINGS,16117.93,ACTIVE,VERIFIED,0.365,RESTRICTED
ACC_002910,CUST_002910,SAVINGS,8119.21,ACTIVE,PENDING,0.646,RESTRICTED
ACC_002911,CUST_002911,SAVINGS,45132.19,ACTIVE,VERIFIED,0.084,RESTRICTED
ACC_002912,CUST_002912,SAVINGS,17324.23,ACTIVE,VERIFIED,0.345,RESTRICTED
ACC_002913,CUST_002913,SAVINGS,32284.24,ACTIVE,VERIFIED,0.218,RESTRICTED
ACC_002914,CUST_002914,SAVINGS,31789.67,ACTIVE,VERIFIED,0.345,RESTRICTED
ACC_002915,CUST_002915,SAVINGS,20288.87,ACTIVE,VERIFIED,0.287,RESTRICTED
ACC_002916,CUST_002916,SAVINGS,4297.94,ACTIVE,VERIFIED,0.416,RESTRICTED
ACC_002917,CUST_002917,SAVINGS,33253.68,ACTIVE,VERIFIED,0.452,RESTRICTED
ACC_002918,CUST_002918,SAVINGS,1630.83,ACTIVE,VERIFIED,0.184,RESTRICTED
ACC_002919,CUST_002919,SAVINGS,40226.1,ACTIVE,VERIFIED,0.103,RESTRICTED
ACC_002920,CUST_002920,SAVINGS,31643.55,ACTIVE,VERIFIED,0.189,RESTRICTED
ACC_002921,CUST_002921,SAVINGS,44813.01,ACTIVE,VERIFIED,0.751,RESTRICTED
ACC_002922,CUST_002922,SAVINGS,3427.14,ACTIVE,VERIFIED,0.378,RESTRICTED
ACC_002923,CUST_002923,SAVINGS,12328.98,ACTIVE,VERIFIED,0.491,RESTRICTED
ACC_002924,CUST_002924,SAVINGS,25289.46,ACTIVE,VERIFIED,0.074,RESTRICTED
ACC_002925,CUST_002925,SAVINGS,30022.9,ACTIVE,PENDING,0.41,RESTRICTED
ACC_002926,CUST_002926,SAVINGS,6482.95,ACTIVE,VERIFIED,0.321,RESTRICTED
ACC_002927,CUST_002927,SAVINGS,11873.82,ACTIVE,VERIFIED,0.303,RESTRICTED
ACC_002928,CUST_002928,SAVINGS,34111.44,ACTIVE,VERIFIED,0.219,RESTRICTED
ACC_002929,CUST_002929,SAVINGS,22913.23,ACTIVE,VERIFIED,0.368,RESTRICTED
ACC_002930,CUST_002930,SAVINGS,6157.37,ACTIVE,VERIFIED,0.286,RESTRICTED
ACC_002931,CUST_002931,SAVINGS,2403.1,ACTIVE,VERIFIED,0.103,RESTRICTED
ACC_002932,CUST_002932,SAVINGS,32129.4,ACTIVE,PENDING,0.469,RESTRICTED
ACC_002933,CUST_002933,SAVINGS,10612.48,ACTIVE,VERIFIED,0.444,RESTRICTED
ACC_002934,CUST_002934,SAVINGS,20472.97,ACTIVE,VERIFIED,0.237,RESTRICTED
ACC_002935,CUST_002935,SAVINGS,23177.91,ACTIVE,VERIFIED,0.328,RESTRICTED
ACC_002936,CUST_002936,SAVINGS,39001.68,ACTIVE,VERIFIED,0.228,RESTRICTED
ACC_002937,CUST_002937,SAVINGS,44877.97,ACTIVE,VERIFIED,0.473,RESTRICTED
ACC_002938,CUST_002938,SAVINGS,38261.86,ACTIVE,VERIFIED,0.042,RESTRICTED
ACC_002939,CUST_002939,SAVINGS,30883.84,ACTIVE,VERIFIED,0.11,RESTRICTED
ACC_002940,CUST_002940,SAVINGS,20354.58,ACTIVE,VERIFIED,0.322,RESTRICTED
ACC_002941,CUST_002941,SAVINGS,2656.88,ACTIVE,PENDING,0.658,RESTRICTED
ACC_002942,CUST_002942,SAVINGS,48750.16,FROZEN,FLAGGED,0.221,RESTRICTED
ACC_002943,CUST_002943,SAVINGS,1388.88,ACTIVE,VERIFIED,0.328,RESTRICTED
ACC_002944,CUST_002944,SAVINGS,28980.2,ACTIVE,VERIFIED,0.121,RESTRICTED
ACC_002945,CUST_002945,SAVINGS,37050.79,ACTIVE,VERIFIED,0.357,RESTRICTED
ACC_002946,CUST_002946,SAVINGS,20122.76,FROZEN,FLAGGED,0.123,RESTRICTED
ACC_002947,CUST_002947,SAVINGS,40363.32,ACTIVE,VERIFIED,0.015,RESTRICTED
ACC_002948,CUST_002948,SAVINGS,29173.28,ACTIVE,VERIFIED,0.16,RESTRICTED
ACC_002949,CUST_002949,SAVINGS,5206.37,ACTIVE,VERIFIED,0.615,RESTRICTED
ACC_002950,CUST_002950,SAVINGS,10870.17,ACTIVE,VERIFIED,0.236,RESTRICTED
ACC_002951,CUST_002951,SAVINGS,48288.74,ACTIVE,VERIFIED,0.47,RESTRICTED
ACC_002952,CUST_002952,SAVINGS,20713.56,ACTIVE,VERIFIED,0.2,RESTRICTED
ACC_002953,CUST_002953,SAVINGS,47457.58,ACTIVE,VERIFIED,0.501,RESTRICTED
ACC_002954,CUST_002954,SAVINGS,49286.49,ACTIVE,VERIFIED,0.572,RESTRICTED
ACC_002955,CUST_002955,SAVINGS,35199.98,ACTIVE,VERIFIED,0.3,RESTRICTED
ACC_002956,CUST_002956,SAVINGS,18699.77,ACTIVE,VERIFIED,0.549,RESTRICTED
ACC_002957,CUST_002957,SAVINGS,37090.32,ACTIVE,VERIFIED,0.33,RESTRICTED
ACC_002958,CUST_002958,SAVINGS,38411.26,ACTIVE,VERIFIED,0.227,RESTRICTED
ACC_002959,CUST_002959,SAVINGS,44367.15,ACTIVE,VERIFIED,0.375,RESTRICTED
ACC_002960,CUST_002960,SAVINGS,40885.14,FROZEN,FLAGGED,0.281,RESTRICTED
ACC_002961,CUST_002961,SAVINGS,41271.18,ACTIVE,VERIFIED,0.157,RESTRICTED
ACC_002962,CUST_002962,SAVINGS,22705.22,ACTIVE,VERIFIED,0.229,RESTRICTED
ACC_002963,CUST_002963,SAVINGS,15927.51,ACTIVE,PENDING,0.082,RESTRICTED
ACC_002964,CUST_002964,SAVINGS,39947.69,ACTIVE,VERIFIED,0.445,RESTRICTED
ACC_002965,CUST_002965,SAVINGS,47090.63,ACTIVE,VERIFIED,0.545,RESTRICTED
ACC_002966,CUST_002966,SAVINGS,6965.29,ACTIVE,VERIFIED,0.401,RESTRICTED
ACC_002967,CUST_002967,SAVINGS,31961.97,ACTIVE,PENDING,0.186,RESTRICTED
ACC_002968,CUST_002968,SAVINGS,19462.13,ACTIVE,VERIFIED,0.236,RESTRICTED
ACC_002969,CUST_002969,SAVINGS,3063.27,ACTIVE,VERIFIED,0.292,RESTRICTED
ACC_002970,CUST_002970,SAVINGS,22448.01,ACTIVE,PENDING,0.266,RESTRICTED
ACC_002971,CUST_002971,SAVINGS,48777.47,ACTIVE,PENDING,0.096,RESTRICTED
ACC_002972,CUST_002972,SAVINGS,9102.88,ACTIVE,VERIFIED,0.413,RESTRICTED
ACC_002973,CUST_002973,SAVINGS,4912.55,ACTIVE,VERIFIED,0.222,RESTRICTED
ACC_002974,CUST_002974,SAVINGS,20989.48,ACTIVE,VERIFIED,0.619,RESTRICTED
ACC_002975,CUST_002975,SAVINGS,10472.05,ACTIVE,VERIFIED,0.093,RESTRICTED
ACC_002976,CUST_002976,SAVINGS,46708.22,ACTIVE,VERIFIED,0.246,RESTRICTED
ACC_002977,CUST_002977,SAVINGS,9780.42,ACTIVE,VERIFIED,0.249,RESTRICTED
ACC_002978,CUST_002978,SAVINGS,30148.09,ACTIVE,VERIFIED,0.209,RESTRICTED
ACC_002979,CUST_002979,SAVINGS,18681.36,ACTIVE,VERIFIED,0.467,RESTRICTED
ACC_002980,CUST_002980,SAVINGS,33140.58,ACTIVE,VERIFIED,0.199,RESTRICTED
ACC_002981,CUST_002981,SAVINGS,49682.7,ACTIVE,VERIFIED,0.319,RESTRICTED
ACC_002982,CUST_002982,SAVINGS,3855.1,ACTIVE,VERIFIED,0.082,RESTRICTED
ACC_002983,CUST_002983,SAVINGS,3638.15,ACTIVE,VERIFIED,0.118,RESTRICTED
ACC_002984,CUST_002984,SAVINGS,22029.8,ACTIVE,PENDING,0.298,RESTRICTED
ACC_002985,CUST_002985,SAVINGS,40678.96,ACTIVE,VERIFIED,0.144,RESTRICTED
ACC_002986,CUST_002986,SAVINGS,28404.26,ACTIVE,VERIFIED,0.027,RESTRICTED
ACC_002987,CUST_002987,SAVINGS,39639.97,ACTIVE,VERIFIED,0.449,RESTRICTED
ACC_002988,CUST_002988,SAVINGS,4754.6,ACTIVE,VERIFIED,0.127,RESTRICTED
ACC_002989,CUST_002989,SAVINGS,8005.76,ACTIVE,VERIFIED,0.424,RESTRICTED
ACC_002990,CUST_002990,SAVINGS,37260.33,FROZEN,FLAGGED,0.335,RESTRICTED
ACC_002991,CUST_002991,SAVINGS,14184.91,ACTIVE,VERIFIED,0.15,RESTRICTED
ACC_002992,CUST_002992,SAVINGS,11146.99,ACTIVE,VERIFIED,0.211,RESTRICTED
ACC_002993,CUST_002993,SAVINGS,37660.74,ACTIVE,VERIFIED,0.07,RESTRICTED
ACC_002994,CUST_002994,SAVINGS,19720.41,ACTIVE,VERIFIED,0.041,RESTRICTED
ACC_002995,CUST_002995,SAVINGS,40414.76,ACTIVE,VERIFIED,0.294,RESTRICTED
ACC_002996,CUST_002996,SAVINGS,45454.87,ACTIVE,VERIFIED,0.244,RESTRICTED
ACC_002997,CUST_002997,SAVINGS,5990.24,ACTIVE,VERIFIED,0.422,RESTRICTED
ACC_002998,CUST_002998,SAVINGS,24088.87,ACTIVE,VERIFIED,0.277,RESTRICTED
ACC_002999,CUST_002999,SAVINGS,32902.38,ACTIVE,VERIFIED,0.216,RESTRICTED
ACC_003000,CUST_003000,SAVINGS,15219.75,ACTIVE,VERIFIED,0.349,RESTRICTED
ACC_003001,CUST_003001,SAVINGS,14743.17,ACTIVE,VERIFIED,0.142,RESTRICTED
ACC_003002,CUST_003002,SAVINGS,7008.42,ACTIVE,VERIFIED,0.112,RESTRICTED
ACC_003003,CUST_003003,SAVINGS,12777.31,ACTIVE,PENDING,0.274,RESTRICTED
ACC_003004,CUST_003004,SAVINGS,5168.27,ACTIVE,VERIFIED,0.113,RESTRICTED
ACC_003005,CUST_003005,SAVINGS,42113.99,ACTIVE,PENDING,0.315,RESTRICTED
ACC_003006,CUST_003006,SAVINGS,23560.07,ACTIVE,PENDING,0.287,RESTRICTED
ACC_003007,CUST_003007,SAVINGS,28630.23,ACTIVE,VERIFIED,0.178,RESTRICTED
ACC_003008,CUST_003008,SAVINGS,6731.52,ACTIVE,VERIFIED,0.299,RESTRICTED
ACC_003009,CUST_003009,SAVINGS,40106.22,ACTIVE,VERIFIED,0.079,RESTRICTED
ACC_003010,CUST_003010,SAVINGS,2394.23,ACTIVE,VERIFIED,0.139,RESTRICTED
ACC_003011,CUST_003011,SAVINGS,3774.0,ACTIVE,VERIFIED,0.182,RESTRICTED
ACC_003012,CUST_003012,SAVINGS,35521.88,FROZEN,FLAGGED,0.188,RESTRICTED
ACC_003013,CUST_003013,SAVINGS,4218.98,ACTIVE,VERIFIED,0.267,RESTRICTED
ACC_003014,CUST_003014,SAVINGS,8056.99,ACTIVE,VERIFIED,0.161,RESTRICTED
ACC_003015,CUST_003015,SAVINGS,45376.18,ACTIVE,VERIFIED,0.339,RESTRICTED
ACC_003016,CUST_003016,SAVINGS,43027.58,ACTIVE,VERIFIED,0.099,RESTRICTED
ACC_003017,CUST_003017,SAVINGS,47828.21,ACTIVE,VERIFIED,0.12,RESTRICTED
ACC_003018,CUST_003018,SAVINGS,11506.84,ACTIVE,VERIFIED,0.256,RESTRICTED
ACC_003019,CUST_003019,SAVINGS,22549.64,ACTIVE,VERIFIED,0.606,RESTRICTED
ACC_003020,CUST_003020,SAVINGS,8356.78,ACTIVE,VERIFIED,0.246,RESTRICTED
ACC_003021,CUST_003021,SAVINGS,36640.02,ACTIVE,VERIFIED,0.585,RESTRICTED
ACC_003022,CUST_003022,SAVINGS,47679.09,ACTIVE,VERIFIED,0.299,RESTRICTED
ACC_003023,CUST_003023,SAVINGS,2570.41,ACTIVE,VERIFIED,0.548,RESTRICTED
ACC_003024,CUST_003024,SAVINGS,46214.98,ACTIVE,VERIFIED,0.025,RESTRICTED
ACC_003025,CUST_003025,SAVINGS,27261.69,ACTIVE,PENDING,0.187,RESTRICTED
ACC_003026,CUST_003026,SAVINGS,12357.11,ACTIVE,VERIFIED,0.193,RESTRICTED
ACC_003027,CUST_003027,SAVINGS,18831.1,ACTIVE,VERIFIED,0.208,RESTRICTED
ACC_003028,CUST_003028,SAVINGS,7304.48,ACTIVE,VERIFIED,0.545,RESTRICTED
ACC_003029,CUST_003029,SAVINGS,32039.8,ACTIVE,VERIFIED,0.221,RESTRICTED
ACC_003030,CUST_003030,SAVINGS,15612.01,ACTIVE,VERIFIED,0.233,RESTRICTED
ACC_003031,CUST_003031,SAVINGS,35780.1,ACTIVE,VERIFIED,0.111,RESTRICTED
ACC_003032,CUST_003032,SAVINGS,29514.93,ACTIVE,VERIFIED,0.522,RESTRICTED
ACC_003033,CUST_003033,SAVINGS,17966.33,ACTIVE,VERIFIED,0.194,RESTRICTED
ACC_003034,CUST_003034,SAVINGS,3787.4,ACTIVE,VERIFIED,0.01,RESTRICTED
ACC_003035,CUST_003035,SAVINGS,14468.3,ACTIVE,VERIFIED,0.29,RESTRICTED
ACC_003036,CUST_003036,SAVINGS,11719.47,ACTIVE,VERIFIED,0.04,RESTRICTED
ACC_003037,CUST_003037,SAVINGS,4323.13,ACTIVE,VERIFIED,0.398,RESTRICTED
ACC_003038,CUST_003038,SAVINGS,16560.46,ACTIVE,VERIFIED,0.431,RESTRICTED
ACC_003039,CUST_003039,SAVINGS,48127.42,ACTIVE,VERIFIED,0.206,RESTRICTED
ACC_003040,CUST_003040,SAVINGS,23740.81,ACTIVE,VERIFIED,0.324,RESTRICTED
ACC_003041,CUST_003041,SAVINGS,6817.84,ACTIVE,VERIFIED,0.178,RESTRICTED
ACC_003042,CUST_003042,SAVINGS,3285.88,ACTIVE,VERIFIED,0.498,RESTRICTED
ACC_003043,CUST_003043,SAVINGS,3626.19,ACTIVE,VERIFIED,0.194,RESTRICTED
ACC_003044,CUST_003044,SAVINGS,7383.54,ACTIVE,VERIFIED,0.234,RESTRICTED
ACC_003045,CUST_003045,SAVINGS,33491.77,ACTIVE,VERIFIED,0.296,RESTRICTED
ACC_003046,CUST_003046,SAVINGS,44100.95,ACTIVE,VERIFIED,0.207,RESTRICTED
ACC_003047,CUST_003047,SAVINGS,24665.42,ACTIVE,VERIFIED,0.144,RESTRICTED
ACC_003048,CUST_003048,SAVINGS,36677.65,ACTIVE,VERIFIED,0.457,RESTRICTED
ACC_003049,CUST_003049,SAVINGS,8427.39,ACTIVE,VERIFIED,0.134,RESTRICTED
ACC_003050,CUST_003050,SAVINGS,30364.93,ACTIVE,PENDING,0.116,RESTRICTED
ACC_003051,CUST_003051,SAVINGS,38426.9,ACTIVE,VERIFIED,0.079,RESTRICTED
ACC_003052,CUST_003052,SAVINGS,16169.73,ACTIVE,VERIFIED,0.137,RESTRICTED
ACC_003053,CUST_003053,SAVINGS,19801.51,FROZEN,FLAGGED,0.23,RESTRICTED
ACC_003054,CUST_003054,SAVINGS,34694.64,FROZEN,FLAGGED,0.423,RESTRICTED
ACC_003055,CUST_003055,SAVINGS,44483.93,ACTIVE,PENDING,0.439,RESTRICTED
ACC_003056,CUST_003056,SAVINGS,7802.96,ACTIVE,VERIFIED,0.298,RESTRICTED
ACC_003057,CUST_003057,SAVINGS,20641.19,ACTIVE,VERIFIED,0.45,RESTRICTED
ACC_003058,CUST_003058,SAVINGS,12896.4,ACTIVE,VERIFIED,0.442,RESTRICTED
ACC_003059,CUST_003059,SAVINGS,42651.74,ACTIVE,VERIFIED,0.537,RESTRICTED
ACC_003060,CUST_003060,SAVINGS,46546.51,ACTIVE,VERIFIED,0.03,RESTRICTED
ACC_003061,CUST_003061,SAVINGS,20305.34,ACTIVE,VERIFIED,0.251,RESTRICTED
ACC_003062,CUST_003062,SAVINGS,46581.03,ACTIVE,VERIFIED,0.297,RESTRICTED
ACC_003063,CUST_003063,SAVINGS,5949.18,ACTIVE,VERIFIED,0.444,RESTRICTED
ACC_003064,CUST_003064,SAVINGS,36137.12,ACTIVE,PENDING,0.103,RESTRICTED
ACC_003065,CUST_003065,SAVINGS,24088.04,ACTIVE,VERIFIED,0.232,RESTRICTED
ACC_003066,CUST_003066,SAVINGS,4468.57,ACTIVE,PENDING,0.323,RESTRICTED
ACC_003067,CUST_003067,SAVINGS,21357.03,ACTIVE,VERIFIED,0.325,RESTRICTED
ACC_003068,CUST_003068,SAVINGS,21467.55,ACTIVE,VERIFIED,0.107,RESTRICTED
ACC_003069,CUST_003069,SAVINGS,44981.98,ACTIVE,VERIFIED,0.153,RESTRICTED
ACC_003070,CUST_003070,SAVINGS,7382.09,ACTIVE,VERIFIED,0.301,RESTRICTED
ACC_003071,CUST_003071,SAVINGS,49176.39,ACTIVE,VERIFIED,0.463,RESTRICTED
ACC_003072,CUST_003072,SAVINGS,41136.15,ACTIVE,VERIFIED,0.277,RESTRICTED
ACC_003073,CUST_003073,SAVINGS,14279.1,ACTIVE,VERIFIED,0.477,RESTRICTED
ACC_003074,CUST_003074,SAVINGS,32846.99,ACTIVE,VERIFIED,0.234,RESTRICTED
ACC_003075,CUST_003075,SAVINGS,23858.57,ACTIVE,VERIFIED,0.581,RESTRICTED
ACC_003076,CUST_003076,SAVINGS,14782.75,ACTIVE,PENDING,0.301,RESTRICTED
ACC_003077,CUST_003077,SAVINGS,23118.09,ACTIVE,VERIFIED,0.54,RESTRICTED
ACC_003078,CUST_003078,SAVINGS,17075.36,ACTIVE,VERIFIED,0.366,RESTRICTED
ACC_003079,CUST_003079,SAVINGS,9269.48,ACTIVE,VERIFIED,0.531,RESTRICTED
ACC_003080,CUST_003080,SAVINGS,20876.88,ACTIVE,VERIFIED,0.476,RESTRICTED
ACC_003081,CUST_003081,SAVINGS,47328.24,ACTIVE,VERIFIED,0.15,RESTRICTED
ACC_003082,CUST_003082,SAVINGS,18555.09,ACTIVE,VERIFIED,0.291,RESTRICTED
ACC_003083,CUST_003083,SAVINGS,21439.67,ACTIVE,VERIFIED,0.196,RESTRICTED
ACC_003084,CUST_003084,SAVINGS,28082.05,ACTIVE,VERIFIED,0.155,RESTRICTED
ACC_003085,CUST_003085,SAVINGS,19496.04,ACTIVE,VERIFIED,0.218,RESTRICTED
ACC_003086,CUST_003086,SAVINGS,37120.25,ACTIVE,VERIFIED,0.44,RESTRICTED
ACC_003087,CUST_003087,SAVINGS,12682.27,ACTIVE,VERIFIED,0.296,RESTRICTED
ACC_003088,CUST_003088,SAVINGS,43953.88,ACTIVE,VERIFIED,0.137,RESTRICTED
ACC_003089,CUST_003089,SAVINGS,4352.15,ACTIVE,VERIFIED,0.172,RESTRICTED
ACC_003090,CUST_003090,SAVINGS,20683.9,ACTIVE,PENDING,0.359,RESTRICTED
ACC_003091,CUST_003091,SAVINGS,5570.2,ACTIVE,VERIFIED,0.159,RESTRICTED
ACC_003092,CUST_003092,SAVINGS,10549.18,FROZEN,FLAGGED,0.698,RESTRICTED
ACC_003093,CUST_003093,SAVINGS,23181.66,ACTIVE,VERIFIED,0.172,RESTRICTED
ACC_003094,CUST_003094,SAVINGS,29193.65,ACTIVE,VERIFIED,0.524,RESTRICTED
ACC_003095,CUST_003095,SAVINGS,41555.86,ACTIVE,VERIFIED,0.132,RESTRICTED
ACC_003096,CUST_003096,SAVINGS,39261.37,ACTIVE,VERIFIED,0.233,RESTRICTED
ACC_003097,CUST_003097,SAVINGS,21293.29,ACTIVE,VERIFIED,0.142,RESTRICTED
ACC_003098,CUST_003098,SAVINGS,39910.85,ACTIVE,PENDING,0.405,RESTRICTED
ACC_003099,CUST_003099,SAVINGS,41840.44,ACTIVE,VERIFIED,0.103,RESTRICTED
ACC_003100,CUST_003100,SAVINGS,44436.2,ACTIVE,VERIFIED,0.387,RESTRICTED
ACC_003101,CUST_003101,SAVINGS,49035.77,ACTIVE,PENDING,0.116,RESTRICTED
ACC_003102,CUST_003102,SAVINGS,29668.36,ACTIVE,VERIFIED,0.339,RESTRICTED
ACC_003103,CUST_003103,SAVINGS,18498.91,ACTIVE,VERIFIED,0.225,RESTRICTED
ACC_003104,CUST_003104,SAVINGS,30366.16,ACTIVE,VERIFIED,0.613,RESTRICTED
ACC_003105,CUST_003105,SAVINGS,11662.87,ACTIVE,VERIFIED,0.082,RESTRICTED
ACC_003106,CUST_003106,SAVINGS,28232.74,ACTIVE,VERIFIED,0.528,RESTRICTED
ACC_003107,CUST_003107,SAVINGS,33303.59,ACTIVE,VERIFIED,0.204,RESTRICTED
ACC_003108,CUST_003108,SAVINGS,20866.65,ACTIVE,VERIFIED,0.044,RESTRICTED
ACC_003109,CUST_003109,SAVINGS,34832.77,ACTIVE,VERIFIED,0.279,RESTRICTED
ACC_003110,CUST_003110,SAVINGS,6914.63,ACTIVE,VERIFIED,0.229,RESTRICTED
ACC_003111,CUST_003111,SAVINGS,7010.22,ACTIVE,VERIFIED,0.21,RESTRICTED
ACC_003112,CUST_003112,SAVINGS,30616.5,ACTIVE,VERIFIED,0.479,RESTRICTED
ACC_003113,CUST_003113,SAVINGS,20121.59,ACTIVE,VERIFIED,0.582,RESTRICTED
ACC_003114,CUST_003114,SAVINGS,28840.32,ACTIVE,VERIFIED,0.416,RESTRICTED
ACC_003115,CUST_003115,SAVINGS,4382.68,ACTIVE,VERIFIED,0.332,RESTRICTED
ACC_003116,CUST_003116,SAVINGS,30256.25,ACTIVE,VERIFIED,0.209,RESTRICTED
ACC_003117,CUST_003117,SAVINGS,32457.74,ACTIVE,VERIFIED,0.33,RESTRICTED
ACC_003118,CUST_003118,SAVINGS,11682.42,ACTIVE,VERIFIED,0.233,RESTRICTED
ACC_003119,CUST_003119,SAVINGS,27500.42,FROZEN,FLAGGED,0.174,RESTRICTED
ACC_003120,CUST_003120,SAVINGS,25912.44,ACTIVE,VERIFIED,0.032,RESTRICTED
ACC_003121,CUST_003121,SAVINGS,14426.87,ACTIVE,VERIFIED,0.372,RESTRICTED
ACC_003122,CUST_003122,SAVINGS,33851.27,ACTIVE,VERIFIED,0.108,RESTRICTED
ACC_003123,CUST_003123,SAVINGS,33338.97,ACTIVE,VERIFIED,0.161,RESTRICTED
ACC_003124,CUST_003124,SAVINGS,19235.27,FROZEN,FLAGGED,0.381,RESTRICTED
ACC_003125,CUST_003125,SAVINGS,19918.64,ACTIVE,VERIFIED,0.272,RESTRICTED
ACC_003126,CUST_003126,SAVINGS,21035.08,ACTIVE,VERIFIED,0.49,RESTRICTED
ACC_003127,CUST_003127,SAVINGS,27034.96,ACTIVE,PENDING,0.287,RESTRICTED
ACC_003128,CUST_003128,SAVINGS,26289.64,ACTIVE,VERIFIED,0.481,RESTRICTED
ACC_003129,CUST_003129,SAVINGS,19637.99,ACTIVE,VERIFIED,0.363,RESTRICTED
ACC_003130,CUST_003130,SAVINGS,9047.38,ACTIVE,VERIFIED,0.082,RESTRICTED
ACC_003131,CUST_003131,SAVINGS,12616.83,ACTIVE,PENDING,0.272,RESTRICTED
ACC_003132,CUST_003132,SAVINGS,7261.84,ACTIVE,VERIFIED,0.156,RESTRICTED
ACC_003133,CUST_003133,SAVINGS,1704.55,ACTIVE,VERIFIED,0.338,RESTRICTED
ACC_003134,CUST_003134,SAVINGS,37879.74,ACTIVE,VERIFIED,0.558,RESTRICTED
ACC_003135,CUST_003135,SAVINGS,23344.33,ACTIVE,VERIFIED,0.257,RESTRICTED
ACC_003136,CUST_003136,SAVINGS,24249.3,ACTIVE,VERIFIED,0.158,RESTRICTED
ACC_003137,CUST_003137,SAVINGS,39577.07,ACTIVE,VERIFIED,0.198,RESTRICTED
ACC_003138,CUST_003138,SAVINGS,9479.46,ACTIVE,VERIFIED,0.435,RESTRICTED
ACC_003139,CUST_003139,SAVINGS,32458.81,ACTIVE,VERIFIED,0.229,RESTRICTED
ACC_003140,CUST_003140,SAVINGS,16164.49,ACTIVE,VERIFIED,0.378,RESTRICTED
ACC_003141,CUST_003141,SAVINGS,12985.98,ACTIVE,VERIFIED,0.606,RESTRICTED
ACC_003142,CUST_003142,SAVINGS,16611.58,ACTIVE,PENDING,0.456,RESTRICTED
ACC_003143,CUST_003143,SAVINGS,44843.7,ACTIVE,VERIFIED,0.316,RESTRICTED
ACC_003144,CUST_003144,SAVINGS,49503.77,ACTIVE,VERIFIED,0.183,RESTRICTED
ACC_003145,CUST_003145,SAVINGS,26264.84,ACTIVE,VERIFIED,0.387,RESTRICTED
ACC_003146,CUST_003146,SAVINGS,24596.89,ACTIVE,VERIFIED,0.067,RESTRICTED
ACC_003147,CUST_003147,SAVINGS,29002.68,ACTIVE,VERIFIED,0.075,RESTRICTED
ACC_003148,CUST_003148,SAVINGS,3782.06,ACTIVE,VERIFIED,0.252,RESTRICTED
ACC_003149,CUST_003149,SAVINGS,7479.48,ACTIVE,VERIFIED,0.499,RESTRICTED
ACC_003150,CUST_003150,SAVINGS,29144.95,ACTIVE,VERIFIED,0.362,RESTRICTED
ACC_003151,CUST_003151,SAVINGS,3200.6,ACTIVE,VERIFIED,0.184,RESTRICTED
ACC_003152,CUST_003152,SAVINGS,17467.33,ACTIVE,VERIFIED,0.483,RESTRICTED
ACC_003153,CUST_003153,SAVINGS,30246.28,ACTIVE,VERIFIED,0.152,RESTRICTED
ACC_003154,CUST_003154,SAVINGS,38026.65,ACTIVE,VERIFIED,0.285,RESTRICTED
ACC_003155,CUST_003155,SAVINGS,20103.82,ACTIVE,VERIFIED,0.218,RESTRICTED
ACC_003156,CUST_003156,SAVINGS,12389.31,ACTIVE,PENDING,0.08,RESTRICTED
ACC_003157,CUST_003157,SAVINGS,28027.01,ACTIVE,VERIFIED,0.136,RESTRICTED
ACC_003158,CUST_003158,SAVINGS,38523.24,ACTIVE,VERIFIED,0.238,RESTRICTED
ACC_003159,CUST_003159,SAVINGS,11178.37,ACTIVE,VERIFIED,0.505,RESTRICTED
ACC_003160,CUST_003160,SAVINGS,35783.12,FROZEN,FLAGGED,0.274,RESTRICTED
ACC_003161,CUST_003161,SAVINGS,8880.54,ACTIVE,VERIFIED,0.34,RESTRICTED
ACC_003162,CUST_003162,SAVINGS,14956.65,ACTIVE,PENDING,0.14,RESTRICTED
ACC_003163,CUST_003163,SAVINGS,20706.14,ACTIVE,VERIFIED,0.3,RESTRICTED
ACC_003164,CUST_003164,SAVINGS,14290.62,ACTIVE,VERIFIED,0.304,RESTRICTED
ACC_003165,CUST_003165,SAVINGS,27308.71,ACTIVE,VERIFIED,0.376,RESTRICTED
ACC_003166,CUST_003166,SAVINGS,38661.29,ACTIVE,VERIFIED,0.461,RESTRICTED
ACC_003167,CUST_003167,SAVINGS,9045.78,ACTIVE,VERIFIED,0.232,RESTRICTED
ACC_003168,CUST_003168,SAVINGS,41564.01,ACTIVE,VERIFIED,0.356,RESTRICTED
ACC_003169,CUST_003169,SAVINGS,5891.7,ACTIVE,VERIFIED,0.086,RESTRICTED
ACC_003170,CUST_003170,SAVINGS,36785.05,ACTIVE,VERIFIED,0.326,RESTRICTED
ACC_003171,CUST_003171,SAVINGS,31773.88,ACTIVE,VERIFIED,0.571,RESTRICTED
ACC_003172,CUST_003172,SAVINGS,44835.98,ACTIVE,VERIFIED,0.28,RESTRICTED
ACC_003173,CUST_003173,SAVINGS,42709.32,ACTIVE,VERIFIED,0.371,RESTRICTED
ACC_003174,CUST_003174,SAVINGS,45542.09,ACTIVE,VERIFIED,0.282,RESTRICTED
ACC_003175,CUST_003175,SAVINGS,1091.67,ACTIVE,VERIFIED,0.132,RESTRICTED
ACC_003176,CUST_003176,SAVINGS,32281.23,ACTIVE,PENDING,0.103,RESTRICTED
ACC_003177,CUST_003177,SAVINGS,47435.09,ACTIVE,VERIFIED,0.168,RESTRICTED
ACC_003178,CUST_003178,SAVINGS,8979.51,ACTIVE,VERIFIED,0.106,RESTRICTED
ACC_003179,CUST_003179,SAVINGS,31113.74,ACTIVE,VERIFIED,0.185,RESTRICTED
ACC_003180,CUST_003180,SAVINGS,47941.44,ACTIVE,VERIFIED,0.103,RESTRICTED
ACC_003181,CUST_003181,SAVINGS,21363.9,ACTIVE,VERIFIED,0.45,RESTRICTED
ACC_003182,CUST_003182,SAVINGS,31149.99,ACTIVE,VERIFIED,0.291,RESTRICTED
ACC_003183,CUST_003183,SAVINGS,17127.75,ACTIVE,PENDING,0.303,RESTRICTED
ACC_003184,CUST_003184,SAVINGS,1989.06,ACTIVE,VERIFIED,0.395,RESTRICTED
ACC_003185,CUST_003185,SAVINGS,30774.87,ACTIVE,VERIFIED,0.237,RESTRICTED
ACC_003186,CUST_003186,SAVINGS,10606.28,ACTIVE,VERIFIED,0.281,RESTRICTED
ACC_003187,CUST_003187,SAVINGS,32796.66,ACTIVE,VERIFIED,0.387,RESTRICTED
ACC_003188,CUST_003188,SAVINGS,3439.81,FROZEN,FLAGGED,0.082,RESTRICTED
ACC_003189,CUST_003189,SAVINGS,38047.46,ACTIVE,VERIFIED,0.563,RESTRICTED
ACC_003190,CUST_003190,SAVINGS,8808.16,ACTIVE,VERIFIED,0.221,RESTRICTED
ACC_003191,CUST_003191,SAVINGS,2834.61,FROZEN,FLAGGED,0.185,RESTRICTED
ACC_003192,CUST_003192,SAVINGS,33984.03,ACTIVE,VERIFIED,0.306,RESTRICTED
ACC_003193,CUST_003193,SAVINGS,9258.35,ACTIVE,VERIFIED,0.541,RESTRICTED
ACC_003194,CUST_003194,SAVINGS,10792.09,ACTIVE,VERIFIED,0.088,RESTRICTED
ACC_003195,CUST_003195,SAVINGS,49600.17,ACTIVE,VERIFIED,0.367,RESTRICTED
ACC_003196,CUST_003196,SAVINGS,49838.31,ACTIVE,PENDING,0.496,RESTRICTED
ACC_003197,CUST_003197,SAVINGS,49404.69,FROZEN,FLAGGED,0.491,RESTRICTED
ACC_003198,CUST_003198,SAVINGS,4751.53,ACTIVE,VERIFIED,0.662,RESTRICTED
ACC_003199,CUST_003199,SAVINGS,19672.24,ACTIVE,VERIFIED,0.503,RESTRICTED
ACC_003200,CUST_003200,SAVINGS,7869.49,ACTIVE,VERIFIED,0.286,RESTRICTED
ACC_003201,CUST_003201,SAVINGS,11876.16,ACTIVE,VERIFIED,0.319,RESTRICTED
ACC_003202,CUST_003202,SAVINGS,27529.19,ACTIVE,VERIFIED,0.381,RESTRICTED
ACC_003203,CUST_003203,SAVINGS,38616.55,ACTIVE,VERIFIED,0.011,RESTRICTED
ACC_003204,CUST_003204,SAVINGS,25625.97,ACTIVE,VERIFIED,0.242,RESTRICTED
ACC_003205,CUST_003205,SAVINGS,46041.3,ACTIVE,PENDING,0.427,RESTRICTED
ACC_003206,CUST_003206,SAVINGS,34911.55,ACTIVE,VERIFIED,0.382,RESTRICTED
ACC_003207,CUST_003207,SAVINGS,15433.08,ACTIVE,VERIFIED,0.182,RESTRICTED
ACC_003208,CUST_003208,SAVINGS,5055.82,ACTIVE,VERIFIED,0.139,RESTRICTED
ACC_003209,CUST_003209,SAVINGS,3948.19,ACTIVE,VERIFIED,0.579,RESTRICTED
ACC_003210,CUST_003210,SAVINGS,28561.75,ACTIVE,VERIFIED,0.166,RESTRICTED
ACC_003211,CUST_003211,SAVINGS,18168.02,ACTIVE,VERIFIED,0.125,RESTRICTED
ACC_003212,CUST_003212,SAVINGS,47177.68,ACTIVE,PENDING,0.396,RESTRICTED
ACC_003213,CUST_003213,SAVINGS,11994.69,ACTIVE,VERIFIED,0.397,RESTRICTED
ACC_003214,CUST_003214,SAVINGS,43758.0,ACTIVE,VERIFIED,0.335,RESTRICTED
ACC_003215,CUST_003215,SAVINGS,21250.8,ACTIVE,VERIFIED,0.537,RESTRICTED
ACC_003216,CUST_003216,SAVINGS,41013.52,ACTIVE,VERIFIED,0.306,RESTRICTED
ACC_003217,CUST_003217,SAVINGS,25939.64,ACTIVE,VERIFIED,0.451,RESTRICTED
ACC_003218,CUST_003218,SAVINGS,35753.71,ACTIVE,VERIFIED,0.132,RESTRICTED
ACC_003219,CUST_003219,SAVINGS,5523.42,ACTIVE,VERIFIED,0.141,RESTRICTED
ACC_003220,CUST_003220,SAVINGS,27868.02,FROZEN,FLAGGED,0.496,RESTRICTED
ACC_003221,CUST_003221,SAVINGS,3086.36,ACTIVE,PENDING,0.492,RESTRICTED
ACC_003222,CUST_003222,SAVINGS,47692.07,ACTIVE,VERIFIED,0.311,RESTRICTED
ACC_003223,CUST_003223,SAVINGS,2561.38,ACTIVE,VERIFIED,0.384,RESTRICTED
ACC_003224,CUST_003224,SAVINGS,48154.7,ACTIVE,VERIFIED,0.405,RESTRICTED
ACC_003225,CUST_003225,SAVINGS,42832.65,ACTIVE,VERIFIED,0.129,RESTRICTED
ACC_003226,CUST_003226,SAVINGS,5791.11,ACTIVE,VERIFIED,0.239,RESTRICTED
ACC_003227,CUST_003227,SAVINGS,30415.6,FROZEN,FLAGGED,0.346,RESTRICTED
ACC_003228,CUST_003228,SAVINGS,24921.96,ACTIVE,VERIFIED,0.362,RESTRICTED
ACC_003229,CUST_003229,SAVINGS,17440.98,ACTIVE,VERIFIED,0.113,RESTRICTED
ACC_003230,CUST_003230,SAVINGS,30160.35,ACTIVE,VERIFIED,0.395,RESTRICTED
ACC_003231,CUST_003231,SAVINGS,6755.01,ACTIVE,VERIFIED,0.181,RESTRICTED
ACC_003232,CUST_003232,SAVINGS,39516.8,FROZEN,FLAGGED,0.28,RESTRICTED
ACC_003233,CUST_003233,SAVINGS,2838.61,ACTIVE,VERIFIED,0.436,RESTRICTED
ACC_003234,CUST_003234,SAVINGS,5953.46,ACTIVE,VERIFIED,0.432,RESTRICTED
ACC_003235,CUST_003235,SAVINGS,25185.14,ACTIVE,VERIFIED,0.488,RESTRICTED
ACC_003236,CUST_003236,SAVINGS,5057.26,ACTIVE,VERIFIED,0.019,RESTRICTED
ACC_003237,CUST_003237,SAVINGS,5009.31,ACTIVE,VERIFIED,0.037,RESTRICTED
ACC_003238,CUST_003238,SAVINGS,37452.25,ACTIVE,VERIFIED,0.128,RESTRICTED
ACC_003239,CUST_003239,SAVINGS,33102.26,ACTIVE,VERIFIED,0.104,RESTRICTED
ACC_003240,CUST_003240,SAVINGS,27248.18,ACTIVE,VERIFIED,0.478,RESTRICTED
ACC_003241,CUST_003241,SAVINGS,24922.14,ACTIVE,VERIFIED,0.727,RESTRICTED
ACC_003242,CUST_003242,SAVINGS,28470.39,ACTIVE,VERIFIED,0.43,RESTRICTED
ACC_003243,CUST_003243,SAVINGS,7926.83,ACTIVE,VERIFIED,0.64,RESTRICTED
ACC_003244,CUST_003244,SAVINGS,42601.2,FROZEN,FLAGGED,0.139,RESTRICTED
ACC_003245,CUST_003245,SAVINGS,26175.96,ACTIVE,VERIFIED,0.107,RESTRICTED
ACC_003246,CUST_003246,SAVINGS,17348.08,ACTIVE,VERIFIED,0.265,RESTRICTED
ACC_003247,CUST_003247,SAVINGS,41955.93,ACTIVE,VERIFIED,0.103,RESTRICTED
ACC_003248,CUST_003248,SAVINGS,25283.6,ACTIVE,VERIFIED,0.295,RESTRICTED
ACC_003249,CUST_003249,SAVINGS,33146.37,ACTIVE,VERIFIED,0.302,RESTRICTED
ACC_003250,CUST_003250,SAVINGS,13766.01,ACTIVE,PENDING,0.563,RESTRICTED
ACC_003251,CUST_003251,SAVINGS,48964.32,ACTIVE,VERIFIED,0.215,RESTRICTED
ACC_003252,CUST_003252,SAVINGS,24562.52,FROZEN,FLAGGED,0.612,RESTRICTED
ACC_003253,CUST_003253,SAVINGS,43434.24,ACTIVE,VERIFIED,0.373,RESTRICTED
ACC_003254,CUST_003254,SAVINGS,2611.17,ACTIVE,VERIFIED,0.276,RESTRICTED
ACC_003255,CUST_003255,SAVINGS,32203.16,ACTIVE,VERIFIED,0.273,RESTRICTED
ACC_003256,CUST_003256,SAVINGS,20022.4,ACTIVE,VERIFIED,0.038,RESTRICTED
ACC_003257,CUST_003257,SAVINGS,10733.74,ACTIVE,VERIFIED,0.413,RESTRICTED
ACC_003258,CUST_003258,SAVINGS,13387.04,ACTIVE,PENDING,0.127,RESTRICTED
ACC_003259,CUST_003259,SAVINGS,1397.45,FROZEN,FLAGGED,0.391,RESTRICTED
ACC_003260,CUST_003260,SAVINGS,14319.12,ACTIVE,VERIFIED,0.02,RESTRICTED
ACC_003261,CUST_003261,SAVINGS,15101.71,ACTIVE,VERIFIED,0.281,RESTRICTED
ACC_003262,CUST_003262,SAVINGS,9743.52,ACTIVE,VERIFIED,0.376,RESTRICTED
ACC_003263,CUST_003263,SAVINGS,13858.19,ACTIVE,VERIFIED,0.191,RESTRICTED
ACC_003264,CUST_003264,SAVINGS,24449.23,ACTIVE,PENDING,0.352,RESTRICTED
ACC_003265,CUST_003265,SAVINGS,21660.5,ACTIVE,VERIFIED,0.412,RESTRICTED
ACC_003266,CUST_003266,SAVINGS,15586.01,ACTIVE,VERIFIED,0.225,RESTRICTED
ACC_003267,CUST_003267,SAVINGS,6740.98,ACTIVE,VERIFIED,0.117,RESTRICTED
ACC_003268,CUST_003268,SAVINGS,45085.68,ACTIVE,VERIFIED,0.488,RESTRICTED
ACC_003269,CUST_003269,SAVINGS,6967.63,ACTIVE,VERIFIED,0.397,RESTRICTED
ACC_003270,CUST_003270,SAVINGS,9137.75,ACTIVE,VERIFIED,0.328,RESTRICTED
ACC_003271,CUST_003271,SAVINGS,49506.67,ACTIVE,VERIFIED,0.321,RESTRICTED
ACC_003272,CUST_003272,SAVINGS,39300.05,ACTIVE,VERIFIED,0.596,RESTRICTED
ACC_003273,CUST_003273,SAVINGS,49802.44,ACTIVE,VERIFIED,0.326,RESTRICTED
ACC_003274,CUST_003274,SAVINGS,37812.93,ACTIVE,VERIFIED,0.262,RESTRICTED
ACC_003275,CUST_003275,SAVINGS,35525.05,ACTIVE,VERIFIED,0.321,RESTRICTED
ACC_003276,CUST_003276,SAVINGS,7947.49,ACTIVE,VERIFIED,0.582,RESTRICTED
ACC_003277,CUST_003277,SAVINGS,2783.29,ACTIVE,VERIFIED,0.428,RESTRICTED
ACC_003278,CUST_003278,SAVINGS,35848.6,ACTIVE,VERIFIED,0.348,RESTRICTED
ACC_003279,CUST_003279,SAVINGS,36915.86,ACTIVE,VERIFIED,0.468,RESTRICTED
ACC_003280,CUST_003280,SAVINGS,25197.44,ACTIVE,VERIFIED,0.232,RESTRICTED
ACC_003281,CUST_003281,SAVINGS,49121.39,ACTIVE,VERIFIED,0.562,RESTRICTED
ACC_003282,CUST_003282,SAVINGS,23122.61,ACTIVE,VERIFIED,0.464,RESTRICTED
ACC_003283,CUST_003283,SAVINGS,34357.34,ACTIVE,VERIFIED,0.361,RESTRICTED
ACC_003284,CUST_003284,SAVINGS,36737.98,ACTIVE,VERIFIED,0.327,RESTRICTED
ACC_003285,CUST_003285,SAVINGS,7723.42,ACTIVE,VERIFIED,0.048,RESTRICTED
ACC_003286,CUST_003286,SAVINGS,36760.64,ACTIVE,VERIFIED,0.538,RESTRICTED
ACC_003287,CUST_003287,SAVINGS,25935.34,ACTIVE,VERIFIED,0.184,RESTRICTED
ACC_003288,CUST_003288,SAVINGS,43497.31,FROZEN,FLAGGED,0.411,RESTRICTED
ACC_003289,CUST_003289,SAVINGS,38391.0,ACTIVE,VERIFIED,0.358,RESTRICTED
ACC_003290,CUST_003290,SAVINGS,7979.12,ACTIVE,VERIFIED,0.239,RESTRICTED
ACC_003291,CUST_003291,SAVINGS,12889.45,ACTIVE,VERIFIED,0.147,RESTRICTED
ACC_003292,CUST_003292,SAVINGS,6318.67,ACTIVE,PENDING,0.62,RESTRICTED
ACC_003293,CUST_003293,SAVINGS,25670.65,ACTIVE,VERIFIED,0.371,RESTRICTED
ACC_003294,CUST_003294,SAVINGS,15662.7,ACTIVE,VERIFIED,0.657,RESTRICTED
ACC_003295,CUST_003295,SAVINGS,18876.15,ACTIVE,VERIFIED,0.254,RESTRICTED
ACC_003296,CUST_003296,SAVINGS,36621.92,ACTIVE,VERIFIED,0.497,RESTRICTED
ACC_003297,CUST_003297,SAVINGS,5740.52,ACTIVE,VERIFIED,0.321,RESTRICTED
ACC_003298,CUST_003298,SAVINGS,45779.16,ACTIVE,VERIFIED,0.01,RESTRICTED
ACC_003299,CUST_003299,SAVINGS,37096.49,ACTIVE,VERIFIED,0.366,RESTRICTED
ACC_003300,CUST_003300,SAVINGS,37316.63,ACTIVE,VERIFIED,0.501,RESTRICTED
ACC_003301,CUST_003301,SAVINGS,45128.42,ACTIVE,VERIFIED,0.421,RESTRICTED
ACC_003302,CUST_003302,SAVINGS,47297.66,ACTIVE,VERIFIED,0.401,RESTRICTED
ACC_003303,CUST_003303,SAVINGS,38643.71,FROZEN,FLAGGED,0.635,RESTRICTED
ACC_003304,CUST_003304,SAVINGS,12491.7,ACTIVE,VERIFIED,0.308,RESTRICTED
ACC_003305,CUST_003305,SAVINGS,3046.1,ACTIVE,VERIFIED,0.153,RESTRICTED
ACC_003306,CUST_003306,SAVINGS,31347.77,ACTIVE,VERIFIED,0.514,RESTRICTED
ACC_003307,CUST_003307,SAVINGS,9865.54,ACTIVE,VERIFIED,0.258,RESTRICTED
ACC_003308,CUST_003308,SAVINGS,44575.82,ACTIVE,VERIFIED,0.65,RESTRICTED
ACC_003309,CUST_003309,SAVINGS,25312.37,ACTIVE,VERIFIED,0.386,RESTRICTED
ACC_003310,CUST_003310,SAVINGS,34217.93,ACTIVE,VERIFIED,0.111,RESTRICTED
ACC_003311,CUST_003311,SAVINGS,6173.63,ACTIVE,VERIFIED,0.105,RESTRICTED
ACC_003312,CUST_003312,SAVINGS,23173.27,ACTIVE,VERIFIED,0.534,RESTRICTED
ACC_003313,CUST_003313,SAVINGS,41144.09,ACTIVE,VERIFIED,0.094,RESTRICTED
ACC_003314,CUST_003314,SAVINGS,17983.34,ACTIVE,VERIFIED,0.217,RESTRICTED
ACC_003315,CUST_003315,SAVINGS,16037.9,ACTIVE,VERIFIED,0.475,RESTRICTED
ACC_003316,CUST_003316,SAVINGS,25248.02,ACTIVE,VERIFIED,0.297,RESTRICTED
ACC_003317,CUST_003317,SAVINGS,48775.94,ACTIVE,VERIFIED,0.171,RESTRICTED
ACC_003318,CUST_003318,SAVINGS,13945.95,ACTIVE,VERIFIED,0.193,RESTRICTED
ACC_003319,CUST_003319,SAVINGS,12703.92,ACTIVE,VERIFIED,0.104,RESTRICTED
ACC_003320,CUST_003320,SAVINGS,37520.41,ACTIVE,VERIFIED,0.37,RESTRICTED
ACC_003321,CUST_003321,SAVINGS,22836.36,ACTIVE,VERIFIED,0.238,RESTRICTED
ACC_003322,CUST_003322,SAVINGS,18834.51,ACTIVE,VERIFIED,0.396,RESTRICTED
ACC_003323,CUST_003323,SAVINGS,7651.5,ACTIVE,VERIFIED,0.475,RESTRICTED
ACC_003324,CUST_003324,SAVINGS,29449.74,FROZEN,FLAGGED,0.165,RESTRICTED
ACC_003325,CUST_003325,SAVINGS,45843.25,ACTIVE,VERIFIED,0.319,RESTRICTED
ACC_003326,CUST_003326,SAVINGS,26147.86,ACTIVE,VERIFIED,0.223,RESTRICTED
ACC_003327,CUST_003327,SAVINGS,48259.67,ACTIVE,VERIFIED,0.599,RESTRICTED
ACC_003328,CUST_003328,SAVINGS,36052.03,ACTIVE,VERIFIED,0.182,RESTRICTED
ACC_003329,CUST_003329,SAVINGS,37898.35,ACTIVE,VERIFIED,0.163,RESTRICTED
ACC_003330,CUST_003330,SAVINGS,25210.14,ACTIVE,VERIFIED,0.486,RESTRICTED
ACC_003331,CUST_003331,SAVINGS,41159.01,ACTIVE,VERIFIED,0.264,RESTRICTED
ACC_003332,CUST_003332,SAVINGS,37059.76,ACTIVE,VERIFIED,0.384,RESTRICTED
ACC_003333,CUST_003333,SAVINGS,26064.01,ACTIVE,VERIFIED,0.233,RESTRICTED
ACC_003334,CUST_003334,SAVINGS,18334.14,ACTIVE,VERIFIED,0.291,RESTRICTED
ACC_003335,CUST_003335,SAVINGS,33301.22,ACTIVE,PENDING,0.529,RESTRICTED
ACC_003336,CUST_003336,SAVINGS,6717.16,ACTIVE,VERIFIED,0.125,RESTRICTED
ACC_003337,CUST_003337,SAVINGS,38582.67,ACTIVE,VERIFIED,0.05,RESTRICTED
ACC_003338,CUST_003338,SAVINGS,23258.36,ACTIVE,PENDING,0.208,RESTRICTED
ACC_003339,CUST_003339,SAVINGS,23312.85,ACTIVE,VERIFIED,0.308,RESTRICTED
ACC_003340,CUST_003340,SAVINGS,4864.81,ACTIVE,VERIFIED,0.211,RESTRICTED
ACC_003341,CUST_003341,SAVINGS,49301.39,ACTIVE,VERIFIED,0.413,RESTRICTED
ACC_003342,CUST_003342,SAVINGS,13856.35,ACTIVE,PENDING,0.453,RESTRICTED
ACC_003343,CUST_003343,SAVINGS,35354.94,ACTIVE,VERIFIED,0.183,RESTRICTED
ACC_003344,CUST_003344,SAVINGS,35021.36,ACTIVE,VERIFIED,0.309,RESTRICTED
ACC_003345,CUST_003345,SAVINGS,39412.38,ACTIVE,VERIFIED,0.512,RESTRICTED
ACC_003346,CUST_003346,SAVINGS,49709.98,ACTIVE,VERIFIED,0.107,RESTRICTED
ACC_003347,CUST_003347,SAVINGS,30529.88,ACTIVE,VERIFIED,0.119,RESTRICTED
ACC_003348,CUST_003348,SAVINGS,41860.48,ACTIVE,VERIFIED,0.089,RESTRICTED
ACC_003349,CUST_003349,SAVINGS,29455.4,ACTIVE,VERIFIED,0.139,RESTRICTED
ACC_003350,CUST_003350,SAVINGS,42802.76,ACTIVE,VERIFIED,0.281,RESTRICTED
ACC_003351,CUST_003351,SAVINGS,4656.97,FROZEN,FLAGGED,0.276,RESTRICTED
ACC_003352,CUST_003352,SAVINGS,1316.08,ACTIVE,VERIFIED,0.078,RESTRICTED
ACC_003353,CUST_003353,SAVINGS,48476.81,ACTIVE,VERIFIED,0.438,RESTRICTED
ACC_003354,CUST_003354,SAVINGS,20328.62,ACTIVE,VERIFIED,0.32,RESTRICTED
ACC_003355,CUST_003355,SAVINGS,15856.5,ACTIVE,VERIFIED,0.47,RESTRICTED
ACC_003356,CUST_003356,SAVINGS,31868.88,ACTIVE,VERIFIED,0.466,RESTRICTED
ACC_003357,CUST_003357,SAVINGS,5872.39,ACTIVE,VERIFIED,0.54,RESTRICTED
ACC_003358,CUST_003358,SAVINGS,46371.08,ACTIVE,PENDING,0.486,RESTRICTED
ACC_003359,CUST_003359,SAVINGS,29884.0,ACTIVE,VERIFIED,0.103,RESTRICTED
ACC_003360,CUST_003360,SAVINGS,49908.31,ACTIVE,VERIFIED,0.094,RESTRICTED
ACC_003361,CUST_003361,SAVINGS,17099.16,ACTIVE,VERIFIED,0.37,RESTRICTED
ACC_003362,CUST_003362,SAVINGS,42870.49,ACTIVE,VERIFIED,0.682,RESTRICTED
ACC_003363,CUST_003363,SAVINGS,27345.9,ACTIVE,PENDING,0.173,RESTRICTED
ACC_003364,CUST_003364,SAVINGS,26636.39,ACTIVE,PENDING,0.225,RESTRICTED
ACC_003365,CUST_003365,SAVINGS,14744.92,ACTIVE,VERIFIED,0.668,RESTRICTED
ACC_003366,CUST_003366,SAVINGS,19480.96,ACTIVE,VERIFIED,0.219,RESTRICTED
ACC_003367,CUST_003367,SAVINGS,28782.33,ACTIVE,PENDING,0.184,RESTRICTED
ACC_003368,CUST_003368,SAVINGS,49381.21,ACTIVE,VERIFIED,0.23,RESTRICTED
ACC_003369,CUST_003369,SAVINGS,32579.6,ACTIVE,VERIFIED,0.214,RESTRICTED
ACC_003370,CUST_003370,SAVINGS,11375.96,ACTIVE,VERIFIED,0.333,RESTRICTED
ACC_003371,CUST_003371,SAVINGS,36837.48,ACTIVE,VERIFIED,0.12,RESTRICTED
ACC_003372,CUST_003372,SAVINGS,5680.75,ACTIVE,VERIFIED,0.183,RESTRICTED
ACC_003373,CUST_003373,SAVINGS,16562.79,ACTIVE,VERIFIED,0.231,RESTRICTED
ACC_003374,CUST_003374,SAVINGS,29810.71,FROZEN,FLAGGED,0.51,RESTRICTED
ACC_003375,CUST_003375,SAVINGS,36807.18,ACTIVE,VERIFIED,0.103,RESTRICTED
ACC_003376,CUST_003376,SAVINGS,39978.3,FROZEN,FLAGGED,0.274,RESTRICTED
ACC_003377,CUST_003377,SAVINGS,12259.53,ACTIVE,VERIFIED,0.256,RESTRICTED
ACC_003378,CUST_003378,SAVINGS,10327.83,ACTIVE,VERIFIED,0.159,RESTRICTED
ACC_003379,CUST_003379,SAVINGS,11187.35,ACTIVE,VERIFIED,0.316,RESTRICTED
ACC_003380,CUST_003380,SAVINGS,14352.1,ACTIVE,VERIFIED,0.244,RESTRICTED
ACC_003381,CUST_003381,SAVINGS,7085.37,ACTIVE,VERIFIED,0.539,RESTRICTED
ACC_003382,CUST_003382,SAVINGS,31693.63,ACTIVE,VERIFIED,0.404,RESTRICTED
ACC_003383,CUST_003383,SAVINGS,9717.37,ACTIVE,VERIFIED,0.071,RESTRICTED
ACC_003384,CUST_003384,SAVINGS,32208.23,ACTIVE,VERIFIED,0.013,RESTRICTED
ACC_003385,CUST_003385,SAVINGS,45090.94,ACTIVE,VERIFIED,0.332,RESTRICTED
ACC_003386,CUST_003386,SAVINGS,41666.3,ACTIVE,VERIFIED,0.327,RESTRICTED
ACC_003387,CUST_003387,SAVINGS,6024.52,ACTIVE,VERIFIED,0.102,RESTRICTED
ACC_003388,CUST_003388,SAVINGS,49404.17,ACTIVE,VERIFIED,0.461,RESTRICTED
ACC_003389,CUST_003389,SAVINGS,14708.59,ACTIVE,VERIFIED,0.328,RESTRICTED
ACC_003390,CUST_003390,SAVINGS,27155.96,ACTIVE,VERIFIED,0.345,RESTRICTED
ACC_003391,CUST_003391,SAVINGS,37185.3,ACTIVE,VERIFIED,0.056,RESTRICTED
ACC_003392,CUST_003392,SAVINGS,13268.43,ACTIVE,VERIFIED,0.308,RESTRICTED
ACC_003393,CUST_003393,SAVINGS,39836.89,ACTIVE,VERIFIED,0.172,RESTRICTED
ACC_003394,CUST_003394,SAVINGS,9187.65,ACTIVE,PENDING,0.15,RESTRICTED
ACC_003395,CUST_003395,SAVINGS,29715.83,ACTIVE,VERIFIED,0.447,RESTRICTED
ACC_003396,CUST_003396,SAVINGS,32532.36,ACTIVE,VERIFIED,0.482,RESTRICTED
ACC_003397,CUST_003397,SAVINGS,12724.17,ACTIVE,VERIFIED,0.453,RESTRICTED
ACC_003398,CUST_003398,SAVINGS,34902.54,ACTIVE,VERIFIED,0.69,RESTRICTED
ACC_003399,CUST_003399,SAVINGS,8346.51,FROZEN,FLAGGED,0.085,RESTRICTED
ACC_003400,CUST_003400,SAVINGS,32525.34,ACTIVE,PENDING,0.62,RESTRICTED
ACC_003401,CUST_003401,SAVINGS,1426.99,ACTIVE,VERIFIED,0.59,RESTRICTED
ACC_003402,CUST_003402,SAVINGS,15826.12,ACTIVE,VERIFIED,0.322,RESTRICTED
ACC_003403,CUST_003403,SAVINGS,22456.59,ACTIVE,VERIFIED,0.182,RESTRICTED
ACC_003404,CUST_003404,SAVINGS,26783.75,ACTIVE,VERIFIED,0.443,RESTRICTED
ACC_003405,CUST_003405,SAVINGS,16100.64,ACTIVE,VERIFIED,0.38,RESTRICTED
ACC_003406,CUST_003406,SAVINGS,12011.13,ACTIVE,VERIFIED,0.251,RESTRICTED
ACC_003407,CUST_003407,SAVINGS,31164.59,ACTIVE,VERIFIED,0.141,RESTRICTED
ACC_003408,CUST_003408,SAVINGS,14825.0,FROZEN,FLAGGED,0.218,RESTRICTED
ACC_003409,CUST_003409,SAVINGS,34801.38,ACTIVE,VERIFIED,0.229,RESTRICTED
ACC_003410,CUST_003410,SAVINGS,28333.85,ACTIVE,VERIFIED,0.232,RESTRICTED
ACC_003411,CUST_003411,SAVINGS,20117.94,ACTIVE,VERIFIED,0.073,RESTRICTED
ACC_003412,CUST_003412,SAVINGS,46963.53,ACTIVE,VERIFIED,0.379,RESTRICTED
ACC_003413,CUST_003413,SAVINGS,6776.29,ACTIVE,VERIFIED,0.472,RESTRICTED
ACC_003414,CUST_003414,SAVINGS,31874.46,ACTIVE,PENDING,0.404,RESTRICTED
ACC_003415,CUST_003415,SAVINGS,45618.5,ACTIVE,VERIFIED,0.695,RESTRICTED
ACC_003416,CUST_003416,SAVINGS,32360.9,ACTIVE,VERIFIED,0.063,RESTRICTED
ACC_003417,CUST_003417,SAVINGS,4909.88,ACTIVE,VERIFIED,0.363,RESTRICTED
ACC_003418,CUST_003418,SAVINGS,36197.04,ACTIVE,VERIFIED,0.264,RESTRICTED
ACC_003419,CUST_003419,SAVINGS,42900.93,ACTIVE,PENDING,0.246,RESTRICTED
ACC_003420,CUST_003420,SAVINGS,36521.74,ACTIVE,VERIFIED,0.234,RESTRICTED
ACC_003421,CUST_003421,SAVINGS,6734.7,ACTIVE,VERIFIED,0.599,RESTRICTED
ACC_003422,CUST_003422,SAVINGS,22808.48,ACTIVE,VERIFIED,0.149,RESTRICTED
ACC_003423,CUST_003423,SAVINGS,28530.93,ACTIVE,VERIFIED,0.376,RESTRICTED
ACC_003424,CUST_003424,SAVINGS,28636.02,ACTIVE,VERIFIED,0.306,RESTRICTED
ACC_003425,CUST_003425,SAVINGS,27213.5,ACTIVE,VERIFIED,0.039,RESTRICTED
ACC_003426,CUST_003426,SAVINGS,41897.57,ACTIVE,VERIFIED,0.403,RESTRICTED
ACC_003427,CUST_003427,SAVINGS,29259.97,ACTIVE,VERIFIED,0.268,RESTRICTED
ACC_003428,CUST_003428,SAVINGS,18257.73,ACTIVE,VERIFIED,0.232,RESTRICTED
ACC_003429,CUST_003429,SAVINGS,15760.59,ACTIVE,VERIFIED,0.15,RESTRICTED
ACC_003430,CUST_003430,SAVINGS,48941.13,ACTIVE,VERIFIED,0.217,RESTRICTED
ACC_003431,CUST_003431,SAVINGS,39035.22,ACTIVE,VERIFIED,0.583,RESTRICTED
ACC_003432,CUST_003432,SAVINGS,9710.5,ACTIVE,VERIFIED,0.292,RESTRICTED
ACC_003433,CUST_003433,SAVINGS,10498.12,ACTIVE,VERIFIED,0.084,RESTRICTED
ACC_003434,CUST_003434,SAVINGS,32694.49,ACTIVE,VERIFIED,0.432,RESTRICTED
ACC_003435,CUST_003435,SAVINGS,17340.56,ACTIVE,VERIFIED,0.384,RESTRICTED
ACC_003436,CUST_003436,SAVINGS,44795.45,ACTIVE,VERIFIED,0.688,RESTRICTED
ACC_003437,CUST_003437,SAVINGS,10681.14,ACTIVE,VERIFIED,0.246,RESTRICTED
ACC_003438,CUST_003438,SAVINGS,40072.85,ACTIVE,PENDING,0.361,RESTRICTED
ACC_003439,CUST_003439,SAVINGS,22394.74,ACTIVE,VERIFIED,0.642,RESTRICTED
ACC_003440,CUST_003440,SAVINGS,22514.7,ACTIVE,VERIFIED,0.126,RESTRICTED
ACC_003441,CUST_003441,SAVINGS,32496.82,ACTIVE,VERIFIED,0.299,RESTRICTED
ACC_003442,CUST_003442,SAVINGS,21489.22,ACTIVE,VERIFIED,0.301,RESTRICTED
ACC_003443,CUST_003443,SAVINGS,4171.53,ACTIVE,VERIFIED,0.299,RESTRICTED
ACC_003444,CUST_003444,SAVINGS,11004.29,ACTIVE,VERIFIED,0.398,RESTRICTED
ACC_003445,CUST_003445,SAVINGS,46755.46,ACTIVE,VERIFIED,0.157,RESTRICTED
ACC_003446,CUST_003446,SAVINGS,31531.27,FROZEN,FLAGGED,0.173,RESTRICTED
ACC_003447,CUST_003447,SAVINGS,13649.84,ACTIVE,VERIFIED,0.09,RESTRICTED
ACC_003448,CUST_003448,SAVINGS,9269.24,ACTIVE,VERIFIED,0.19,RESTRICTED
ACC_003449,CUST_003449,SAVINGS,8429.71,ACTIVE,VERIFIED,0.251,RESTRICTED
ACC_003450,CUST_003450,SAVINGS,2562.54,ACTIVE,VERIFIED,0.176,RESTRICTED
ACC_003451,CUST_003451,SAVINGS,31883.77,ACTIVE,VERIFIED,0.141,RESTRICTED
ACC_003452,CUST_003452,SAVINGS,21720.62,ACTIVE,VERIFIED,0.525,RESTRICTED
ACC_003453,CUST_003453,SAVINGS,40682.45,ACTIVE,VERIFIED,0.273,RESTRICTED
ACC_003454,CUST_003454,SAVINGS,28963.74,ACTIVE,VERIFIED,0.334,RESTRICTED
ACC_003455,CUST_003455,SAVINGS,43640.16,ACTIVE,VERIFIED,0.514,RESTRICTED
ACC_003456,CUST_003456,SAVINGS,40644.29,ACTIVE,VERIFIED,0.251,RESTRICTED
ACC_003457,CUST_003457,SAVINGS,11774.66,ACTIVE,VERIFIED,0.376,RESTRICTED
ACC_003458,CUST_003458,SAVINGS,26405.09,ACTIVE,VERIFIED,0.181,RESTRICTED
ACC_003459,CUST_003459,SAVINGS,19355.09,ACTIVE,VERIFIED,0.225,RESTRICTED
ACC_003460,CUST_003460,SAVINGS,2330.34,ACTIVE,VERIFIED,0.228,RESTRICTED
ACC_003461,CUST_003461,SAVINGS,18476.78,ACTIVE,VERIFIED,0.444,RESTRICTED
ACC_003462,CUST_003462,SAVINGS,38218.12,ACTIVE,PENDING,0.436,RESTRICTED
ACC_003463,CUST_003463,SAVINGS,23317.17,ACTIVE,VERIFIED,0.259,RESTRICTED
ACC_003464,CUST_003464,SAVINGS,34927.21,ACTIVE,VERIFIED,0.252,RESTRICTED
ACC_003465,CUST_003465,SAVINGS,41758.46,ACTIVE,VERIFIED,0.245,RESTRICTED
ACC_003466,CUST_003466,SAVINGS,27445.38,ACTIVE,PENDING,0.26,RESTRICTED
ACC_003467,CUST_003467,SAVINGS,15072.25,ACTIVE,VERIFIED,0.246,RESTRICTED
ACC_003468,CUST_003468,SAVINGS,37539.3,ACTIVE,VERIFIED,0.518,RESTRICTED
ACC_003469,CUST_003469,SAVINGS,34621.39,ACTIVE,VERIFIED,0.384,RESTRICTED
ACC_003470,CUST_003470,SAVINGS,7327.97,ACTIVE,VERIFIED,0.047,RESTRICTED
ACC_003471,CUST_003471,SAVINGS,35985.99,ACTIVE,VERIFIED,0.29,RESTRICTED
ACC_003472,CUST_003472,SAVINGS,24907.94,ACTIVE,VERIFIED,0.486,RESTRICTED
ACC_003473,CUST_003473,SAVINGS,28212.55,ACTIVE,VERIFIED,0.243,RESTRICTED
ACC_003474,CUST_003474,SAVINGS,15160.73,ACTIVE,VERIFIED,0.438,RESTRICTED
ACC_003475,CUST_003475,SAVINGS,3649.01,ACTIVE,VERIFIED,0.284,RESTRICTED
ACC_003476,CUST_003476,SAVINGS,49950.37,ACTIVE,VERIFIED,0.243,RESTRICTED
ACC_003477,CUST_003477,SAVINGS,39899.87,ACTIVE,VERIFIED,0.391,RESTRICTED
ACC_003478,CUST_003478,SAVINGS,33595.32,ACTIVE,VERIFIED,0.667,RESTRICTED
ACC_003479,CUST_003479,SAVINGS,17516.49,FROZEN,FLAGGED,0.298,RESTRICTED
ACC_003480,CUST_003480,SAVINGS,1796.51,ACTIVE,VERIFIED,0.612,RESTRICTED
ACC_003481,CUST_003481,SAVINGS,32353.95,ACTIVE,VERIFIED,0.466,RESTRICTED
ACC_003482,CUST_003482,SAVINGS,10408.68,ACTIVE,VERIFIED,0.244,RESTRICTED
ACC_003483,CUST_003483,SAVINGS,10414.6,ACTIVE,VERIFIED,0.384,RESTRICTED
ACC_003484,CUST_003484,SAVINGS,10365.38,ACTIVE,VERIFIED,0.466,RESTRICTED
ACC_003485,CUST_003485,SAVINGS,13536.2,FROZEN,FLAGGED,0.161,RESTRICTED
ACC_003486,CUST_003486,SAVINGS,48429.82,ACTIVE,VERIFIED,0.383,RESTRICTED
ACC_003487,CUST_003487,SAVINGS,30975.87,ACTIVE,VERIFIED,0.018,RESTRICTED
ACC_003488,CUST_003488,SAVINGS,29596.05,ACTIVE,VERIFIED,0.317,RESTRICTED
ACC_003489,CUST_003489,SAVINGS,36971.44,ACTIVE,VERIFIED,0.202,RESTRICTED
ACC_003490,CUST_003490,SAVINGS,17660.98,ACTIVE,PENDING,0.107,RESTRICTED
ACC_003491,CUST_003491,SAVINGS,24005.49,ACTIVE,VERIFIED,0.301,RESTRICTED
ACC_003492,CUST_003492,SAVINGS,40288.85,ACTIVE,VERIFIED,0.49,RESTRICTED
ACC_003493,CUST_003493,SAVINGS,23515.65,ACTIVE,VERIFIED,0.181,RESTRICTED
ACC_003494,CUST_003494,SAVINGS,19900.14,ACTIVE,PENDING,0.269,RESTRICTED
ACC_003495,CUST_003495,SAVINGS,49349.9,FROZEN,FLAGGED,0.207,RESTRICTED
ACC_003496,CUST_003496,SAVINGS,6573.55,ACTIVE,VERIFIED,0.224,RESTRICTED
ACC_003497,CUST_003497,SAVINGS,28374.44,ACTIVE,VERIFIED,0.495,RESTRICTED
ACC_003498,CUST_003498,SAVINGS,20870.2,ACTIVE,VERIFIED,0.078,RESTRICTED
ACC_003499,CUST_003499,SAVINGS,3722.08,ACTIVE,VERIFIED,0.24,RESTRICTED
ACC_003500,CUST_003500,SAVINGS,13486.78,ACTIVE,VERIFIED,0.194,RESTRICTED
ACC_003501,CUST_003501,SAVINGS,37372.14,ACTIVE,VERIFIED,0.231,RESTRICTED
ACC_003502,CUST_003502,SAVINGS,43150.74,ACTIVE,VERIFIED,0.225,RESTRICTED
ACC_003503,CUST_003503,SAVINGS,9175.32,ACTIVE,VERIFIED,0.353,RESTRICTED
ACC_003504,CUST_003504,SAVINGS,19912.56,ACTIVE,VERIFIED,0.328,RESTRICTED
ACC_003505,CUST_003505,SAVINGS,41393.91,ACTIVE,VERIFIED,0.339,RESTRICTED
ACC_003506,CUST_003506,SAVINGS,46508.42,ACTIVE,PENDING,0.593,RESTRICTED
ACC_003507,CUST_003507,SAVINGS,20700.53,ACTIVE,VERIFIED,0.496,RESTRICTED
ACC_003508,CUST_003508,SAVINGS,36545.15,ACTIVE,VERIFIED,0.441,RESTRICTED
ACC_003509,CUST_003509,SAVINGS,24227.22,ACTIVE,VERIFIED,0.031,RESTRICTED
ACC_003510,CUST_003510,SAVINGS,4826.64,ACTIVE,VERIFIED,0.359,RESTRICTED
ACC_003511,CUST_003511,SAVINGS,20257.9,ACTIVE,VERIFIED,0.096,RESTRICTED
ACC_003512,CUST_003512,SAVINGS,42709.97,ACTIVE,VERIFIED,0.331,RESTRICTED
ACC_003513,CUST_003513,SAVINGS,20976.48,ACTIVE,VERIFIED,0.548,RESTRICTED
ACC_003514,CUST_003514,SAVINGS,1085.37,ACTIVE,VERIFIED,0.601,RESTRICTED
ACC_003515,CUST_003515,SAVINGS,47923.65,ACTIVE,VERIFIED,0.018,RESTRICTED
ACC_003516,CUST_003516,SAVINGS,25281.57,ACTIVE,VERIFIED,0.336,RESTRICTED
ACC_003517,CUST_003517,SAVINGS,8330.83,ACTIVE,VERIFIED,0.616,RESTRICTED
ACC_003518,CUST_003518,SAVINGS,41026.04,ACTIVE,PENDING,0.142,RESTRICTED
ACC_003519,CUST_003519,SAVINGS,21845.31,FROZEN,FLAGGED,0.065,RESTRICTED
ACC_003520,CUST_003520,SAVINGS,34692.77,ACTIVE,PENDING,0.101,RESTRICTED
ACC_003521,CUST_003521,SAVINGS,36902.38,ACTIVE,VERIFIED,0.155,RESTRICTED
ACC_003522,CUST_003522,SAVINGS,44877.08,ACTIVE,VERIFIED,0.279,RESTRICTED
ACC_003523,CUST_003523,SAVINGS,14660.55,ACTIVE,VERIFIED,0.325,RESTRICTED
ACC_003524,CUST_003524,SAVINGS,4272.84,ACTIVE,VERIFIED,0.488,RESTRICTED
ACC_003525,CUST_003525,SAVINGS,37039.83,ACTIVE,PENDING,0.23,RESTRICTED
ACC_003526,CUST_003526,SAVINGS,29049.58,ACTIVE,VERIFIED,0.274,RESTRICTED
ACC_003527,CUST_003527,SAVINGS,4285.17,ACTIVE,VERIFIED,0.287,RESTRICTED
ACC_003528,CUST_003528,SAVINGS,44051.54,ACTIVE,VERIFIED,0.373,RESTRICTED
ACC_003529,CUST_003529,SAVINGS,22240.51,ACTIVE,VERIFIED,0.343,RESTRICTED
ACC_003530,CUST_003530,SAVINGS,1124.62,ACTIVE,VERIFIED,0.111,RESTRICTED
ACC_003531,CUST_003531,SAVINGS,45695.59,ACTIVE,VERIFIED,0.217,RESTRICTED
ACC_003532,CUST_003532,SAVINGS,31845.06,ACTIVE,VERIFIED,0.267,RESTRICTED
ACC_003533,CUST_003533,SAVINGS,3791.4,ACTIVE,VERIFIED,0.455,RESTRICTED
ACC_003534,CUST_003534,SAVINGS,27138.06,ACTIVE,VERIFIED,0.297,RESTRICTED
ACC_003535,CUST_003535,SAVINGS,39926.53,ACTIVE,VERIFIED,0.34,RESTRICTED
ACC_003536,CUST_003536,SAVINGS,38760.94,ACTIVE,VERIFIED,0.085,RESTRICTED
ACC_003537,CUST_003537,SAVINGS,44715.37,ACTIVE,VERIFIED,0.204,RESTRICTED
ACC_003538,CUST_003538,SAVINGS,10387.21,ACTIVE,VERIFIED,0.434,RESTRICTED
ACC_003539,CUST_003539,SAVINGS,34240.4,ACTIVE,VERIFIED,0.238,RESTRICTED
ACC_003540,CUST_003540,SAVINGS,34293.79,ACTIVE,VERIFIED,0.327,RESTRICTED
ACC_003541,CUST_003541,SAVINGS,19889.23,ACTIVE,VERIFIED,0.387,RESTRICTED
ACC_003542,CUST_003542,SAVINGS,38383.04,ACTIVE,VERIFIED,0.232,RESTRICTED
ACC_003543,CUST_003543,SAVINGS,20189.31,ACTIVE,VERIFIED,0.259,RESTRICTED
ACC_003544,CUST_003544,SAVINGS,2542.14,ACTIVE,VERIFIED,0.395,RESTRICTED
ACC_003545,CUST_003545,SAVINGS,46166.63,ACTIVE,VERIFIED,0.277,RESTRICTED
ACC_003546,CUST_003546,SAVINGS,48303.2,ACTIVE,PENDING,0.46,RESTRICTED
ACC_003547,CUST_003547,SAVINGS,34985.95,ACTIVE,VERIFIED,0.129,RESTRICTED
ACC_003548,CUST_003548,SAVINGS,27919.57,ACTIVE,VERIFIED,0.243,RESTRICTED
ACC_003549,CUST_003549,SAVINGS,25783.72,ACTIVE,VERIFIED,0.365,RESTRICTED
ACC_003550,CUST_003550,SAVINGS,35426.67,ACTIVE,VERIFIED,0.31,RESTRICTED
ACC_003551,CUST_003551,SAVINGS,31742.99,ACTIVE,VERIFIED,0.076,RESTRICTED
ACC_003552,CUST_003552,SAVINGS,24179.25,ACTIVE,VERIFIED,0.161,RESTRICTED
ACC_003553,CUST_003553,SAVINGS,6809.05,ACTIVE,PENDING,0.359,RESTRICTED
ACC_003554,CUST_003554,SAVINGS,3245.69,ACTIVE,VERIFIED,0.411,RESTRICTED
ACC_003555,CUST_003555,SAVINGS,17194.46,ACTIVE,PENDING,0.131,RESTRICTED
ACC_003556,CUST_003556,SAVINGS,17101.49,ACTIVE,VERIFIED,0.627,RESTRICTED
ACC_003557,CUST_003557,SAVINGS,14320.29,ACTIVE,VERIFIED,0.132,RESTRICTED
ACC_003558,CUST_003558,SAVINGS,11208.3,ACTIVE,VERIFIED,0.468,RESTRICTED
ACC_003559,CUST_003559,SAVINGS,25480.93,ACTIVE,VERIFIED,0.474,RESTRICTED
ACC_003560,CUST_003560,SAVINGS,31847.29,ACTIVE,VERIFIED,0.253,RESTRICTED
ACC_003561,CUST_003561,SAVINGS,24530.33,ACTIVE,VERIFIED,0.071,RESTRICTED
ACC_003562,CUST_003562,SAVINGS,12561.72,ACTIVE,VERIFIED,0.271,RESTRICTED
ACC_003563,CUST_003563,SAVINGS,6814.93,ACTIVE,VERIFIED,0.142,RESTRICTED
ACC_003564,CUST_003564,SAVINGS,16170.29,ACTIVE,PENDING,0.174,RESTRICTED
ACC_003565,CUST_003565,SAVINGS,13363.29,ACTIVE,VERIFIED,0.235,RESTRICTED
ACC_003566,CUST_003566,SAVINGS,5083.17,ACTIVE,VERIFIED,0.086,RESTRICTED
ACC_003567,CUST_003567,SAVINGS,18185.99,ACTIVE,VERIFIED,0.209,RESTRICTED
ACC_003568,CUST_003568,SAVINGS,30145.05,ACTIVE,VERIFIED,0.502,RESTRICTED
ACC_003569,CUST_003569,SAVINGS,28872.67,ACTIVE,VERIFIED,0.262,RESTRICTED
ACC_003570,CUST_003570,SAVINGS,7837.63,ACTIVE,VERIFIED,0.089,RESTRICTED
ACC_003571,CUST_003571,SAVINGS,6889.95,ACTIVE,VERIFIED,0.668,RESTRICTED
ACC_003572,CUST_003572,SAVINGS,41686.59,ACTIVE,VERIFIED,0.652,RESTRICTED
ACC_003573,CUST_003573,SAVINGS,35444.23,ACTIVE,VERIFIED,0.328,RESTRICTED
ACC_003574,CUST_003574,SAVINGS,40403.0,ACTIVE,VERIFIED,0.138,RESTRICTED
ACC_003575,CUST_003575,SAVINGS,25669.28,ACTIVE,VERIFIED,0.231,RESTRICTED
ACC_003576,CUST_003576,SAVINGS,49503.82,FROZEN,FLAGGED,0.278,RESTRICTED
ACC_003577,CUST_003577,SAVINGS,48515.92,ACTIVE,VERIFIED,0.792,RESTRICTED
ACC_003578,CUST_003578,SAVINGS,2342.1,ACTIVE,VERIFIED,0.301,RESTRICTED
ACC_003579,CUST_003579,SAVINGS,13399.56,ACTIVE,VERIFIED,0.371,RESTRICTED
ACC_003580,CUST_003580,SAVINGS,7938.86,ACTIVE,VERIFIED,0.154,RESTRICTED
ACC_003581,CUST_003581,SAVINGS,43143.6,ACTIVE,PENDING,0.506,RESTRICTED
ACC_003582,CUST_003582,SAVINGS,44846.15,ACTIVE,VERIFIED,0.394,RESTRICTED
ACC_003583,CUST_003583,SAVINGS,1916.1,ACTIVE,VERIFIED,0.229,RESTRICTED
ACC_003584,CUST_003584,SAVINGS,14001.77,ACTIVE,VERIFIED,0.211,RESTRICTED
ACC_003585,CUST_003585,SAVINGS,41052.04,ACTIVE,PENDING,0.513,RESTRICTED
ACC_003586,CUST_003586,SAVINGS,43777.53,ACTIVE,VERIFIED,0.157,RESTRICTED
ACC_003587,CUST_003587,SAVINGS,26356.72,ACTIVE,PENDING,0.245,RESTRICTED
ACC_003588,CUST_003588,SAVINGS,36424.47,ACTIVE,VERIFIED,0.393,RESTRICTED
ACC_003589,CUST_003589,SAVINGS,31171.77,ACTIVE,VERIFIED,0.127,RESTRICTED
ACC_003590,CUST_003590,SAVINGS,3533.17,ACTIVE,VERIFIED,0.249,RESTRICTED
ACC_003591,CUST_003591,SAVINGS,29399.39,ACTIVE,VERIFIED,0.505,RESTRICTED
ACC_003592,CUST_003592,SAVINGS,44459.07,ACTIVE,VERIFIED,0.271,RESTRICTED
ACC_003593,CUST_003593,SAVINGS,44130.16,ACTIVE,VERIFIED,0.487,RESTRICTED
ACC_003594,CUST_003594,SAVINGS,47671.7,ACTIVE,VERIFIED,0.079,RESTRICTED
ACC_003595,CUST_003595,SAVINGS,41482.74,ACTIVE,VERIFIED,0.355,RESTRICTED
ACC_003596,CUST_003596,SAVINGS,16957.66,ACTIVE,PENDING,0.409,RESTRICTED
ACC_003597,CUST_003597,SAVINGS,24469.78,ACTIVE,VERIFIED,0.239,RESTRICTED
ACC_003598,CUST_003598,SAVINGS,40026.27,FROZEN,FLAGGED,0.274,RESTRICTED
ACC_003599,CUST_003599,SAVINGS,10613.54,ACTIVE,VERIFIED,0.062,RESTRICTED
ACC_003600,CUST_003600,SAVINGS,14294.81,ACTIVE,VERIFIED,0.516,RESTRICTED
ACC_003601,CUST_003601,SAVINGS,32848.98,ACTIVE,VERIFIED,0.495,RESTRICTED
ACC_003602,CUST_003602,SAVINGS,19176.4,ACTIVE,VERIFIED,0.308,RESTRICTED
ACC_003603,CUST_003603,SAVINGS,25557.43,FROZEN,FLAGGED,0.548,RESTRICTED
ACC_003604,CUST_003604,SAVINGS,13296.47,ACTIVE,VERIFIED,0.143,RESTRICTED
ACC_003605,CUST_003605,SAVINGS,37519.28,ACTIVE,VERIFIED,0.418,RESTRICTED
ACC_003606,CUST_003606,SAVINGS,24646.76,ACTIVE,VERIFIED,0.178,RESTRICTED
ACC_003607,CUST_003607,SAVINGS,38986.0,ACTIVE,VERIFIED,0.206,RESTRICTED
ACC_003608,CUST_003608,SAVINGS,23674.08,ACTIVE,VERIFIED,0.424,RESTRICTED
ACC_003609,CUST_003609,SAVINGS,35351.68,ACTIVE,VERIFIED,0.189,RESTRICTED
ACC_003610,CUST_003610,SAVINGS,15480.39,ACTIVE,VERIFIED,0.35,RESTRICTED
ACC_003611,CUST_003611,SAVINGS,36313.99,ACTIVE,VERIFIED,0.307,RESTRICTED
ACC_003612,CUST_003612,SAVINGS,21901.08,ACTIVE,VERIFIED,0.311,RESTRICTED
ACC_003613,CUST_003613,SAVINGS,12431.33,ACTIVE,VERIFIED,0.522,RESTRICTED
ACC_003614,CUST_003614,SAVINGS,28041.99,ACTIVE,VERIFIED,0.442,RESTRICTED
ACC_003615,CUST_003615,SAVINGS,17157.92,ACTIVE,VERIFIED,0.401,RESTRICTED
ACC_003616,CUST_003616,SAVINGS,8397.3,FROZEN,FLAGGED,0.447,RESTRICTED
ACC_003617,CUST_003617,SAVINGS,1387.95,ACTIVE,VERIFIED,0.105,RESTRICTED
ACC_003618,CUST_003618,SAVINGS,41234.33,ACTIVE,VERIFIED,0.217,RESTRICTED
ACC_003619,CUST_003619,SAVINGS,16840.71,ACTIVE,VERIFIED,0.196,RESTRICTED
ACC_003620,CUST_003620,SAVINGS,29941.95,ACTIVE,VERIFIED,0.166,RESTRICTED
ACC_003621,CUST_003621,SAVINGS,20503.89,ACTIVE,VERIFIED,0.269,RESTRICTED
ACC_003622,CUST_003622,SAVINGS,47788.04,ACTIVE,VERIFIED,0.156,RESTRICTED
ACC_003623,CUST_003623,SAVINGS,8683.53,ACTIVE,VERIFIED,0.161,RESTRICTED
ACC_003624,CUST_003624,SAVINGS,32890.84,ACTIVE,VERIFIED,0.262,RESTRICTED
ACC_003625,CUST_003625,SAVINGS,8853.38,ACTIVE,VERIFIED,0.156,RESTRICTED
ACC_003626,CUST_003626,SAVINGS,39620.26,ACTIVE,PENDING,0.236,RESTRICTED
ACC_003627,CUST_003627,SAVINGS,17600.12,ACTIVE,VERIFIED,0.361,RESTRICTED
ACC_003628,CUST_003628,SAVINGS,22301.21,ACTIVE,VERIFIED,0.503,RESTRICTED
ACC_003629,CUST_003629,SAVINGS,10205.42,ACTIVE,VERIFIED,0.223,RESTRICTED
ACC_003630,CUST_003630,SAVINGS,23485.68,ACTIVE,VERIFIED,0.182,RESTRICTED
ACC_003631,CUST_003631,SAVINGS,4650.32,ACTIVE,VERIFIED,0.394,RESTRICTED
ACC_003632,CUST_003632,SAVINGS,16397.65,ACTIVE,VERIFIED,0.41,RESTRICTED
ACC_003633,CUST_003633,SAVINGS,1330.24,ACTIVE,VERIFIED,0.514,RESTRICTED
ACC_003634,CUST_003634,SAVINGS,6282.04,ACTIVE,VERIFIED,0.213,RESTRICTED
ACC_003635,CUST_003635,SAVINGS,10171.18,ACTIVE,VERIFIED,0.415,RESTRICTED
ACC_003636,CUST_003636,SAVINGS,39183.01,ACTIVE,VERIFIED,0.15,RESTRICTED
ACC_003637,CUST_003637,SAVINGS,1124.81,ACTIVE,VERIFIED,0.434,RESTRICTED
ACC_003638,CUST_003638,SAVINGS,15240.73,ACTIVE,VERIFIED,0.169,RESTRICTED
ACC_003639,CUST_003639,SAVINGS,15881.13,ACTIVE,VERIFIED,0.226,RESTRICTED
ACC_003640,CUST_003640,SAVINGS,27191.19,ACTIVE,VERIFIED,0.285,RESTRICTED
ACC_003641,CUST_003641,SAVINGS,9494.32,ACTIVE,PENDING,0.752,RESTRICTED
ACC_003642,CUST_003642,SAVINGS,18544.83,FROZEN,FLAGGED,0.053,RESTRICTED
ACC_003643,CUST_003643,SAVINGS,43131.95,ACTIVE,VERIFIED,0.568,RESTRICTED
ACC_003644,CUST_003644,SAVINGS,26408.91,ACTIVE,VERIFIED,0.231,RESTRICTED
ACC_003645,CUST_003645,SAVINGS,20782.08,ACTIVE,PENDING,0.209,RESTRICTED
ACC_003646,CUST_003646,SAVINGS,41646.7,ACTIVE,VERIFIED,0.375,RESTRICTED
ACC_003647,CUST_003647,SAVINGS,43327.14,ACTIVE,VERIFIED,0.276,RESTRICTED
ACC_003648,CUST_003648,SAVINGS,8742.35,ACTIVE,VERIFIED,0.131,RESTRICTED
ACC_003649,CUST_003649,SAVINGS,10883.41,ACTIVE,VERIFIED,0.167,RESTRICTED
ACC_003650,CUST_003650,SAVINGS,29161.7,ACTIVE,PENDING,0.01,RESTRICTED
ACC_003651,CUST_003651,SAVINGS,20401.49,ACTIVE,VERIFIED,0.061,RESTRICTED
ACC_003652,CUST_003652,SAVINGS,16470.7,ACTIVE,VERIFIED,0.378,RESTRICTED
ACC_003653,CUST_003653,SAVINGS,43439.28,ACTIVE,VERIFIED,0.399,RESTRICTED
ACC_003654,CUST_003654,SAVINGS,32006.71,ACTIVE,VERIFIED,0.178,RESTRICTED
ACC_003655,CUST_003655,SAVINGS,9122.5,FROZEN,FLAGGED,0.237,RESTRICTED
ACC_003656,CUST_003656,SAVINGS,5609.79,ACTIVE,VERIFIED,0.368,RESTRICTED
ACC_003657,CUST_003657,SAVINGS,40371.99,ACTIVE,VERIFIED,0.047,RESTRICTED
ACC_003658,CUST_003658,SAVINGS,9527.14,ACTIVE,VERIFIED,0.05,RESTRICTED
ACC_003659,CUST_003659,SAVINGS,44885.96,ACTIVE,VERIFIED,0.193,RESTRICTED
ACC_003660,CUST_003660,SAVINGS,16381.18,FROZEN,FLAGGED,0.392,RESTRICTED
ACC_003661,CUST_003661,SAVINGS,7144.43,ACTIVE,VERIFIED,0.796,RESTRICTED
ACC_003662,CUST_003662,SAVINGS,11762.59,ACTIVE,VERIFIED,0.074,RESTRICTED
ACC_003663,CUST_003663,SAVINGS,24285.01,ACTIVE,VERIFIED,0.119,RESTRICTED
ACC_003664,CUST_003664,SAVINGS,1854.53,ACTIVE,VERIFIED,0.3,RESTRICTED
ACC_003665,CUST_003665,SAVINGS,22569.84,ACTIVE,VERIFIED,0.205,RESTRICTED
ACC_003666,CUST_003666,SAVINGS,40578.09,ACTIVE,VERIFIED,0.481,RESTRICTED
ACC_003667,CUST_003667,SAVINGS,2682.57,ACTIVE,VERIFIED,0.24,RESTRICTED
ACC_003668,CUST_003668,SAVINGS,3993.41,ACTIVE,PENDING,0.092,RESTRICTED
ACC_003669,CUST_003669,SAVINGS,9793.04,ACTIVE,VERIFIED,0.582,RESTRICTED
ACC_003670,CUST_003670,SAVINGS,31919.42,ACTIVE,PENDING,0.419,RESTRICTED
ACC_003671,CUST_003671,SAVINGS,44041.71,ACTIVE,VERIFIED,0.298,RESTRICTED
ACC_003672,CUST_003672,SAVINGS,23636.97,ACTIVE,VERIFIED,0.154,RESTRICTED
ACC_003673,CUST_003673,SAVINGS,35684.19,ACTIVE,VERIFIED,0.723,RESTRICTED
ACC_003674,CUST_003674,SAVINGS,5740.38,ACTIVE,VERIFIED,0.214,RESTRICTED
ACC_003675,CUST_003675,SAVINGS,20317.68,ACTIVE,VERIFIED,0.113,RESTRICTED
ACC_003676,CUST_003676,SAVINGS,36574.27,ACTIVE,VERIFIED,0.089,RESTRICTED
ACC_003677,CUST_003677,SAVINGS,39748.93,ACTIVE,VERIFIED,0.32,RESTRICTED
ACC_003678,CUST_003678,SAVINGS,44211.1,ACTIVE,VERIFIED,0.108,RESTRICTED
ACC_003679,CUST_003679,SAVINGS,5165.05,ACTIVE,VERIFIED,0.124,RESTRICTED
ACC_003680,CUST_003680,SAVINGS,25613.29,ACTIVE,PENDING,0.02,RESTRICTED
ACC_003681,CUST_003681,SAVINGS,47234.24,ACTIVE,VERIFIED,0.164,RESTRICTED
ACC_003682,CUST_003682,SAVINGS,5350.51,ACTIVE,VERIFIED,0.319,RESTRICTED
ACC_003683,CUST_003683,SAVINGS,38628.54,ACTIVE,VERIFIED,0.49,RESTRICTED
ACC_003684,CUST_003684,SAVINGS,14471.59,ACTIVE,VERIFIED,0.274,RESTRICTED
ACC_003685,CUST_003685,SAVINGS,24657.9,FROZEN,FLAGGED,0.214,RESTRICTED
ACC_003686,CUST_003686,SAVINGS,42584.75,FROZEN,FLAGGED,0.538,RESTRICTED
ACC_003687,CUST_003687,SAVINGS,37603.89,ACTIVE,VERIFIED,0.362,RESTRICTED
ACC_003688,CUST_003688,SAVINGS,42557.57,ACTIVE,VERIFIED,0.445,RESTRICTED
ACC_003689,CUST_003689,SAVINGS,36561.26,ACTIVE,VERIFIED,0.285,RESTRICTED
ACC_003690,CUST_003690,SAVINGS,45368.52,ACTIVE,VERIFIED,0.096,RESTRICTED
ACC_003691,CUST_003691,SAVINGS,47385.08,ACTIVE,VERIFIED,0.172,RESTRICTED
ACC_003692,CUST_003692,SAVINGS,4134.79,ACTIVE,PENDING,0.123,RESTRICTED
ACC_003693,CUST_003693,SAVINGS,18455.13,ACTIVE,VERIFIED,0.231,RESTRICTED
ACC_003694,CUST_003694,SAVINGS,12504.54,ACTIVE,VERIFIED,0.136,RESTRICTED
ACC_003695,CUST_003695,SAVINGS,25829.22,ACTIVE,VERIFIED,0.624,RESTRICTED
ACC_003696,CUST_003696,SAVINGS,8573.58,ACTIVE,PENDING,0.344,RESTRICTED
ACC_003697,CUST_003697,SAVINGS,25569.17,ACTIVE,VERIFIED,0.519,RESTRICTED
ACC_003698,CUST_003698,SAVINGS,36063.62,ACTIVE,VERIFIED,0.062,RESTRICTED
ACC_003699,CUST_003699,SAVINGS,41857.66,ACTIVE,VERIFIED,0.313,RESTRICTED
ACC_003700,CUST_003700,SAVINGS,40403.88,ACTIVE,VERIFIED,0.349,RESTRICTED
ACC_003701,CUST_003701,SAVINGS,10699.3,ACTIVE,VERIFIED,0.268,RESTRICTED
ACC_003702,CUST_003702,SAVINGS,7359.5,ACTIVE,VERIFIED,0.216,RESTRICTED
ACC_003703,CUST_003703,SAVINGS,13631.13,ACTIVE,VERIFIED,0.604,RESTRICTED
ACC_003704,CUST_003704,SAVINGS,45109.06,ACTIVE,VERIFIED,0.117,RESTRICTED
ACC_003705,CUST_003705,SAVINGS,26930.83,ACTIVE,VERIFIED,0.187,RESTRICTED
ACC_003706,CUST_003706,SAVINGS,39554.31,ACTIVE,PENDING,0.133,RESTRICTED
ACC_003707,CUST_003707,SAVINGS,4902.23,ACTIVE,PENDING,0.128,RESTRICTED
ACC_003708,CUST_003708,SAVINGS,20448.41,ACTIVE,VERIFIED,0.262,RESTRICTED
ACC_003709,CUST_003709,SAVINGS,11071.2,ACTIVE,VERIFIED,0.318,RESTRICTED
ACC_003710,CUST_003710,SAVINGS,14973.87,ACTIVE,VERIFIED,0.461,RESTRICTED
ACC_003711,CUST_003711,SAVINGS,8310.0,ACTIVE,VERIFIED,0.345,RESTRICTED
ACC_003712,CUST_003712,SAVINGS,27279.57,ACTIVE,VERIFIED,0.571,RESTRICTED
ACC_003713,CUST_003713,SAVINGS,30842.38,ACTIVE,VERIFIED,0.154,RESTRICTED
ACC_003714,CUST_003714,SAVINGS,36308.4,ACTIVE,VERIFIED,0.48,RESTRICTED
ACC_003715,CUST_003715,SAVINGS,4969.51,ACTIVE,VERIFIED,0.328,RESTRICTED
ACC_003716,CUST_003716,SAVINGS,8184.68,ACTIVE,VERIFIED,0.185,RESTRICTED
ACC_003717,CUST_003717,SAVINGS,10310.69,ACTIVE,VERIFIED,0.053,RESTRICTED
ACC_003718,CUST_003718,SAVINGS,24660.67,ACTIVE,VERIFIED,0.132,RESTRICTED
ACC_003719,CUST_003719,SAVINGS,38912.07,FROZEN,FLAGGED,0.453,RESTRICTED
ACC_003720,CUST_003720,SAVINGS,29537.03,ACTIVE,VERIFIED,0.193,RESTRICTED
ACC_003721,CUST_003721,SAVINGS,15721.11,ACTIVE,VERIFIED,0.401,RESTRICTED
ACC_003722,CUST_003722,SAVINGS,34222.43,ACTIVE,VERIFIED,0.318,RESTRICTED
ACC_003723,CUST_003723,SAVINGS,12230.54,ACTIVE,VERIFIED,0.382,RESTRICTED
ACC_003724,CUST_003724,SAVINGS,17961.58,ACTIVE,VERIFIED,0.296,RESTRICTED
ACC_003725,CUST_003725,SAVINGS,35599.66,ACTIVE,VERIFIED,0.179,RESTRICTED
ACC_003726,CUST_003726,SAVINGS,32895.77,ACTIVE,VERIFIED,0.312,RESTRICTED
ACC_003727,CUST_003727,SAVINGS,22061.04,ACTIVE,VERIFIED,0.326,RESTRICTED
ACC_003728,CUST_003728,SAVINGS,37851.73,ACTIVE,PENDING,0.437,RESTRICTED
ACC_003729,CUST_003729,SAVINGS,29978.55,ACTIVE,VERIFIED,0.24,RESTRICTED
ACC_003730,CUST_003730,SAVINGS,7506.81,ACTIVE,VERIFIED,0.397,RESTRICTED
ACC_003731,CUST_003731,SAVINGS,37303.84,ACTIVE,VERIFIED,0.019,RESTRICTED
ACC_003732,CUST_003732,SAVINGS,14108.09,ACTIVE,VERIFIED,0.141,RESTRICTED
ACC_003733,CUST_003733,SAVINGS,40216.55,ACTIVE,PENDING,0.501,RESTRICTED
ACC_003734,CUST_003734,SAVINGS,21190.58,ACTIVE,VERIFIED,0.463,RESTRICTED
ACC_003735,CUST_003735,SAVINGS,12459.43,ACTIVE,PENDING,0.31,RESTRICTED
ACC_003736,CUST_003736,SAVINGS,40828.94,ACTIVE,PENDING,0.142,RESTRICTED
ACC_003737,CUST_003737,SAVINGS,5371.3,FROZEN,FLAGGED,0.372,RESTRICTED
ACC_003738,CUST_003738,SAVINGS,4627.96,ACTIVE,VERIFIED,0.03,RESTRICTED
ACC_003739,CUST_003739,SAVINGS,48132.71,ACTIVE,VERIFIED,0.537,RESTRICTED
ACC_003740,CUST_003740,SAVINGS,16525.44,ACTIVE,VERIFIED,0.507,RESTRICTED
ACC_003741,CUST_003741,SAVINGS,46856.38,ACTIVE,VERIFIED,0.192,RESTRICTED
ACC_003742,CUST_003742,SAVINGS,13979.64,ACTIVE,VERIFIED,0.147,RESTRICTED
ACC_003743,CUST_003743,SAVINGS,35560.43,ACTIVE,VERIFIED,0.341,RESTRICTED
ACC_003744,CUST_003744,SAVINGS,32327.19,ACTIVE,VERIFIED,0.085,RESTRICTED
ACC_003745,CUST_003745,SAVINGS,29313.92,FROZEN,FLAGGED,0.203,RESTRICTED
ACC_003746,CUST_003746,SAVINGS,14639.54,ACTIVE,VERIFIED,0.379,RESTRICTED
ACC_003747,CUST_003747,SAVINGS,23779.38,ACTIVE,VERIFIED,0.311,RESTRICTED
ACC_003748,CUST_003748,SAVINGS,25240.51,ACTIVE,VERIFIED,0.153,RESTRICTED
ACC_003749,CUST_003749,SAVINGS,28551.16,ACTIVE,VERIFIED,0.359,RESTRICTED
ACC_003750,CUST_003750,SAVINGS,22738.37,ACTIVE,VERIFIED,0.251,RESTRICTED
ACC_003751,CUST_003751,SAVINGS,2457.83,ACTIVE,VERIFIED,0.292,RESTRICTED
ACC_003752,CUST_003752,SAVINGS,7246.85,ACTIVE,VERIFIED,0.264,RESTRICTED
ACC_003753,CUST_003753,SAVINGS,38289.96,ACTIVE,VERIFIED,0.272,RESTRICTED
ACC_003754,CUST_003754,SAVINGS,28989.57,ACTIVE,VERIFIED,0.313,RESTRICTED
ACC_003755,CUST_003755,SAVINGS,27159.9,ACTIVE,VERIFIED,0.213,RESTRICTED
ACC_003756,CUST_003756,SAVINGS,21187.06,ACTIVE,VERIFIED,0.186,RESTRICTED
ACC_003757,CUST_003757,SAVINGS,17136.49,ACTIVE,VERIFIED,0.258,RESTRICTED
ACC_003758,CUST_003758,SAVINGS,6928.71,ACTIVE,VERIFIED,0.317,RESTRICTED
ACC_003759,CUST_003759,SAVINGS,24786.1,FROZEN,FLAGGED,0.368,RESTRICTED
ACC_003760,CUST_003760,SAVINGS,27981.87,ACTIVE,VERIFIED,0.129,RESTRICTED
ACC_003761,CUST_003761,SAVINGS,19005.4,ACTIVE,VERIFIED,0.414,RESTRICTED
ACC_003762,CUST_003762,SAVINGS,1925.17,ACTIVE,VERIFIED,0.312,RESTRICTED
ACC_003763,CUST_003763,SAVINGS,40666.38,ACTIVE,VERIFIED,0.17,RESTRICTED
ACC_003764,CUST_003764,SAVINGS,6647.55,ACTIVE,VERIFIED,0.292,RESTRICTED
ACC_003765,CUST_003765,SAVINGS,1008.31,ACTIVE,VERIFIED,0.099,RESTRICTED
ACC_003766,CUST_003766,SAVINGS,40418.8,ACTIVE,VERIFIED,0.211,RESTRICTED
ACC_003767,CUST_003767,SAVINGS,43989.9,ACTIVE,VERIFIED,0.36,RESTRICTED
ACC_003768,CUST_003768,SAVINGS,3366.16,ACTIVE,PENDING,0.09,RESTRICTED
ACC_003769,CUST_003769,SAVINGS,11719.92,ACTIVE,VERIFIED,0.109,RESTRICTED
ACC_003770,CUST_003770,SAVINGS,4906.07,ACTIVE,VERIFIED,0.298,RESTRICTED
ACC_003771,CUST_003771,SAVINGS,47175.27,ACTIVE,VERIFIED,0.288,RESTRICTED
ACC_003772,CUST_003772,SAVINGS,33686.15,ACTIVE,VERIFIED,0.659,RESTRICTED
ACC_003773,CUST_003773,SAVINGS,44888.15,ACTIVE,VERIFIED,0.369,RESTRICTED
ACC_003774,CUST_003774,SAVINGS,39025.87,ACTIVE,VERIFIED,0.092,RESTRICTED
ACC_003775,CUST_003775,SAVINGS,47119.17,ACTIVE,VERIFIED,0.373,RESTRICTED
ACC_003776,CUST_003776,SAVINGS,2699.91,FROZEN,FLAGGED,0.188,RESTRICTED
ACC_003777,CUST_003777,SAVINGS,21839.72,ACTIVE,VERIFIED,0.057,RESTRICTED
ACC_003778,CUST_003778,SAVINGS,37410.33,ACTIVE,VERIFIED,0.099,RESTRICTED
ACC_003779,CUST_003779,SAVINGS,23028.46,ACTIVE,PENDING,0.386,RESTRICTED
ACC_003780,CUST_003780,SAVINGS,47116.37,ACTIVE,VERIFIED,0.329,RESTRICTED
ACC_003781,CUST_003781,SAVINGS,24225.6,ACTIVE,VERIFIED,0.214,RESTRICTED
ACC_003782,CUST_003782,SAVINGS,4573.79,ACTIVE,VERIFIED,0.274,RESTRICTED
ACC_003783,CUST_003783,SAVINGS,24589.2,ACTIVE,PENDING,0.177,RESTRICTED
ACC_003784,CUST_003784,SAVINGS,35103.94,ACTIVE,VERIFIED,0.404,RESTRICTED
ACC_003785,CUST_003785,SAVINGS,8435.84,ACTIVE,VERIFIED,0.444,RESTRICTED
ACC_003786,CUST_003786,SAVINGS,10106.88,ACTIVE,VERIFIED,0.478,RESTRICTED
ACC_003787,CUST_003787,SAVINGS,10454.7,ACTIVE,VERIFIED,0.345,RESTRICTED
ACC_003788,CUST_003788,SAVINGS,46774.09,ACTIVE,VERIFIED,0.088,RESTRICTED
ACC_003789,CUST_003789,SAVINGS,48461.99,ACTIVE,VERIFIED,0.403,RESTRICTED
ACC_003790,CUST_003790,SAVINGS,9132.5,ACTIVE,VERIFIED,0.219,RESTRICTED
ACC_003791,CUST_003791,SAVINGS,35022.06,ACTIVE,VERIFIED,0.332,RESTRICTED
ACC_003792,CUST_003792,SAVINGS,2730.53,ACTIVE,VERIFIED,0.235,RESTRICTED
ACC_003793,CUST_003793,SAVINGS,46970.93,ACTIVE,VERIFIED,0.381,RESTRICTED
ACC_003794,CUST_003794,SAVINGS,23570.22,ACTIVE,PENDING,0.105,RESTRICTED
ACC_003795,CUST_003795,SAVINGS,31995.32,ACTIVE,VERIFIED,0.343,RESTRICTED
ACC_003796,CUST_003796,SAVINGS,35282.77,ACTIVE,VERIFIED,0.276,RESTRICTED
ACC_003797,CUST_003797,SAVINGS,35693.16,ACTIVE,VERIFIED,0.069,RESTRICTED
ACC_003798,CUST_003798,SAVINGS,19920.93,ACTIVE,VERIFIED,0.201,RESTRICTED
ACC_003799,CUST_003799,SAVINGS,37849.94,ACTIVE,VERIFIED,0.484,RESTRICTED
ACC_003800,CUST_003800,SAVINGS,7567.45,ACTIVE,VERIFIED,0.43,RESTRICTED
ACC_003801,CUST_003801,SAVINGS,5978.04,ACTIVE,VERIFIED,0.453,RESTRICTED
ACC_003802,CUST_003802,SAVINGS,10836.55,ACTIVE,VERIFIED,0.1,RESTRICTED
ACC_003803,CUST_003803,SAVINGS,7279.22,FROZEN,FLAGGED,0.368,RESTRICTED
ACC_003804,CUST_003804,SAVINGS,10468.77,ACTIVE,VERIFIED,0.134,RESTRICTED
ACC_003805,CUST_003805,SAVINGS,13373.32,ACTIVE,VERIFIED,0.358,RESTRICTED
ACC_003806,CUST_003806,SAVINGS,35655.67,ACTIVE,VERIFIED,0.146,RESTRICTED
ACC_003807,CUST_003807,SAVINGS,39044.69,ACTIVE,VERIFIED,0.491,RESTRICTED
ACC_003808,CUST_003808,SAVINGS,21344.97,ACTIVE,VERIFIED,0.12,RESTRICTED
ACC_003809,CUST_003809,SAVINGS,41126.64,ACTIVE,VERIFIED,0.558,RESTRICTED
ACC_003810,CUST_003810,SAVINGS,41504.84,ACTIVE,VERIFIED,0.103,RESTRICTED
ACC_003811,CUST_003811,SAVINGS,7658.22,ACTIVE,VERIFIED,0.257,RESTRICTED
ACC_003812,CUST_003812,SAVINGS,45322.22,ACTIVE,PENDING,0.062,RESTRICTED
ACC_003813,CUST_003813,SAVINGS,26739.25,ACTIVE,VERIFIED,0.36,RESTRICTED
ACC_003814,CUST_003814,SAVINGS,10147.52,ACTIVE,VERIFIED,0.286,RESTRICTED
ACC_003815,CUST_003815,SAVINGS,3751.74,ACTIVE,VERIFIED,0.414,RESTRICTED
ACC_003816,CUST_003816,SAVINGS,19905.59,ACTIVE,VERIFIED,0.338,RESTRICTED
ACC_003817,CUST_003817,SAVINGS,8033.23,ACTIVE,VERIFIED,0.383,RESTRICTED
ACC_003818,CUST_003818,SAVINGS,14504.89,ACTIVE,VERIFIED,0.319,RESTRICTED
ACC_003819,CUST_003819,SAVINGS,38965.4,ACTIVE,VERIFIED,0.196,RESTRICTED
ACC_003820,CUST_003820,SAVINGS,24614.28,FROZEN,FLAGGED,0.204,RESTRICTED
ACC_003821,CUST_003821,SAVINGS,9257.48,ACTIVE,VERIFIED,0.395,RESTRICTED
ACC_003822,CUST_003822,SAVINGS,14007.55,ACTIVE,VERIFIED,0.52,RESTRICTED
ACC_003823,CUST_003823,SAVINGS,9960.23,ACTIVE,VERIFIED,0.402,RESTRICTED
ACC_003824,CUST_003824,SAVINGS,28983.46,ACTIVE,VERIFIED,0.232,RESTRICTED
ACC_003825,CUST_003825,SAVINGS,45485.13,ACTIVE,VERIFIED,0.157,RESTRICTED
ACC_003826,CUST_003826,SAVINGS,36705.13,ACTIVE,VERIFIED,0.452,RESTRICTED
ACC_003827,CUST_003827,SAVINGS,8708.73,ACTIVE,VERIFIED,0.165,RESTRICTED
ACC_003828,CUST_003828,SAVINGS,31514.74,ACTIVE,VERIFIED,0.34,RESTRICTED
ACC_003829,CUST_003829,SAVINGS,24258.01,ACTIVE,VERIFIED,0.473,RESTRICTED
ACC_003830,CUST_003830,SAVINGS,40251.28,ACTIVE,VERIFIED,0.416,RESTRICTED
ACC_003831,CUST_003831,SAVINGS,8504.86,ACTIVE,VERIFIED,0.054,RESTRICTED
ACC_003832,CUST_003832,SAVINGS,22578.34,ACTIVE,VERIFIED,0.061,RESTRICTED
ACC_003833,CUST_003833,SAVINGS,17768.4,ACTIVE,VERIFIED,0.249,RESTRICTED
ACC_003834,CUST_003834,SAVINGS,26932.54,ACTIVE,VERIFIED,0.172,RESTRICTED
ACC_003835,CUST_003835,SAVINGS,42934.11,ACTIVE,VERIFIED,0.177,RESTRICTED
ACC_003836,CUST_003836,SAVINGS,23114.24,ACTIVE,VERIFIED,0.203,RESTRICTED
ACC_003837,CUST_003837,SAVINGS,14863.05,ACTIVE,VERIFIED,0.428,RESTRICTED
ACC_003838,CUST_003838,SAVINGS,34702.09,ACTIVE,VERIFIED,0.191,RESTRICTED
ACC_003839,CUST_003839,SAVINGS,17514.93,ACTIVE,VERIFIED,0.063,RESTRICTED
ACC_003840,CUST_003840,SAVINGS,34056.25,ACTIVE,VERIFIED,0.195,RESTRICTED
ACC_003841,CUST_003841,SAVINGS,10720.9,ACTIVE,VERIFIED,0.353,RESTRICTED
ACC_003842,CUST_003842,SAVINGS,23688.64,ACTIVE,VERIFIED,0.294,RESTRICTED
ACC_003843,CUST_003843,SAVINGS,24007.03,ACTIVE,VERIFIED,0.247,RESTRICTED
ACC_003844,CUST_003844,SAVINGS,10842.29,FROZEN,FLAGGED,0.256,RESTRICTED
ACC_003845,CUST_003845,SAVINGS,26561.69,ACTIVE,VERIFIED,0.233,RESTRICTED
ACC_003846,CUST_003846,SAVINGS,15439.72,ACTIVE,VERIFIED,0.32,RESTRICTED
ACC_003847,CUST_003847,SAVINGS,3388.41,ACTIVE,VERIFIED,0.652,RESTRICTED
ACC_003848,CUST_003848,SAVINGS,38399.64,ACTIVE,VERIFIED,0.403,RESTRICTED
ACC_003849,CUST_003849,SAVINGS,22055.28,ACTIVE,VERIFIED,0.341,RESTRICTED
ACC_003850,CUST_003850,SAVINGS,18634.33,ACTIVE,VERIFIED,0.28,RESTRICTED
ACC_003851,CUST_003851,SAVINGS,17726.94,ACTIVE,VERIFIED,0.318,RESTRICTED
ACC_003852,CUST_003852,SAVINGS,35280.83,ACTIVE,VERIFIED,0.194,RESTRICTED
ACC_003853,CUST_003853,SAVINGS,27516.6,ACTIVE,VERIFIED,0.278,RESTRICTED
ACC_003854,CUST_003854,SAVINGS,12847.28,FROZEN,FLAGGED,0.466,RESTRICTED
ACC_003855,CUST_003855,SAVINGS,43742.14,ACTIVE,VERIFIED,0.119,RESTRICTED
ACC_003856,CUST_003856,SAVINGS,37373.0,ACTIVE,VERIFIED,0.27,RESTRICTED
ACC_003857,CUST_003857,SAVINGS,24451.51,ACTIVE,VERIFIED,0.6,RESTRICTED
ACC_003858,CUST_003858,SAVINGS,7422.27,ACTIVE,VERIFIED,0.535,RESTRICTED
ACC_003859,CUST_003859,SAVINGS,43545.48,FROZEN,FLAGGED,0.25,RESTRICTED
ACC_003860,CUST_003860,SAVINGS,27683.24,ACTIVE,VERIFIED,0.212,RESTRICTED
ACC_003861,CUST_003861,SAVINGS,36417.11,ACTIVE,PENDING,0.07,RESTRICTED
ACC_003862,CUST_003862,SAVINGS,49233.23,ACTIVE,VERIFIED,0.322,RESTRICTED
ACC_003863,CUST_003863,SAVINGS,20733.09,ACTIVE,VERIFIED,0.109,RESTRICTED
ACC_003864,CUST_003864,SAVINGS,34829.25,ACTIVE,VERIFIED,0.231,RESTRICTED
ACC_003865,CUST_003865,SAVINGS,35634.29,ACTIVE,VERIFIED,0.159,RESTRICTED
ACC_003866,CUST_003866,SAVINGS,45441.17,ACTIVE,PENDING,0.074,RESTRICTED
ACC_003867,CUST_003867,SAVINGS,24248.45,ACTIVE,VERIFIED,0.546,RESTRICTED
ACC_003868,CUST_003868,SAVINGS,17385.2,ACTIVE,VERIFIED,0.34,RESTRICTED
ACC_003869,CUST_003869,SAVINGS,40576.65,ACTIVE,VERIFIED,0.393,RESTRICTED
ACC_003870,CUST_003870,SAVINGS,4140.11,ACTIVE,VERIFIED,0.407,RESTRICTED
ACC_003871,CUST_003871,SAVINGS,28248.35,ACTIVE,VERIFIED,0.327,RESTRICTED
ACC_003872,CUST_003872,SAVINGS,8586.93,ACTIVE,VERIFIED,0.278,RESTRICTED
ACC_003873,CUST_003873,SAVINGS,21868.39,ACTIVE,VERIFIED,0.122,RESTRICTED
ACC_003874,CUST_003874,SAVINGS,6908.25,ACTIVE,PENDING,0.138,RESTRICTED
ACC_003875,CUST_003875,SAVINGS,4043.22,FROZEN,FLAGGED,0.482,RESTRICTED
ACC_003876,CUST_003876,SAVINGS,32203.84,ACTIVE,VERIFIED,0.057,RESTRICTED
ACC_003877,CUST_003877,SAVINGS,39257.35,ACTIVE,VERIFIED,0.377,RESTRICTED
ACC_003878,CUST_003878,SAVINGS,12499.08,ACTIVE,VERIFIED,0.365,RESTRICTED
ACC_003879,CUST_003879,SAVINGS,18024.07,ACTIVE,PENDING,0.489,RESTRICTED
ACC_003880,CUST_003880,SAVINGS,2472.5,ACTIVE,VERIFIED,0.293,RESTRICTED
ACC_003881,CUST_003881,SAVINGS,47333.05,ACTIVE,VERIFIED,0.321,RESTRICTED
ACC_003882,CUST_003882,SAVINGS,32502.05,ACTIVE,PENDING,0.296,RESTRICTED
ACC_003883,CUST_003883,SAVINGS,22165.96,ACTIVE,VERIFIED,0.113,RESTRICTED
ACC_003884,CUST_003884,SAVINGS,34633.79,ACTIVE,VERIFIED,0.189,RESTRICTED
ACC_003885,CUST_003885,SAVINGS,8751.26,ACTIVE,PENDING,0.208,RESTRICTED
ACC_003886,CUST_003886,SAVINGS,38882.6,ACTIVE,VERIFIED,0.259,RESTRICTED
ACC_003887,CUST_003887,SAVINGS,22823.64,ACTIVE,VERIFIED,0.161,RESTRICTED
ACC_003888,CUST_003888,SAVINGS,9441.53,ACTIVE,VERIFIED,0.46,RESTRICTED
ACC_003889,CUST_003889,SAVINGS,2109.86,ACTIVE,VERIFIED,0.352,RESTRICTED
ACC_003890,CUST_003890,SAVINGS,47814.62,ACTIVE,VERIFIED,0.147,RESTRICTED
ACC_003891,CUST_003891,SAVINGS,12316.45,ACTIVE,VERIFIED,0.225,RESTRICTED
ACC_003892,CUST_003892,SAVINGS,42127.91,ACTIVE,PENDING,0.467,RESTRICTED
ACC_003893,CUST_003893,SAVINGS,39023.35,ACTIVE,VERIFIED,0.09,RESTRICTED
ACC_003894,CUST_003894,SAVINGS,49302.65,ACTIVE,VERIFIED,0.144,RESTRICTED
ACC_003895,CUST_003895,SAVINGS,30357.63,ACTIVE,VERIFIED,0.273,RESTRICTED
ACC_003896,CUST_003896,SAVINGS,25999.04,ACTIVE,VERIFIED,0.125,RESTRICTED
ACC_003897,CUST_003897,SAVINGS,49206.97,ACTIVE,VERIFIED,0.488,RESTRICTED
ACC_003898,CUST_003898,SAVINGS,4615.05,ACTIVE,VERIFIED,0.398,RESTRICTED
ACC_003899,CUST_003899,SAVINGS,39058.79,ACTIVE,VERIFIED,0.248,RESTRICTED
ACC_003900,CUST_003900,SAVINGS,32549.19,ACTIVE,VERIFIED,0.312,RESTRICTED
ACC_003901,CUST_003901,SAVINGS,19641.66,ACTIVE,VERIFIED,0.286,RESTRICTED
ACC_003902,CUST_003902,SAVINGS,42394.55,ACTIVE,VERIFIED,0.538,RESTRICTED
ACC_003903,CUST_003903,SAVINGS,4101.44,ACTIVE,PENDING,0.232,RESTRICTED
ACC_003904,CUST_003904,SAVINGS,12203.45,ACTIVE,VERIFIED,0.114,RESTRICTED
ACC_003905,CUST_003905,SAVINGS,18376.46,ACTIVE,VERIFIED,0.273,RESTRICTED
ACC_003906,CUST_003906,SAVINGS,48615.46,FROZEN,FLAGGED,0.216,RESTRICTED
ACC_003907,CUST_003907,SAVINGS,22239.17,FROZEN,FLAGGED,0.203,RESTRICTED
ACC_003908,CUST_003908,SAVINGS,39621.91,ACTIVE,VERIFIED,0.281,RESTRICTED
ACC_003909,CUST_003909,SAVINGS,26149.32,ACTIVE,VERIFIED,0.354,RESTRICTED
ACC_003910,CUST_003910,SAVINGS,29324.41,ACTIVE,VERIFIED,0.382,RESTRICTED
ACC_003911,CUST_003911,SAVINGS,12258.01,FROZEN,FLAGGED,0.164,RESTRICTED
ACC_003912,CUST_003912,SAVINGS,6972.39,ACTIVE,VERIFIED,0.185,RESTRICTED
ACC_003913,CUST_003913,SAVINGS,15591.29,ACTIVE,VERIFIED,0.218,RESTRICTED
ACC_003914,CUST_003914,SAVINGS,41184.05,ACTIVE,VERIFIED,0.459,RESTRICTED
ACC_003915,CUST_003915,SAVINGS,24582.16,ACTIVE,PENDING,0.434,RESTRICTED
ACC_003916,CUST_003916,SAVINGS,41502.07,ACTIVE,VERIFIED,0.511,RESTRICTED
ACC_003917,CUST_003917,SAVINGS,28551.26,ACTIVE,VERIFIED,0.379,RESTRICTED
ACC_003918,CUST_003918,SAVINGS,5985.82,ACTIVE,PENDING,0.105,RESTRICTED
ACC_003919,CUST_003919,SAVINGS,25220.92,ACTIVE,VERIFIED,0.369,RESTRICTED
ACC_003920,CUST_003920,SAVINGS,16487.57,ACTIVE,VERIFIED,0.103,RESTRICTED
ACC_003921,CUST_003921,SAVINGS,34775.53,ACTIVE,PENDING,0.142,RESTRICTED
ACC_003922,CUST_003922,SAVINGS,15278.28,ACTIVE,VERIFIED,0.027,RESTRICTED
ACC_003923,CUST_003923,SAVINGS,11782.26,ACTIVE,VERIFIED,0.146,RESTRICTED
ACC_003924,CUST_003924,SAVINGS,14898.25,ACTIVE,VERIFIED,0.092,RESTRICTED
ACC_003925,CUST_003925,SAVINGS,24269.77,ACTIVE,VERIFIED,0.11,RESTRICTED
ACC_003926,CUST_003926,SAVINGS,39228.59,ACTIVE,VERIFIED,0.485,RESTRICTED
ACC_003927,CUST_003927,SAVINGS,49739.44,ACTIVE,VERIFIED,0.204,RESTRICTED
ACC_003928,CUST_003928,SAVINGS,33142.8,ACTIVE,VERIFIED,0.268,RESTRICTED
ACC_003929,CUST_003929,SAVINGS,29342.42,ACTIVE,VERIFIED,0.492,RESTRICTED
ACC_003930,CUST_003930,SAVINGS,37595.1,ACTIVE,VERIFIED,0.062,RESTRICTED
ACC_003931,CUST_003931,SAVINGS,37751.7,ACTIVE,VERIFIED,0.203,RESTRICTED
ACC_003932,CUST_003932,SAVINGS,43127.23,ACTIVE,VERIFIED,0.033,RESTRICTED
ACC_003933,CUST_003933,SAVINGS,18774.92,ACTIVE,VERIFIED,0.087,RESTRICTED
ACC_003934,CUST_003934,SAVINGS,11955.0,ACTIVE,VERIFIED,0.28,RESTRICTED
ACC_003935,CUST_003935,SAVINGS,29601.79,ACTIVE,VERIFIED,0.685,RESTRICTED
ACC_003936,CUST_003936,SAVINGS,8024.43,ACTIVE,VERIFIED,0.569,RESTRICTED
ACC_003937,CUST_003937,SAVINGS,24263.81,ACTIVE,VERIFIED,0.199,RESTRICTED
ACC_003938,CUST_003938,SAVINGS,6005.42,ACTIVE,VERIFIED,0.353,RESTRICTED
ACC_003939,CUST_003939,SAVINGS,12785.98,ACTIVE,VERIFIED,0.064,RESTRICTED
ACC_003940,CUST_003940,SAVINGS,1101.55,ACTIVE,VERIFIED,0.162,RESTRICTED
ACC_003941,CUST_003941,SAVINGS,4037.06,ACTIVE,VERIFIED,0.314,RESTRICTED
ACC_003942,CUST_003942,SAVINGS,19295.73,ACTIVE,VERIFIED,0.237,RESTRICTED
ACC_003943,CUST_003943,SAVINGS,12661.88,ACTIVE,VERIFIED,0.118,RESTRICTED
ACC_003944,CUST_003944,SAVINGS,23172.71,ACTIVE,PENDING,0.412,RESTRICTED
ACC_003945,CUST_003945,SAVINGS,48707.13,ACTIVE,VERIFIED,0.23,RESTRICTED
ACC_003946,CUST_003946,SAVINGS,39615.39,ACTIVE,VERIFIED,0.128,RESTRICTED
ACC_003947,CUST_003947,SAVINGS,12632.2,ACTIVE,VERIFIED,0.219,RESTRICTED
ACC_003948,CUST_003948,SAVINGS,43366.5,ACTIVE,PENDING,0.178,RESTRICTED
ACC_003949,CUST_003949,SAVINGS,8515.7,ACTIVE,VERIFIED,0.392,RESTRICTED
ACC_003950,CUST_003950,SAVINGS,36551.6,ACTIVE,VERIFIED,0.244,RESTRICTED
ACC_003951,CUST_003951,SAVINGS,7741.54,ACTIVE,VERIFIED,0.195,RESTRICTED
ACC_003952,CUST_003952,SAVINGS,28884.86,ACTIVE,VERIFIED,0.288,RESTRICTED
ACC_003953,CUST_003953,SAVINGS,24138.44,ACTIVE,VERIFIED,0.08,RESTRICTED
ACC_003954,CUST_003954,SAVINGS,18929.7,ACTIVE,PENDING,0.146,RESTRICTED
ACC_003955,CUST_003955,SAVINGS,18231.83,ACTIVE,VERIFIED,0.13,RESTRICTED
ACC_003956,CUST_003956,SAVINGS,17985.07,ACTIVE,VERIFIED,0.097,RESTRICTED
ACC_003957,CUST_003957,SAVINGS,1881.19,ACTIVE,PENDING,0.112,RESTRICTED
ACC_003958,CUST_003958,SAVINGS,16189.53,ACTIVE,VERIFIED,0.348,RESTRICTED
ACC_003959,CUST_003959,SAVINGS,42054.33,ACTIVE,VERIFIED,0.202,RESTRICTED
ACC_003960,CUST_003960,SAVINGS,6344.15,ACTIVE,VERIFIED,0.159,RESTRICTED
ACC_003961,CUST_003961,SAVINGS,16424.56,ACTIVE,VERIFIED,0.181,RESTRICTED
ACC_003962,CUST_003962,SAVINGS,38322.28,ACTIVE,VERIFIED,0.072,RESTRICTED
ACC_003963,CUST_003963,SAVINGS,32642.36,ACTIVE,PENDING,0.146,RESTRICTED
ACC_003964,CUST_003964,SAVINGS,39678.01,ACTIVE,VERIFIED,0.376,RESTRICTED
ACC_003965,CUST_003965,SAVINGS,2387.24,FROZEN,FLAGGED,0.185,RESTRICTED
ACC_003966,CUST_003966,SAVINGS,14712.32,FROZEN,FLAGGED,0.38,RESTRICTED
ACC_003967,CUST_003967,SAVINGS,40452.13,ACTIVE,VERIFIED,0.631,RESTRICTED
ACC_003968,CUST_003968,SAVINGS,45122.39,ACTIVE,VERIFIED,0.47,RESTRICTED
ACC_003969,CUST_003969,SAVINGS,2942.68,ACTIVE,VERIFIED,0.171,RESTRICTED
ACC_003970,CUST_003970,SAVINGS,20603.6,ACTIVE,VERIFIED,0.044,RESTRICTED
ACC_003971,CUST_003971,SAVINGS,40989.98,ACTIVE,VERIFIED,0.458,RESTRICTED
ACC_003972,CUST_003972,SAVINGS,47499.48,ACTIVE,VERIFIED,0.177,RESTRICTED
ACC_003973,CUST_003973,SAVINGS,49539.38,ACTIVE,PENDING,0.311,RESTRICTED
ACC_003974,CUST_003974,SAVINGS,9779.95,ACTIVE,VERIFIED,0.247,RESTRICTED
ACC_003975,CUST_003975,SAVINGS,14724.66,ACTIVE,VERIFIED,0.133,RESTRICTED
ACC_003976,CUST_003976,SAVINGS,13790.8,ACTIVE,VERIFIED,0.411,RESTRICTED
ACC_003977,CUST_003977,SAVINGS,48539.12,ACTIVE,PENDING,0.436,RESTRICTED
ACC_003978,CUST_003978,SAVINGS,12106.06,ACTIVE,VERIFIED,0.229,RESTRICTED
ACC_003979,CUST_003979,SAVINGS,30868.42,ACTIVE,VERIFIED,0.147,RESTRICTED
ACC_003980,CUST_003980,SAVINGS,10466.52,ACTIVE,VERIFIED,0.227,RESTRICTED
ACC_003981,CUST_003981,SAVINGS,28198.54,ACTIVE,VERIFIED,0.404,RESTRICTED
ACC_003982,CUST_003982,SAVINGS,1353.39,ACTIVE,VERIFIED,0.389,RESTRICTED
ACC_003983,CUST_003983,SAVINGS,44207.27,ACTIVE,VERIFIED,0.17,RESTRICTED
ACC_003984,CUST_003984,SAVINGS,30450.31,ACTIVE,PENDING,0.216,RESTRICTED
ACC_003985,CUST_003985,SAVINGS,15686.38,ACTIVE,VERIFIED,0.181,RESTRICTED
ACC_003986,CUST_003986,SAVINGS,20521.2,ACTIVE,VERIFIED,0.285,RESTRICTED
ACC_003987,CUST_003987,SAVINGS,44094.28,ACTIVE,VERIFIED,0.352,RESTRICTED
ACC_003988,CUST_003988,SAVINGS,15515.24,ACTIVE,PENDING,0.697,RESTRICTED
ACC_003989,CUST_003989,SAVINGS,3175.65,ACTIVE,PENDING,0.452,RESTRICTED
ACC_003990,CUST_003990,SAVINGS,47447.46,ACTIVE,VERIFIED,0.295,RESTRICTED
ACC_003991,CUST_003991,SAVINGS,48311.94,ACTIVE,VERIFIED,0.157,RESTRICTED
ACC_003992,CUST_003992,SAVINGS,46052.63,ACTIVE,VERIFIED,0.485,RESTRICTED
ACC_003993,CUST_003993,SAVINGS,15409.64,ACTIVE,VERIFIED,0.278,RESTRICTED
ACC_003994,CUST_003994,SAVINGS,1099.81,ACTIVE,VERIFIED,0.323,RESTRICTED
ACC_003995,CUST_003995,SAVINGS,13639.27,ACTIVE,VERIFIED,0.3,RESTRICTED
ACC_003996,CUST_003996,SAVINGS,45653.39,FROZEN,FLAGGED,0.206,RESTRICTED
ACC_003997,CUST_003997,SAVINGS,49903.19,ACTIVE,VERIFIED,0.129,RESTRICTED
ACC_003998,CUST_003998,SAVINGS,13970.54,ACTIVE,VERIFIED,0.129,RESTRICTED
ACC_003999,CUST_003999,SAVINGS,40830.24,ACTIVE,VERIFIED,0.544,RESTRICTED
ACC_004000,CUST_004000,SAVINGS,45328.52,ACTIVE,PENDING,0.058,RESTRICTED
ACC_004001,CUST_004001,SAVINGS,43063.25,ACTIVE,VERIFIED,0.309,RESTRICTED
ACC_004002,CUST_004002,SAVINGS,24939.26,ACTIVE,VERIFIED,0.432,RESTRICTED
ACC_004003,CUST_004003,SAVINGS,38727.14,ACTIVE,VERIFIED,0.364,RESTRICTED
ACC_004004,CUST_004004,SAVINGS,24766.93,ACTIVE,VERIFIED,0.442,RESTRICTED
ACC_004005,CUST_004005,SAVINGS,24737.09,ACTIVE,VERIFIED,0.408,RESTRICTED
ACC_004006,CUST_004006,SAVINGS,8376.2,ACTIVE,VERIFIED,0.135,RESTRICTED
ACC_004007,CUST_004007,SAVINGS,25997.87,ACTIVE,VERIFIED,0.184,RESTRICTED
ACC_004008,CUST_004008,SAVINGS,21823.9,ACTIVE,VERIFIED,0.098,RESTRICTED
ACC_004009,CUST_004009,SAVINGS,15490.97,ACTIVE,VERIFIED,0.596,RESTRICTED
ACC_004010,CUST_004010,SAVINGS,46092.22,ACTIVE,VERIFIED,0.393,RESTRICTED
ACC_004011,CUST_004011,SAVINGS,26432.73,ACTIVE,VERIFIED,0.268,RESTRICTED
ACC_004012,CUST_004012,SAVINGS,4538.23,FROZEN,FLAGGED,0.289,RESTRICTED
ACC_004013,CUST_004013,SAVINGS,15511.25,FROZEN,FLAGGED,0.204,RESTRICTED
ACC_004014,CUST_004014,SAVINGS,29300.89,ACTIVE,VERIFIED,0.257,RESTRICTED
ACC_004015,CUST_004015,SAVINGS,34592.25,ACTIVE,VERIFIED,0.108,RESTRICTED
ACC_004016,CUST_004016,SAVINGS,22667.09,ACTIVE,VERIFIED,0.484,RESTRICTED
ACC_004017,CUST_004017,SAVINGS,14229.47,ACTIVE,VERIFIED,0.133,RESTRICTED
ACC_004018,CUST_004018,SAVINGS,9567.58,ACTIVE,VERIFIED,0.358,RESTRICTED
ACC_004019,CUST_004019,SAVINGS,2689.49,ACTIVE,VERIFIED,0.404,RESTRICTED
ACC_004020,CUST_004020,SAVINGS,12563.25,ACTIVE,VERIFIED,0.322,RESTRICTED
ACC_004021,CUST_004021,SAVINGS,45141.53,ACTIVE,VERIFIED,0.113,RESTRICTED
ACC_004022,CUST_004022,SAVINGS,10703.64,ACTIVE,VERIFIED,0.533,RESTRICTED
ACC_004023,CUST_004023,SAVINGS,18632.83,ACTIVE,VERIFIED,0.217,RESTRICTED
ACC_004024,CUST_004024,SAVINGS,47466.32,ACTIVE,VERIFIED,0.179,RESTRICTED
ACC_004025,CUST_004025,SAVINGS,29871.57,ACTIVE,PENDING,0.14,RESTRICTED
ACC_004026,CUST_004026,SAVINGS,28256.03,ACTIVE,VERIFIED,0.227,RESTRICTED
ACC_004027,CUST_004027,SAVINGS,47781.53,ACTIVE,PENDING,0.103,RESTRICTED
ACC_004028,CUST_004028,SAVINGS,16718.52,ACTIVE,PENDING,0.262,RESTRICTED
ACC_004029,CUST_004029,SAVINGS,12248.37,ACTIVE,VERIFIED,0.162,RESTRICTED
ACC_004030,CUST_004030,SAVINGS,7877.42,ACTIVE,VERIFIED,0.275,RESTRICTED
ACC_004031,CUST_004031,SAVINGS,31457.67,ACTIVE,VERIFIED,0.18,RESTRICTED
ACC_004032,CUST_004032,SAVINGS,25003.31,ACTIVE,VERIFIED,0.581,RESTRICTED
ACC_004033,CUST_004033,SAVINGS,16890.92,ACTIVE,VERIFIED,0.156,RESTRICTED
ACC_004034,CUST_004034,SAVINGS,22389.86,ACTIVE,VERIFIED,0.389,RESTRICTED
ACC_004035,CUST_004035,SAVINGS,36927.77,ACTIVE,VERIFIED,0.254,RESTRICTED
ACC_004036,CUST_004036,SAVINGS,44856.41,ACTIVE,VERIFIED,0.381,RESTRICTED
ACC_004037,CUST_004037,SAVINGS,33111.1,ACTIVE,PENDING,0.613,RESTRICTED
ACC_004038,CUST_004038,SAVINGS,30942.67,ACTIVE,VERIFIED,0.157,RESTRICTED
ACC_004039,CUST_004039,SAVINGS,37859.41,ACTIVE,VERIFIED,0.393,RESTRICTED
ACC_004040,CUST_004040,SAVINGS,9521.33,ACTIVE,VERIFIED,0.454,RESTRICTED
ACC_004041,CUST_004041,SAVINGS,46140.54,FROZEN,FLAGGED,0.483,RESTRICTED
ACC_004042,CUST_004042,SAVINGS,17814.24,ACTIVE,VERIFIED,0.14,RESTRICTED
ACC_004043,CUST_004043,SAVINGS,13892.4,ACTIVE,VERIFIED,0.279,RESTRICTED
ACC_004044,CUST_004044,SAVINGS,47476.18,ACTIVE,VERIFIED,0.105,RESTRICTED
ACC_004045,CUST_004045,SAVINGS,13582.48,ACTIVE,VERIFIED,0.314,RESTRICTED
ACC_004046,CUST_004046,SAVINGS,6366.13,ACTIVE,VERIFIED,0.234,RESTRICTED
ACC_004047,CUST_004047,SAVINGS,40279.51,ACTIVE,VERIFIED,0.122,RESTRICTED
ACC_004048,CUST_004048,SAVINGS,27682.44,ACTIVE,VERIFIED,0.441,RESTRICTED
ACC_004049,CUST_004049,SAVINGS,18639.01,ACTIVE,VERIFIED,0.24,RESTRICTED
ACC_004050,CUST_004050,SAVINGS,37602.17,ACTIVE,VERIFIED,0.333,RESTRICTED
ACC_004051,CUST_004051,SAVINGS,36535.93,ACTIVE,VERIFIED,0.355,RESTRICTED
ACC_004052,CUST_004052,SAVINGS,8835.21,ACTIVE,VERIFIED,0.258,RESTRICTED
ACC_004053,CUST_004053,SAVINGS,28787.92,ACTIVE,VERIFIED,0.395,RESTRICTED
ACC_004054,CUST_004054,SAVINGS,10640.68,ACTIVE,VERIFIED,0.599,RESTRICTED
ACC_004055,CUST_004055,SAVINGS,20055.73,ACTIVE,VERIFIED,0.342,RESTRICTED
ACC_004056,CUST_004056,SAVINGS,22707.64,ACTIVE,VERIFIED,0.689,RESTRICTED
ACC_004057,CUST_004057,SAVINGS,12893.21,ACTIVE,VERIFIED,0.341,RESTRICTED
ACC_004058,CUST_004058,SAVINGS,33999.35,ACTIVE,VERIFIED,0.279,RESTRICTED
ACC_004059,CUST_004059,SAVINGS,31654.33,ACTIVE,VERIFIED,0.383,RESTRICTED
ACC_004060,CUST_004060,SAVINGS,41148.66,ACTIVE,VERIFIED,0.211,RESTRICTED
ACC_004061,CUST_004061,SAVINGS,32840.75,ACTIVE,VERIFIED,0.336,RESTRICTED
ACC_004062,CUST_004062,SAVINGS,19438.99,ACTIVE,VERIFIED,0.297,RESTRICTED
ACC_004063,CUST_004063,SAVINGS,22598.6,ACTIVE,VERIFIED,0.521,RESTRICTED
ACC_004064,CUST_004064,SAVINGS,25394.37,ACTIVE,VERIFIED,0.074,RESTRICTED
ACC_004065,CUST_004065,SAVINGS,1508.69,ACTIVE,VERIFIED,0.326,RESTRICTED
ACC_004066,CUST_004066,SAVINGS,46476.71,ACTIVE,VERIFIED,0.33,RESTRICTED
ACC_004067,CUST_004067,SAVINGS,15619.65,ACTIVE,VERIFIED,0.183,RESTRICTED
ACC_004068,CUST_004068,SAVINGS,9313.5,ACTIVE,VERIFIED,0.238,RESTRICTED
ACC_004069,CUST_004069,SAVINGS,43634.32,ACTIVE,PENDING,0.371,RESTRICTED
ACC_004070,CUST_004070,SAVINGS,24652.4,ACTIVE,VERIFIED,0.287,RESTRICTED
ACC_004071,CUST_004071,SAVINGS,18114.9,FROZEN,FLAGGED,0.413,RESTRICTED
ACC_004072,CUST_004072,SAVINGS,31980.64,ACTIVE,VERIFIED,0.268,RESTRICTED
ACC_004073,CUST_004073,SAVINGS,49103.14,ACTIVE,VERIFIED,0.19,RESTRICTED
ACC_004074,CUST_004074,SAVINGS,30583.49,ACTIVE,VERIFIED,0.216,RESTRICTED
ACC_004075,CUST_004075,SAVINGS,1734.37,ACTIVE,VERIFIED,0.418,RESTRICTED
ACC_004076,CUST_004076,SAVINGS,12016.23,ACTIVE,VERIFIED,0.379,RESTRICTED
ACC_004077,CUST_004077,SAVINGS,15355.56,ACTIVE,VERIFIED,0.593,RESTRICTED
ACC_004078,CUST_004078,SAVINGS,37623.1,ACTIVE,VERIFIED,0.326,RESTRICTED
ACC_004079,CUST_004079,SAVINGS,36515.43,ACTIVE,VERIFIED,0.314,RESTRICTED
ACC_004080,CUST_004080,SAVINGS,29738.99,ACTIVE,VERIFIED,0.243,RESTRICTED
ACC_004081,CUST_004081,SAVINGS,44495.57,ACTIVE,VERIFIED,0.078,RESTRICTED
ACC_004082,CUST_004082,SAVINGS,15151.89,FROZEN,FLAGGED,0.436,RESTRICTED
ACC_004083,CUST_004083,SAVINGS,28840.16,ACTIVE,PENDING,0.316,RESTRICTED
ACC_004084,CUST_004084,SAVINGS,13602.04,ACTIVE,VERIFIED,0.031,RESTRICTED
ACC_004085,CUST_004085,SAVINGS,3531.72,ACTIVE,VERIFIED,0.401,RESTRICTED
ACC_004086,CUST_004086,SAVINGS,15758.18,ACTIVE,VERIFIED,0.142,RESTRICTED
ACC_004087,CUST_004087,SAVINGS,6282.43,ACTIVE,VERIFIED,0.478,RESTRICTED
ACC_004088,CUST_004088,SAVINGS,23152.58,ACTIVE,VERIFIED,0.344,RESTRICTED
ACC_004089,CUST_004089,SAVINGS,34907.76,ACTIVE,PENDING,0.111,RESTRICTED
ACC_004090,CUST_004090,SAVINGS,21342.81,ACTIVE,VERIFIED,0.289,RESTRICTED
ACC_004091,CUST_004091,SAVINGS,23476.54,ACTIVE,VERIFIED,0.516,RESTRICTED
ACC_004092,CUST_004092,SAVINGS,19317.69,ACTIVE,VERIFIED,0.151,RESTRICTED
ACC_004093,CUST_004093,SAVINGS,44162.99,ACTIVE,VERIFIED,0.54,RESTRICTED
ACC_004094,CUST_004094,SAVINGS,1260.35,ACTIVE,VERIFIED,0.229,RESTRICTED
ACC_004095,CUST_004095,SAVINGS,16062.5,ACTIVE,VERIFIED,0.458,RESTRICTED
ACC_004096,CUST_004096,SAVINGS,30532.06,ACTIVE,VERIFIED,0.11,RESTRICTED
ACC_004097,CUST_004097,SAVINGS,13972.02,ACTIVE,VERIFIED,0.22,RESTRICTED
ACC_004098,CUST_004098,SAVINGS,34582.18,FROZEN,FLAGGED,0.117,RESTRICTED
ACC_004099,CUST_004099,SAVINGS,4223.04,ACTIVE,VERIFIED,0.385,RESTRICTED
ACC_004100,CUST_004100,SAVINGS,6461.27,ACTIVE,VERIFIED,0.185,RESTRICTED
ACC_004101,CUST_004101,SAVINGS,7260.92,FROZEN,FLAGGED,0.034,RESTRICTED
ACC_004102,CUST_004102,SAVINGS,29031.51,ACTIVE,VERIFIED,0.692,RESTRICTED
ACC_004103,CUST_004103,SAVINGS,20739.56,ACTIVE,PENDING,0.283,RESTRICTED
ACC_004104,CUST_004104,SAVINGS,16026.23,ACTIVE,PENDING,0.396,RESTRICTED
ACC_004105,CUST_004105,SAVINGS,28286.34,ACTIVE,VERIFIED,0.184,RESTRICTED
ACC_004106,CUST_004106,SAVINGS,13271.87,FROZEN,FLAGGED,0.145,RESTRICTED
ACC_004107,CUST_004107,SAVINGS,1891.12,ACTIVE,VERIFIED,0.675,RESTRICTED
ACC_004108,CUST_004108,SAVINGS,36251.43,ACTIVE,VERIFIED,0.385,RESTRICTED
ACC_004109,CUST_004109,SAVINGS,19377.88,ACTIVE,VERIFIED,0.219,RESTRICTED
ACC_004110,CUST_004110,SAVINGS,24153.91,ACTIVE,VERIFIED,0.213,RESTRICTED
ACC_004111,CUST_004111,SAVINGS,15056.78,ACTIVE,VERIFIED,0.568,RESTRICTED
ACC_004112,CUST_004112,SAVINGS,33715.18,ACTIVE,VERIFIED,0.09,RESTRICTED
ACC_004113,CUST_004113,SAVINGS,1864.9,ACTIVE,VERIFIED,0.329,RESTRICTED
ACC_004114,CUST_004114,SAVINGS,34868.7,ACTIVE,VERIFIED,0.077,RESTRICTED
ACC_004115,CUST_004115,SAVINGS,32851.23,ACTIVE,VERIFIED,0.23,RESTRICTED
ACC_004116,CUST_004116,SAVINGS,21937.88,ACTIVE,VERIFIED,0.214,RESTRICTED
ACC_004117,CUST_004117,SAVINGS,44148.92,ACTIVE,VERIFIED,0.195,RESTRICTED
ACC_004118,CUST_004118,SAVINGS,33468.72,ACTIVE,VERIFIED,0.404,RESTRICTED
ACC_004119,CUST_004119,SAVINGS,44061.96,ACTIVE,VERIFIED,0.466,RESTRICTED
ACC_004120,CUST_004120,SAVINGS,22636.32,ACTIVE,VERIFIED,0.462,RESTRICTED
ACC_004121,CUST_004121,SAVINGS,15437.24,ACTIVE,PENDING,0.502,RESTRICTED
ACC_004122,CUST_004122,SAVINGS,41090.48,ACTIVE,VERIFIED,0.058,RESTRICTED
ACC_004123,CUST_004123,SAVINGS,42292.91,ACTIVE,VERIFIED,0.451,RESTRICTED
ACC_004124,CUST_004124,SAVINGS,22157.36,ACTIVE,VERIFIED,0.649,RESTRICTED
ACC_004125,CUST_004125,SAVINGS,16316.51,ACTIVE,VERIFIED,0.305,RESTRICTED
ACC_004126,CUST_004126,SAVINGS,5193.56,ACTIVE,VERIFIED,0.424,RESTRICTED
ACC_004127,CUST_004127,SAVINGS,12816.76,ACTIVE,VERIFIED,0.122,RESTRICTED
ACC_004128,CUST_004128,SAVINGS,36375.11,ACTIVE,VERIFIED,0.538,RESTRICTED
ACC_004129,CUST_004129,SAVINGS,30071.45,ACTIVE,VERIFIED,0.056,RESTRICTED
ACC_004130,CUST_004130,SAVINGS,43611.46,ACTIVE,VERIFIED,0.246,RESTRICTED
ACC_004131,CUST_004131,SAVINGS,22337.6,ACTIVE,VERIFIED,0.614,RESTRICTED
ACC_004132,CUST_004132,SAVINGS,10132.99,ACTIVE,VERIFIED,0.093,RESTRICTED
ACC_004133,CUST_004133,SAVINGS,11713.38,ACTIVE,VERIFIED,0.43,RESTRICTED
ACC_004134,CUST_004134,SAVINGS,4817.12,ACTIVE,VERIFIED,0.343,RESTRICTED
ACC_004135,CUST_004135,SAVINGS,6464.16,ACTIVE,VERIFIED,0.258,RESTRICTED
ACC_004136,CUST_004136,SAVINGS,8681.25,ACTIVE,VERIFIED,0.414,RESTRICTED
ACC_004137,CUST_004137,SAVINGS,28358.28,ACTIVE,VERIFIED,0.171,RESTRICTED
ACC_004138,CUST_004138,SAVINGS,32501.28,ACTIVE,VERIFIED,0.154,RESTRICTED
ACC_004139,CUST_004139,SAVINGS,38108.66,ACTIVE,VERIFIED,0.173,RESTRICTED
ACC_004140,CUST_004140,SAVINGS,26453.81,ACTIVE,VERIFIED,0.256,RESTRICTED
ACC_004141,CUST_004141,SAVINGS,25947.92,ACTIVE,PENDING,0.186,RESTRICTED
ACC_004142,CUST_004142,SAVINGS,38485.85,ACTIVE,VERIFIED,0.32,RESTRICTED
ACC_004143,CUST_004143,SAVINGS,14472.27,ACTIVE,VERIFIED,0.251,RESTRICTED
ACC_004144,CUST_004144,SAVINGS,20932.7,ACTIVE,VERIFIED,0.599,RESTRICTED
ACC_004145,CUST_004145,SAVINGS,31600.72,ACTIVE,VERIFIED,0.221,RESTRICTED
ACC_004146,CUST_004146,SAVINGS,23393.43,ACTIVE,VERIFIED,0.581,RESTRICTED
ACC_004147,CUST_004147,SAVINGS,21287.91,ACTIVE,VERIFIED,0.293,RESTRICTED
ACC_004148,CUST_004148,SAVINGS,31117.61,ACTIVE,VERIFIED,0.246,RESTRICTED
ACC_004149,CUST_004149,SAVINGS,1221.35,ACTIVE,VERIFIED,0.23,RESTRICTED
ACC_004150,CUST_004150,SAVINGS,22144.05,ACTIVE,VERIFIED,0.118,RESTRICTED
ACC_004151,CUST_004151,SAVINGS,9044.09,ACTIVE,VERIFIED,0.091,RESTRICTED
ACC_004152,CUST_004152,SAVINGS,18444.99,ACTIVE,VERIFIED,0.48,RESTRICTED
ACC_004153,CUST_004153,SAVINGS,37272.56,ACTIVE,VERIFIED,0.314,RESTRICTED
ACC_004154,CUST_004154,SAVINGS,17152.04,ACTIVE,VERIFIED,0.325,RESTRICTED
ACC_004155,CUST_004155,SAVINGS,14029.05,ACTIVE,VERIFIED,0.232,RESTRICTED
ACC_004156,CUST_004156,SAVINGS,11722.08,ACTIVE,VERIFIED,0.54,RESTRICTED
ACC_004157,CUST_004157,SAVINGS,41444.09,ACTIVE,VERIFIED,0.373,RESTRICTED
ACC_004158,CUST_004158,SAVINGS,25105.34,ACTIVE,VERIFIED,0.328,RESTRICTED
ACC_004159,CUST_004159,SAVINGS,14844.66,ACTIVE,VERIFIED,0.483,RESTRICTED
ACC_004160,CUST_004160,SAVINGS,19794.45,ACTIVE,VERIFIED,0.386,RESTRICTED
ACC_004161,CUST_004161,SAVINGS,25409.45,ACTIVE,VERIFIED,0.422,RESTRICTED
ACC_004162,CUST_004162,SAVINGS,43966.97,ACTIVE,VERIFIED,0.281,RESTRICTED
ACC_004163,CUST_004163,SAVINGS,48942.31,ACTIVE,VERIFIED,0.531,RESTRICTED
ACC_004164,CUST_004164,SAVINGS,42108.72,FROZEN,FLAGGED,0.258,RESTRICTED
ACC_004165,CUST_004165,SAVINGS,45814.0,ACTIVE,PENDING,0.112,RESTRICTED
ACC_004166,CUST_004166,SAVINGS,40385.96,ACTIVE,VERIFIED,0.19,RESTRICTED
ACC_004167,CUST_004167,SAVINGS,31847.3,ACTIVE,VERIFIED,0.334,RESTRICTED
ACC_004168,CUST_004168,SAVINGS,31690.53,ACTIVE,VERIFIED,0.268,RESTRICTED
ACC_004169,CUST_004169,SAVINGS,9520.27,ACTIVE,VERIFIED,0.67,RESTRICTED
ACC_004170,CUST_004170,SAVINGS,45474.68,ACTIVE,PENDING,0.372,RESTRICTED
ACC_004171,CUST_004171,SAVINGS,49503.83,ACTIVE,PENDING,0.325,RESTRICTED
ACC_004172,CUST_004172,SAVINGS,12859.25,ACTIVE,VERIFIED,0.082,RESTRICTED
ACC_004173,CUST_004173,SAVINGS,15772.66,ACTIVE,VERIFIED,0.175,RESTRICTED
ACC_004174,CUST_004174,SAVINGS,49875.69,ACTIVE,VERIFIED,0.655,RESTRICTED
ACC_004175,CUST_004175,SAVINGS,43191.07,ACTIVE,VERIFIED,0.504,RESTRICTED
ACC_004176,CUST_004176,SAVINGS,38812.59,ACTIVE,VERIFIED,0.559,RESTRICTED
ACC_004177,CUST_004177,SAVINGS,8090.19,FROZEN,FLAGGED,0.148,RESTRICTED
ACC_004178,CUST_004178,SAVINGS,26662.73,ACTIVE,VERIFIED,0.3,RESTRICTED
ACC_004179,CUST_004179,SAVINGS,17413.15,ACTIVE,VERIFIED,0.174,RESTRICTED
ACC_004180,CUST_004180,SAVINGS,24718.25,ACTIVE,VERIFIED,0.209,RESTRICTED
ACC_004181,CUST_004181,SAVINGS,28176.34,ACTIVE,VERIFIED,0.166,RESTRICTED
ACC_004182,CUST_004182,SAVINGS,13151.14,ACTIVE,PENDING,0.349,RESTRICTED
ACC_004183,CUST_004183,SAVINGS,32069.64,ACTIVE,VERIFIED,0.517,RESTRICTED
ACC_004184,CUST_004184,SAVINGS,6209.71,ACTIVE,VERIFIED,0.037,RESTRICTED
ACC_004185,CUST_004185,SAVINGS,39763.42,ACTIVE,VERIFIED,0.322,RESTRICTED
ACC_004186,CUST_004186,SAVINGS,29515.04,ACTIVE,VERIFIED,0.204,RESTRICTED
ACC_004187,CUST_004187,SAVINGS,35019.39,FROZEN,FLAGGED,0.348,RESTRICTED
ACC_004188,CUST_004188,SAVINGS,9617.27,ACTIVE,VERIFIED,0.139,RESTRICTED
ACC_004189,CUST_004189,SAVINGS,31661.18,ACTIVE,VERIFIED,0.24,RESTRICTED
ACC_004190,CUST_004190,SAVINGS,49599.64,ACTIVE,VERIFIED,0.113,RESTRICTED
ACC_004191,CUST_004191,SAVINGS,1464.1,ACTIVE,VERIFIED,0.319,RESTRICTED
ACC_004192,CUST_004192,SAVINGS,37634.67,ACTIVE,VERIFIED,0.359,RESTRICTED
ACC_004193,CUST_004193,SAVINGS,8732.36,ACTIVE,VERIFIED,0.522,RESTRICTED
ACC_004194,CUST_004194,SAVINGS,19601.62,ACTIVE,VERIFIED,0.102,RESTRICTED
ACC_004195,CUST_004195,SAVINGS,35717.63,ACTIVE,VERIFIED,0.311,RESTRICTED
ACC_004196,CUST_004196,SAVINGS,39397.81,ACTIVE,VERIFIED,0.423,RESTRICTED
ACC_004197,CUST_004197,SAVINGS,48254.02,ACTIVE,PENDING,0.082,RESTRICTED
ACC_004198,CUST_004198,SAVINGS,23090.72,ACTIVE,VERIFIED,0.191,RESTRICTED
ACC_004199,CUST_004199,SAVINGS,30966.76,ACTIVE,VERIFIED,0.106,RESTRICTED
ACC_004200,CUST_004200,SAVINGS,14535.47,ACTIVE,VERIFIED,0.157,RESTRICTED
ACC_004201,CUST_004201,SAVINGS,33220.61,FROZEN,FLAGGED,0.414,RESTRICTED
ACC_004202,CUST_004202,SAVINGS,47822.51,ACTIVE,VERIFIED,0.337,RESTRICTED
ACC_004203,CUST_004203,SAVINGS,30608.72,ACTIVE,VERIFIED,0.56,RESTRICTED
ACC_004204,CUST_004204,SAVINGS,27075.49,ACTIVE,VERIFIED,0.403,RESTRICTED
ACC_004205,CUST_004205,SAVINGS,7178.39,ACTIVE,VERIFIED,0.385,RESTRICTED
ACC_004206,CUST_004206,SAVINGS,27082.51,ACTIVE,VERIFIED,0.37,RESTRICTED
ACC_004207,CUST_004207,SAVINGS,7477.68,ACTIVE,VERIFIED,0.327,RESTRICTED
ACC_004208,CUST_004208,SAVINGS,33966.29,ACTIVE,VERIFIED,0.129,RESTRICTED
ACC_004209,CUST_004209,SAVINGS,10003.1,ACTIVE,PENDING,0.083,RESTRICTED
ACC_004210,CUST_004210,SAVINGS,41815.52,ACTIVE,VERIFIED,0.749,RESTRICTED
ACC_004211,CUST_004211,SAVINGS,41644.06,ACTIVE,PENDING,0.347,RESTRICTED
ACC_004212,CUST_004212,SAVINGS,12091.38,ACTIVE,VERIFIED,0.417,RESTRICTED
ACC_004213,CUST_004213,SAVINGS,8951.61,ACTIVE,VERIFIED,0.128,RESTRICTED
ACC_004214,CUST_004214,SAVINGS,43174.44,ACTIVE,VERIFIED,0.273,RESTRICTED
ACC_004215,CUST_004215,SAVINGS,38339.76,ACTIVE,VERIFIED,0.378,RESTRICTED
ACC_004216,CUST_004216,SAVINGS,45304.51,ACTIVE,VERIFIED,0.395,RESTRICTED
ACC_004217,CUST_004217,SAVINGS,4801.79,ACTIVE,VERIFIED,0.187,RESTRICTED
ACC_004218,CUST_004218,SAVINGS,45052.47,ACTIVE,VERIFIED,0.269,RESTRICTED
ACC_004219,CUST_004219,SAVINGS,11167.55,ACTIVE,VERIFIED,0.211,RESTRICTED
ACC_004220,CUST_004220,SAVINGS,36598.28,ACTIVE,VERIFIED,0.265,RESTRICTED
ACC_004221,CUST_004221,SAVINGS,36595.45,ACTIVE,VERIFIED,0.246,RESTRICTED
ACC_004222,CUST_004222,SAVINGS,26425.92,ACTIVE,VERIFIED,0.169,RESTRICTED
ACC_004223,CUST_004223,SAVINGS,14952.22,ACTIVE,VERIFIED,0.393,RESTRICTED
ACC_004224,CUST_004224,SAVINGS,44341.96,ACTIVE,VERIFIED,0.348,RESTRICTED
ACC_004225,CUST_004225,SAVINGS,6550.35,ACTIVE,PENDING,0.412,RESTRICTED
ACC_004226,CUST_004226,SAVINGS,27868.68,ACTIVE,VERIFIED,0.277,RESTRICTED
ACC_004227,CUST_004227,SAVINGS,9806.85,ACTIVE,PENDING,0.466,RESTRICTED
ACC_004228,CUST_004228,SAVINGS,2815.7,ACTIVE,VERIFIED,0.287,RESTRICTED
ACC_004229,CUST_004229,SAVINGS,35085.84,ACTIVE,VERIFIED,0.421,RESTRICTED
ACC_004230,CUST_004230,SAVINGS,14791.16,ACTIVE,VERIFIED,0.318,RESTRICTED
ACC_004231,CUST_004231,SAVINGS,1607.8,ACTIVE,VERIFIED,0.217,RESTRICTED
ACC_004232,CUST_004232,SAVINGS,26243.57,ACTIVE,VERIFIED,0.196,RESTRICTED
ACC_004233,CUST_004233,SAVINGS,25257.13,ACTIVE,VERIFIED,0.441,RESTRICTED
ACC_004234,CUST_004234,SAVINGS,31169.83,ACTIVE,VERIFIED,0.35,RESTRICTED
ACC_004235,CUST_004235,SAVINGS,4264.7,ACTIVE,VERIFIED,0.403,RESTRICTED
ACC_004236,CUST_004236,SAVINGS,1659.04,FROZEN,FLAGGED,0.388,RESTRICTED
ACC_004237,CUST_004237,SAVINGS,47441.63,ACTIVE,VERIFIED,0.095,RESTRICTED
ACC_004238,CUST_004238,SAVINGS,36914.35,ACTIVE,VERIFIED,0.38,RESTRICTED
ACC_004239,CUST_004239,SAVINGS,34677.85,ACTIVE,VERIFIED,0.222,RESTRICTED
ACC_004240,CUST_004240,SAVINGS,35005.28,ACTIVE,PENDING,0.073,RESTRICTED
ACC_004241,CUST_004241,SAVINGS,3829.59,ACTIVE,PENDING,0.307,RESTRICTED
ACC_004242,CUST_004242,SAVINGS,20803.41,ACTIVE,VERIFIED,0.114,RESTRICTED
ACC_004243,CUST_004243,SAVINGS,12702.8,ACTIVE,VERIFIED,0.166,RESTRICTED
ACC_004244,CUST_004244,SAVINGS,1792.46,ACTIVE,VERIFIED,0.357,RESTRICTED
ACC_004245,CUST_004245,SAVINGS,2517.61,ACTIVE,VERIFIED,0.555,RESTRICTED
ACC_004246,CUST_004246,SAVINGS,15962.17,ACTIVE,VERIFIED,0.353,RESTRICTED
ACC_004247,CUST_004247,SAVINGS,18891.23,ACTIVE,PENDING,0.165,RESTRICTED
ACC_004248,CUST_004248,SAVINGS,41699.5,ACTIVE,VERIFIED,0.363,RESTRICTED
ACC_004249,CUST_004249,SAVINGS,46011.42,ACTIVE,VERIFIED,0.056,RESTRICTED
ACC_004250,CUST_004250,SAVINGS,21062.57,ACTIVE,VERIFIED,0.233,RESTRICTED
ACC_004251,CUST_004251,SAVINGS,14632.34,ACTIVE,VERIFIED,0.11,RESTRICTED
ACC_004252,CUST_004252,SAVINGS,46766.75,ACTIVE,VERIFIED,0.386,RESTRICTED
ACC_004253,CUST_004253,SAVINGS,20765.92,ACTIVE,PENDING,0.415,RESTRICTED
ACC_004254,CUST_004254,SAVINGS,30608.56,ACTIVE,VERIFIED,0.204,RESTRICTED
ACC_004255,CUST_004255,SAVINGS,21002.13,ACTIVE,VERIFIED,0.309,RESTRICTED
ACC_004256,CUST_004256,SAVINGS,27830.59,FROZEN,FLAGGED,0.472,RESTRICTED
ACC_004257,CUST_004257,SAVINGS,44979.55,ACTIVE,VERIFIED,0.164,RESTRICTED
ACC_004258,CUST_004258,SAVINGS,13199.43,ACTIVE,VERIFIED,0.195,RESTRICTED
ACC_004259,CUST_004259,SAVINGS,35428.79,ACTIVE,VERIFIED,0.334,RESTRICTED
ACC_004260,CUST_004260,SAVINGS,26798.03,FROZEN,FLAGGED,0.337,RESTRICTED
ACC_004261,CUST_004261,SAVINGS,1450.64,ACTIVE,VERIFIED,0.467,RESTRICTED
ACC_004262,CUST_004262,SAVINGS,22215.05,ACTIVE,VERIFIED,0.097,RESTRICTED
ACC_004263,CUST_004263,SAVINGS,31210.39,FROZEN,FLAGGED,0.275,RESTRICTED
ACC_004264,CUST_004264,SAVINGS,12774.68,ACTIVE,VERIFIED,0.217,RESTRICTED
ACC_004265,CUST_004265,SAVINGS,29135.84,ACTIVE,VERIFIED,0.316,RESTRICTED
ACC_004266,CUST_004266,SAVINGS,37711.89,FROZEN,FLAGGED,0.076,RESTRICTED
ACC_004267,CUST_004267,SAVINGS,42342.71,ACTIVE,VERIFIED,0.283,RESTRICTED
ACC_004268,CUST_004268,SAVINGS,18729.99,ACTIVE,VERIFIED,0.331,RESTRICTED
ACC_004269,CUST_004269,SAVINGS,3538.14,ACTIVE,VERIFIED,0.262,RESTRICTED
ACC_004270,CUST_004270,SAVINGS,10855.35,ACTIVE,VERIFIED,0.431,RESTRICTED
ACC_004271,CUST_004271,SAVINGS,48776.9,ACTIVE,VERIFIED,0.415,RESTRICTED
ACC_004272,CUST_004272,SAVINGS,39968.14,ACTIVE,VERIFIED,0.166,RESTRICTED
ACC_004273,CUST_004273,SAVINGS,33325.36,ACTIVE,VERIFIED,0.562,RESTRICTED
ACC_004274,CUST_004274,SAVINGS,45330.4,ACTIVE,VERIFIED,0.194,RESTRICTED
ACC_004275,CUST_004275,SAVINGS,15839.5,ACTIVE,VERIFIED,0.275,RESTRICTED
ACC_004276,CUST_004276,SAVINGS,48129.88,ACTIVE,VERIFIED,0.199,RESTRICTED
ACC_004277,CUST_004277,SAVINGS,26166.66,ACTIVE,VERIFIED,0.152,RESTRICTED
ACC_004278,CUST_004278,SAVINGS,47183.75,ACTIVE,PENDING,0.046,RESTRICTED
ACC_004279,CUST_004279,SAVINGS,12174.69,ACTIVE,VERIFIED,0.287,RESTRICTED
ACC_004280,CUST_004280,SAVINGS,12402.3,ACTIVE,VERIFIED,0.325,RESTRICTED
ACC_004281,CUST_004281,SAVINGS,1719.96,ACTIVE,VERIFIED,0.477,RESTRICTED
ACC_004282,CUST_004282,SAVINGS,24471.67,ACTIVE,PENDING,0.204,RESTRICTED
ACC_004283,CUST_004283,SAVINGS,22338.98,ACTIVE,VERIFIED,0.104,RESTRICTED
ACC_004284,CUST_004284,SAVINGS,49207.33,ACTIVE,VERIFIED,0.377,RESTRICTED
ACC_004285,CUST_004285,SAVINGS,20715.44,ACTIVE,VERIFIED,0.225,RESTRICTED
ACC_004286,CUST_004286,SAVINGS,6151.11,ACTIVE,VERIFIED,0.025,RESTRICTED
ACC_004287,CUST_004287,SAVINGS,3701.62,ACTIVE,VERIFIED,0.37,RESTRICTED
ACC_004288,CUST_004288,SAVINGS,17232.26,FROZEN,FLAGGED,0.348,RESTRICTED
ACC_004289,CUST_004289,SAVINGS,1212.93,ACTIVE,VERIFIED,0.311,RESTRICTED
ACC_004290,CUST_004290,SAVINGS,46627.98,ACTIVE,VERIFIED,0.144,RESTRICTED
ACC_004291,CUST_004291,SAVINGS,36936.1,ACTIVE,VERIFIED,0.178,RESTRICTED
ACC_004292,CUST_004292,SAVINGS,11518.43,ACTIVE,VERIFIED,0.055,RESTRICTED
ACC_004293,CUST_004293,SAVINGS,18929.67,ACTIVE,VERIFIED,0.184,RESTRICTED
ACC_004294,CUST_004294,SAVINGS,34855.39,ACTIVE,VERIFIED,0.141,RESTRICTED
ACC_004295,CUST_004295,SAVINGS,25233.52,ACTIVE,VERIFIED,0.064,RESTRICTED
ACC_004296,CUST_004296,SAVINGS,20393.64,ACTIVE,VERIFIED,0.155,RESTRICTED
ACC_004297,CUST_004297,SAVINGS,44523.57,ACTIVE,VERIFIED,0.344,RESTRICTED
ACC_004298,CUST_004298,SAVINGS,44410.67,ACTIVE,VERIFIED,0.5,RESTRICTED
ACC_004299,CUST_004299,SAVINGS,4619.92,ACTIVE,VERIFIED,0.193,RESTRICTED
ACC_004300,CUST_004300,SAVINGS,30826.72,ACTIVE,PENDING,0.107,RESTRICTED
ACC_004301,CUST_004301,SAVINGS,34699.06,ACTIVE,VERIFIED,0.094,RESTRICTED
ACC_004302,CUST_004302,SAVINGS,44492.72,ACTIVE,VERIFIED,0.212,RESTRICTED
ACC_004303,CUST_004303,SAVINGS,32694.2,ACTIVE,PENDING,0.242,RESTRICTED
ACC_004304,CUST_004304,SAVINGS,19248.05,ACTIVE,VERIFIED,0.213,RESTRICTED
ACC_004305,CUST_004305,SAVINGS,48649.12,ACTIVE,VERIFIED,0.271,RESTRICTED
ACC_004306,CUST_004306,SAVINGS,24974.18,ACTIVE,VERIFIED,0.155,RESTRICTED
ACC_004307,CUST_004307,SAVINGS,22662.08,ACTIVE,PENDING,0.618,RESTRICTED
ACC_004308,CUST_004308,SAVINGS,2644.06,ACTIVE,VERIFIED,0.374,RESTRICTED
ACC_004309,CUST_004309,SAVINGS,13479.14,ACTIVE,VERIFIED,0.036,RESTRICTED
ACC_004310,CUST_004310,SAVINGS,16683.23,ACTIVE,VERIFIED,0.312,RESTRICTED
ACC_004311,CUST_004311,SAVINGS,1490.58,ACTIVE,VERIFIED,0.079,RESTRICTED
ACC_004312,CUST_004312,SAVINGS,5377.72,ACTIVE,VERIFIED,0.421,RESTRICTED
ACC_004313,CUST_004313,SAVINGS,9666.14,ACTIVE,VERIFIED,0.12,RESTRICTED
ACC_004314,CUST_004314,SAVINGS,38897.33,ACTIVE,VERIFIED,0.32,RESTRICTED
ACC_004315,CUST_004315,SAVINGS,33006.89,ACTIVE,PENDING,0.634,RESTRICTED
ACC_004316,CUST_004316,SAVINGS,17413.47,ACTIVE,VERIFIED,0.129,RESTRICTED
ACC_004317,CUST_004317,SAVINGS,49828.95,ACTIVE,VERIFIED,0.049,RESTRICTED
ACC_004318,CUST_004318,SAVINGS,20796.67,ACTIVE,PENDING,0.308,RESTRICTED
ACC_004319,CUST_004319,SAVINGS,4019.52,ACTIVE,VERIFIED,0.442,RESTRICTED
ACC_004320,CUST_004320,SAVINGS,22996.01,ACTIVE,VERIFIED,0.123,RESTRICTED
ACC_004321,CUST_004321,SAVINGS,30403.08,ACTIVE,VERIFIED,0.319,RESTRICTED
ACC_004322,CUST_004322,SAVINGS,14265.99,ACTIVE,VERIFIED,0.235,RESTRICTED
ACC_004323,CUST_004323,SAVINGS,35615.69,ACTIVE,PENDING,0.172,RESTRICTED
ACC_004324,CUST_004324,SAVINGS,47959.9,ACTIVE,VERIFIED,0.361,RESTRICTED
ACC_004325,CUST_004325,SAVINGS,47220.52,ACTIVE,VERIFIED,0.095,RESTRICTED
ACC_004326,CUST_004326,SAVINGS,4132.43,ACTIVE,PENDING,0.235,RESTRICTED
ACC_004327,CUST_004327,SAVINGS,41339.31,ACTIVE,VERIFIED,0.259,RESTRICTED
ACC_004328,CUST_004328,SAVINGS,15363.83,ACTIVE,VERIFIED,0.236,RESTRICTED
ACC_004329,CUST_004329,SAVINGS,45582.56,ACTIVE,VERIFIED,0.266,RESTRICTED
ACC_004330,CUST_004330,SAVINGS,27507.45,ACTIVE,VERIFIED,0.208,RESTRICTED
ACC_004331,CUST_004331,SAVINGS,5283.42,ACTIVE,VERIFIED,0.369,RESTRICTED
ACC_004332,CUST_004332,SAVINGS,17632.64,ACTIVE,VERIFIED,0.207,RESTRICTED
ACC_004333,CUST_004333,SAVINGS,24935.04,ACTIVE,VERIFIED,0.142,RESTRICTED
ACC_004334,CUST_004334,SAVINGS,28887.77,ACTIVE,VERIFIED,0.14,RESTRICTED
ACC_004335,CUST_004335,SAVINGS,16928.63,ACTIVE,VERIFIED,0.303,RESTRICTED
ACC_004336,CUST_004336,SAVINGS,3222.86,ACTIVE,VERIFIED,0.125,RESTRICTED
ACC_004337,CUST_004337,SAVINGS,21610.39,ACTIVE,VERIFIED,0.269,RESTRICTED
ACC_004338,CUST_004338,SAVINGS,2601.79,ACTIVE,VERIFIED,0.43,RESTRICTED
ACC_004339,CUST_004339,SAVINGS,12838.54,ACTIVE,VERIFIED,0.246,RESTRICTED
ACC_004340,CUST_004340,SAVINGS,22528.11,ACTIVE,VERIFIED,0.164,RESTRICTED
ACC_004341,CUST_004341,SAVINGS,47689.93,ACTIVE,VERIFIED,0.144,RESTRICTED
ACC_004342,CUST_004342,SAVINGS,5102.07,ACTIVE,VERIFIED,0.164,RESTRICTED
ACC_004343,CUST_004343,SAVINGS,6868.95,ACTIVE,VERIFIED,0.092,RESTRICTED
ACC_004344,CUST_004344,SAVINGS,27429.47,ACTIVE,VERIFIED,0.777,RESTRICTED
ACC_004345,CUST_004345,SAVINGS,9844.09,ACTIVE,VERIFIED,0.151,RESTRICTED
ACC_004346,CUST_004346,SAVINGS,13350.97,ACTIVE,VERIFIED,0.39,RESTRICTED
ACC_004347,CUST_004347,SAVINGS,8955.97,ACTIVE,PENDING,0.15,RESTRICTED
ACC_004348,CUST_004348,SAVINGS,2374.22,ACTIVE,VERIFIED,0.05,RESTRICTED
ACC_004349,CUST_004349,SAVINGS,16600.45,ACTIVE,VERIFIED,0.103,RESTRICTED
ACC_004350,CUST_004350,SAVINGS,44075.61,ACTIVE,VERIFIED,0.298,RESTRICTED
ACC_004351,CUST_004351,SAVINGS,9830.33,FROZEN,FLAGGED,0.14,RESTRICTED
ACC_004352,CUST_004352,SAVINGS,35675.04,ACTIVE,VERIFIED,0.055,RESTRICTED
ACC_004353,CUST_004353,SAVINGS,8953.23,ACTIVE,VERIFIED,0.608,RESTRICTED
ACC_004354,CUST_004354,SAVINGS,1427.93,ACTIVE,PENDING,0.242,RESTRICTED
ACC_004355,CUST_004355,SAVINGS,32320.76,ACTIVE,PENDING,0.45,RESTRICTED
ACC_004356,CUST_004356,SAVINGS,45334.53,ACTIVE,VERIFIED,0.469,RESTRICTED
ACC_004357,CUST_004357,SAVINGS,13362.14,ACTIVE,VERIFIED,0.59,RESTRICTED
ACC_004358,CUST_004358,SAVINGS,37156.68,FROZEN,FLAGGED,0.251,RESTRICTED
ACC_004359,CUST_004359,SAVINGS,22902.73,ACTIVE,VERIFIED,0.219,RESTRICTED
ACC_004360,CUST_004360,SAVINGS,43593.78,ACTIVE,VERIFIED,0.046,RESTRICTED
ACC_004361,CUST_004361,SAVINGS,24328.42,ACTIVE,VERIFIED,0.39,RESTRICTED
ACC_004362,CUST_004362,SAVINGS,36147.15,ACTIVE,VERIFIED,0.459,RESTRICTED
ACC_004363,CUST_004363,SAVINGS,45481.0,ACTIVE,VERIFIED,0.201,RESTRICTED
ACC_004364,CUST_004364,SAVINGS,15036.82,ACTIVE,VERIFIED,0.214,RESTRICTED
ACC_004365,CUST_004365,SAVINGS,13532.6,ACTIVE,VERIFIED,0.076,RESTRICTED
ACC_004366,CUST_004366,SAVINGS,10063.7,FROZEN,FLAGGED,0.098,RESTRICTED
ACC_004367,CUST_004367,SAVINGS,6567.64,ACTIVE,VERIFIED,0.185,RESTRICTED
ACC_004368,CUST_004368,SAVINGS,41834.0,ACTIVE,VERIFIED,0.296,RESTRICTED
ACC_004369,CUST_004369,SAVINGS,8664.37,ACTIVE,VERIFIED,0.316,RESTRICTED
ACC_004370,CUST_004370,SAVINGS,30118.58,FROZEN,FLAGGED,0.423,RESTRICTED
ACC_004371,CUST_004371,SAVINGS,4137.59,ACTIVE,VERIFIED,0.394,RESTRICTED
ACC_004372,CUST_004372,SAVINGS,3868.13,ACTIVE,VERIFIED,0.529,RESTRICTED
ACC_004373,CUST_004373,SAVINGS,7350.25,ACTIVE,VERIFIED,0.243,RESTRICTED
ACC_004374,CUST_004374,SAVINGS,49420.88,ACTIVE,PENDING,0.091,RESTRICTED
ACC_004375,CUST_004375,SAVINGS,25564.56,ACTIVE,VERIFIED,0.231,RESTRICTED
ACC_004376,CUST_004376,SAVINGS,36004.83,ACTIVE,VERIFIED,0.416,RESTRICTED
ACC_004377,CUST_004377,SAVINGS,48383.47,ACTIVE,VERIFIED,0.497,RESTRICTED
ACC_004378,CUST_004378,SAVINGS,21610.72,ACTIVE,VERIFIED,0.237,RESTRICTED
ACC_004379,CUST_004379,SAVINGS,34677.96,ACTIVE,PENDING,0.126,RESTRICTED
ACC_004380,CUST_004380,SAVINGS,34545.62,ACTIVE,VERIFIED,0.072,RESTRICTED
ACC_004381,CUST_004381,SAVINGS,19244.18,ACTIVE,VERIFIED,0.63,RESTRICTED
ACC_004382,CUST_004382,SAVINGS,44770.16,ACTIVE,VERIFIED,0.297,RESTRICTED
ACC_004383,CUST_004383,SAVINGS,41571.63,ACTIVE,VERIFIED,0.01,RESTRICTED
ACC_004384,CUST_004384,SAVINGS,49281.35,ACTIVE,VERIFIED,0.194,RESTRICTED
ACC_004385,CUST_004385,SAVINGS,46597.01,FROZEN,FLAGGED,0.367,RESTRICTED
ACC_004386,CUST_004386,SAVINGS,25154.86,ACTIVE,VERIFIED,0.065,RESTRICTED
ACC_004387,CUST_004387,SAVINGS,16396.49,ACTIVE,VERIFIED,0.268,RESTRICTED
ACC_004388,CUST_004388,SAVINGS,10226.74,ACTIVE,VERIFIED,0.601,RESTRICTED
ACC_004389,CUST_004389,SAVINGS,31713.61,ACTIVE,PENDING,0.121,RESTRICTED
ACC_004390,CUST_004390,SAVINGS,43527.63,ACTIVE,VERIFIED,0.087,RESTRICTED
ACC_004391,CUST_004391,SAVINGS,9793.78,ACTIVE,VERIFIED,0.533,RESTRICTED
ACC_004392,CUST_004392,SAVINGS,30212.91,ACTIVE,VERIFIED,0.521,RESTRICTED
ACC_004393,CUST_004393,SAVINGS,16613.41,ACTIVE,VERIFIED,0.108,RESTRICTED
ACC_004394,CUST_004394,SAVINGS,15166.98,ACTIVE,VERIFIED,0.33,RESTRICTED
ACC_004395,CUST_004395,SAVINGS,36037.07,ACTIVE,VERIFIED,0.071,RESTRICTED
ACC_004396,CUST_004396,SAVINGS,9106.42,ACTIVE,VERIFIED,0.407,RESTRICTED
ACC_004397,CUST_004397,SAVINGS,46407.64,ACTIVE,VERIFIED,0.364,RESTRICTED
ACC_004398,CUST_004398,SAVINGS,16841.22,ACTIVE,PENDING,0.245,RESTRICTED
ACC_004399,CUST_004399,SAVINGS,9602.69,ACTIVE,VERIFIED,0.067,RESTRICTED
ACC_004400,CUST_004400,SAVINGS,37506.7,ACTIVE,VERIFIED,0.193,RESTRICTED
ACC_004401,CUST_004401,SAVINGS,47717.77,ACTIVE,VERIFIED,0.034,RESTRICTED
ACC_004402,CUST_004402,SAVINGS,6836.92,ACTIVE,VERIFIED,0.059,RESTRICTED
ACC_004403,CUST_004403,SAVINGS,37279.12,ACTIVE,VERIFIED,0.464,RESTRICTED
ACC_004404,CUST_004404,SAVINGS,46979.65,ACTIVE,PENDING,0.041,RESTRICTED
ACC_004405,CUST_004405,SAVINGS,47118.05,ACTIVE,VERIFIED,0.226,RESTRICTED
ACC_004406,CUST_004406,SAVINGS,29558.66,ACTIVE,VERIFIED,0.072,RESTRICTED
ACC_004407,CUST_004407,SAVINGS,22561.85,ACTIVE,VERIFIED,0.207,RESTRICTED
ACC_004408,CUST_004408,SAVINGS,48363.2,ACTIVE,VERIFIED,0.069,RESTRICTED
ACC_004409,CUST_004409,SAVINGS,43140.2,ACTIVE,VERIFIED,0.21,RESTRICTED
ACC_004410,CUST_004410,SAVINGS,20382.7,ACTIVE,VERIFIED,0.212,RESTRICTED
ACC_004411,CUST_004411,SAVINGS,19145.47,ACTIVE,VERIFIED,0.178,RESTRICTED
ACC_004412,CUST_004412,SAVINGS,1173.25,ACTIVE,VERIFIED,0.416,RESTRICTED
ACC_004413,CUST_004413,SAVINGS,37597.37,FROZEN,FLAGGED,0.522,RESTRICTED
ACC_004414,CUST_004414,SAVINGS,32446.05,ACTIVE,VERIFIED,0.014,RESTRICTED
ACC_004415,CUST_004415,SAVINGS,26733.01,ACTIVE,VERIFIED,0.197,RESTRICTED
ACC_004416,CUST_004416,SAVINGS,3100.35,ACTIVE,VERIFIED,0.295,RESTRICTED
ACC_004417,CUST_004417,SAVINGS,45496.82,ACTIVE,VERIFIED,0.087,RESTRICTED
ACC_004418,CUST_004418,SAVINGS,10662.59,ACTIVE,VERIFIED,0.118,RESTRICTED
ACC_004419,CUST_004419,SAVINGS,20340.1,FROZEN,FLAGGED,0.427,RESTRICTED
ACC_004420,CUST_004420,SAVINGS,17184.88,ACTIVE,VERIFIED,0.509,RESTRICTED
ACC_004421,CUST_004421,SAVINGS,20963.33,ACTIVE,VERIFIED,0.419,RESTRICTED
ACC_004422,CUST_004422,SAVINGS,26604.3,FROZEN,FLAGGED,0.263,RESTRICTED
ACC_004423,CUST_004423,SAVINGS,5156.28,ACTIVE,VERIFIED,0.614,RESTRICTED
ACC_004424,CUST_004424,SAVINGS,37508.26,ACTIVE,VERIFIED,0.103,RESTRICTED
ACC_004425,CUST_004425,SAVINGS,22056.67,ACTIVE,VERIFIED,0.104,RESTRICTED
ACC_004426,CUST_004426,SAVINGS,36378.18,ACTIVE,VERIFIED,0.41,RESTRICTED
ACC_004427,CUST_004427,SAVINGS,2343.81,ACTIVE,VERIFIED,0.608,RESTRICTED
ACC_004428,CUST_004428,SAVINGS,10866.47,ACTIVE,VERIFIED,0.509,RESTRICTED
ACC_004429,CUST_004429,SAVINGS,2951.98,ACTIVE,VERIFIED,0.393,RESTRICTED
ACC_004430,CUST_004430,SAVINGS,43467.48,ACTIVE,VERIFIED,0.277,RESTRICTED
ACC_004431,CUST_004431,SAVINGS,31508.18,ACTIVE,VERIFIED,0.186,RESTRICTED
ACC_004432,CUST_004432,SAVINGS,47037.01,ACTIVE,VERIFIED,0.063,RESTRICTED
ACC_004433,CUST_004433,SAVINGS,49172.12,ACTIVE,VERIFIED,0.289,RESTRICTED
ACC_004434,CUST_004434,SAVINGS,28556.61,ACTIVE,VERIFIED,0.127,RESTRICTED
ACC_004435,CUST_004435,SAVINGS,14563.48,ACTIVE,VERIFIED,0.086,RESTRICTED
ACC_004436,CUST_004436,SAVINGS,26690.82,ACTIVE,VERIFIED,0.38,RESTRICTED
ACC_004437,CUST_004437,SAVINGS,5529.48,ACTIVE,VERIFIED,0.126,RESTRICTED
ACC_004438,CUST_004438,SAVINGS,21195.61,ACTIVE,VERIFIED,0.26,RESTRICTED
ACC_004439,CUST_004439,SAVINGS,37914.05,ACTIVE,PENDING,0.469,RESTRICTED
ACC_004440,CUST_004440,SAVINGS,30026.51,ACTIVE,VERIFIED,0.148,RESTRICTED
ACC_004441,CUST_004441,SAVINGS,17931.58,FROZEN,FLAGGED,0.033,RESTRICTED
ACC_004442,CUST_004442,SAVINGS,38649.18,ACTIVE,VERIFIED,0.502,RESTRICTED
ACC_004443,CUST_004443,SAVINGS,45198.58,ACTIVE,VERIFIED,0.316,RESTRICTED
ACC_004444,CUST_004444,SAVINGS,17831.43,ACTIVE,VERIFIED,0.36,RESTRICTED
ACC_004445,CUST_004445,SAVINGS,21070.48,ACTIVE,VERIFIED,0.476,RESTRICTED
ACC_004446,CUST_004446,SAVINGS,20386.63,ACTIVE,VERIFIED,0.746,RESTRICTED
ACC_004447,CUST_004447,SAVINGS,10714.58,ACTIVE,VERIFIED,0.056,RESTRICTED
ACC_004448,CUST_004448,SAVINGS,34830.26,ACTIVE,VERIFIED,0.451,RESTRICTED
ACC_004449,CUST_004449,SAVINGS,28083.81,ACTIVE,VERIFIED,0.511,RESTRICTED
ACC_004450,CUST_004450,SAVINGS,9028.75,ACTIVE,VERIFIED,0.363,RESTRICTED
ACC_004451,CUST_004451,SAVINGS,17258.54,ACTIVE,VERIFIED,0.162,RESTRICTED
ACC_004452,CUST_004452,SAVINGS,11518.25,ACTIVE,VERIFIED,0.365,RESTRICTED
ACC_004453,CUST_004453,SAVINGS,11183.54,ACTIVE,VERIFIED,0.737,RESTRICTED
ACC_004454,CUST_004454,SAVINGS,43155.36,ACTIVE,VERIFIED,0.481,RESTRICTED
ACC_004455,CUST_004455,SAVINGS,22983.6,FROZEN,FLAGGED,0.13,RESTRICTED
ACC_004456,CUST_004456,SAVINGS,30894.6,ACTIVE,VERIFIED,0.219,RESTRICTED
ACC_004457,CUST_004457,SAVINGS,23630.6,ACTIVE,VERIFIED,0.224,RESTRICTED
ACC_004458,CUST_004458,SAVINGS,49680.47,ACTIVE,VERIFIED,0.37,RESTRICTED
ACC_004459,CUST_004459,SAVINGS,37227.78,ACTIVE,PENDING,0.277,RESTRICTED
ACC_004460,CUST_004460,SAVINGS,35862.69,ACTIVE,VERIFIED,0.166,RESTRICTED
ACC_004461,CUST_004461,SAVINGS,38436.64,FROZEN,FLAGGED,0.247,RESTRICTED
ACC_004462,CUST_004462,SAVINGS,36643.34,ACTIVE,VERIFIED,0.3,RESTRICTED
ACC_004463,CUST_004463,SAVINGS,13857.51,ACTIVE,VERIFIED,0.381,RESTRICTED
ACC_004464,CUST_004464,SAVINGS,20394.96,ACTIVE,VERIFIED,0.206,RESTRICTED
ACC_004465,CUST_004465,SAVINGS,35225.54,ACTIVE,VERIFIED,0.34,RESTRICTED
ACC_004466,CUST_004466,SAVINGS,20347.89,ACTIVE,VERIFIED,0.132,RESTRICTED
ACC_004467,CUST_004467,SAVINGS,45749.54,ACTIVE,VERIFIED,0.362,RESTRICTED
ACC_004468,CUST_004468,SAVINGS,35952.2,ACTIVE,VERIFIED,0.066,RESTRICTED
ACC_004469,CUST_004469,SAVINGS,49169.61,ACTIVE,VERIFIED,0.088,RESTRICTED
ACC_004470,CUST_004470,SAVINGS,2542.63,ACTIVE,VERIFIED,0.486,RESTRICTED
ACC_004471,CUST_004471,SAVINGS,27790.3,ACTIVE,VERIFIED,0.29,RESTRICTED
ACC_004472,CUST_004472,SAVINGS,47415.54,ACTIVE,VERIFIED,0.238,RESTRICTED
ACC_004473,CUST_004473,SAVINGS,38218.8,ACTIVE,VERIFIED,0.366,RESTRICTED
ACC_004474,CUST_004474,SAVINGS,3602.5,ACTIVE,VERIFIED,0.377,RESTRICTED
ACC_004475,CUST_004475,SAVINGS,33808.39,ACTIVE,VERIFIED,0.504,RESTRICTED
ACC_004476,CUST_004476,SAVINGS,37663.2,ACTIVE,VERIFIED,0.392,RESTRICTED
ACC_004477,CUST_004477,SAVINGS,18035.56,ACTIVE,VERIFIED,0.376,RESTRICTED
ACC_004478,CUST_004478,SAVINGS,22202.95,ACTIVE,PENDING,0.38,RESTRICTED
ACC_004479,CUST_004479,SAVINGS,20633.69,ACTIVE,VERIFIED,0.256,RESTRICTED
ACC_004480,CUST_004480,SAVINGS,9735.67,ACTIVE,VERIFIED,0.121,RESTRICTED
ACC_004481,CUST_004481,SAVINGS,15380.34,ACTIVE,VERIFIED,0.168,RESTRICTED
ACC_004482,CUST_004482,SAVINGS,27277.48,ACTIVE,VERIFIED,0.132,RESTRICTED
ACC_004483,CUST_004483,SAVINGS,32164.09,ACTIVE,VERIFIED,0.313,RESTRICTED
ACC_004484,CUST_004484,SAVINGS,24502.36,ACTIVE,VERIFIED,0.13,RESTRICTED
ACC_004485,CUST_004485,SAVINGS,46979.49,ACTIVE,VERIFIED,0.087,RESTRICTED
ACC_004486,CUST_004486,SAVINGS,1266.63,ACTIVE,VERIFIED,0.17,RESTRICTED
ACC_004487,CUST_004487,SAVINGS,10055.79,ACTIVE,VERIFIED,0.165,RESTRICTED
ACC_004488,CUST_004488,SAVINGS,38238.67,FROZEN,FLAGGED,0.358,RESTRICTED
ACC_004489,CUST_004489,SAVINGS,41529.14,ACTIVE,PENDING,0.157,RESTRICTED
ACC_004490,CUST_004490,SAVINGS,31224.21,ACTIVE,PENDING,0.385,RESTRICTED
ACC_004491,CUST_004491,SAVINGS,39720.17,ACTIVE,VERIFIED,0.55,RESTRICTED
ACC_004492,CUST_004492,SAVINGS,18810.01,ACTIVE,VERIFIED,0.454,RESTRICTED
ACC_004493,CUST_004493,SAVINGS,43666.56,ACTIVE,VERIFIED,0.377,RESTRICTED
ACC_004494,CUST_004494,SAVINGS,20015.6,ACTIVE,VERIFIED,0.302,RESTRICTED
ACC_004495,CUST_004495,SAVINGS,20484.62,ACTIVE,VERIFIED,0.695,RESTRICTED
ACC_004496,CUST_004496,SAVINGS,24292.54,ACTIVE,VERIFIED,0.203,RESTRICTED
ACC_004497,CUST_004497,SAVINGS,17792.63,ACTIVE,VERIFIED,0.515,RESTRICTED
ACC_004498,CUST_004498,SAVINGS,18558.23,ACTIVE,VERIFIED,0.169,RESTRICTED
ACC_004499,CUST_004499,SAVINGS,35108.58,ACTIVE,VERIFIED,0.419,RESTRICTED
ACC_004500,CUST_004500,SAVINGS,38584.39,ACTIVE,VERIFIED,0.318,RESTRICTED
ACC_004501,CUST_004501,SAVINGS,21071.33,ACTIVE,VERIFIED,0.19,RESTRICTED
ACC_004502,CUST_004502,SAVINGS,29062.56,ACTIVE,VERIFIED,0.324,RESTRICTED
ACC_004503,CUST_004503,SAVINGS,32768.61,FROZEN,FLAGGED,0.509,RESTRICTED
ACC_004504,CUST_004504,SAVINGS,44981.33,ACTIVE,VERIFIED,0.502,RESTRICTED
ACC_004505,CUST_004505,SAVINGS,39064.69,ACTIVE,VERIFIED,0.687,RESTRICTED
ACC_004506,CUST_004506,SAVINGS,24654.53,ACTIVE,VERIFIED,0.457,RESTRICTED
ACC_004507,CUST_004507,SAVINGS,18035.3,ACTIVE,VERIFIED,0.193,RESTRICTED
ACC_004508,CUST_004508,SAVINGS,42738.05,ACTIVE,VERIFIED,0.128,RESTRICTED
ACC_004509,CUST_004509,SAVINGS,26763.69,ACTIVE,VERIFIED,0.759,RESTRICTED
ACC_004510,CUST_004510,SAVINGS,33215.97,ACTIVE,PENDING,0.357,RESTRICTED
ACC_004511,CUST_004511,SAVINGS,35545.85,ACTIVE,VERIFIED,0.169,RESTRICTED
ACC_004512,CUST_004512,SAVINGS,6541.81,FROZEN,FLAGGED,0.339,RESTRICTED
ACC_004513,CUST_004513,SAVINGS,42557.46,ACTIVE,VERIFIED,0.147,RESTRICTED
ACC_004514,CUST_004514,SAVINGS,9260.21,ACTIVE,VERIFIED,0.344,RESTRICTED
ACC_004515,CUST_004515,SAVINGS,44573.76,ACTIVE,VERIFIED,0.241,RESTRICTED
ACC_004516,CUST_004516,SAVINGS,32381.65,ACTIVE,VERIFIED,0.309,RESTRICTED
ACC_004517,CUST_004517,SAVINGS,5050.35,ACTIVE,VERIFIED,0.146,RESTRICTED
ACC_004518,CUST_004518,SAVINGS,11702.98,ACTIVE,VERIFIED,0.575,RESTRICTED
ACC_004519,CUST_004519,SAVINGS,31320.5,ACTIVE,VERIFIED,0.404,RESTRICTED
ACC_004520,CUST_004520,SAVINGS,29737.12,ACTIVE,VERIFIED,0.244,RESTRICTED
ACC_004521,CUST_004521,SAVINGS,24345.31,ACTIVE,VERIFIED,0.276,RESTRICTED
ACC_004522,CUST_004522,SAVINGS,37918.38,ACTIVE,VERIFIED,0.116,RESTRICTED
ACC_004523,CUST_004523,SAVINGS,49733.7,ACTIVE,VERIFIED,0.212,RESTRICTED
ACC_004524,CUST_004524,SAVINGS,3467.66,ACTIVE,VERIFIED,0.094,RESTRICTED
ACC_004525,CUST_004525,SAVINGS,29120.86,ACTIVE,PENDING,0.02,RESTRICTED
ACC_004526,CUST_004526,SAVINGS,44956.46,ACTIVE,VERIFIED,0.305,RESTRICTED
ACC_004527,CUST_004527,SAVINGS,14005.71,ACTIVE,VERIFIED,0.232,RESTRICTED
ACC_004528,CUST_004528,SAVINGS,19619.55,ACTIVE,VERIFIED,0.049,RESTRICTED
ACC_004529,CUST_004529,SAVINGS,48745.14,ACTIVE,VERIFIED,0.204,RESTRICTED
ACC_004530,CUST_004530,SAVINGS,28169.77,ACTIVE,VERIFIED,0.397,RESTRICTED
ACC_004531,CUST_004531,SAVINGS,4035.61,FROZEN,FLAGGED,0.257,RESTRICTED
ACC_004532,CUST_004532,SAVINGS,20500.7,ACTIVE,VERIFIED,0.152,RESTRICTED
ACC_004533,CUST_004533,SAVINGS,4458.55,ACTIVE,VERIFIED,0.068,RESTRICTED
ACC_004534,CUST_004534,SAVINGS,18851.32,ACTIVE,VERIFIED,0.55,RESTRICTED
ACC_004535,CUST_004535,SAVINGS,34446.67,ACTIVE,VERIFIED,0.184,RESTRICTED
ACC_004536,CUST_004536,SAVINGS,41091.83,ACTIVE,PENDING,0.364,RESTRICTED
ACC_004537,CUST_004537,SAVINGS,12651.78,ACTIVE,PENDING,0.606,RESTRICTED
ACC_004538,CUST_004538,SAVINGS,21232.37,FROZEN,FLAGGED,0.172,RESTRICTED
ACC_004539,CUST_004539,SAVINGS,40851.75,ACTIVE,PENDING,0.186,RESTRICTED
ACC_004540,CUST_004540,SAVINGS,30536.3,FROZEN,FLAGGED,0.416,RESTRICTED
ACC_004541,CUST_004541,SAVINGS,34340.03,ACTIVE,VERIFIED,0.173,RESTRICTED
ACC_004542,CUST_004542,SAVINGS,22115.4,ACTIVE,VERIFIED,0.502,RESTRICTED
ACC_004543,CUST_004543,SAVINGS,48991.32,ACTIVE,VERIFIED,0.168,RESTRICTED
ACC_004544,CUST_004544,SAVINGS,27494.85,ACTIVE,VERIFIED,0.232,RESTRICTED
ACC_004545,CUST_004545,SAVINGS,39072.98,ACTIVE,VERIFIED,0.086,RESTRICTED
ACC_004546,CUST_004546,SAVINGS,1676.74,ACTIVE,PENDING,0.113,RESTRICTED
ACC_004547,CUST_004547,SAVINGS,20309.72,ACTIVE,VERIFIED,0.163,RESTRICTED
ACC_004548,CUST_004548,SAVINGS,16564.2,ACTIVE,VERIFIED,0.233,RESTRICTED
ACC_004549,CUST_004549,SAVINGS,6328.27,ACTIVE,PENDING,0.152,RESTRICTED
ACC_004550,CUST_004550,SAVINGS,25715.4,ACTIVE,VERIFIED,0.346,RESTRICTED
ACC_004551,CUST_004551,SAVINGS,1528.84,ACTIVE,VERIFIED,0.406,RESTRICTED
ACC_004552,CUST_004552,SAVINGS,36341.97,ACTIVE,VERIFIED,0.184,RESTRICTED
ACC_004553,CUST_004553,SAVINGS,5632.6,ACTIVE,VERIFIED,0.245,RESTRICTED
ACC_004554,CUST_004554,SAVINGS,47448.95,ACTIVE,VERIFIED,0.251,RESTRICTED
ACC_004555,CUST_004555,SAVINGS,49001.08,ACTIVE,VERIFIED,0.336,RESTRICTED
ACC_004556,CUST_004556,SAVINGS,45163.9,ACTIVE,VERIFIED,0.24,RESTRICTED
ACC_004557,CUST_004557,SAVINGS,12559.83,ACTIVE,VERIFIED,0.244,RESTRICTED
ACC_004558,CUST_004558,SAVINGS,43558.97,ACTIVE,VERIFIED,0.471,RESTRICTED
ACC_004559,CUST_004559,SAVINGS,19026.25,ACTIVE,VERIFIED,0.215,RESTRICTED
ACC_004560,CUST_004560,SAVINGS,32486.46,ACTIVE,VERIFIED,0.139,RESTRICTED
ACC_004561,CUST_004561,SAVINGS,8215.53,ACTIVE,VERIFIED,0.743,RESTRICTED
ACC_004562,CUST_004562,SAVINGS,7021.35,ACTIVE,PENDING,0.198,RESTRICTED
ACC_004563,CUST_004563,SAVINGS,32540.21,ACTIVE,VERIFIED,0.417,RESTRICTED
ACC_004564,CUST_004564,SAVINGS,8606.46,ACTIVE,VERIFIED,0.594,RESTRICTED
ACC_004565,CUST_004565,SAVINGS,13877.6,ACTIVE,VERIFIED,0.599,RESTRICTED
ACC_004566,CUST_004566,SAVINGS,3944.27,ACTIVE,VERIFIED,0.295,RESTRICTED
ACC_004567,CUST_004567,SAVINGS,3027.33,ACTIVE,VERIFIED,0.173,RESTRICTED
ACC_004568,CUST_004568,SAVINGS,29532.93,ACTIVE,VERIFIED,0.584,RESTRICTED
ACC_004569,CUST_004569,SAVINGS,9220.23,ACTIVE,VERIFIED,0.543,RESTRICTED
ACC_004570,CUST_004570,SAVINGS,41948.29,ACTIVE,VERIFIED,0.419,RESTRICTED
ACC_004571,CUST_004571,SAVINGS,2224.56,ACTIVE,VERIFIED,0.251,RESTRICTED
ACC_004572,CUST_004572,SAVINGS,21798.16,ACTIVE,VERIFIED,0.402,RESTRICTED
ACC_004573,CUST_004573,SAVINGS,48056.14,ACTIVE,PENDING,0.326,RESTRICTED
ACC_004574,CUST_004574,SAVINGS,5668.62,ACTIVE,VERIFIED,0.162,RESTRICTED
ACC_004575,CUST_004575,SAVINGS,33537.02,ACTIVE,VERIFIED,0.228,RESTRICTED
ACC_004576,CUST_004576,SAVINGS,21122.82,ACTIVE,VERIFIED,0.525,RESTRICTED
ACC_004577,CUST_004577,SAVINGS,43077.31,ACTIVE,VERIFIED,0.064,RESTRICTED
ACC_004578,CUST_004578,SAVINGS,30938.61,ACTIVE,VERIFIED,0.287,RESTRICTED
ACC_004579,CUST_004579,SAVINGS,21476.48,ACTIVE,VERIFIED,0.24,RESTRICTED
ACC_004580,CUST_004580,SAVINGS,44784.11,ACTIVE,VERIFIED,0.265,RESTRICTED
ACC_004581,CUST_004581,SAVINGS,1572.27,ACTIVE,VERIFIED,0.515,RESTRICTED
ACC_004582,CUST_004582,SAVINGS,22945.94,ACTIVE,VERIFIED,0.233,RESTRICTED
ACC_004583,CUST_004583,SAVINGS,9562.28,ACTIVE,VERIFIED,0.423,RESTRICTED
ACC_004584,CUST_004584,SAVINGS,5840.39,ACTIVE,VERIFIED,0.235,RESTRICTED
ACC_004585,CUST_004585,SAVINGS,10611.82,FROZEN,FLAGGED,0.147,RESTRICTED
ACC_004586,CUST_004586,SAVINGS,41118.64,ACTIVE,VERIFIED,0.127,RESTRICTED
ACC_004587,CUST_004587,SAVINGS,42809.09,ACTIVE,VERIFIED,0.243,RESTRICTED
ACC_004588,CUST_004588,SAVINGS,23607.13,ACTIVE,VERIFIED,0.131,RESTRICTED
ACC_004589,CUST_004589,SAVINGS,6809.03,ACTIVE,VERIFIED,0.207,RESTRICTED
ACC_004590,CUST_004590,SAVINGS,8834.84,ACTIVE,PENDING,0.373,RESTRICTED
ACC_004591,CUST_004591,SAVINGS,39977.13,ACTIVE,VERIFIED,0.419,RESTRICTED
ACC_004592,CUST_004592,SAVINGS,23072.78,ACTIVE,VERIFIED,0.122,RESTRICTED
ACC_004593,CUST_004593,SAVINGS,26591.13,ACTIVE,VERIFIED,0.38,RESTRICTED
ACC_004594,CUST_004594,SAVINGS,29527.54,ACTIVE,PENDING,0.179,RESTRICTED
ACC_004595,CUST_004595,SAVINGS,47827.86,ACTIVE,VERIFIED,0.393,RESTRICTED
ACC_004596,CUST_004596,SAVINGS,6426.39,ACTIVE,PENDING,0.324,RESTRICTED
ACC_004597,CUST_004597,SAVINGS,32224.68,ACTIVE,VERIFIED,0.124,RESTRICTED
ACC_004598,CUST_004598,SAVINGS,43011.31,ACTIVE,VERIFIED,0.216,RESTRICTED
ACC_004599,CUST_004599,SAVINGS,38474.49,ACTIVE,VERIFIED,0.332,RESTRICTED
ACC_004600,CUST_004600,SAVINGS,49333.93,ACTIVE,VERIFIED,0.19,RESTRICTED
ACC_004601,CUST_004601,SAVINGS,15745.25,ACTIVE,VERIFIED,0.206,RESTRICTED
ACC_004602,CUST_004602,SAVINGS,49671.26,ACTIVE,VERIFIED,0.191,RESTRICTED
ACC_004603,CUST_004603,SAVINGS,23128.61,ACTIVE,VERIFIED,0.297,RESTRICTED
ACC_004604,CUST_004604,SAVINGS,47185.46,ACTIVE,VERIFIED,0.358,RESTRICTED
ACC_004605,CUST_004605,SAVINGS,16099.05,ACTIVE,VERIFIED,0.035,RESTRICTED
ACC_004606,CUST_004606,SAVINGS,41506.07,ACTIVE,VERIFIED,0.419,RESTRICTED
ACC_004607,CUST_004607,SAVINGS,2756.98,ACTIVE,VERIFIED,0.65,RESTRICTED
ACC_004608,CUST_004608,SAVINGS,27102.68,ACTIVE,VERIFIED,0.338,RESTRICTED
ACC_004609,CUST_004609,SAVINGS,10535.91,ACTIVE,VERIFIED,0.424,RESTRICTED
ACC_004610,CUST_004610,SAVINGS,23881.46,ACTIVE,VERIFIED,0.435,RESTRICTED
ACC_004611,CUST_004611,SAVINGS,18406.22,ACTIVE,VERIFIED,0.124,RESTRICTED
ACC_004612,CUST_004612,SAVINGS,23372.38,ACTIVE,VERIFIED,0.338,RESTRICTED
ACC_004613,CUST_004613,SAVINGS,5200.76,FROZEN,FLAGGED,0.077,RESTRICTED
ACC_004614,CUST_004614,SAVINGS,36153.63,ACTIVE,VERIFIED,0.344,RESTRICTED
ACC_004615,CUST_004615,SAVINGS,31623.13,ACTIVE,VERIFIED,0.316,RESTRICTED
ACC_004616,CUST_004616,SAVINGS,19329.0,ACTIVE,VERIFIED,0.09,RESTRICTED
ACC_004617,CUST_004617,SAVINGS,7933.65,FROZEN,FLAGGED,0.367,RESTRICTED
ACC_004618,CUST_004618,SAVINGS,37847.68,FROZEN,FLAGGED,0.28,RESTRICTED
ACC_004619,CUST_004619,SAVINGS,44681.28,ACTIVE,VERIFIED,0.191,RESTRICTED
ACC_004620,CUST_004620,SAVINGS,19230.18,ACTIVE,VERIFIED,0.013,RESTRICTED
ACC_004621,CUST_004621,SAVINGS,25385.49,ACTIVE,VERIFIED,0.558,RESTRICTED
ACC_004622,CUST_004622,SAVINGS,46792.17,ACTIVE,VERIFIED,0.223,RESTRICTED
ACC_004623,CUST_004623,SAVINGS,42121.05,ACTIVE,VERIFIED,0.122,RESTRICTED
ACC_004624,CUST_004624,SAVINGS,16985.96,ACTIVE,VERIFIED,0.398,RESTRICTED
ACC_004625,CUST_004625,SAVINGS,44249.11,ACTIVE,VERIFIED,0.538,RESTRICTED
ACC_004626,CUST_004626,SAVINGS,3008.58,ACTIVE,VERIFIED,0.519,RESTRICTED
ACC_004627,CUST_004627,SAVINGS,37159.63,FROZEN,FLAGGED,0.346,RESTRICTED
ACC_004628,CUST_004628,SAVINGS,14615.87,ACTIVE,VERIFIED,0.151,RESTRICTED
ACC_004629,CUST_004629,SAVINGS,30844.1,ACTIVE,VERIFIED,0.241,RESTRICTED
ACC_004630,CUST_004630,SAVINGS,14983.82,ACTIVE,VERIFIED,0.598,RESTRICTED
ACC_004631,CUST_004631,SAVINGS,43746.31,ACTIVE,VERIFIED,0.547,RESTRICTED
ACC_004632,CUST_004632,SAVINGS,12137.31,ACTIVE,VERIFIED,0.34,RESTRICTED
ACC_004633,CUST_004633,SAVINGS,14693.39,ACTIVE,VERIFIED,0.144,RESTRICTED
ACC_004634,CUST_004634,SAVINGS,47042.71,ACTIVE,VERIFIED,0.159,RESTRICTED
ACC_004635,CUST_004635,SAVINGS,43965.36,ACTIVE,VERIFIED,0.158,RESTRICTED
ACC_004636,CUST_004636,SAVINGS,29541.94,ACTIVE,VERIFIED,0.481,RESTRICTED
ACC_004637,CUST_004637,SAVINGS,35174.8,ACTIVE,VERIFIED,0.29,RESTRICTED
ACC_004638,CUST_004638,SAVINGS,3724.31,ACTIVE,PENDING,0.072,RESTRICTED
ACC_004639,CUST_004639,SAVINGS,23652.6,ACTIVE,VERIFIED,0.128,RESTRICTED
ACC_004640,CUST_004640,SAVINGS,13402.34,ACTIVE,VERIFIED,0.279,RESTRICTED
ACC_004641,CUST_004641,SAVINGS,38984.42,ACTIVE,VERIFIED,0.412,RESTRICTED
ACC_004642,CUST_004642,SAVINGS,31369.98,ACTIVE,VERIFIED,0.249,RESTRICTED
ACC_004643,CUST_004643,SAVINGS,11186.93,ACTIVE,VERIFIED,0.143,RESTRICTED
ACC_004644,CUST_004644,SAVINGS,9696.06,ACTIVE,PENDING,0.419,RESTRICTED
ACC_004645,CUST_004645,SAVINGS,5163.4,ACTIVE,VERIFIED,0.211,RESTRICTED
ACC_004646,CUST_004646,SAVINGS,17961.74,ACTIVE,VERIFIED,0.142,RESTRICTED
ACC_004647,CUST_004647,SAVINGS,43494.59,ACTIVE,VERIFIED,0.282,RESTRICTED
ACC_004648,CUST_004648,SAVINGS,3045.43,ACTIVE,VERIFIED,0.196,RESTRICTED
ACC_004649,CUST_004649,SAVINGS,28218.67,ACTIVE,VERIFIED,0.303,RESTRICTED
ACC_004650,CUST_004650,SAVINGS,13663.55,ACTIVE,VERIFIED,0.449,RESTRICTED
ACC_004651,CUST_004651,SAVINGS,6520.21,ACTIVE,VERIFIED,0.067,RESTRICTED
ACC_004652,CUST_004652,SAVINGS,7782.19,ACTIVE,VERIFIED,0.135,RESTRICTED
ACC_004653,CUST_004653,SAVINGS,6601.27,ACTIVE,VERIFIED,0.222,RESTRICTED
ACC_004654,CUST_004654,SAVINGS,30848.82,ACTIVE,VERIFIED,0.124,RESTRICTED
ACC_004655,CUST_004655,SAVINGS,30238.81,ACTIVE,VERIFIED,0.273,RESTRICTED
ACC_004656,CUST_004656,SAVINGS,45661.31,ACTIVE,PENDING,0.426,RESTRICTED
ACC_004657,CUST_004657,SAVINGS,17508.6,ACTIVE,VERIFIED,0.248,RESTRICTED
ACC_004658,CUST_004658,SAVINGS,48143.78,ACTIVE,PENDING,0.224,RESTRICTED
ACC_004659,CUST_004659,SAVINGS,29109.73,FROZEN,FLAGGED,0.235,RESTRICTED
ACC_004660,CUST_004660,SAVINGS,44715.41,ACTIVE,VERIFIED,0.312,RESTRICTED
ACC_004661,CUST_004661,SAVINGS,37007.26,ACTIVE,VERIFIED,0.197,RESTRICTED
ACC_004662,CUST_004662,SAVINGS,15051.82,ACTIVE,PENDING,0.08,RESTRICTED
ACC_004663,CUST_004663,SAVINGS,26273.61,ACTIVE,VERIFIED,0.253,RESTRICTED
ACC_004664,CUST_004664,SAVINGS,4727.45,ACTIVE,VERIFIED,0.087,RESTRICTED
ACC_004665,CUST_004665,SAVINGS,1549.16,FROZEN,FLAGGED,0.358,RESTRICTED
ACC_004666,CUST_004666,SAVINGS,21179.24,ACTIVE,VERIFIED,0.104,RESTRICTED
ACC_004667,CUST_004667,SAVINGS,17666.35,ACTIVE,PENDING,0.152,RESTRICTED
ACC_004668,CUST_004668,SAVINGS,41677.48,ACTIVE,VERIFIED,0.28,RESTRICTED
ACC_004669,CUST_004669,SAVINGS,10124.51,ACTIVE,VERIFIED,0.336,RESTRICTED
ACC_004670,CUST_004670,SAVINGS,42081.63,ACTIVE,VERIFIED,0.11,RESTRICTED
ACC_004671,CUST_004671,SAVINGS,45221.04,ACTIVE,VERIFIED,0.478,RESTRICTED
ACC_004672,CUST_004672,SAVINGS,4757.88,ACTIVE,VERIFIED,0.44,RESTRICTED
ACC_004673,CUST_004673,SAVINGS,20345.57,ACTIVE,VERIFIED,0.136,RESTRICTED
ACC_004674,CUST_004674,SAVINGS,38439.63,ACTIVE,VERIFIED,0.44,RESTRICTED
ACC_004675,CUST_004675,SAVINGS,29596.46,ACTIVE,VERIFIED,0.102,RESTRICTED
ACC_004676,CUST_004676,SAVINGS,10081.09,ACTIVE,VERIFIED,0.45,RESTRICTED
ACC_004677,CUST_004677,SAVINGS,20279.82,ACTIVE,VERIFIED,0.087,RESTRICTED
ACC_004678,CUST_004678,SAVINGS,40330.96,ACTIVE,VERIFIED,0.029,RESTRICTED
ACC_004679,CUST_004679,SAVINGS,39853.52,ACTIVE,VERIFIED,0.183,RESTRICTED
ACC_004680,CUST_004680,SAVINGS,12648.93,ACTIVE,VERIFIED,0.325,RESTRICTED
ACC_004681,CUST_004681,SAVINGS,22460.63,ACTIVE,VERIFIED,0.203,RESTRICTED
ACC_004682,CUST_004682,SAVINGS,23810.91,ACTIVE,VERIFIED,0.23,RESTRICTED
ACC_004683,CUST_004683,SAVINGS,6984.88,ACTIVE,VERIFIED,0.221,RESTRICTED
ACC_004684,CUST_004684,SAVINGS,5243.2,ACTIVE,VERIFIED,0.133,RESTRICTED
ACC_004685,CUST_004685,SAVINGS,2385.22,ACTIVE,PENDING,0.486,RESTRICTED
ACC_004686,CUST_004686,SAVINGS,19423.19,ACTIVE,VERIFIED,0.294,RESTRICTED
ACC_004687,CUST_004687,SAVINGS,8859.46,ACTIVE,VERIFIED,0.454,RESTRICTED
ACC_004688,CUST_004688,SAVINGS,9649.09,FROZEN,FLAGGED,0.322,RESTRICTED
ACC_004689,CUST_004689,SAVINGS,25782.06,ACTIVE,VERIFIED,0.529,RESTRICTED
ACC_004690,CUST_004690,SAVINGS,44166.51,FROZEN,FLAGGED,0.408,RESTRICTED
ACC_004691,CUST_004691,SAVINGS,8867.6,ACTIVE,VERIFIED,0.167,RESTRICTED
ACC_004692,CUST_004692,SAVINGS,35143.27,ACTIVE,VERIFIED,0.249,RESTRICTED
ACC_004693,CUST_004693,SAVINGS,38716.44,ACTIVE,VERIFIED,0.121,RESTRICTED
ACC_004694,CUST_004694,SAVINGS,44562.35,ACTIVE,VERIFIED,0.599,RESTRICTED
ACC_004695,CUST_004695,SAVINGS,38382.42,ACTIVE,VERIFIED,0.075,RESTRICTED
ACC_004696,CUST_004696,SAVINGS,21854.76,ACTIVE,VERIFIED,0.508,RESTRICTED
ACC_004697,CUST_004697,SAVINGS,34288.31,ACTIVE,VERIFIED,0.155,RESTRICTED
ACC_004698,CUST_004698,SAVINGS,3266.26,ACTIVE,VERIFIED,0.446,RESTRICTED
ACC_004699,CUST_004699,SAVINGS,46049.54,ACTIVE,PENDING,0.477,RESTRICTED
ACC_004700,CUST_004700,SAVINGS,25974.8,ACTIVE,VERIFIED,0.211,RESTRICTED
ACC_004701,CUST_004701,SAVINGS,37909.94,ACTIVE,VERIFIED,0.247,RESTRICTED
ACC_004702,CUST_004702,SAVINGS,15754.15,ACTIVE,VERIFIED,0.107,RESTRICTED
ACC_004703,CUST_004703,SAVINGS,37115.3,ACTIVE,PENDING,0.196,RESTRICTED
ACC_004704,CUST_004704,SAVINGS,31817.0,ACTIVE,VERIFIED,0.316,RESTRICTED
ACC_004705,CUST_004705,SAVINGS,32717.61,ACTIVE,VERIFIED,0.49,RESTRICTED
ACC_004706,CUST_004706,SAVINGS,43382.37,ACTIVE,VERIFIED,0.115,RESTRICTED
ACC_004707,CUST_004707,SAVINGS,45578.31,ACTIVE,VERIFIED,0.16,RESTRICTED
ACC_004708,CUST_004708,SAVINGS,5810.78,ACTIVE,PENDING,0.271,RESTRICTED
ACC_004709,CUST_004709,SAVINGS,2405.73,ACTIVE,VERIFIED,0.055,RESTRICTED
ACC_004710,CUST_004710,SAVINGS,8574.37,ACTIVE,PENDING,0.147,RESTRICTED
ACC_004711,CUST_004711,SAVINGS,45167.57,ACTIVE,VERIFIED,0.717,RESTRICTED
ACC_004712,CUST_004712,SAVINGS,29695.26,ACTIVE,VERIFIED,0.05,RESTRICTED
ACC_004713,CUST_004713,SAVINGS,11116.49,ACTIVE,VERIFIED,0.577,RESTRICTED
ACC_004714,CUST_004714,SAVINGS,20293.12,ACTIVE,PENDING,0.409,RESTRICTED
ACC_004715,CUST_004715,SAVINGS,45010.81,ACTIVE,VERIFIED,0.356,RESTRICTED
ACC_004716,CUST_004716,SAVINGS,1291.8,ACTIVE,VERIFIED,0.165,RESTRICTED
ACC_004717,CUST_004717,SAVINGS,41569.28,ACTIVE,VERIFIED,0.045,RESTRICTED
ACC_004718,CUST_004718,SAVINGS,16193.07,ACTIVE,VERIFIED,0.077,RESTRICTED
ACC_004719,CUST_004719,SAVINGS,31246.96,ACTIVE,VERIFIED,0.336,RESTRICTED
ACC_004720,CUST_004720,SAVINGS,37277.88,ACTIVE,VERIFIED,0.134,RESTRICTED
ACC_004721,CUST_004721,SAVINGS,37308.25,ACTIVE,VERIFIED,0.101,RESTRICTED
ACC_004722,CUST_004722,SAVINGS,12716.32,ACTIVE,VERIFIED,0.146,RESTRICTED
ACC_004723,CUST_004723,SAVINGS,45591.07,ACTIVE,VERIFIED,0.253,RESTRICTED
ACC_004724,CUST_004724,SAVINGS,22591.72,ACTIVE,VERIFIED,0.451,RESTRICTED
ACC_004725,CUST_004725,SAVINGS,23139.85,ACTIVE,VERIFIED,0.093,RESTRICTED
ACC_004726,CUST_004726,SAVINGS,39258.21,FROZEN,FLAGGED,0.075,RESTRICTED
ACC_004727,CUST_004727,SAVINGS,7036.84,ACTIVE,VERIFIED,0.14,RESTRICTED
ACC_004728,CUST_004728,SAVINGS,27010.92,ACTIVE,PENDING,0.309,RESTRICTED
ACC_004729,CUST_004729,SAVINGS,28580.9,ACTIVE,VERIFIED,0.163,RESTRICTED
ACC_004730,CUST_004730,SAVINGS,22503.7,ACTIVE,VERIFIED,0.01,RESTRICTED
ACC_004731,CUST_004731,SAVINGS,41978.41,ACTIVE,VERIFIED,0.382,RESTRICTED
ACC_004732,CUST_004732,SAVINGS,4685.58,ACTIVE,VERIFIED,0.57,RESTRICTED
ACC_004733,CUST_004733,SAVINGS,41764.48,ACTIVE,VERIFIED,0.229,RESTRICTED
ACC_004734,CUST_004734,SAVINGS,10075.8,ACTIVE,VERIFIED,0.035,RESTRICTED
ACC_004735,CUST_004735,SAVINGS,22493.29,ACTIVE,VERIFIED,0.337,RESTRICTED
ACC_004736,CUST_004736,SAVINGS,28085.11,ACTIVE,VERIFIED,0.349,RESTRICTED
ACC_004737,CUST_004737,SAVINGS,45369.3,ACTIVE,VERIFIED,0.318,RESTRICTED
ACC_004738,CUST_004738,SAVINGS,18271.05,ACTIVE,VERIFIED,0.299,RESTRICTED
ACC_004739,CUST_004739,SAVINGS,28015.66,ACTIVE,VERIFIED,0.357,RESTRICTED
ACC_004740,CUST_004740,SAVINGS,10099.26,ACTIVE,VERIFIED,0.142,RESTRICTED
ACC_004741,CUST_004741,SAVINGS,2598.27,ACTIVE,VERIFIED,0.106,RESTRICTED
ACC_004742,CUST_004742,SAVINGS,21775.79,ACTIVE,VERIFIED,0.496,RESTRICTED
ACC_004743,CUST_004743,SAVINGS,20974.1,ACTIVE,VERIFIED,0.549,RESTRICTED
ACC_004744,CUST_004744,SAVINGS,40469.15,ACTIVE,PENDING,0.535,RESTRICTED
ACC_004745,CUST_004745,SAVINGS,7275.5,ACTIVE,VERIFIED,0.374,RESTRICTED
ACC_004746,CUST_004746,SAVINGS,8216.33,ACTIVE,VERIFIED,0.221,RESTRICTED
ACC_004747,CUST_004747,SAVINGS,1993.79,ACTIVE,VERIFIED,0.083,RESTRICTED
ACC_004748,CUST_004748,SAVINGS,33889.96,ACTIVE,VERIFIED,0.5,RESTRICTED
ACC_004749,CUST_004749,SAVINGS,42062.48,ACTIVE,VERIFIED,0.312,RESTRICTED
ACC_004750,CUST_004750,SAVINGS,34385.41,ACTIVE,PENDING,0.306,RESTRICTED
ACC_004751,CUST_004751,SAVINGS,49591.06,ACTIVE,VERIFIED,0.401,RESTRICTED
ACC_004752,CUST_004752,SAVINGS,2436.25,ACTIVE,VERIFIED,0.292,RESTRICTED
ACC_004753,CUST_004753,SAVINGS,41460.76,ACTIVE,VERIFIED,0.333,RESTRICTED
ACC_004754,CUST_004754,SAVINGS,41702.46,ACTIVE,VERIFIED,0.116,RESTRICTED
ACC_004755,CUST_004755,SAVINGS,20712.88,ACTIVE,PENDING,0.471,RESTRICTED
ACC_004756,CUST_004756,SAVINGS,37638.65,ACTIVE,VERIFIED,0.132,RESTRICTED
ACC_004757,CUST_004757,SAVINGS,15424.53,ACTIVE,VERIFIED,0.323,RESTRICTED
ACC_004758,CUST_004758,SAVINGS,31145.29,ACTIVE,PENDING,0.127,RESTRICTED
ACC_004759,CUST_004759,SAVINGS,45037.95,ACTIVE,VERIFIED,0.383,RESTRICTED
ACC_004760,CUST_004760,SAVINGS,27664.44,ACTIVE,VERIFIED,0.181,RESTRICTED
ACC_004761,CUST_004761,SAVINGS,39487.51,ACTIVE,VERIFIED,0.306,RESTRICTED
ACC_004762,CUST_004762,SAVINGS,46858.88,ACTIVE,VERIFIED,0.223,RESTRICTED
ACC_004763,CUST_004763,SAVINGS,41183.69,ACTIVE,VERIFIED,0.158,RESTRICTED
ACC_004764,CUST_004764,SAVINGS,7873.96,ACTIVE,VERIFIED,0.129,RESTRICTED
ACC_004765,CUST_004765,SAVINGS,29865.18,ACTIVE,VERIFIED,0.407,RESTRICTED
ACC_004766,CUST_004766,SAVINGS,41359.25,ACTIVE,VERIFIED,0.451,RESTRICTED
ACC_004767,CUST_004767,SAVINGS,3721.27,ACTIVE,VERIFIED,0.25,RESTRICTED
ACC_004768,CUST_004768,SAVINGS,30790.39,ACTIVE,VERIFIED,0.147,RESTRICTED
ACC_004769,CUST_004769,SAVINGS,18705.65,ACTIVE,VERIFIED,0.149,RESTRICTED
ACC_004770,CUST_004770,SAVINGS,1546.42,ACTIVE,VERIFIED,0.381,RESTRICTED
ACC_004771,CUST_004771,SAVINGS,3324.29,ACTIVE,VERIFIED,0.592,RESTRICTED
ACC_004772,CUST_004772,SAVINGS,11581.03,ACTIVE,VERIFIED,0.349,RESTRICTED
ACC_004773,CUST_004773,SAVINGS,4176.75,ACTIVE,PENDING,0.222,RESTRICTED
ACC_004774,CUST_004774,SAVINGS,17576.5,ACTIVE,VERIFIED,0.182,RESTRICTED
ACC_004775,CUST_004775,SAVINGS,6771.14,ACTIVE,VERIFIED,0.454,RESTRICTED
ACC_004776,CUST_004776,SAVINGS,28750.6,ACTIVE,VERIFIED,0.262,RESTRICTED
ACC_004777,CUST_004777,SAVINGS,10840.28,ACTIVE,PENDING,0.597,RESTRICTED
ACC_004778,CUST_004778,SAVINGS,18386.52,ACTIVE,VERIFIED,0.3,RESTRICTED
ACC_004779,CUST_004779,SAVINGS,43243.97,ACTIVE,VERIFIED,0.338,RESTRICTED
ACC_004780,CUST_004780,SAVINGS,23495.72,FROZEN,FLAGGED,0.119,RESTRICTED
ACC_004781,CUST_004781,SAVINGS,25224.77,ACTIVE,VERIFIED,0.435,RESTRICTED
ACC_004782,CUST_004782,SAVINGS,1516.83,ACTIVE,VERIFIED,0.167,RESTRICTED
ACC_004783,CUST_004783,SAVINGS,16769.06,ACTIVE,VERIFIED,0.29,RESTRICTED
ACC_004784,CUST_004784,SAVINGS,42573.4,ACTIVE,VERIFIED,0.397,RESTRICTED
ACC_004785,CUST_004785,SAVINGS,45939.74,ACTIVE,VERIFIED,0.148,RESTRICTED
ACC_004786,CUST_004786,SAVINGS,38284.74,ACTIVE,VERIFIED,0.088,RESTRICTED
ACC_004787,CUST_004787,SAVINGS,44138.64,ACTIVE,VERIFIED,0.58,RESTRICTED
ACC_004788,CUST_004788,SAVINGS,25322.62,ACTIVE,VERIFIED,0.483,RESTRICTED
ACC_004789,CUST_004789,SAVINGS,6523.64,ACTIVE,VERIFIED,0.311,RESTRICTED
ACC_004790,CUST_004790,SAVINGS,13822.15,ACTIVE,VERIFIED,0.271,RESTRICTED
ACC_004791,CUST_004791,SAVINGS,47616.17,ACTIVE,VERIFIED,0.213,RESTRICTED
ACC_004792,CUST_004792,SAVINGS,42511.53,ACTIVE,VERIFIED,0.241,RESTRICTED
ACC_004793,CUST_004793,SAVINGS,13449.49,ACTIVE,VERIFIED,0.133,RESTRICTED
ACC_004794,CUST_004794,SAVINGS,38825.54,ACTIVE,VERIFIED,0.069,RESTRICTED
ACC_004795,CUST_004795,SAVINGS,32230.38,ACTIVE,VERIFIED,0.159,RESTRICTED
ACC_004796,CUST_004796,SAVINGS,25092.5,ACTIVE,VERIFIED,0.21,RESTRICTED
ACC_004797,CUST_004797,SAVINGS,3973.41,ACTIVE,VERIFIED,0.218,RESTRICTED
ACC_004798,CUST_004798,SAVINGS,33456.16,ACTIVE,VERIFIED,0.561,RESTRICTED
ACC_004799,CUST_004799,SAVINGS,48758.33,ACTIVE,VERIFIED,0.372,RESTRICTED
ACC_004800,CUST_004800,SAVINGS,44789.11,ACTIVE,VERIFIED,0.26,RESTRICTED
ACC_004801,CUST_004801,SAVINGS,24213.22,ACTIVE,VERIFIED,0.578,RESTRICTED
ACC_004802,CUST_004802,SAVINGS,45832.81,ACTIVE,VERIFIED,0.261,RESTRICTED
ACC_004803,CUST_004803,SAVINGS,39341.34,ACTIVE,VERIFIED,0.172,RESTRICTED
ACC_004804,CUST_004804,SAVINGS,12740.28,ACTIVE,VERIFIED,0.521,RESTRICTED
ACC_004805,CUST_004805,SAVINGS,1287.8,ACTIVE,PENDING,0.545,RESTRICTED
ACC_004806,CUST_004806,SAVINGS,20735.41,ACTIVE,VERIFIED,0.223,RESTRICTED
ACC_004807,CUST_004807,SAVINGS,49555.13,ACTIVE,VERIFIED,0.37,RESTRICTED
ACC_004808,CUST_004808,SAVINGS,21600.86,ACTIVE,VERIFIED,0.256,RESTRICTED
ACC_004809,CUST_004809,SAVINGS,41679.25,ACTIVE,VERIFIED,0.173,RESTRICTED
ACC_004810,CUST_004810,SAVINGS,5540.24,ACTIVE,VERIFIED,0.331,RESTRICTED
ACC_004811,CUST_004811,SAVINGS,19642.49,ACTIVE,VERIFIED,0.057,RESTRICTED
ACC_004812,CUST_004812,SAVINGS,10222.52,ACTIVE,VERIFIED,0.226,RESTRICTED
ACC_004813,CUST_004813,SAVINGS,5094.1,ACTIVE,VERIFIED,0.174,RESTRICTED
ACC_004814,CUST_004814,SAVINGS,15820.42,ACTIVE,VERIFIED,0.242,RESTRICTED
ACC_004815,CUST_004815,SAVINGS,13121.91,ACTIVE,VERIFIED,0.172,RESTRICTED
ACC_004816,CUST_004816,SAVINGS,44414.82,ACTIVE,VERIFIED,0.291,RESTRICTED
ACC_004817,CUST_004817,SAVINGS,39465.48,ACTIVE,VERIFIED,0.18,RESTRICTED
ACC_004818,CUST_004818,SAVINGS,28553.39,ACTIVE,VERIFIED,0.157,RESTRICTED
ACC_004819,CUST_004819,SAVINGS,31645.86,ACTIVE,PENDING,0.275,RESTRICTED
ACC_004820,CUST_004820,SAVINGS,34833.05,ACTIVE,VERIFIED,0.274,RESTRICTED
ACC_004821,CUST_004821,SAVINGS,17998.48,ACTIVE,VERIFIED,0.259,RESTRICTED
ACC_004822,CUST_004822,SAVINGS,2252.77,ACTIVE,VERIFIED,0.56,RESTRICTED
ACC_004823,CUST_004823,SAVINGS,40561.29,ACTIVE,VERIFIED,0.092,RESTRICTED
ACC_004824,CUST_004824,SAVINGS,2794.54,ACTIVE,VERIFIED,0.344,RESTRICTED
ACC_004825,CUST_004825,SAVINGS,23769.91,ACTIVE,VERIFIED,0.076,RESTRICTED
ACC_004826,CUST_004826,SAVINGS,5613.73,ACTIVE,VERIFIED,0.22,RESTRICTED
ACC_004827,CUST_004827,SAVINGS,43334.57,ACTIVE,VERIFIED,0.164,RESTRICTED
ACC_004828,CUST_004828,SAVINGS,37116.85,ACTIVE,VERIFIED,0.319,RESTRICTED
ACC_004829,CUST_004829,SAVINGS,43301.47,ACTIVE,VERIFIED,0.648,RESTRICTED
ACC_004830,CUST_004830,SAVINGS,23116.55,ACTIVE,VERIFIED,0.271,RESTRICTED
ACC_004831,CUST_004831,SAVINGS,46204.91,ACTIVE,VERIFIED,0.325,RESTRICTED
ACC_004832,CUST_004832,SAVINGS,5904.5,ACTIVE,VERIFIED,0.41,RESTRICTED
ACC_004833,CUST_004833,SAVINGS,22500.11,ACTIVE,VERIFIED,0.422,RESTRICTED
ACC_004834,CUST_004834,SAVINGS,25969.61,ACTIVE,VERIFIED,0.161,RESTRICTED
ACC_004835,CUST_004835,SAVINGS,39032.33,ACTIVE,VERIFIED,0.358,RESTRICTED
ACC_004836,CUST_004836,SAVINGS,5484.93,ACTIVE,VERIFIED,0.375,RESTRICTED
ACC_004837,CUST_004837,SAVINGS,32466.36,ACTIVE,VERIFIED,0.27,RESTRICTED
ACC_004838,CUST_004838,SAVINGS,39567.44,ACTIVE,VERIFIED,0.54,RESTRICTED
ACC_004839,CUST_004839,SAVINGS,28041.55,ACTIVE,VERIFIED,0.19,RESTRICTED
ACC_004840,CUST_004840,SAVINGS,36818.5,ACTIVE,VERIFIED,0.35,RESTRICTED
ACC_004841,CUST_004841,SAVINGS,5590.36,ACTIVE,VERIFIED,0.185,RESTRICTED
ACC_004842,CUST_004842,SAVINGS,33258.2,ACTIVE,VERIFIED,0.234,RESTRICTED
ACC_004843,CUST_004843,SAVINGS,41440.53,ACTIVE,VERIFIED,0.336,RESTRICTED
ACC_004844,CUST_004844,SAVINGS,21903.01,ACTIVE,PENDING,0.418,RESTRICTED
ACC_004845,CUST_004845,SAVINGS,1272.58,ACTIVE,VERIFIED,0.285,RESTRICTED
ACC_004846,CUST_004846,SAVINGS,3428.3,ACTIVE,VERIFIED,0.115,RESTRICTED
ACC_004847,CUST_004847,SAVINGS,22762.12,ACTIVE,VERIFIED,0.236,RESTRICTED
ACC_004848,CUST_004848,SAVINGS,24880.22,ACTIVE,VERIFIED,0.35,RESTRICTED
ACC_004849,CUST_004849,SAVINGS,18868.08,ACTIVE,VERIFIED,0.364,RESTRICTED
ACC_004850,CUST_004850,SAVINGS,4670.47,ACTIVE,VERIFIED,0.445,RESTRICTED
ACC_004851,CUST_004851,SAVINGS,16312.41,ACTIVE,PENDING,0.147,RESTRICTED
ACC_004852,CUST_004852,SAVINGS,12568.75,ACTIVE,VERIFIED,0.061,RESTRICTED
ACC_004853,CUST_004853,SAVINGS,1529.85,ACTIVE,VERIFIED,0.387,RESTRICTED
ACC_004854,CUST_004854,SAVINGS,41160.56,ACTIVE,VERIFIED,0.169,RESTRICTED
ACC_004855,CUST_004855,SAVINGS,43250.55,ACTIVE,VERIFIED,0.71,RESTRICTED
ACC_004856,CUST_004856,SAVINGS,24012.05,ACTIVE,VERIFIED,0.293,RESTRICTED
ACC_004857,CUST_004857,SAVINGS,4127.36,ACTIVE,VERIFIED,0.049,RESTRICTED
ACC_004858,CUST_004858,SAVINGS,2959.33,ACTIVE,VERIFIED,0.28,RESTRICTED
ACC_004859,CUST_004859,SAVINGS,17286.01,ACTIVE,VERIFIED,0.33,RESTRICTED
ACC_004860,CUST_004860,SAVINGS,10205.21,ACTIVE,VERIFIED,0.443,RESTRICTED
ACC_004861,CUST_004861,SAVINGS,18187.91,ACTIVE,VERIFIED,0.429,RESTRICTED
ACC_004862,CUST_004862,SAVINGS,7820.68,ACTIVE,VERIFIED,0.141,RESTRICTED
ACC_004863,CUST_004863,SAVINGS,48193.59,ACTIVE,VERIFIED,0.279,RESTRICTED
ACC_004864,CUST_004864,SAVINGS,33706.21,ACTIVE,VERIFIED,0.05,RESTRICTED
ACC_004865,CUST_004865,SAVINGS,27760.32,ACTIVE,VERIFIED,0.279,RESTRICTED
ACC_004866,CUST_004866,SAVINGS,46137.76,ACTIVE,VERIFIED,0.039,RESTRICTED
ACC_004867,CUST_004867,SAVINGS,28811.23,ACTIVE,PENDING,0.033,RESTRICTED
ACC_004868,CUST_004868,SAVINGS,39622.49,ACTIVE,VERIFIED,0.232,RESTRICTED
ACC_004869,CUST_004869,SAVINGS,17667.55,ACTIVE,VERIFIED,0.127,RESTRICTED
ACC_004870,CUST_004870,SAVINGS,31643.82,ACTIVE,VERIFIED,0.31,RESTRICTED
ACC_004871,CUST_004871,SAVINGS,19000.33,ACTIVE,VERIFIED,0.076,RESTRICTED
ACC_004872,CUST_004872,SAVINGS,17262.22,ACTIVE,VERIFIED,0.19,RESTRICTED
ACC_004873,CUST_004873,SAVINGS,36679.04,ACTIVE,VERIFIED,0.514,RESTRICTED
ACC_004874,CUST_004874,SAVINGS,36557.54,ACTIVE,VERIFIED,0.054,RESTRICTED
ACC_004875,CUST_004875,SAVINGS,9027.88,ACTIVE,VERIFIED,0.129,RESTRICTED
ACC_004876,CUST_004876,SAVINGS,14058.3,ACTIVE,VERIFIED,0.519,RESTRICTED
ACC_004877,CUST_004877,SAVINGS,30823.94,ACTIVE,VERIFIED,0.162,RESTRICTED
ACC_004878,CUST_004878,SAVINGS,46827.19,ACTIVE,PENDING,0.261,RESTRICTED
ACC_004879,CUST_004879,SAVINGS,34717.47,ACTIVE,VERIFIED,0.064,RESTRICTED
ACC_004880,CUST_004880,SAVINGS,25042.23,ACTIVE,VERIFIED,0.385,RESTRICTED
ACC_004881,CUST_004881,SAVINGS,36491.61,ACTIVE,VERIFIED,0.403,RESTRICTED
ACC_004882,CUST_004882,SAVINGS,35317.62,ACTIVE,VERIFIED,0.15,RESTRICTED
ACC_004883,CUST_004883,SAVINGS,11466.84,ACTIVE,VERIFIED,0.03,RESTRICTED
ACC_004884,CUST_004884,SAVINGS,20805.26,ACTIVE,VERIFIED,0.336,RESTRICTED
ACC_004885,CUST_004885,SAVINGS,23177.88,ACTIVE,VERIFIED,0.365,RESTRICTED
ACC_004886,CUST_004886,SAVINGS,32359.59,ACTIVE,VERIFIED,0.175,RESTRICTED
ACC_004887,CUST_004887,SAVINGS,14198.95,ACTIVE,VERIFIED,0.635,RESTRICTED
ACC_004888,CUST_004888,SAVINGS,25839.37,ACTIVE,VERIFIED,0.531,RESTRICTED
ACC_004889,CUST_004889,SAVINGS,35151.32,ACTIVE,PENDING,0.296,RESTRICTED
ACC_004890,CUST_004890,SAVINGS,22354.13,ACTIVE,VERIFIED,0.052,RESTRICTED
ACC_004891,CUST_004891,SAVINGS,1331.1,ACTIVE,VERIFIED,0.238,RESTRICTED
ACC_004892,CUST_004892,SAVINGS,10734.86,ACTIVE,VERIFIED,0.407,RESTRICTED
ACC_004893,CUST_004893,SAVINGS,39242.92,ACTIVE,PENDING,0.06,RESTRICTED
ACC_004894,CUST_004894,SAVINGS,33575.23,ACTIVE,VERIFIED,0.193,RESTRICTED
ACC_004895,CUST_004895,SAVINGS,19950.51,FROZEN,FLAGGED,0.642,RESTRICTED
ACC_004896,CUST_004896,SAVINGS,20699.79,ACTIVE,VERIFIED,0.094,RESTRICTED
ACC_004897,CUST_004897,SAVINGS,4039.24,ACTIVE,VERIFIED,0.164,RESTRICTED
ACC_004898,CUST_004898,SAVINGS,23065.47,ACTIVE,VERIFIED,0.315,RESTRICTED
ACC_004899,CUST_004899,SAVINGS,34900.59,ACTIVE,VERIFIED,0.363,RESTRICTED
ACC_004900,CUST_004900,SAVINGS,40953.15,ACTIVE,PENDING,0.045,RESTRICTED
ACC_004901,CUST_004901,SAVINGS,9178.79,ACTIVE,VERIFIED,0.381,RESTRICTED
ACC_004902,CUST_004902,SAVINGS,27759.92,ACTIVE,VERIFIED,0.452,RESTRICTED
ACC_004903,CUST_004903,SAVINGS,44994.67,ACTIVE,VERIFIED,0.286,RESTRICTED
ACC_004904,CUST_004904,SAVINGS,38312.76,ACTIVE,PENDING,0.275,RESTRICTED
ACC_004905,CUST_004905,SAVINGS,36484.24,ACTIVE,VERIFIED,0.237,RESTRICTED
ACC_004906,CUST_004906,SAVINGS,10164.92,ACTIVE,VERIFIED,0.214,RESTRICTED
ACC_004907,CUST_004907,SAVINGS,23651.29,ACTIVE,VERIFIED,0.345,RESTRICTED
ACC_004908,CUST_004908,SAVINGS,26004.61,ACTIVE,PENDING,0.226,RESTRICTED
ACC_004909,CUST_004909,SAVINGS,19625.76,ACTIVE,VERIFIED,0.389,RESTRICTED
ACC_004910,CUST_004910,SAVINGS,10711.83,ACTIVE,VERIFIED,0.211,RESTRICTED
ACC_004911,CUST_004911,SAVINGS,6036.88,ACTIVE,VERIFIED,0.349,RESTRICTED
ACC_004912,CUST_004912,SAVINGS,25611.78,ACTIVE,VERIFIED,0.344,RESTRICTED
ACC_004913,CUST_004913,SAVINGS,32379.44,ACTIVE,VERIFIED,0.477,RESTRICTED
ACC_004914,CUST_004914,SAVINGS,6108.72,ACTIVE,VERIFIED,0.155,RESTRICTED
ACC_004915,CUST_004915,SAVINGS,43222.52,ACTIVE,PENDING,0.229,RESTRICTED
ACC_004916,CUST_004916,SAVINGS,30199.88,ACTIVE,VERIFIED,0.153,RESTRICTED
ACC_004917,CUST_004917,SAVINGS,28631.34,ACTIVE,VERIFIED,0.047,RESTRICTED
ACC_004918,CUST_004918,SAVINGS,40198.79,ACTIVE,VERIFIED,0.355,RESTRICTED
ACC_004919,CUST_004919,SAVINGS,34603.27,ACTIVE,VERIFIED,0.348,RESTRICTED
ACC_004920,CUST_004920,SAVINGS,26063.19,ACTIVE,PENDING,0.216,RESTRICTED
ACC_004921,CUST_004921,SAVINGS,16913.01,ACTIVE,VERIFIED,0.159,RESTRICTED
ACC_004922,CUST_004922,SAVINGS,19792.97,ACTIVE,VERIFIED,0.532,RESTRICTED
ACC_004923,CUST_004923,SAVINGS,23323.21,ACTIVE,PENDING,0.191,RESTRICTED
ACC_004924,CUST_004924,SAVINGS,2789.31,ACTIVE,VERIFIED,0.327,RESTRICTED
ACC_004925,CUST_004925,SAVINGS,23072.55,ACTIVE,PENDING,0.276,RESTRICTED
ACC_004926,CUST_004926,SAVINGS,5270.75,ACTIVE,VERIFIED,0.273,RESTRICTED
ACC_004927,CUST_004927,SAVINGS,41550.1,ACTIVE,VERIFIED,0.216,RESTRICTED
ACC_004928,CUST_004928,SAVINGS,39484.93,ACTIVE,VERIFIED,0.417,RESTRICTED
ACC_004929,CUST_004929,SAVINGS,38074.79,ACTIVE,VERIFIED,0.157,RESTRICTED
ACC_004930,CUST_004930,SAVINGS,25670.67,ACTIVE,VERIFIED,0.204,RESTRICTED
ACC_004931,CUST_004931,SAVINGS,4432.06,ACTIVE,VERIFIED,0.203,RESTRICTED
ACC_004932,CUST_004932,SAVINGS,13062.85,ACTIVE,VERIFIED,0.416,RESTRICTED
ACC_004933,CUST_004933,SAVINGS,9547.54,ACTIVE,VERIFIED,0.572,RESTRICTED
ACC_004934,CUST_004934,SAVINGS,6583.88,ACTIVE,VERIFIED,0.13,RESTRICTED
ACC_004935,CUST_004935,SAVINGS,8410.49,ACTIVE,VERIFIED,0.663,RESTRICTED
ACC_004936,CUST_004936,SAVINGS,14972.38,ACTIVE,VERIFIED,0.464,RESTRICTED
ACC_004937,CUST_004937,SAVINGS,21820.67,ACTIVE,VERIFIED,0.201,RESTRICTED
ACC_004938,CUST_004938,SAVINGS,48516.69,ACTIVE,VERIFIED,0.195,RESTRICTED
ACC_004939,CUST_004939,SAVINGS,36455.14,ACTIVE,VERIFIED,0.247,RESTRICTED
ACC_004940,CUST_004940,SAVINGS,12760.19,ACTIVE,VERIFIED,0.532,RESTRICTED
ACC_004941,CUST_004941,SAVINGS,16098.63,ACTIVE,VERIFIED,0.169,RESTRICTED
ACC_004942,CUST_004942,SAVINGS,38020.95,ACTIVE,PENDING,0.222,RESTRICTED
ACC_004943,CUST_004943,SAVINGS,38817.17,ACTIVE,VERIFIED,0.238,RESTRICTED
ACC_004944,CUST_004944,SAVINGS,10299.38,ACTIVE,VERIFIED,0.307,RESTRICTED
ACC_004945,CUST_004945,SAVINGS,26734.06,ACTIVE,VERIFIED,0.17,RESTRICTED
ACC_004946,CUST_004946,SAVINGS,28781.15,ACTIVE,VERIFIED,0.215,RESTRICTED
ACC_004947,CUST_004947,SAVINGS,40708.21,ACTIVE,VERIFIED,0.129,RESTRICTED
ACC_004948,CUST_004948,SAVINGS,29583.72,ACTIVE,PENDING,0.074,RESTRICTED
ACC_004949,CUST_004949,SAVINGS,25037.65,ACTIVE,VERIFIED,0.421,RESTRICTED
ACC_004950,CUST_004950,SAVINGS,23426.42,ACTIVE,VERIFIED,0.418,RESTRICTED
ACC_004951,CUST_004951,SAVINGS,21901.99,ACTIVE,VERIFIED,0.417,RESTRICTED
ACC_004952,CUST_004952,SAVINGS,15125.16,ACTIVE,VERIFIED,0.429,RESTRICTED
ACC_004953,CUST_004953,SAVINGS,21238.51,ACTIVE,VERIFIED,0.396,RESTRICTED
ACC_004954,CUST_004954,SAVINGS,5065.06,ACTIVE,VERIFIED,0.203,RESTRICTED
ACC_004955,CUST_004955,SAVINGS,28788.27,ACTIVE,VERIFIED,0.496,RESTRICTED
ACC_004956,CUST_004956,SAVINGS,35414.12,ACTIVE,VERIFIED,0.058,RESTRICTED
ACC_004957,CUST_004957,SAVINGS,38241.18,ACTIVE,VERIFIED,0.16,RESTRICTED
ACC_004958,CUST_004958,SAVINGS,25340.92,ACTIVE,VERIFIED,0.22,RESTRICTED
ACC_004959,CUST_004959,SAVINGS,5460.49,ACTIVE,VERIFIED,0.246,RESTRICTED
ACC_004960,CUST_004960,SAVINGS,18940.59,ACTIVE,VERIFIED,0.185,RESTRICTED
ACC_004961,CUST_004961,SAVINGS,40438.8,ACTIVE,VERIFIED,0.188,RESTRICTED
ACC_004962,CUST_004962,SAVINGS,34970.4,ACTIVE,VERIFIED,0.13,RESTRICTED
ACC_004963,CUST_004963,SAVINGS,12911.97,ACTIVE,VERIFIED,0.216,RESTRICTED
ACC_004964,CUST_004964,SAVINGS,24139.77,ACTIVE,VERIFIED,0.185,RESTRICTED
ACC_004965,CUST_004965,SAVINGS,40180.96,ACTIVE,VERIFIED,0.275,RESTRICTED
ACC_004966,CUST_004966,SAVINGS,30584.21,ACTIVE,VERIFIED,0.277,RESTRICTED
ACC_004967,CUST_004967,SAVINGS,5017.13,ACTIVE,VERIFIED,0.631,RESTRICTED
ACC_004968,CUST_004968,SAVINGS,20963.48,ACTIVE,VERIFIED,0.176,RESTRICTED
ACC_004969,CUST_004969,SAVINGS,16468.15,ACTIVE,VERIFIED,0.39,RESTRICTED
ACC_004970,CUST_004970,SAVINGS,39953.76,ACTIVE,VERIFIED,0.193,RESTRICTED
ACC_004971,CUST_004971,SAVINGS,24318.92,ACTIVE,VERIFIED,0.149,RESTRICTED
ACC_004972,CUST_004972,SAVINGS,45167.15,ACTIVE,PENDING,0.514,RESTRICTED
ACC_004973,CUST_004973,SAVINGS,14893.48,ACTIVE,VERIFIED,0.201,RESTRICTED
ACC_004974,CUST_004974,SAVINGS,44378.39,FROZEN,FLAGGED,0.29,RESTRICTED
ACC_004975,CUST_004975,SAVINGS,28353.15,ACTIVE,VERIFIED,0.194,RESTRICTED
ACC_004976,CUST_004976,SAVINGS,49932.6,ACTIVE,VERIFIED,0.34,RESTRICTED
ACC_004977,CUST_004977,SAVINGS,20369.51,ACTIVE,VERIFIED,0.296,RESTRICTED
ACC_004978,CUST_004978,SAVINGS,19896.55,ACTIVE,VERIFIED,0.159,RESTRICTED
ACC_004979,CUST_004979,SAVINGS,11068.75,ACTIVE,VERIFIED,0.452,RESTRICTED
ACC_004980,CUST_004980,SAVINGS,10017.84,ACTIVE,VERIFIED,0.098,RESTRICTED
ACC_004981,CUST_004981,SAVINGS,39402.98,ACTIVE,PENDING,0.298,RESTRICTED
ACC_004982,CUST_004982,SAVINGS,25644.78,FROZEN,FLAGGED,0.178,RESTRICTED
ACC_004983,CUST_004983,SAVINGS,44701.33,ACTIVE,VERIFIED,0.082,RESTRICTED
ACC_004984,CUST_004984,SAVINGS,29173.27,ACTIVE,VERIFIED,0.446,RESTRICTED
ACC_004985,CUST_004985,SAVINGS,21268.52,ACTIVE,VERIFIED,0.248,RESTRICTED
ACC_004986,CUST_004986,SAVINGS,22797.06,ACTIVE,VERIFIED,0.238,RESTRICTED
ACC_004987,CUST_004987,SAVINGS,19016.84,ACTIVE,PENDING,0.202,RESTRICTED
ACC_004988,CUST_004988,SAVINGS,41196.16,ACTIVE,VERIFIED,0.052,RESTRICTED
ACC_004989,CUST_004989,SAVINGS,25338.61,FROZEN,FLAGGED,0.22,RESTRICTED
ACC_004990,CUST_004990,SAVINGS,45864.64,ACTIVE,VERIFIED,0.346,RESTRICTED
ACC_004991,CUST_004991,SAVINGS,27403.05,ACTIVE,VERIFIED,0.188,RESTRICTED
ACC_004992,CUST_004992,SAVINGS,18571.13,ACTIVE,VERIFIED,0.293,RESTRICTED
ACC_004993,CUST_004993,SAVINGS,13460.01,ACTIVE,VERIFIED,0.166,RESTRICTED
ACC_004994,CUST_004994,SAVINGS,23763.9,ACTIVE,VERIFIED,0.489,RESTRICTED
ACC_004995,CUST_004995,SAVINGS,6419.04,ACTIVE,VERIFIED,0.187,RESTRICTED
ACC_004996,CUST_004996,SAVINGS,29096.49,ACTIVE,VERIFIED,0.397,RESTRICTED
ACC_004997,CUST_004997,SAVINGS,29784.88,ACTIVE,VERIFIED,0.123,RESTRICTED
ACC_004998,CUST_004998,SAVINGS,4891.49,ACTIVE,VERIFIED,0.363,RESTRICTED
ACC_004999,CUST_004999,SAVINGS,30724.68,ACTIVE,VERIFIED,0.48,RESTRICTED
ACC_005000,CUST_005000,SAVINGS,5919.36,ACTIVE,VERIFIED,0.297,RESTRICTED
ACC_005001,CUST_005001,SAVINGS,8769.16,ACTIVE,VERIFIED,0.327,RESTRICTED
ACC_005002,CUST_005002,SAVINGS,18838.14,ACTIVE,VERIFIED,0.236,RESTRICTED
ACC_005003,CUST_005003,SAVINGS,8518.29,ACTIVE,VERIFIED,0.276,RESTRICTED
ACC_005004,CUST_005004,SAVINGS,30470.92,ACTIVE,VERIFIED,0.085,RESTRICTED
ACC_005005,CUST_005005,SAVINGS,12581.5,ACTIVE,VERIFIED,0.058,RESTRICTED
ACC_005006,CUST_005006,SAVINGS,34034.25,ACTIVE,VERIFIED,0.204,RESTRICTED
ACC_005007,CUST_005007,SAVINGS,12030.65,ACTIVE,VERIFIED,0.255,RESTRICTED
ACC_005008,CUST_005008,SAVINGS,39966.68,ACTIVE,VERIFIED,0.287,RESTRICTED
ACC_005009,CUST_005009,SAVINGS,42594.98,ACTIVE,VERIFIED,0.401,RESTRICTED
ACC_005010,CUST_005010,SAVINGS,46265.05,ACTIVE,VERIFIED,0.244,RESTRICTED
ACC_005011,CUST_005011,SAVINGS,16266.05,ACTIVE,VERIFIED,0.495,RESTRICTED
ACC_005012,CUST_005012,SAVINGS,4142.15,ACTIVE,PENDING,0.47,RESTRICTED
ACC_005013,CUST_005013,SAVINGS,49688.21,ACTIVE,VERIFIED,0.259,RESTRICTED
ACC_005014,CUST_005014,SAVINGS,15120.26,ACTIVE,VERIFIED,0.209,RESTRICTED
ACC_005015,CUST_005015,SAVINGS,20070.94,ACTIVE,VERIFIED,0.432,RESTRICTED
ACC_005016,CUST_005016,SAVINGS,22921.93,ACTIVE,VERIFIED,0.078,RESTRICTED
ACC_005017,CUST_005017,SAVINGS,44898.71,ACTIVE,VERIFIED,0.232,RESTRICTED
ACC_005018,CUST_005018,SAVINGS,38561.89,ACTIVE,VERIFIED,0.162,RESTRICTED
ACC_005019,CUST_005019,SAVINGS,21355.43,ACTIVE,VERIFIED,0.112,RESTRICTED
ACC_005020,CUST_005020,SAVINGS,8026.92,ACTIVE,VERIFIED,0.091,RESTRICTED
ACC_005021,CUST_005021,SAVINGS,1301.87,ACTIVE,VERIFIED,0.222,RESTRICTED
ACC_005022,CUST_005022,SAVINGS,44253.15,ACTIVE,VERIFIED,0.281,RESTRICTED
ACC_005023,CUST_005023,SAVINGS,22034.91,ACTIVE,VERIFIED,0.197,RESTRICTED
ACC_005024,CUST_005024,SAVINGS,49491.59,FROZEN,FLAGGED,0.163,RESTRICTED
ACC_005025,CUST_005025,SAVINGS,4641.71,ACTIVE,VERIFIED,0.065,RESTRICTED
ACC_005026,CUST_005026,SAVINGS,16729.5,ACTIVE,VERIFIED,0.227,RESTRICTED
ACC_005027,CUST_005027,SAVINGS,34454.05,ACTIVE,VERIFIED,0.327,RESTRICTED
ACC_005028,CUST_005028,SAVINGS,20478.0,ACTIVE,VERIFIED,0.615,RESTRICTED
ACC_005029,CUST_005029,SAVINGS,1700.33,ACTIVE,VERIFIED,0.59,RESTRICTED
ACC_005030,CUST_005030,SAVINGS,49480.57,ACTIVE,VERIFIED,0.492,RESTRICTED
ACC_005031,CUST_005031,SAVINGS,49769.55,ACTIVE,VERIFIED,0.05,RESTRICTED
ACC_005032,CUST_005032,SAVINGS,22661.98,ACTIVE,PENDING,0.257,RESTRICTED
ACC_005033,CUST_005033,SAVINGS,18863.93,ACTIVE,VERIFIED,0.334,RESTRICTED
ACC_005034,CUST_005034,SAVINGS,17641.64,ACTIVE,VERIFIED,0.398,RESTRICTED
ACC_005035,CUST_005035,SAVINGS,17897.89,ACTIVE,VERIFIED,0.564,RESTRICTED
ACC_005036,CUST_005036,SAVINGS,22418.53,ACTIVE,VERIFIED,0.058,RESTRICTED
ACC_005037,CUST_005037,SAVINGS,17827.3,ACTIVE,VERIFIED,0.242,RESTRICTED
ACC_005038,CUST_005038,SAVINGS,23667.84,ACTIVE,PENDING,0.263,RESTRICTED
ACC_005039,CUST_005039,SAVINGS,11654.66,ACTIVE,VERIFIED,0.09,RESTRICTED
ACC_005040,CUST_005040,SAVINGS,32317.06,FROZEN,FLAGGED,0.29,RESTRICTED
ACC_005041,CUST_005041,SAVINGS,47858.06,ACTIVE,VERIFIED,0.342,RESTRICTED
ACC_005042,CUST_005042,SAVINGS,15982.11,ACTIVE,VERIFIED,0.044,RESTRICTED
ACC_005043,CUST_005043,SAVINGS,12872.72,ACTIVE,VERIFIED,0.351,RESTRICTED
ACC_005044,CUST_005044,SAVINGS,31032.03,FROZEN,FLAGGED,0.121,RESTRICTED
ACC_005045,CUST_005045,SAVINGS,28637.22,ACTIVE,VERIFIED,0.372,RESTRICTED
ACC_005046,CUST_005046,SAVINGS,24546.27,ACTIVE,PENDING,0.156,RESTRICTED
ACC_005047,CUST_005047,SAVINGS,21680.28,ACTIVE,VERIFIED,0.161,RESTRICTED
ACC_005048,CUST_005048,SAVINGS,4950.63,ACTIVE,VERIFIED,0.353,RESTRICTED
ACC_005049,CUST_005049,SAVINGS,15674.22,FROZEN,FLAGGED,0.23,RESTRICTED
ACC_005050,CUST_005050,SAVINGS,44694.89,ACTIVE,VERIFIED,0.223,RESTRICTED
ACC_005051,CUST_005051,SAVINGS,22435.41,ACTIVE,VERIFIED,0.506,RESTRICTED
ACC_005052,CUST_005052,SAVINGS,10783.18,ACTIVE,VERIFIED,0.423,RESTRICTED
ACC_005053,CUST_005053,SAVINGS,6214.04,ACTIVE,VERIFIED,0.725,RESTRICTED
ACC_005054,CUST_005054,SAVINGS,32434.08,ACTIVE,VERIFIED,0.261,RESTRICTED
ACC_005055,CUST_005055,SAVINGS,39253.0,FROZEN,FLAGGED,0.16,RESTRICTED
ACC_005056,CUST_005056,SAVINGS,38476.43,ACTIVE,PENDING,0.368,RESTRICTED
ACC_005057,CUST_005057,SAVINGS,8741.21,ACTIVE,VERIFIED,0.375,RESTRICTED
ACC_005058,CUST_005058,SAVINGS,35164.36,ACTIVE,VERIFIED,0.397,RESTRICTED
ACC_005059,CUST_005059,SAVINGS,9366.48,ACTIVE,VERIFIED,0.078,RESTRICTED
ACC_005060,CUST_005060,SAVINGS,43496.19,ACTIVE,VERIFIED,0.177,RESTRICTED
ACC_005061,CUST_005061,SAVINGS,27987.4,ACTIVE,VERIFIED,0.282,RESTRICTED
ACC_005062,CUST_005062,SAVINGS,39714.22,ACTIVE,VERIFIED,0.355,RESTRICTED
ACC_005063,CUST_005063,SAVINGS,27192.24,ACTIVE,VERIFIED,0.149,RESTRICTED
ACC_005064,CUST_005064,SAVINGS,30135.45,ACTIVE,VERIFIED,0.711,RESTRICTED
ACC_005065,CUST_005065,SAVINGS,47732.08,ACTIVE,PENDING,0.043,RESTRICTED
ACC_005066,CUST_005066,SAVINGS,34016.3,ACTIVE,VERIFIED,0.118,RESTRICTED
ACC_005067,CUST_005067,SAVINGS,44773.05,ACTIVE,VERIFIED,0.253,RESTRICTED
ACC_005068,CUST_005068,SAVINGS,43974.03,ACTIVE,PENDING,0.402,RESTRICTED
ACC_005069,CUST_005069,SAVINGS,23541.97,ACTIVE,VERIFIED,0.464,RESTRICTED
ACC_005070,CUST_005070,SAVINGS,42422.46,ACTIVE,VERIFIED,0.341,RESTRICTED
ACC_005071,CUST_005071,SAVINGS,43288.42,ACTIVE,VERIFIED,0.339,RESTRICTED
ACC_005072,CUST_005072,SAVINGS,4688.78,ACTIVE,VERIFIED,0.322,RESTRICTED
ACC_005073,CUST_005073,SAVINGS,6973.67,FROZEN,FLAGGED,0.224,RESTRICTED
ACC_005074,CUST_005074,SAVINGS,23004.04,ACTIVE,VERIFIED,0.231,RESTRICTED
ACC_005075,CUST_005075,SAVINGS,24632.79,ACTIVE,VERIFIED,0.258,RESTRICTED
ACC_005076,CUST_005076,SAVINGS,47483.8,ACTIVE,VERIFIED,0.543,RESTRICTED
ACC_005077,CUST_005077,SAVINGS,8277.54,ACTIVE,VERIFIED,0.457,RESTRICTED
ACC_005078,CUST_005078,SAVINGS,38985.39,ACTIVE,PENDING,0.471,RESTRICTED
ACC_005079,CUST_005079,SAVINGS,18645.71,ACTIVE,VERIFIED,0.52,RESTRICTED
ACC_005080,CUST_005080,SAVINGS,11776.18,ACTIVE,VERIFIED,0.128,RESTRICTED
ACC_005081,CUST_005081,SAVINGS,10739.33,ACTIVE,VERIFIED,0.474,RESTRICTED
ACC_005082,CUST_005082,SAVINGS,23482.95,ACTIVE,VERIFIED,0.611,RESTRICTED
ACC_005083,CUST_005083,SAVINGS,29917.48,ACTIVE,PENDING,0.209,RESTRICTED
ACC_005084,CUST_005084,SAVINGS,11888.2,ACTIVE,VERIFIED,0.317,RESTRICTED
ACC_005085,CUST_005085,SAVINGS,4890.17,ACTIVE,VERIFIED,0.187,RESTRICTED
ACC_005086,CUST_005086,SAVINGS,31245.23,FROZEN,FLAGGED,0.201,RESTRICTED
ACC_005087,CUST_005087,SAVINGS,14940.83,ACTIVE,VERIFIED,0.639,RESTRICTED
ACC_005088,CUST_005088,SAVINGS,11930.88,ACTIVE,VERIFIED,0.615,RESTRICTED
ACC_005089,CUST_005089,SAVINGS,4046.61,ACTIVE,VERIFIED,0.139,RESTRICTED
ACC_005090,CUST_005090,SAVINGS,38706.25,ACTIVE,VERIFIED,0.148,RESTRICTED
ACC_005091,CUST_005091,SAVINGS,36224.07,ACTIVE,VERIFIED,0.308,RESTRICTED
ACC_005092,CUST_005092,SAVINGS,40419.05,ACTIVE,VERIFIED,0.182,RESTRICTED
ACC_005093,CUST_005093,SAVINGS,48704.13,ACTIVE,VERIFIED,0.436,RESTRICTED
ACC_005094,CUST_005094,SAVINGS,23685.38,ACTIVE,VERIFIED,0.186,RESTRICTED
ACC_005095,CUST_005095,SAVINGS,16370.49,ACTIVE,VERIFIED,0.385,RESTRICTED
ACC_005096,CUST_005096,SAVINGS,33239.73,ACTIVE,VERIFIED,0.21,RESTRICTED
ACC_005097,CUST_005097,SAVINGS,33427.73,ACTIVE,VERIFIED,0.104,RESTRICTED
ACC_005098,CUST_005098,SAVINGS,13101.72,ACTIVE,VERIFIED,0.256,RESTRICTED
ACC_005099,CUST_005099,SAVINGS,25559.4,ACTIVE,VERIFIED,0.34,RESTRICTED
ACC_005100,CUST_005100,SAVINGS,47052.31,ACTIVE,VERIFIED,0.18,RESTRICTED
ACC_005101,CUST_005101,SAVINGS,16321.58,ACTIVE,VERIFIED,0.157,RESTRICTED
ACC_005102,CUST_005102,SAVINGS,26192.08,ACTIVE,PENDING,0.351,RESTRICTED
ACC_005103,CUST_005103,SAVINGS,26921.38,ACTIVE,VERIFIED,0.167,RESTRICTED
ACC_005104,CUST_005104,SAVINGS,40351.57,ACTIVE,VERIFIED,0.47,RESTRICTED
ACC_005105,CUST_005105,SAVINGS,13292.13,ACTIVE,VERIFIED,0.073,RESTRICTED
ACC_005106,CUST_005106,SAVINGS,23655.41,ACTIVE,VERIFIED,0.516,RESTRICTED
ACC_005107,CUST_005107,SAVINGS,32238.49,ACTIVE,VERIFIED,0.286,RESTRICTED
ACC_005108,CUST_005108,SAVINGS,25914.57,ACTIVE,PENDING,0.134,RESTRICTED
ACC_005109,CUST_005109,SAVINGS,21265.02,ACTIVE,VERIFIED,0.446,RESTRICTED
ACC_005110,CUST_005110,SAVINGS,21656.65,ACTIVE,VERIFIED,0.162,RESTRICTED
ACC_005111,CUST_005111,SAVINGS,47936.91,ACTIVE,VERIFIED,0.192,RESTRICTED
ACC_005112,CUST_005112,SAVINGS,23607.62,ACTIVE,VERIFIED,0.694,RESTRICTED
ACC_005113,CUST_005113,SAVINGS,13453.51,ACTIVE,VERIFIED,0.203,RESTRICTED
ACC_005114,CUST_005114,SAVINGS,10234.2,ACTIVE,VERIFIED,0.483,RESTRICTED
ACC_005115,CUST_005115,SAVINGS,16729.41,ACTIVE,VERIFIED,0.348,RESTRICTED
ACC_005116,CUST_005116,SAVINGS,28761.03,ACTIVE,VERIFIED,0.33,RESTRICTED
ACC_005117,CUST_005117,SAVINGS,36678.54,ACTIVE,VERIFIED,0.175,RESTRICTED
ACC_005118,CUST_005118,SAVINGS,14481.67,FROZEN,FLAGGED,0.12,RESTRICTED
ACC_005119,CUST_005119,SAVINGS,7897.17,ACTIVE,VERIFIED,0.265,RESTRICTED
ACC_005120,CUST_005120,SAVINGS,4639.84,ACTIVE,VERIFIED,0.048,RESTRICTED
ACC_005121,CUST_005121,SAVINGS,15321.84,ACTIVE,VERIFIED,0.271,RESTRICTED
ACC_005122,CUST_005122,SAVINGS,43709.02,ACTIVE,VERIFIED,0.292,RESTRICTED
ACC_005123,CUST_005123,SAVINGS,27117.65,ACTIVE,VERIFIED,0.038,RESTRICTED
ACC_005124,CUST_005124,SAVINGS,4184.96,ACTIVE,VERIFIED,0.447,RESTRICTED
ACC_005125,CUST_005125,SAVINGS,9775.93,FROZEN,FLAGGED,0.619,RESTRICTED
ACC_005126,CUST_005126,SAVINGS,40733.75,ACTIVE,VERIFIED,0.104,RESTRICTED
ACC_005127,CUST_005127,SAVINGS,18742.28,ACTIVE,VERIFIED,0.137,RESTRICTED
ACC_005128,CUST_005128,SAVINGS,3883.24,ACTIVE,VERIFIED,0.01,RESTRICTED
ACC_005129,CUST_005129,SAVINGS,10284.23,ACTIVE,PENDING,0.223,RESTRICTED
ACC_005130,CUST_005130,SAVINGS,29417.48,ACTIVE,VERIFIED,0.417,RESTRICTED
ACC_005131,CUST_005131,SAVINGS,25028.48,ACTIVE,PENDING,0.165,RESTRICTED
ACC_005132,CUST_005132,SAVINGS,24450.06,ACTIVE,VERIFIED,0.571,RESTRICTED
ACC_005133,CUST_005133,SAVINGS,6403.79,ACTIVE,PENDING,0.13,RESTRICTED
ACC_005134,CUST_005134,SAVINGS,20922.51,ACTIVE,VERIFIED,0.331,RESTRICTED
ACC_005135,CUST_005135,SAVINGS,47255.55,ACTIVE,VERIFIED,0.128,RESTRICTED
ACC_005136,CUST_005136,SAVINGS,11464.24,ACTIVE,VERIFIED,0.28,RESTRICTED
ACC_005137,CUST_005137,SAVINGS,21017.38,ACTIVE,VERIFIED,0.794,RESTRICTED
ACC_005138,CUST_005138,SAVINGS,15454.58,ACTIVE,VERIFIED,0.638,RESTRICTED
ACC_005139,CUST_005139,SAVINGS,17514.32,ACTIVE,VERIFIED,0.183,RESTRICTED
ACC_005140,CUST_005140,SAVINGS,30407.42,ACTIVE,VERIFIED,0.132,RESTRICTED
ACC_005141,CUST_005141,SAVINGS,36554.74,ACTIVE,VERIFIED,0.212,RESTRICTED
ACC_005142,CUST_005142,SAVINGS,23854.07,FROZEN,FLAGGED,0.184,RESTRICTED
ACC_005143,CUST_005143,SAVINGS,24716.84,ACTIVE,VERIFIED,0.394,RESTRICTED
ACC_005144,CUST_005144,SAVINGS,25718.42,ACTIVE,VERIFIED,0.488,RESTRICTED
ACC_005145,CUST_005145,SAVINGS,35227.24,ACTIVE,VERIFIED,0.066,RESTRICTED
ACC_005146,CUST_005146,SAVINGS,5048.39,FROZEN,FLAGGED,0.353,RESTRICTED
ACC_005147,CUST_005147,SAVINGS,36896.97,ACTIVE,VERIFIED,0.372,RESTRICTED
ACC_005148,CUST_005148,SAVINGS,47423.85,FROZEN,FLAGGED,0.164,RESTRICTED
ACC_005149,CUST_005149,SAVINGS,7547.14,ACTIVE,VERIFIED,0.49,RESTRICTED
ACC_005150,CUST_005150,SAVINGS,3743.94,ACTIVE,VERIFIED,0.675,RESTRICTED
ACC_005151,CUST_005151,SAVINGS,21889.74,ACTIVE,VERIFIED,0.354,RESTRICTED
ACC_005152,CUST_005152,SAVINGS,36011.31,ACTIVE,VERIFIED,0.294,RESTRICTED
ACC_005153,CUST_005153,SAVINGS,11381.68,ACTIVE,VERIFIED,0.398,RESTRICTED
ACC_005154,CUST_005154,SAVINGS,20705.26,ACTIVE,VERIFIED,0.231,RESTRICTED
ACC_005155,CUST_005155,SAVINGS,2409.88,FROZEN,FLAGGED,0.36,RESTRICTED
ACC_005156,CUST_005156,SAVINGS,45190.62,ACTIVE,VERIFIED,0.195,RESTRICTED
ACC_005157,CUST_005157,SAVINGS,2806.45,ACTIVE,VERIFIED,0.365,RESTRICTED
ACC_005158,CUST_005158,SAVINGS,45721.45,ACTIVE,VERIFIED,0.472,RESTRICTED
ACC_005159,CUST_005159,SAVINGS,17692.38,ACTIVE,VERIFIED,0.285,RESTRICTED
ACC_005160,CUST_005160,SAVINGS,46808.38,ACTIVE,VERIFIED,0.515,RESTRICTED
ACC_005161,CUST_005161,SAVINGS,45611.06,ACTIVE,VERIFIED,0.18,RESTRICTED
ACC_005162,CUST_005162,SAVINGS,36627.51,ACTIVE,VERIFIED,0.412,RESTRICTED
ACC_005163,CUST_005163,SAVINGS,46451.67,ACTIVE,VERIFIED,0.13,RESTRICTED
ACC_005164,CUST_005164,SAVINGS,13976.78,ACTIVE,VERIFIED,0.203,RESTRICTED
ACC_005165,CUST_005165,SAVINGS,7894.16,ACTIVE,VERIFIED,0.478,RESTRICTED
ACC_005166,CUST_005166,SAVINGS,12367.33,ACTIVE,VERIFIED,0.363,RESTRICTED
ACC_005167,CUST_005167,SAVINGS,13074.46,ACTIVE,VERIFIED,0.274,RESTRICTED
ACC_005168,CUST_005168,SAVINGS,49503.06,ACTIVE,VERIFIED,0.359,RESTRICTED
ACC_005169,CUST_005169,SAVINGS,36543.4,ACTIVE,VERIFIED,0.069,RESTRICTED
ACC_005170,CUST_005170,SAVINGS,29424.64,ACTIVE,VERIFIED,0.624,RESTRICTED
ACC_005171,CUST_005171,SAVINGS,28476.69,ACTIVE,VERIFIED,0.31,RESTRICTED
ACC_005172,CUST_005172,SAVINGS,37954.95,ACTIVE,VERIFIED,0.127,RESTRICTED
ACC_005173,CUST_005173,SAVINGS,39758.08,ACTIVE,VERIFIED,0.094,RESTRICTED
ACC_005174,CUST_005174,SAVINGS,13073.88,ACTIVE,VERIFIED,0.392,RESTRICTED
ACC_005175,CUST_005175,SAVINGS,46304.9,FROZEN,FLAGGED,0.278,RESTRICTED
ACC_005176,CUST_005176,SAVINGS,40983.78,ACTIVE,VERIFIED,0.144,RESTRICTED
ACC_005177,CUST_005177,SAVINGS,27846.27,ACTIVE,VERIFIED,0.24,RESTRICTED
ACC_005178,CUST_005178,SAVINGS,48051.37,FROZEN,FLAGGED,0.049,RESTRICTED
ACC_005179,CUST_005179,SAVINGS,5211.76,ACTIVE,VERIFIED,0.374,RESTRICTED
ACC_005180,CUST_005180,SAVINGS,30342.12,ACTIVE,VERIFIED,0.323,RESTRICTED
ACC_005181,CUST_005181,SAVINGS,24360.12,ACTIVE,VERIFIED,0.147,RESTRICTED
ACC_005182,CUST_005182,SAVINGS,47225.38,ACTIVE,VERIFIED,0.158,RESTRICTED
ACC_005183,CUST_005183,SAVINGS,27827.23,ACTIVE,VERIFIED,0.57,RESTRICTED
ACC_005184,CUST_005184,SAVINGS,8332.79,ACTIVE,VERIFIED,0.321,RESTRICTED
ACC_005185,CUST_005185,SAVINGS,2139.45,ACTIVE,VERIFIED,0.22,RESTRICTED
ACC_005186,CUST_005186,SAVINGS,45374.6,ACTIVE,PENDING,0.276,RESTRICTED
ACC_005187,CUST_005187,SAVINGS,16251.48,ACTIVE,VERIFIED,0.095,RESTRICTED
ACC_005188,CUST_005188,SAVINGS,33158.05,ACTIVE,VERIFIED,0.127,RESTRICTED
ACC_005189,CUST_005189,SAVINGS,30749.97,ACTIVE,VERIFIED,0.119,RESTRICTED
ACC_005190,CUST_005190,SAVINGS,10792.29,ACTIVE,PENDING,0.271,RESTRICTED
ACC_005191,CUST_005191,SAVINGS,34704.08,ACTIVE,VERIFIED,0.193,RESTRICTED
ACC_005192,CUST_005192,SAVINGS,48009.7,ACTIVE,VERIFIED,0.068,RESTRICTED
ACC_005193,CUST_005193,SAVINGS,5746.37,ACTIVE,PENDING,0.284,RESTRICTED
ACC_005194,CUST_005194,SAVINGS,48003.2,ACTIVE,VERIFIED,0.625,RESTRICTED
ACC_005195,CUST_005195,SAVINGS,7660.26,ACTIVE,VERIFIED,0.373,RESTRICTED
ACC_005196,CUST_005196,SAVINGS,2415.1,ACTIVE,VERIFIED,0.239,RESTRICTED
ACC_005197,CUST_005197,SAVINGS,10283.02,ACTIVE,VERIFIED,0.067,RESTRICTED
ACC_005198,CUST_005198,SAVINGS,27155.49,ACTIVE,PENDING,0.138,RESTRICTED
ACC_005199,CUST_005199,SAVINGS,3877.61,ACTIVE,VERIFIED,0.476,RESTRICTED
ACC_005200,CUST_005200,SAVINGS,33384.06,ACTIVE,VERIFIED,0.303,RESTRICTED
ACC_005201,CUST_005201,SAVINGS,5288.22,ACTIVE,VERIFIED,0.189,RESTRICTED
ACC_005202,CUST_005202,SAVINGS,43368.85,ACTIVE,VERIFIED,0.046,RESTRICTED
ACC_005203,CUST_005203,SAVINGS,10156.7,ACTIVE,VERIFIED,0.207,RESTRICTED
ACC_005204,CUST_005204,SAVINGS,26757.21,ACTIVE,VERIFIED,0.496,RESTRICTED
ACC_005205,CUST_005205,SAVINGS,19448.65,ACTIVE,VERIFIED,0.273,RESTRICTED
ACC_005206,CUST_005206,SAVINGS,42458.09,FROZEN,FLAGGED,0.386,RESTRICTED
ACC_005207,CUST_005207,SAVINGS,23988.88,ACTIVE,VERIFIED,0.371,RESTRICTED
ACC_005208,CUST_005208,SAVINGS,24629.96,ACTIVE,VERIFIED,0.021,RESTRICTED
ACC_005209,CUST_005209,SAVINGS,7588.76,ACTIVE,VERIFIED,0.339,RESTRICTED
ACC_005210,CUST_005210,SAVINGS,38365.15,ACTIVE,VERIFIED,0.088,RESTRICTED
ACC_005211,CUST_005211,SAVINGS,49057.29,ACTIVE,VERIFIED,0.286,RESTRICTED
ACC_005212,CUST_005212,SAVINGS,39838.37,ACTIVE,VERIFIED,0.345,RESTRICTED
ACC_005213,CUST_005213,SAVINGS,31930.01,ACTIVE,PENDING,0.345,RESTRICTED
ACC_005214,CUST_005214,SAVINGS,14782.84,ACTIVE,VERIFIED,0.219,RESTRICTED
ACC_005215,CUST_005215,SAVINGS,43092.56,ACTIVE,PENDING,0.325,RESTRICTED
ACC_005216,CUST_005216,SAVINGS,42168.13,ACTIVE,VERIFIED,0.168,RESTRICTED
ACC_005217,CUST_005217,SAVINGS,14011.72,ACTIVE,VERIFIED,0.042,RESTRICTED
ACC_005218,CUST_005218,SAVINGS,45985.1,ACTIVE,PENDING,0.136,RESTRICTED
ACC_005219,CUST_005219,SAVINGS,49340.98,ACTIVE,VERIFIED,0.221,RESTRICTED
ACC_005220,CUST_005220,SAVINGS,13377.26,ACTIVE,VERIFIED,0.439,RESTRICTED
ACC_005221,CUST_005221,SAVINGS,44627.55,ACTIVE,VERIFIED,0.268,RESTRICTED
ACC_005222,CUST_005222,SAVINGS,49168.82,ACTIVE,PENDING,0.147,RESTRICTED
ACC_005223,CUST_005223,SAVINGS,25541.64,ACTIVE,VERIFIED,0.039,RESTRICTED
ACC_005224,CUST_005224,SAVINGS,19762.51,ACTIVE,VERIFIED,0.098,RESTRICTED
ACC_005225,CUST_005225,SAVINGS,5075.19,ACTIVE,VERIFIED,0.019,RESTRICTED
ACC_005226,CUST_005226,SAVINGS,36152.4,FROZEN,FLAGGED,0.132,RESTRICTED
ACC_005227,CUST_005227,SAVINGS,26933.83,ACTIVE,VERIFIED,0.747,RESTRICTED
ACC_005228,CUST_005228,SAVINGS,49940.25,ACTIVE,VERIFIED,0.157,RESTRICTED
ACC_005229,CUST_005229,SAVINGS,37923.8,ACTIVE,VERIFIED,0.083,RESTRICTED
ACC_005230,CUST_005230,SAVINGS,33674.17,ACTIVE,VERIFIED,0.301,RESTRICTED
ACC_005231,CUST_005231,SAVINGS,30930.6,ACTIVE,VERIFIED,0.197,RESTRICTED
ACC_005232,CUST_005232,SAVINGS,12148.11,ACTIVE,VERIFIED,0.354,RESTRICTED
ACC_005233,CUST_005233,SAVINGS,12320.21,FROZEN,FLAGGED,0.05,RESTRICTED
ACC_005234,CUST_005234,SAVINGS,6963.45,ACTIVE,VERIFIED,0.579,RESTRICTED
ACC_005235,CUST_005235,SAVINGS,40460.86,ACTIVE,VERIFIED,0.526,RESTRICTED
ACC_005236,CUST_005236,SAVINGS,41206.04,ACTIVE,VERIFIED,0.528,RESTRICTED
ACC_005237,CUST_005237,SAVINGS,13061.63,ACTIVE,VERIFIED,0.411,RESTRICTED
ACC_005238,CUST_005238,SAVINGS,22665.78,ACTIVE,VERIFIED,0.385,RESTRICTED
ACC_005239,CUST_005239,SAVINGS,27988.27,ACTIVE,VERIFIED,0.243,RESTRICTED
ACC_005240,CUST_005240,SAVINGS,5864.96,ACTIVE,VERIFIED,0.233,RESTRICTED
ACC_005241,CUST_005241,SAVINGS,13621.85,ACTIVE,VERIFIED,0.268,RESTRICTED
ACC_005242,CUST_005242,SAVINGS,18016.54,ACTIVE,VERIFIED,0.322,RESTRICTED
ACC_005243,CUST_005243,SAVINGS,20578.74,ACTIVE,VERIFIED,0.248,RESTRICTED
ACC_005244,CUST_005244,SAVINGS,31089.32,ACTIVE,VERIFIED,0.103,RESTRICTED
ACC_005245,CUST_005245,SAVINGS,41724.37,ACTIVE,VERIFIED,0.524,RESTRICTED
ACC_005246,CUST_005246,SAVINGS,43180.15,ACTIVE,VERIFIED,0.302,RESTRICTED
ACC_005247,CUST_005247,SAVINGS,3762.42,ACTIVE,VERIFIED,0.309,RESTRICTED
ACC_005248,CUST_005248,SAVINGS,39819.99,ACTIVE,VERIFIED,0.419,RESTRICTED
ACC_005249,CUST_005249,SAVINGS,11181.32,ACTIVE,VERIFIED,0.431,RESTRICTED
ACC_005250,CUST_005250,SAVINGS,6737.76,ACTIVE,PENDING,0.448,RESTRICTED
ACC_005251,CUST_005251,SAVINGS,21685.55,ACTIVE,VERIFIED,0.446,RESTRICTED
ACC_005252,CUST_005252,SAVINGS,1554.81,ACTIVE,VERIFIED,0.137,RESTRICTED
ACC_005253,CUST_005253,SAVINGS,3534.11,ACTIVE,PENDING,0.297,RESTRICTED
ACC_005254,CUST_005254,SAVINGS,39904.21,ACTIVE,VERIFIED,0.189,RESTRICTED
ACC_005255,CUST_005255,SAVINGS,41186.08,ACTIVE,VERIFIED,0.488,RESTRICTED
ACC_005256,CUST_005256,SAVINGS,44760.9,ACTIVE,PENDING,0.131,RESTRICTED
ACC_005257,CUST_005257,SAVINGS,19906.47,ACTIVE,VERIFIED,0.101,RESTRICTED
ACC_005258,CUST_005258,SAVINGS,26181.68,ACTIVE,VERIFIED,0.121,RESTRICTED
ACC_005259,CUST_005259,SAVINGS,4213.18,ACTIVE,VERIFIED,0.223,RESTRICTED
ACC_005260,CUST_005260,SAVINGS,28633.15,ACTIVE,VERIFIED,0.409,RESTRICTED
ACC_005261,CUST_005261,SAVINGS,48009.65,ACTIVE,VERIFIED,0.12,RESTRICTED
ACC_005262,CUST_005262,SAVINGS,18844.48,ACTIVE,VERIFIED,0.074,RESTRICTED
ACC_005263,CUST_005263,SAVINGS,4912.16,ACTIVE,VERIFIED,0.142,RESTRICTED
ACC_005264,CUST_005264,SAVINGS,1026.54,ACTIVE,VERIFIED,0.218,RESTRICTED
ACC_005265,CUST_005265,SAVINGS,5894.42,ACTIVE,VERIFIED,0.396,RESTRICTED
ACC_005266,CUST_005266,SAVINGS,14440.47,ACTIVE,VERIFIED,0.208,RESTRICTED
ACC_005267,CUST_005267,SAVINGS,30303.46,ACTIVE,VERIFIED,0.328,RESTRICTED
ACC_005268,CUST_005268,SAVINGS,44957.75,ACTIVE,VERIFIED,0.172,RESTRICTED
ACC_005269,CUST_005269,SAVINGS,43133.56,ACTIVE,VERIFIED,0.056,RESTRICTED
ACC_005270,CUST_005270,SAVINGS,10202.75,ACTIVE,VERIFIED,0.309,RESTRICTED
ACC_005271,CUST_005271,SAVINGS,29538.66,ACTIVE,VERIFIED,0.024,RESTRICTED
ACC_005272,CUST_005272,SAVINGS,25650.22,ACTIVE,VERIFIED,0.285,RESTRICTED
ACC_005273,CUST_005273,SAVINGS,24187.81,ACTIVE,VERIFIED,0.082,RESTRICTED
ACC_005274,CUST_005274,SAVINGS,2359.26,ACTIVE,VERIFIED,0.464,RESTRICTED
ACC_005275,CUST_005275,SAVINGS,41642.86,ACTIVE,VERIFIED,0.172,RESTRICTED
ACC_005276,CUST_005276,SAVINGS,13699.48,ACTIVE,VERIFIED,0.121,RESTRICTED
ACC_005277,CUST_005277,SAVINGS,3717.85,ACTIVE,PENDING,0.141,RESTRICTED
ACC_005278,CUST_005278,SAVINGS,22441.03,ACTIVE,VERIFIED,0.227,RESTRICTED
ACC_005279,CUST_005279,SAVINGS,22826.41,ACTIVE,VERIFIED,0.415,RESTRICTED
ACC_005280,CUST_005280,SAVINGS,36133.56,ACTIVE,VERIFIED,0.343,RESTRICTED
ACC_005281,CUST_005281,SAVINGS,3815.49,ACTIVE,VERIFIED,0.359,RESTRICTED
ACC_005282,CUST_005282,SAVINGS,15524.21,ACTIVE,VERIFIED,0.178,RESTRICTED
ACC_005283,CUST_005283,SAVINGS,8102.0,ACTIVE,VERIFIED,0.203,RESTRICTED
ACC_005284,CUST_005284,SAVINGS,18259.92,ACTIVE,VERIFIED,0.504,RESTRICTED
ACC_005285,CUST_005285,SAVINGS,8605.5,ACTIVE,VERIFIED,0.174,RESTRICTED
ACC_005286,CUST_005286,SAVINGS,37048.48,ACTIVE,VERIFIED,0.167,RESTRICTED
ACC_005287,CUST_005287,SAVINGS,31297.36,ACTIVE,VERIFIED,0.265,RESTRICTED
ACC_005288,CUST_005288,SAVINGS,29552.89,ACTIVE,PENDING,0.463,RESTRICTED
ACC_005289,CUST_005289,SAVINGS,45641.23,ACTIVE,VERIFIED,0.119,RESTRICTED
ACC_005290,CUST_005290,SAVINGS,16841.55,ACTIVE,VERIFIED,0.315,RESTRICTED
ACC_005291,CUST_005291,SAVINGS,36978.18,ACTIVE,PENDING,0.177,RESTRICTED
ACC_005292,CUST_005292,SAVINGS,15263.62,ACTIVE,VERIFIED,0.626,RESTRICTED
ACC_005293,CUST_005293,SAVINGS,35486.4,ACTIVE,VERIFIED,0.122,RESTRICTED
ACC_005294,CUST_005294,SAVINGS,3678.3,ACTIVE,VERIFIED,0.044,RESTRICTED
ACC_005295,CUST_005295,SAVINGS,38883.77,ACTIVE,VERIFIED,0.089,RESTRICTED
ACC_005296,CUST_005296,SAVINGS,15956.71,ACTIVE,VERIFIED,0.127,RESTRICTED
ACC_005297,CUST_005297,SAVINGS,3636.68,ACTIVE,VERIFIED,0.346,RESTRICTED
ACC_005298,CUST_005298,SAVINGS,40853.9,ACTIVE,VERIFIED,0.332,RESTRICTED
ACC_005299,CUST_005299,SAVINGS,9450.5,ACTIVE,VERIFIED,0.11,RESTRICTED
ACC_005300,CUST_005300,SAVINGS,2020.62,ACTIVE,VERIFIED,0.258,RESTRICTED
ACC_005301,CUST_005301,SAVINGS,6561.33,ACTIVE,VERIFIED,0.149,RESTRICTED
ACC_005302,CUST_005302,SAVINGS,13777.28,ACTIVE,VERIFIED,0.043,RESTRICTED
ACC_005303,CUST_005303,SAVINGS,43871.04,ACTIVE,VERIFIED,0.671,RESTRICTED
ACC_005304,CUST_005304,SAVINGS,5156.59,ACTIVE,VERIFIED,0.361,RESTRICTED
ACC_005305,CUST_005305,SAVINGS,14717.01,ACTIVE,VERIFIED,0.312,RESTRICTED
ACC_005306,CUST_005306,SAVINGS,49224.33,ACTIVE,PENDING,0.262,RESTRICTED
ACC_005307,CUST_005307,SAVINGS,20683.53,ACTIVE,VERIFIED,0.526,RESTRICTED
ACC_005308,CUST_005308,SAVINGS,45008.16,ACTIVE,VERIFIED,0.527,RESTRICTED
ACC_005309,CUST_005309,SAVINGS,10156.55,ACTIVE,VERIFIED,0.337,RESTRICTED
ACC_005310,CUST_005310,SAVINGS,10767.07,ACTIVE,VERIFIED,0.422,RESTRICTED
ACC_005311,CUST_005311,SAVINGS,19060.49,ACTIVE,VERIFIED,0.558,RESTRICTED
ACC_005312,CUST_005312,SAVINGS,49571.46,ACTIVE,VERIFIED,0.451,RESTRICTED
ACC_005313,CUST_005313,SAVINGS,2321.23,ACTIVE,VERIFIED,0.381,RESTRICTED
ACC_005314,CUST_005314,SAVINGS,47574.63,ACTIVE,VERIFIED,0.155,RESTRICTED
ACC_005315,CUST_005315,SAVINGS,35011.0,ACTIVE,PENDING,0.425,RESTRICTED
ACC_005316,CUST_005316,SAVINGS,43216.43,ACTIVE,VERIFIED,0.234,RESTRICTED
ACC_005317,CUST_005317,SAVINGS,43676.46,ACTIVE,VERIFIED,0.385,RESTRICTED
ACC_005318,CUST_005318,SAVINGS,28607.31,ACTIVE,VERIFIED,0.108,RESTRICTED
ACC_005319,CUST_005319,SAVINGS,38873.75,ACTIVE,VERIFIED,0.342,RESTRICTED
ACC_005320,CUST_005320,SAVINGS,41117.46,ACTIVE,VERIFIED,0.498,RESTRICTED
ACC_005321,CUST_005321,SAVINGS,45610.49,ACTIVE,VERIFIED,0.28,RESTRICTED
ACC_005322,CUST_005322,SAVINGS,15719.8,ACTIVE,VERIFIED,0.278,RESTRICTED
ACC_005323,CUST_005323,SAVINGS,26093.77,ACTIVE,VERIFIED,0.145,RESTRICTED
ACC_005324,CUST_005324,SAVINGS,25077.42,ACTIVE,VERIFIED,0.361,RESTRICTED
ACC_005325,CUST_005325,SAVINGS,16825.78,ACTIVE,VERIFIED,0.684,RESTRICTED
ACC_005326,CUST_005326,SAVINGS,40194.71,ACTIVE,VERIFIED,0.213,RESTRICTED
ACC_005327,CUST_005327,SAVINGS,9109.58,ACTIVE,PENDING,0.469,RESTRICTED
ACC_005328,CUST_005328,SAVINGS,46917.35,ACTIVE,VERIFIED,0.377,RESTRICTED
ACC_005329,CUST_005329,SAVINGS,15174.97,ACTIVE,PENDING,0.051,RESTRICTED
ACC_005330,CUST_005330,SAVINGS,41568.09,ACTIVE,VERIFIED,0.231,RESTRICTED
ACC_005331,CUST_005331,SAVINGS,6545.85,ACTIVE,VERIFIED,0.204,RESTRICTED
ACC_005332,CUST_005332,SAVINGS,21371.56,ACTIVE,VERIFIED,0.194,RESTRICTED
ACC_005333,CUST_005333,SAVINGS,12812.61,ACTIVE,VERIFIED,0.301,RESTRICTED
ACC_005334,CUST_005334,SAVINGS,39511.67,ACTIVE,VERIFIED,0.153,RESTRICTED
ACC_005335,CUST_005335,SAVINGS,14827.67,ACTIVE,VERIFIED,0.293,RESTRICTED
ACC_005336,CUST_005336,SAVINGS,38490.15,ACTIVE,PENDING,0.176,RESTRICTED
ACC_005337,CUST_005337,SAVINGS,46447.91,ACTIVE,VERIFIED,0.375,RESTRICTED
ACC_005338,CUST_005338,SAVINGS,8260.56,ACTIVE,VERIFIED,0.409,RESTRICTED
ACC_005339,CUST_005339,SAVINGS,11476.8,ACTIVE,VERIFIED,0.6,RESTRICTED
ACC_005340,CUST_005340,SAVINGS,5520.95,ACTIVE,VERIFIED,0.387,RESTRICTED
ACC_005341,CUST_005341,SAVINGS,15264.74,ACTIVE,VERIFIED,0.064,RESTRICTED
ACC_005342,CUST_005342,SAVINGS,25986.32,ACTIVE,VERIFIED,0.258,RESTRICTED
ACC_005343,CUST_005343,SAVINGS,42441.44,ACTIVE,VERIFIED,0.293,RESTRICTED
ACC_005344,CUST_005344,SAVINGS,35673.24,ACTIVE,PENDING,0.379,RESTRICTED
ACC_005345,CUST_005345,SAVINGS,47312.38,ACTIVE,VERIFIED,0.128,RESTRICTED
ACC_005346,CUST_005346,SAVINGS,12897.12,ACTIVE,VERIFIED,0.41,RESTRICTED
ACC_005347,CUST_005347,SAVINGS,5534.86,ACTIVE,VERIFIED,0.103,RESTRICTED
ACC_005348,CUST_005348,SAVINGS,28037.2,ACTIVE,VERIFIED,0.235,RESTRICTED
ACC_005349,CUST_005349,SAVINGS,30042.79,FROZEN,FLAGGED,0.216,RESTRICTED
ACC_005350,CUST_005350,SAVINGS,8909.5,ACTIVE,VERIFIED,0.326,RESTRICTED
ACC_005351,CUST_005351,SAVINGS,1217.01,ACTIVE,VERIFIED,0.365,RESTRICTED
ACC_005352,CUST_005352,SAVINGS,16841.09,ACTIVE,PENDING,0.523,RESTRICTED
ACC_005353,CUST_005353,SAVINGS,13263.2,ACTIVE,VERIFIED,0.04,RESTRICTED
ACC_005354,CUST_005354,SAVINGS,41277.16,ACTIVE,VERIFIED,0.297,RESTRICTED
ACC_005355,CUST_005355,SAVINGS,2466.88,ACTIVE,PENDING,0.377,RESTRICTED
ACC_005356,CUST_005356,SAVINGS,37095.63,ACTIVE,VERIFIED,0.247,RESTRICTED
ACC_005357,CUST_005357,SAVINGS,1622.33,ACTIVE,VERIFIED,0.386,RESTRICTED
ACC_005358,CUST_005358,SAVINGS,17227.62,ACTIVE,VERIFIED,0.66,RESTRICTED
ACC_005359,CUST_005359,SAVINGS,34779.46,ACTIVE,VERIFIED,0.153,RESTRICTED
ACC_005360,CUST_005360,SAVINGS,40121.75,ACTIVE,VERIFIED,0.245,RESTRICTED
ACC_005361,CUST_005361,SAVINGS,48608.2,ACTIVE,VERIFIED,0.118,RESTRICTED
ACC_005362,CUST_005362,SAVINGS,34955.57,ACTIVE,VERIFIED,0.576,RESTRICTED
ACC_005363,CUST_005363,SAVINGS,11475.69,ACTIVE,VERIFIED,0.535,RESTRICTED
ACC_005364,CUST_005364,SAVINGS,47804.03,FROZEN,FLAGGED,0.244,RESTRICTED
ACC_005365,CUST_005365,SAVINGS,34007.93,ACTIVE,VERIFIED,0.274,RESTRICTED
ACC_005366,CUST_005366,SAVINGS,3442.52,ACTIVE,VERIFIED,0.359,RESTRICTED
ACC_005367,CUST_005367,SAVINGS,20520.72,ACTIVE,VERIFIED,0.117,RESTRICTED
ACC_005368,CUST_005368,SAVINGS,49493.09,ACTIVE,VERIFIED,0.144,RESTRICTED
ACC_005369,CUST_005369,SAVINGS,43432.06,ACTIVE,VERIFIED,0.309,RESTRICTED
ACC_005370,CUST_005370,SAVINGS,41567.46,ACTIVE,VERIFIED,0.07,RESTRICTED
ACC_005371,CUST_005371,SAVINGS,35207.3,ACTIVE,VERIFIED,0.298,RESTRICTED
ACC_005372,CUST_005372,SAVINGS,25388.54,ACTIVE,VERIFIED,0.517,RESTRICTED
ACC_005373,CUST_005373,SAVINGS,13165.32,FROZEN,FLAGGED,0.044,RESTRICTED
ACC_005374,CUST_005374,SAVINGS,5658.01,ACTIVE,PENDING,0.09,RESTRICTED
ACC_005375,CUST_005375,SAVINGS,10812.12,ACTIVE,VERIFIED,0.272,RESTRICTED
ACC_005376,CUST_005376,SAVINGS,27472.31,ACTIVE,VERIFIED,0.288,RESTRICTED
ACC_005377,CUST_005377,SAVINGS,30304.29,ACTIVE,VERIFIED,0.253,RESTRICTED
ACC_005378,CUST_005378,SAVINGS,47684.27,ACTIVE,VERIFIED,0.394,RESTRICTED
ACC_005379,CUST_005379,SAVINGS,48179.97,ACTIVE,PENDING,0.403,RESTRICTED
ACC_005380,CUST_005380,SAVINGS,34827.54,ACTIVE,VERIFIED,0.302,RESTRICTED
ACC_005381,CUST_005381,SAVINGS,38773.76,ACTIVE,VERIFIED,0.203,RESTRICTED
ACC_005382,CUST_005382,SAVINGS,44212.77,ACTIVE,VERIFIED,0.236,RESTRICTED
ACC_005383,CUST_005383,SAVINGS,24113.28,ACTIVE,PENDING,0.138,RESTRICTED
ACC_005384,CUST_005384,SAVINGS,9038.11,ACTIVE,PENDING,0.115,RESTRICTED
ACC_005385,CUST_005385,SAVINGS,46812.26,FROZEN,FLAGGED,0.128,RESTRICTED
ACC_005386,CUST_005386,SAVINGS,19636.34,ACTIVE,VERIFIED,0.649,RESTRICTED
ACC_005387,CUST_005387,SAVINGS,5065.57,ACTIVE,VERIFIED,0.172,RESTRICTED
ACC_005388,CUST_005388,SAVINGS,34831.99,ACTIVE,VERIFIED,0.319,RESTRICTED
ACC_005389,CUST_005389,SAVINGS,45230.88,ACTIVE,VERIFIED,0.088,RESTRICTED
ACC_005390,CUST_005390,SAVINGS,15185.87,ACTIVE,VERIFIED,0.148,RESTRICTED
ACC_005391,CUST_005391,SAVINGS,13400.24,ACTIVE,VERIFIED,0.438,RESTRICTED
ACC_005392,CUST_005392,SAVINGS,35262.24,ACTIVE,VERIFIED,0.53,RESTRICTED
ACC_005393,CUST_005393,SAVINGS,23126.37,ACTIVE,VERIFIED,0.294,RESTRICTED
ACC_005394,CUST_005394,SAVINGS,15953.28,ACTIVE,VERIFIED,0.326,RESTRICTED
ACC_005395,CUST_005395,SAVINGS,3909.6,ACTIVE,VERIFIED,0.153,RESTRICTED
ACC_005396,CUST_005396,SAVINGS,13858.96,ACTIVE,VERIFIED,0.401,RESTRICTED
ACC_005397,CUST_005397,SAVINGS,33369.84,ACTIVE,VERIFIED,0.519,RESTRICTED
ACC_005398,CUST_005398,SAVINGS,10824.12,ACTIVE,VERIFIED,0.31,RESTRICTED
ACC_005399,CUST_005399,SAVINGS,47460.48,ACTIVE,VERIFIED,0.243,RESTRICTED
ACC_005400,CUST_005400,SAVINGS,41978.62,ACTIVE,VERIFIED,0.116,RESTRICTED
ACC_005401,CUST_005401,SAVINGS,36864.53,FROZEN,FLAGGED,0.114,RESTRICTED
ACC_005402,CUST_005402,SAVINGS,5101.29,ACTIVE,VERIFIED,0.106,RESTRICTED
ACC_005403,CUST_005403,SAVINGS,36512.78,FROZEN,FLAGGED,0.249,RESTRICTED
ACC_005404,CUST_005404,SAVINGS,1489.38,FROZEN,FLAGGED,0.165,RESTRICTED
ACC_005405,CUST_005405,SAVINGS,30381.99,ACTIVE,PENDING,0.169,RESTRICTED
ACC_005406,CUST_005406,SAVINGS,26484.41,ACTIVE,VERIFIED,0.246,RESTRICTED
ACC_005407,CUST_005407,SAVINGS,15883.03,FROZEN,FLAGGED,0.103,RESTRICTED
ACC_005408,CUST_005408,SAVINGS,28526.75,ACTIVE,VERIFIED,0.19,RESTRICTED
ACC_005409,CUST_005409,SAVINGS,18364.87,ACTIVE,VERIFIED,0.52,RESTRICTED
ACC_005410,CUST_005410,SAVINGS,31449.07,ACTIVE,VERIFIED,0.483,RESTRICTED
ACC_005411,CUST_005411,SAVINGS,12919.18,ACTIVE,VERIFIED,0.392,RESTRICTED
ACC_005412,CUST_005412,SAVINGS,11618.6,ACTIVE,VERIFIED,0.48,RESTRICTED
ACC_005413,CUST_005413,SAVINGS,28425.83,ACTIVE,VERIFIED,0.292,RESTRICTED
ACC_005414,CUST_005414,SAVINGS,16456.66,ACTIVE,VERIFIED,0.364,RESTRICTED
ACC_005415,CUST_005415,SAVINGS,46412.97,ACTIVE,VERIFIED,0.26,RESTRICTED
ACC_005416,CUST_005416,SAVINGS,4923.6,ACTIVE,VERIFIED,0.069,RESTRICTED
ACC_005417,CUST_005417,SAVINGS,23874.94,ACTIVE,PENDING,0.216,RESTRICTED
ACC_005418,CUST_005418,SAVINGS,30283.75,ACTIVE,VERIFIED,0.534,RESTRICTED
ACC_005419,CUST_005419,SAVINGS,15929.02,ACTIVE,VERIFIED,0.095,RESTRICTED
ACC_005420,CUST_005420,SAVINGS,21169.54,ACTIVE,VERIFIED,0.098,RESTRICTED
ACC_005421,CUST_005421,SAVINGS,17009.52,ACTIVE,VERIFIED,0.26,RESTRICTED
ACC_005422,CUST_005422,SAVINGS,7711.34,ACTIVE,VERIFIED,0.328,RESTRICTED
ACC_005423,CUST_005423,SAVINGS,8319.07,ACTIVE,VERIFIED,0.518,RESTRICTED
ACC_005424,CUST_005424,SAVINGS,47375.69,ACTIVE,VERIFIED,0.497,RESTRICTED
ACC_005425,CUST_005425,SAVINGS,10546.9,ACTIVE,VERIFIED,0.513,RESTRICTED
ACC_005426,CUST_005426,SAVINGS,30385.55,ACTIVE,VERIFIED,0.329,RESTRICTED
ACC_005427,CUST_005427,SAVINGS,27006.76,ACTIVE,VERIFIED,0.32,RESTRICTED
ACC_005428,CUST_005428,SAVINGS,48753.08,ACTIVE,VERIFIED,0.184,RESTRICTED
ACC_005429,CUST_005429,SAVINGS,17792.95,ACTIVE,VERIFIED,0.235,RESTRICTED
ACC_005430,CUST_005430,SAVINGS,3184.62,ACTIVE,PENDING,0.324,RESTRICTED
ACC_005431,CUST_005431,SAVINGS,43344.66,ACTIVE,PENDING,0.444,RESTRICTED
ACC_005432,CUST_005432,SAVINGS,36840.63,ACTIVE,VERIFIED,0.108,RESTRICTED
ACC_005433,CUST_005433,SAVINGS,48116.71,ACTIVE,PENDING,0.204,RESTRICTED
ACC_005434,CUST_005434,SAVINGS,21965.98,ACTIVE,VERIFIED,0.127,RESTRICTED
ACC_005435,CUST_005435,SAVINGS,18873.08,ACTIVE,VERIFIED,0.454,RESTRICTED
ACC_005436,CUST_005436,SAVINGS,27452.4,ACTIVE,VERIFIED,0.141,RESTRICTED
ACC_005437,CUST_005437,SAVINGS,42402.5,ACTIVE,VERIFIED,0.124,RESTRICTED
ACC_005438,CUST_005438,SAVINGS,9328.21,ACTIVE,PENDING,0.262,RESTRICTED
ACC_005439,CUST_005439,SAVINGS,20723.22,ACTIVE,VERIFIED,0.589,RESTRICTED
ACC_005440,CUST_005440,SAVINGS,43327.61,ACTIVE,VERIFIED,0.267,RESTRICTED
ACC_005441,CUST_005441,SAVINGS,6033.11,ACTIVE,VERIFIED,0.236,RESTRICTED
ACC_005442,CUST_005442,SAVINGS,33274.71,ACTIVE,VERIFIED,0.408,RESTRICTED
ACC_005443,CUST_005443,SAVINGS,8566.53,FROZEN,FLAGGED,0.082,RESTRICTED
ACC_005444,CUST_005444,SAVINGS,8241.84,ACTIVE,PENDING,0.808,RESTRICTED
ACC_005445,CUST_005445,SAVINGS,11668.95,ACTIVE,VERIFIED,0.282,RESTRICTED
ACC_005446,CUST_005446,SAVINGS,37882.94,ACTIVE,VERIFIED,0.235,RESTRICTED
ACC_005447,CUST_005447,SAVINGS,31894.01,ACTIVE,VERIFIED,0.257,RESTRICTED
ACC_005448,CUST_005448,SAVINGS,29316.4,ACTIVE,VERIFIED,0.291,RESTRICTED
ACC_005449,CUST_005449,SAVINGS,32364.97,ACTIVE,VERIFIED,0.082,RESTRICTED
ACC_005450,CUST_005450,SAVINGS,25831.02,ACTIVE,VERIFIED,0.562,RESTRICTED
ACC_005451,CUST_005451,SAVINGS,22184.06,ACTIVE,VERIFIED,0.249,RESTRICTED
ACC_005452,CUST_005452,SAVINGS,34181.69,ACTIVE,VERIFIED,0.218,RESTRICTED
ACC_005453,CUST_005453,SAVINGS,31833.67,ACTIVE,VERIFIED,0.348,RESTRICTED
ACC_005454,CUST_005454,SAVINGS,33841.09,ACTIVE,VERIFIED,0.364,RESTRICTED
ACC_005455,CUST_005455,SAVINGS,5165.04,ACTIVE,PENDING,0.356,RESTRICTED
ACC_005456,CUST_005456,SAVINGS,10202.05,ACTIVE,VERIFIED,0.081,RESTRICTED
ACC_005457,CUST_005457,SAVINGS,41008.13,ACTIVE,VERIFIED,0.427,RESTRICTED
ACC_005458,CUST_005458,SAVINGS,36577.49,ACTIVE,VERIFIED,0.595,RESTRICTED
ACC_005459,CUST_005459,SAVINGS,3797.5,FROZEN,FLAGGED,0.199,RESTRICTED
ACC_005460,CUST_005460,SAVINGS,41507.91,ACTIVE,VERIFIED,0.379,RESTRICTED
ACC_005461,CUST_005461,SAVINGS,24649.94,ACTIVE,VERIFIED,0.138,RESTRICTED
ACC_005462,CUST_005462,SAVINGS,2918.95,ACTIVE,VERIFIED,0.308,RESTRICTED
ACC_005463,CUST_005463,SAVINGS,38602.63,ACTIVE,PENDING,0.079,RESTRICTED
ACC_005464,CUST_005464,SAVINGS,8243.78,ACTIVE,VERIFIED,0.163,RESTRICTED
ACC_005465,CUST_005465,SAVINGS,19616.52,ACTIVE,VERIFIED,0.431,RESTRICTED
ACC_005466,CUST_005466,SAVINGS,28440.45,ACTIVE,VERIFIED,0.486,RESTRICTED
ACC_005467,CUST_005467,SAVINGS,46913.39,ACTIVE,PENDING,0.591,RESTRICTED
ACC_005468,CUST_005468,SAVINGS,48786.05,ACTIVE,VERIFIED,0.202,RESTRICTED
ACC_005469,CUST_005469,SAVINGS,14830.32,ACTIVE,VERIFIED,0.344,RESTRICTED
ACC_005470,CUST_005470,SAVINGS,25638.17,ACTIVE,PENDING,0.574,RESTRICTED
ACC_005471,CUST_005471,SAVINGS,26445.52,ACTIVE,VERIFIED,0.043,RESTRICTED
ACC_005472,CUST_005472,SAVINGS,6670.39,ACTIVE,VERIFIED,0.38,RESTRICTED
ACC_005473,CUST_005473,SAVINGS,48655.23,ACTIVE,VERIFIED,0.095,RESTRICTED
ACC_005474,CUST_005474,SAVINGS,30697.13,ACTIVE,VERIFIED,0.107,RESTRICTED
ACC_005475,CUST_005475,SAVINGS,41662.73,ACTIVE,VERIFIED,0.35,RESTRICTED
ACC_005476,CUST_005476,SAVINGS,36242.96,ACTIVE,PENDING,0.238,RESTRICTED
ACC_005477,CUST_005477,SAVINGS,29357.69,ACTIVE,VERIFIED,0.176,RESTRICTED
ACC_005478,CUST_005478,SAVINGS,29600.68,ACTIVE,VERIFIED,0.519,RESTRICTED
ACC_005479,CUST_005479,SAVINGS,8597.1,ACTIVE,VERIFIED,0.267,RESTRICTED
ACC_005480,CUST_005480,SAVINGS,9463.54,FROZEN,FLAGGED,0.181,RESTRICTED
ACC_005481,CUST_005481,SAVINGS,48639.06,ACTIVE,VERIFIED,0.328,RESTRICTED
ACC_005482,CUST_005482,SAVINGS,9073.88,ACTIVE,VERIFIED,0.466,RESTRICTED
ACC_005483,CUST_005483,SAVINGS,16052.94,ACTIVE,VERIFIED,0.226,RESTRICTED
ACC_005484,CUST_005484,SAVINGS,14525.56,ACTIVE,VERIFIED,0.182,RESTRICTED
ACC_005485,CUST_005485,SAVINGS,23602.39,ACTIVE,VERIFIED,0.545,RESTRICTED
ACC_005486,CUST_005486,SAVINGS,38414.19,ACTIVE,VERIFIED,0.143,RESTRICTED
ACC_005487,CUST_005487,SAVINGS,13807.72,ACTIVE,VERIFIED,0.613,RESTRICTED
ACC_005488,CUST_005488,SAVINGS,23814.05,ACTIVE,VERIFIED,0.191,RESTRICTED
ACC_005489,CUST_005489,SAVINGS,12537.6,ACTIVE,PENDING,0.383,RESTRICTED
ACC_005490,CUST_005490,SAVINGS,47312.57,ACTIVE,VERIFIED,0.327,RESTRICTED
ACC_005491,CUST_005491,SAVINGS,5784.32,ACTIVE,VERIFIED,0.289,RESTRICTED
ACC_005492,CUST_005492,SAVINGS,3931.81,ACTIVE,VERIFIED,0.284,RESTRICTED
ACC_005493,CUST_005493,SAVINGS,31629.53,ACTIVE,VERIFIED,0.329,RESTRICTED
ACC_005494,CUST_005494,SAVINGS,48207.08,ACTIVE,VERIFIED,0.317,RESTRICTED
ACC_005495,CUST_005495,SAVINGS,24758.01,ACTIVE,VERIFIED,0.04,RESTRICTED
ACC_005496,CUST_005496,SAVINGS,11902.91,ACTIVE,VERIFIED,0.417,RESTRICTED
ACC_005497,CUST_005497,SAVINGS,16024.97,ACTIVE,VERIFIED,0.253,RESTRICTED
ACC_005498,CUST_005498,SAVINGS,45477.87,ACTIVE,VERIFIED,0.316,RESTRICTED
ACC_005499,CUST_005499,SAVINGS,28123.42,ACTIVE,PENDING,0.058,RESTRICTED
ACC_005500,CUST_005500,SAVINGS,16222.62,ACTIVE,VERIFIED,0.347,RESTRICTED
ACC_005501,CUST_005501,SAVINGS,9968.79,ACTIVE,VERIFIED,0.218,RESTRICTED
ACC_005502,CUST_005502,SAVINGS,12909.02,FROZEN,FLAGGED,0.177,RESTRICTED
ACC_005503,CUST_005503,SAVINGS,34470.67,ACTIVE,PENDING,0.639,RESTRICTED
ACC_005504,CUST_005504,SAVINGS,16452.07,ACTIVE,VERIFIED,0.223,RESTRICTED
ACC_005505,CUST_005505,SAVINGS,8053.5,ACTIVE,VERIFIED,0.624,RESTRICTED
ACC_005506,CUST_005506,SAVINGS,48008.8,ACTIVE,VERIFIED,0.164,RESTRICTED
ACC_005507,CUST_005507,SAVINGS,49410.25,ACTIVE,PENDING,0.695,RESTRICTED
ACC_005508,CUST_005508,SAVINGS,20643.06,ACTIVE,VERIFIED,0.25,RESTRICTED
ACC_005509,CUST_005509,SAVINGS,1240.89,ACTIVE,VERIFIED,0.314,RESTRICTED
ACC_005510,CUST_005510,SAVINGS,24928.2,ACTIVE,VERIFIED,0.016,RESTRICTED
ACC_005511,CUST_005511,SAVINGS,48808.44,FROZEN,FLAGGED,0.163,RESTRICTED
ACC_005512,CUST_005512,SAVINGS,28032.32,ACTIVE,VERIFIED,0.091,RESTRICTED
ACC_005513,CUST_005513,SAVINGS,27447.13,ACTIVE,PENDING,0.216,RESTRICTED
ACC_005514,CUST_005514,SAVINGS,44392.56,ACTIVE,VERIFIED,0.347,RESTRICTED
ACC_005515,CUST_005515,SAVINGS,29395.27,ACTIVE,VERIFIED,0.175,RESTRICTED
ACC_005516,CUST_005516,SAVINGS,37901.38,ACTIVE,VERIFIED,0.169,RESTRICTED
ACC_005517,CUST_005517,SAVINGS,2875.4,ACTIVE,VERIFIED,0.243,RESTRICTED
ACC_005518,CUST_005518,SAVINGS,14369.06,ACTIVE,VERIFIED,0.103,RESTRICTED
ACC_005519,CUST_005519,SAVINGS,1437.85,ACTIVE,VERIFIED,0.118,RESTRICTED
ACC_005520,CUST_005520,SAVINGS,48774.47,ACTIVE,VERIFIED,0.32,RESTRICTED
ACC_005521,CUST_005521,SAVINGS,10561.22,ACTIVE,VERIFIED,0.458,RESTRICTED
ACC_005522,CUST_005522,SAVINGS,6602.4,ACTIVE,PENDING,0.139,RESTRICTED
ACC_005523,CUST_005523,SAVINGS,24330.35,ACTIVE,VERIFIED,0.184,RESTRICTED
ACC_005524,CUST_005524,SAVINGS,23666.54,ACTIVE,VERIFIED,0.212,RESTRICTED
ACC_005525,CUST_005525,SAVINGS,4414.32,ACTIVE,VERIFIED,0.146,RESTRICTED
ACC_005526,CUST_005526,SAVINGS,41220.62,ACTIVE,VERIFIED,0.125,RESTRICTED
ACC_005527,CUST_005527,SAVINGS,34577.87,ACTIVE,VERIFIED,0.344,RESTRICTED
ACC_005528,CUST_005528,SAVINGS,31146.46,ACTIVE,PENDING,0.179,RESTRICTED
ACC_005529,CUST_005529,SAVINGS,14563.13,ACTIVE,VERIFIED,0.4,RESTRICTED
ACC_005530,CUST_005530,SAVINGS,1667.91,ACTIVE,VERIFIED,0.022,RESTRICTED
ACC_005531,CUST_005531,SAVINGS,20774.81,ACTIVE,VERIFIED,0.255,RESTRICTED
ACC_005532,CUST_005532,SAVINGS,37534.81,ACTIVE,VERIFIED,0.359,RESTRICTED
ACC_005533,CUST_005533,SAVINGS,8033.74,ACTIVE,VERIFIED,0.393,RESTRICTED
ACC_005534,CUST_005534,SAVINGS,6153.35,ACTIVE,VERIFIED,0.462,RESTRICTED
ACC_005535,CUST_005535,SAVINGS,44379.77,ACTIVE,PENDING,0.575,RESTRICTED
ACC_005536,CUST_005536,SAVINGS,38919.74,ACTIVE,VERIFIED,0.362,RESTRICTED
ACC_005537,CUST_005537,SAVINGS,22848.76,ACTIVE,PENDING,0.359,RESTRICTED
ACC_005538,CUST_005538,SAVINGS,6784.64,ACTIVE,VERIFIED,0.143,RESTRICTED
ACC_005539,CUST_005539,SAVINGS,6505.42,ACTIVE,VERIFIED,0.127,RESTRICTED
ACC_005540,CUST_005540,SAVINGS,8424.87,ACTIVE,VERIFIED,0.139,RESTRICTED
ACC_005541,CUST_005541,SAVINGS,49363.52,ACTIVE,VERIFIED,0.179,RESTRICTED
ACC_005542,CUST_005542,SAVINGS,18391.65,ACTIVE,PENDING,0.145,RESTRICTED
ACC_005543,CUST_005543,SAVINGS,15451.42,ACTIVE,VERIFIED,0.416,RESTRICTED
ACC_005544,CUST_005544,SAVINGS,20816.6,ACTIVE,VERIFIED,0.412,RESTRICTED
ACC_005545,CUST_005545,SAVINGS,27530.05,ACTIVE,VERIFIED,0.146,RESTRICTED
ACC_005546,CUST_005546,SAVINGS,43103.46,ACTIVE,VERIFIED,0.083,RESTRICTED
ACC_005547,CUST_005547,SAVINGS,5257.97,ACTIVE,VERIFIED,0.046,RESTRICTED
ACC_005548,CUST_005548,SAVINGS,42443.29,ACTIVE,VERIFIED,0.101,RESTRICTED
ACC_005549,CUST_005549,SAVINGS,49651.54,ACTIVE,VERIFIED,0.219,RESTRICTED
ACC_005550,CUST_005550,SAVINGS,21844.15,ACTIVE,VERIFIED,0.377,RESTRICTED
ACC_005551,CUST_005551,SAVINGS,23174.57,ACTIVE,VERIFIED,0.217,RESTRICTED
ACC_005552,CUST_005552,SAVINGS,4066.97,ACTIVE,VERIFIED,0.237,RESTRICTED
ACC_005553,CUST_005553,SAVINGS,41711.51,ACTIVE,VERIFIED,0.465,RESTRICTED
ACC_005554,CUST_005554,SAVINGS,33728.15,ACTIVE,PENDING,0.249,RESTRICTED
ACC_005555,CUST_005555,SAVINGS,43242.81,ACTIVE,PENDING,0.383,RESTRICTED
ACC_005556,CUST_005556,SAVINGS,12508.18,ACTIVE,VERIFIED,0.386,RESTRICTED
ACC_005557,CUST_005557,SAVINGS,45966.71,ACTIVE,VERIFIED,0.445,RESTRICTED
ACC_005558,CUST_005558,SAVINGS,38630.28,ACTIVE,VERIFIED,0.435,RESTRICTED
ACC_005559,CUST_005559,SAVINGS,26167.94,ACTIVE,VERIFIED,0.427,RESTRICTED
ACC_005560,CUST_005560,SAVINGS,14394.66,ACTIVE,VERIFIED,0.45,RESTRICTED
ACC_005561,CUST_005561,SAVINGS,9813.93,ACTIVE,VERIFIED,0.157,RESTRICTED
ACC_005562,CUST_005562,SAVINGS,43277.16,ACTIVE,PENDING,0.646,RESTRICTED
ACC_005563,CUST_005563,SAVINGS,32783.79,ACTIVE,VERIFIED,0.456,RESTRICTED
ACC_005564,CUST_005564,SAVINGS,41564.18,ACTIVE,VERIFIED,0.212,RESTRICTED
ACC_005565,CUST_005565,SAVINGS,22917.6,ACTIVE,VERIFIED,0.154,RESTRICTED
ACC_005566,CUST_005566,SAVINGS,2776.65,ACTIVE,VERIFIED,0.614,RESTRICTED
ACC_005567,CUST_005567,SAVINGS,19593.2,ACTIVE,VERIFIED,0.087,RESTRICTED
ACC_005568,CUST_005568,SAVINGS,12827.62,ACTIVE,VERIFIED,0.221,RESTRICTED
ACC_005569,CUST_005569,SAVINGS,44411.45,ACTIVE,VERIFIED,0.56,RESTRICTED
ACC_005570,CUST_005570,SAVINGS,11772.58,ACTIVE,VERIFIED,0.176,RESTRICTED
ACC_005571,CUST_005571,SAVINGS,20243.16,FROZEN,FLAGGED,0.169,RESTRICTED
ACC_005572,CUST_005572,SAVINGS,45474.74,ACTIVE,VERIFIED,0.048,RESTRICTED
ACC_005573,CUST_005573,SAVINGS,5998.77,ACTIVE,VERIFIED,0.329,RESTRICTED
ACC_005574,CUST_005574,SAVINGS,45786.81,ACTIVE,VERIFIED,0.217,RESTRICTED
ACC_005575,CUST_005575,SAVINGS,33568.48,ACTIVE,VERIFIED,0.361,RESTRICTED
ACC_005576,CUST_005576,SAVINGS,24109.23,ACTIVE,VERIFIED,0.163,RESTRICTED
ACC_005577,CUST_005577,SAVINGS,22973.1,ACTIVE,VERIFIED,0.07,RESTRICTED
ACC_005578,CUST_005578,SAVINGS,4375.47,ACTIVE,VERIFIED,0.3,RESTRICTED
ACC_005579,CUST_005579,SAVINGS,26863.52,ACTIVE,VERIFIED,0.161,RESTRICTED
ACC_005580,CUST_005580,SAVINGS,15101.29,ACTIVE,VERIFIED,0.163,RESTRICTED
ACC_005581,CUST_005581,SAVINGS,20587.98,ACTIVE,VERIFIED,0.05,RESTRICTED
ACC_005582,CUST_005582,SAVINGS,6066.68,ACTIVE,VERIFIED,0.147,RESTRICTED
ACC_005583,CUST_005583,SAVINGS,7518.85,ACTIVE,VERIFIED,0.439,RESTRICTED
ACC_005584,CUST_005584,SAVINGS,25398.01,ACTIVE,VERIFIED,0.564,RESTRICTED
ACC_005585,CUST_005585,SAVINGS,49237.39,ACTIVE,VERIFIED,0.379,RESTRICTED
ACC_005586,CUST_005586,SAVINGS,12977.62,ACTIVE,VERIFIED,0.28,RESTRICTED
ACC_005587,CUST_005587,SAVINGS,36134.15,ACTIVE,VERIFIED,0.232,RESTRICTED
ACC_005588,CUST_005588,SAVINGS,27521.95,ACTIVE,VERIFIED,0.206,RESTRICTED
ACC_005589,CUST_005589,SAVINGS,27532.34,ACTIVE,VERIFIED,0.438,RESTRICTED
ACC_005590,CUST_005590,SAVINGS,18738.61,ACTIVE,PENDING,0.563,RESTRICTED
ACC_005591,CUST_005591,SAVINGS,20752.76,ACTIVE,VERIFIED,0.031,RESTRICTED
ACC_005592,CUST_005592,SAVINGS,17373.6,ACTIVE,PENDING,0.129,RESTRICTED
ACC_005593,CUST_005593,SAVINGS,16172.17,ACTIVE,VERIFIED,0.319,RESTRICTED
ACC_005594,CUST_005594,SAVINGS,23017.42,FROZEN,FLAGGED,0.29,RESTRICTED
ACC_005595,CUST_005595,SAVINGS,5837.79,ACTIVE,VERIFIED,0.571,RESTRICTED
ACC_005596,CUST_005596,SAVINGS,25405.2,ACTIVE,VERIFIED,0.442,RESTRICTED
ACC_005597,CUST_005597,SAVINGS,9319.26,ACTIVE,VERIFIED,0.131,RESTRICTED
ACC_005598,CUST_005598,SAVINGS,5566.98,ACTIVE,VERIFIED,0.568,RESTRICTED
ACC_005599,CUST_005599,SAVINGS,14327.86,ACTIVE,VERIFIED,0.478,RESTRICTED
ACC_005600,CUST_005600,SAVINGS,8700.47,ACTIVE,VERIFIED,0.471,RESTRICTED
ACC_005601,CUST_005601,SAVINGS,9924.34,ACTIVE,VERIFIED,0.354,RESTRICTED
ACC_005602,CUST_005602,SAVINGS,22547.82,ACTIVE,VERIFIED,0.268,RESTRICTED
ACC_005603,CUST_005603,SAVINGS,25599.6,ACTIVE,VERIFIED,0.197,RESTRICTED
ACC_005604,CUST_005604,SAVINGS,9465.26,ACTIVE,PENDING,0.328,RESTRICTED
ACC_005605,CUST_005605,SAVINGS,46792.05,ACTIVE,PENDING,0.301,RESTRICTED
ACC_005606,CUST_005606,SAVINGS,41324.31,ACTIVE,VERIFIED,0.509,RESTRICTED
ACC_005607,CUST_005607,SAVINGS,2626.96,FROZEN,FLAGGED,0.403,RESTRICTED
ACC_005608,CUST_005608,SAVINGS,43440.36,ACTIVE,VERIFIED,0.467,RESTRICTED
ACC_005609,CUST_005609,SAVINGS,8190.29,ACTIVE,VERIFIED,0.086,RESTRICTED
ACC_005610,CUST_005610,SAVINGS,2820.79,ACTIVE,VERIFIED,0.397,RESTRICTED
ACC_005611,CUST_005611,SAVINGS,1944.85,ACTIVE,VERIFIED,0.104,RESTRICTED
ACC_005612,CUST_005612,SAVINGS,10802.52,ACTIVE,PENDING,0.062,RESTRICTED
ACC_005613,CUST_005613,SAVINGS,39878.02,ACTIVE,VERIFIED,0.106,RESTRICTED
ACC_005614,CUST_005614,SAVINGS,1279.49,ACTIVE,VERIFIED,0.089,RESTRICTED
ACC_005615,CUST_005615,SAVINGS,35022.47,ACTIVE,VERIFIED,0.18,RESTRICTED
ACC_005616,CUST_005616,SAVINGS,48615.34,ACTIVE,VERIFIED,0.096,RESTRICTED
ACC_005617,CUST_005617,SAVINGS,40034.76,ACTIVE,VERIFIED,0.148,RESTRICTED
ACC_005618,CUST_005618,SAVINGS,14828.75,ACTIVE,VERIFIED,0.487,RESTRICTED
ACC_005619,CUST_005619,SAVINGS,31192.96,ACTIVE,VERIFIED,0.188,RESTRICTED
ACC_005620,CUST_005620,SAVINGS,19556.11,ACTIVE,VERIFIED,0.119,RESTRICTED
ACC_005621,CUST_005621,SAVINGS,3054.99,FROZEN,FLAGGED,0.442,RESTRICTED
ACC_005622,CUST_005622,SAVINGS,2103.51,FROZEN,FLAGGED,0.225,RESTRICTED
ACC_005623,CUST_005623,SAVINGS,34586.58,ACTIVE,VERIFIED,0.508,RESTRICTED
ACC_005624,CUST_005624,SAVINGS,39931.53,ACTIVE,VERIFIED,0.436,RESTRICTED
ACC_005625,CUST_005625,SAVINGS,17125.12,ACTIVE,PENDING,0.272,RESTRICTED
ACC_005626,CUST_005626,SAVINGS,29839.28,ACTIVE,VERIFIED,0.355,RESTRICTED
ACC_005627,CUST_005627,SAVINGS,15582.65,ACTIVE,VERIFIED,0.324,RESTRICTED
ACC_005628,CUST_005628,SAVINGS,4936.65,ACTIVE,VERIFIED,0.271,RESTRICTED
ACC_005629,CUST_005629,SAVINGS,5257.33,ACTIVE,VERIFIED,0.135,RESTRICTED
ACC_005630,CUST_005630,SAVINGS,2884.65,ACTIVE,VERIFIED,0.113,RESTRICTED
ACC_005631,CUST_005631,SAVINGS,41946.78,ACTIVE,VERIFIED,0.116,RESTRICTED
ACC_005632,CUST_005632,SAVINGS,40392.01,ACTIVE,VERIFIED,0.184,RESTRICTED
ACC_005633,CUST_005633,SAVINGS,6990.13,ACTIVE,VERIFIED,0.576,RESTRICTED
ACC_005634,CUST_005634,SAVINGS,16762.74,ACTIVE,VERIFIED,0.302,RESTRICTED
ACC_005635,CUST_005635,SAVINGS,28104.43,ACTIVE,VERIFIED,0.339,RESTRICTED
ACC_005636,CUST_005636,SAVINGS,6408.57,ACTIVE,VERIFIED,0.042,RESTRICTED
ACC_005637,CUST_005637,SAVINGS,6778.72,ACTIVE,VERIFIED,0.199,RESTRICTED
ACC_005638,CUST_005638,SAVINGS,12808.24,ACTIVE,VERIFIED,0.222,RESTRICTED
ACC_005639,CUST_005639,SAVINGS,49661.0,ACTIVE,VERIFIED,0.102,RESTRICTED
ACC_005640,CUST_005640,SAVINGS,41731.39,ACTIVE,VERIFIED,0.21,RESTRICTED
ACC_005641,CUST_005641,SAVINGS,26420.48,ACTIVE,VERIFIED,0.21,RESTRICTED
ACC_005642,CUST_005642,SAVINGS,3309.38,ACTIVE,VERIFIED,0.079,RESTRICTED
ACC_005643,CUST_005643,SAVINGS,8961.22,ACTIVE,VERIFIED,0.269,RESTRICTED
ACC_005644,CUST_005644,SAVINGS,8883.87,ACTIVE,VERIFIED,0.325,RESTRICTED
ACC_005645,CUST_005645,SAVINGS,22574.74,ACTIVE,VERIFIED,0.079,RESTRICTED
ACC_005646,CUST_005646,SAVINGS,39006.37,ACTIVE,VERIFIED,0.092,RESTRICTED
ACC_005647,CUST_005647,SAVINGS,24467.45,ACTIVE,VERIFIED,0.175,RESTRICTED
ACC_005648,CUST_005648,SAVINGS,21071.9,ACTIVE,VERIFIED,0.126,RESTRICTED
ACC_005649,CUST_005649,SAVINGS,14037.74,ACTIVE,VERIFIED,0.179,RESTRICTED
ACC_005650,CUST_005650,SAVINGS,45344.76,ACTIVE,VERIFIED,0.232,RESTRICTED
ACC_005651,CUST_005651,SAVINGS,31514.79,ACTIVE,VERIFIED,0.191,RESTRICTED
ACC_005652,CUST_005652,SAVINGS,31890.61,ACTIVE,VERIFIED,0.419,RESTRICTED
ACC_005653,CUST_005653,SAVINGS,5529.18,ACTIVE,VERIFIED,0.078,RESTRICTED
ACC_005654,CUST_005654,SAVINGS,1292.33,FROZEN,FLAGGED,0.162,RESTRICTED
ACC_005655,CUST_005655,SAVINGS,29749.48,ACTIVE,VERIFIED,0.342,RESTRICTED
ACC_005656,CUST_005656,SAVINGS,32621.21,ACTIVE,VERIFIED,0.366,RESTRICTED
ACC_005657,CUST_005657,SAVINGS,42733.91,ACTIVE,VERIFIED,0.133,RESTRICTED
ACC_005658,CUST_005658,SAVINGS,12119.35,ACTIVE,VERIFIED,0.549,RESTRICTED
ACC_005659,CUST_005659,SAVINGS,23035.62,ACTIVE,VERIFIED,0.211,RESTRICTED
ACC_005660,CUST_005660,SAVINGS,39393.42,ACTIVE,VERIFIED,0.483,RESTRICTED
ACC_005661,CUST_005661,SAVINGS,6499.37,ACTIVE,PENDING,0.371,RESTRICTED
ACC_005662,CUST_005662,SAVINGS,41842.07,ACTIVE,VERIFIED,0.216,RESTRICTED
ACC_005663,CUST_005663,SAVINGS,11725.87,ACTIVE,VERIFIED,0.365,RESTRICTED
ACC_005664,CUST_005664,SAVINGS,14822.53,ACTIVE,VERIFIED,0.204,RESTRICTED
ACC_005665,CUST_005665,SAVINGS,1328.75,ACTIVE,VERIFIED,0.433,RESTRICTED
ACC_005666,CUST_005666,SAVINGS,4489.17,ACTIVE,VERIFIED,0.105,RESTRICTED
ACC_005667,CUST_005667,SAVINGS,29446.49,ACTIVE,VERIFIED,0.258,RESTRICTED
ACC_005668,CUST_005668,SAVINGS,30059.32,ACTIVE,VERIFIED,0.281,RESTRICTED
ACC_005669,CUST_005669,SAVINGS,6961.84,ACTIVE,PENDING,0.25,RESTRICTED
ACC_005670,CUST_005670,SAVINGS,20463.82,ACTIVE,PENDING,0.035,RESTRICTED
ACC_005671,CUST_005671,SAVINGS,13582.0,ACTIVE,VERIFIED,0.242,RESTRICTED
ACC_005672,CUST_005672,SAVINGS,24472.46,ACTIVE,VERIFIED,0.234,RESTRICTED
ACC_005673,CUST_005673,SAVINGS,2418.8,ACTIVE,PENDING,0.379,RESTRICTED
ACC_005674,CUST_005674,SAVINGS,16641.2,FROZEN,FLAGGED,0.123,RESTRICTED
ACC_005675,CUST_005675,SAVINGS,2959.36,ACTIVE,VERIFIED,0.529,RESTRICTED
ACC_005676,CUST_005676,SAVINGS,47532.36,ACTIVE,VERIFIED,0.434,RESTRICTED
ACC_005677,CUST_005677,SAVINGS,38141.59,ACTIVE,VERIFIED,0.113,RESTRICTED
ACC_005678,CUST_005678,SAVINGS,33075.86,ACTIVE,VERIFIED,0.312,RESTRICTED
ACC_005679,CUST_005679,SAVINGS,11740.02,ACTIVE,VERIFIED,0.426,RESTRICTED
ACC_005680,CUST_005680,SAVINGS,18795.96,ACTIVE,VERIFIED,0.318,RESTRICTED
ACC_005681,CUST_005681,SAVINGS,9884.5,ACTIVE,VERIFIED,0.173,RESTRICTED
ACC_005682,CUST_005682,SAVINGS,21558.2,ACTIVE,VERIFIED,0.215,RESTRICTED
ACC_005683,CUST_005683,SAVINGS,5278.9,ACTIVE,VERIFIED,0.535,RESTRICTED
ACC_005684,CUST_005684,SAVINGS,6450.91,ACTIVE,VERIFIED,0.359,RESTRICTED
ACC_005685,CUST_005685,SAVINGS,11197.73,ACTIVE,VERIFIED,0.283,RESTRICTED
ACC_005686,CUST_005686,SAVINGS,7611.46,ACTIVE,VERIFIED,0.235,RESTRICTED
ACC_005687,CUST_005687,SAVINGS,34319.79,ACTIVE,VERIFIED,0.201,RESTRICTED
ACC_005688,CUST_005688,SAVINGS,24732.06,ACTIVE,VERIFIED,0.451,RESTRICTED
ACC_005689,CUST_005689,SAVINGS,15898.88,ACTIVE,VERIFIED,0.3,RESTRICTED
ACC_005690,CUST_005690,SAVINGS,38284.63,ACTIVE,VERIFIED,0.3,RESTRICTED
ACC_005691,CUST_005691,SAVINGS,30326.8,ACTIVE,VERIFIED,0.31,RESTRICTED
ACC_005692,CUST_005692,SAVINGS,22475.66,ACTIVE,VERIFIED,0.384,RESTRICTED
ACC_005693,CUST_005693,SAVINGS,28146.68,ACTIVE,VERIFIED,0.052,RESTRICTED
ACC_005694,CUST_005694,SAVINGS,10190.11,ACTIVE,VERIFIED,0.376,RESTRICTED
ACC_005695,CUST_005695,SAVINGS,44849.75,ACTIVE,VERIFIED,0.201,RESTRICTED
ACC_005696,CUST_005696,SAVINGS,7357.17,ACTIVE,VERIFIED,0.295,RESTRICTED
ACC_005697,CUST_005697,SAVINGS,38024.88,ACTIVE,VERIFIED,0.177,RESTRICTED
ACC_005698,CUST_005698,SAVINGS,6067.59,FROZEN,FLAGGED,0.331,RESTRICTED
ACC_005699,CUST_005699,SAVINGS,3352.77,ACTIVE,VERIFIED,0.424,RESTRICTED
ACC_005700,CUST_005700,SAVINGS,11069.59,ACTIVE,VERIFIED,0.134,RESTRICTED
ACC_005701,CUST_005701,SAVINGS,42023.74,ACTIVE,VERIFIED,0.418,RESTRICTED
ACC_005702,CUST_005702,SAVINGS,27138.63,ACTIVE,VERIFIED,0.05,RESTRICTED
ACC_005703,CUST_005703,SAVINGS,45708.93,ACTIVE,VERIFIED,0.072,RESTRICTED
ACC_005704,CUST_005704,SAVINGS,46052.63,ACTIVE,VERIFIED,0.201,RESTRICTED
ACC_005705,CUST_005705,SAVINGS,9863.32,ACTIVE,VERIFIED,0.228,RESTRICTED
ACC_005706,CUST_005706,SAVINGS,29035.12,ACTIVE,VERIFIED,0.037,RESTRICTED
ACC_005707,CUST_005707,SAVINGS,18782.47,ACTIVE,PENDING,0.115,RESTRICTED
ACC_005708,CUST_005708,SAVINGS,46271.05,ACTIVE,VERIFIED,0.264,RESTRICTED
ACC_005709,CUST_005709,SAVINGS,34705.98,ACTIVE,VERIFIED,0.137,RESTRICTED
ACC_005710,CUST_005710,SAVINGS,10941.36,ACTIVE,PENDING,0.594,RESTRICTED
ACC_005711,CUST_005711,SAVINGS,29533.79,ACTIVE,VERIFIED,0.104,RESTRICTED
ACC_005712,CUST_005712,SAVINGS,8439.2,ACTIVE,VERIFIED,0.239,RESTRICTED
ACC_005713,CUST_005713,SAVINGS,11420.84,ACTIVE,VERIFIED,0.16,RESTRICTED
ACC_005714,CUST_005714,SAVINGS,4484.17,ACTIVE,VERIFIED,0.269,RESTRICTED
ACC_005715,CUST_005715,SAVINGS,9975.34,ACTIVE,VERIFIED,0.316,RESTRICTED
ACC_005716,CUST_005716,SAVINGS,33220.51,ACTIVE,VERIFIED,0.345,RESTRICTED
ACC_005717,CUST_005717,SAVINGS,45079.83,FROZEN,FLAGGED,0.134,RESTRICTED
ACC_005718,CUST_005718,SAVINGS,44407.48,ACTIVE,VERIFIED,0.309,RESTRICTED
ACC_005719,CUST_005719,SAVINGS,29967.87,ACTIVE,VERIFIED,0.099,RESTRICTED
ACC_005720,CUST_005720,SAVINGS,9959.62,ACTIVE,PENDING,0.272,RESTRICTED
ACC_005721,CUST_005721,SAVINGS,24666.75,ACTIVE,VERIFIED,0.338,RESTRICTED
ACC_005722,CUST_005722,SAVINGS,49015.86,ACTIVE,VERIFIED,0.277,RESTRICTED
ACC_005723,CUST_005723,SAVINGS,49143.78,ACTIVE,VERIFIED,0.404,RESTRICTED
ACC_005724,CUST_005724,SAVINGS,29619.17,ACTIVE,VERIFIED,0.311,RESTRICTED
ACC_005725,CUST_005725,SAVINGS,37750.89,ACTIVE,VERIFIED,0.218,RESTRICTED
ACC_005726,CUST_005726,SAVINGS,27763.59,ACTIVE,VERIFIED,0.271,RESTRICTED
ACC_005727,CUST_005727,SAVINGS,14933.93,ACTIVE,VERIFIED,0.25,RESTRICTED
ACC_005728,CUST_005728,SAVINGS,37723.65,ACTIVE,VERIFIED,0.507,RESTRICTED
ACC_005729,CUST_005729,SAVINGS,32187.98,ACTIVE,VERIFIED,0.08,RESTRICTED
ACC_005730,CUST_005730,SAVINGS,32672.56,ACTIVE,VERIFIED,0.472,RESTRICTED
ACC_005731,CUST_005731,SAVINGS,13478.52,ACTIVE,VERIFIED,0.198,RESTRICTED
ACC_005732,CUST_005732,SAVINGS,22438.77,ACTIVE,VERIFIED,0.378,RESTRICTED
ACC_005733,CUST_005733,SAVINGS,38021.51,FROZEN,FLAGGED,0.086,RESTRICTED
ACC_005734,CUST_005734,SAVINGS,43886.09,ACTIVE,VERIFIED,0.133,RESTRICTED
ACC_005735,CUST_005735,SAVINGS,37454.66,ACTIVE,VERIFIED,0.333,RESTRICTED
ACC_005736,CUST_005736,SAVINGS,47330.85,ACTIVE,VERIFIED,0.128,RESTRICTED
ACC_005737,CUST_005737,SAVINGS,41437.4,ACTIVE,VERIFIED,0.138,RESTRICTED
ACC_005738,CUST_005738,SAVINGS,38874.14,ACTIVE,VERIFIED,0.215,RESTRICTED
ACC_005739,CUST_005739,SAVINGS,20463.03,ACTIVE,VERIFIED,0.102,RESTRICTED
ACC_005740,CUST_005740,SAVINGS,38781.63,ACTIVE,VERIFIED,0.067,RESTRICTED
ACC_005741,CUST_005741,SAVINGS,48365.37,ACTIVE,VERIFIED,0.219,RESTRICTED
ACC_005742,CUST_005742,SAVINGS,5478.85,FROZEN,FLAGGED,0.269,RESTRICTED
ACC_005743,CUST_005743,SAVINGS,31091.46,ACTIVE,VERIFIED,0.159,RESTRICTED
ACC_005744,CUST_005744,SAVINGS,15983.94,ACTIVE,VERIFIED,0.222,RESTRICTED
ACC_005745,CUST_005745,SAVINGS,13890.12,ACTIVE,VERIFIED,0.346,RESTRICTED
ACC_005746,CUST_005746,SAVINGS,40982.26,ACTIVE,VERIFIED,0.665,RESTRICTED
ACC_005747,CUST_005747,SAVINGS,38827.11,ACTIVE,VERIFIED,0.134,RESTRICTED
ACC_005748,CUST_005748,SAVINGS,25227.24,ACTIVE,VERIFIED,0.32,RESTRICTED
ACC_005749,CUST_005749,SAVINGS,44727.97,ACTIVE,VERIFIED,0.345,RESTRICTED
ACC_005750,CUST_005750,SAVINGS,1736.55,ACTIVE,VERIFIED,0.518,RESTRICTED
ACC_005751,CUST_005751,SAVINGS,27215.67,ACTIVE,VERIFIED,0.366,RESTRICTED
ACC_005752,CUST_005752,SAVINGS,1076.67,ACTIVE,VERIFIED,0.211,RESTRICTED
ACC_005753,CUST_005753,SAVINGS,34610.77,ACTIVE,VERIFIED,0.49,RESTRICTED
ACC_005754,CUST_005754,SAVINGS,8036.21,ACTIVE,VERIFIED,0.243,RESTRICTED
ACC_005755,CUST_005755,SAVINGS,38628.95,ACTIVE,VERIFIED,0.448,RESTRICTED
ACC_005756,CUST_005756,SAVINGS,36386.77,ACTIVE,VERIFIED,0.623,RESTRICTED
ACC_005757,CUST_005757,SAVINGS,6279.91,ACTIVE,VERIFIED,0.307,RESTRICTED
ACC_005758,CUST_005758,SAVINGS,8211.12,ACTIVE,VERIFIED,0.242,RESTRICTED
ACC_005759,CUST_005759,SAVINGS,8492.29,ACTIVE,VERIFIED,0.293,RESTRICTED
ACC_005760,CUST_005760,SAVINGS,38473.31,ACTIVE,VERIFIED,0.408,RESTRICTED
ACC_005761,CUST_005761,SAVINGS,28330.16,ACTIVE,VERIFIED,0.321,RESTRICTED
ACC_005762,CUST_005762,SAVINGS,16417.09,ACTIVE,VERIFIED,0.033,RESTRICTED
ACC_005763,CUST_005763,SAVINGS,39953.49,ACTIVE,PENDING,0.165,RESTRICTED
ACC_005764,CUST_005764,SAVINGS,40875.68,ACTIVE,VERIFIED,0.339,RESTRICTED
ACC_005765,CUST_005765,SAVINGS,32598.88,ACTIVE,VERIFIED,0.215,RESTRICTED
ACC_005766,CUST_005766,SAVINGS,43818.44,ACTIVE,VERIFIED,0.493,RESTRICTED
ACC_005767,CUST_005767,SAVINGS,48509.46,ACTIVE,VERIFIED,0.032,RESTRICTED
ACC_005768,CUST_005768,SAVINGS,34228.66,ACTIVE,VERIFIED,0.363,RESTRICTED
ACC_005769,CUST_005769,SAVINGS,19101.88,ACTIVE,PENDING,0.302,RESTRICTED
ACC_005770,CUST_005770,SAVINGS,12930.4,ACTIVE,VERIFIED,0.167,RESTRICTED
ACC_005771,CUST_005771,SAVINGS,15793.68,ACTIVE,VERIFIED,0.387,RESTRICTED
ACC_005772,CUST_005772,SAVINGS,39224.13,ACTIVE,VERIFIED,0.175,RESTRICTED
ACC_005773,CUST_005773,SAVINGS,10014.46,ACTIVE,VERIFIED,0.195,RESTRICTED
ACC_005774,CUST_005774,SAVINGS,35484.05,ACTIVE,VERIFIED,0.329,RESTRICTED
ACC_005775,CUST_005775,SAVINGS,21734.42,ACTIVE,VERIFIED,0.254,RESTRICTED
ACC_005776,CUST_005776,SAVINGS,35505.02,ACTIVE,VERIFIED,0.543,RESTRICTED
ACC_005777,CUST_005777,SAVINGS,2292.85,ACTIVE,VERIFIED,0.529,RESTRICTED
ACC_005778,CUST_005778,SAVINGS,3947.32,ACTIVE,VERIFIED,0.357,RESTRICTED
ACC_005779,CUST_005779,SAVINGS,29636.47,ACTIVE,VERIFIED,0.888,RESTRICTED
ACC_005780,CUST_005780,SAVINGS,29470.9,ACTIVE,VERIFIED,0.01,RESTRICTED
ACC_005781,CUST_005781,SAVINGS,39783.7,ACTIVE,VERIFIED,0.213,RESTRICTED
ACC_005782,CUST_005782,SAVINGS,49042.42,ACTIVE,VERIFIED,0.072,RESTRICTED
ACC_005783,CUST_005783,SAVINGS,48598.2,ACTIVE,VERIFIED,0.145,RESTRICTED
ACC_005784,CUST_005784,SAVINGS,43976.23,ACTIVE,VERIFIED,0.186,RESTRICTED
ACC_005785,CUST_005785,SAVINGS,2446.82,ACTIVE,VERIFIED,0.413,RESTRICTED
ACC_005786,CUST_005786,SAVINGS,20361.91,ACTIVE,VERIFIED,0.281,RESTRICTED
ACC_005787,CUST_005787,SAVINGS,32051.44,ACTIVE,VERIFIED,0.481,RESTRICTED
ACC_005788,CUST_005788,SAVINGS,33484.19,ACTIVE,VERIFIED,0.193,RESTRICTED
ACC_005789,CUST_005789,SAVINGS,8520.04,ACTIVE,VERIFIED,0.499,RESTRICTED
ACC_005790,CUST_005790,SAVINGS,23527.41,ACTIVE,VERIFIED,0.332,RESTRICTED
ACC_005791,CUST_005791,SAVINGS,2004.27,ACTIVE,VERIFIED,0.334,RESTRICTED
ACC_005792,CUST_005792,SAVINGS,43645.61,ACTIVE,VERIFIED,0.398,RESTRICTED
ACC_005793,CUST_005793,SAVINGS,24571.52,ACTIVE,VERIFIED,0.228,RESTRICTED
ACC_005794,CUST_005794,SAVINGS,9486.4,ACTIVE,PENDING,0.227,RESTRICTED
ACC_005795,CUST_005795,SAVINGS,29277.43,ACTIVE,VERIFIED,0.216,RESTRICTED
ACC_005796,CUST_005796,SAVINGS,46137.69,FROZEN,FLAGGED,0.104,RESTRICTED
ACC_005797,CUST_005797,SAVINGS,20967.88,ACTIVE,VERIFIED,0.077,RESTRICTED
ACC_005798,CUST_005798,SAVINGS,45165.48,ACTIVE,VERIFIED,0.079,RESTRICTED
ACC_005799,CUST_005799,SAVINGS,14710.73,ACTIVE,VERIFIED,0.075,RESTRICTED
ACC_005800,CUST_005800,SAVINGS,9842.44,ACTIVE,VERIFIED,0.62,RESTRICTED
ACC_005801,CUST_005801,SAVINGS,46227.81,ACTIVE,VERIFIED,0.729,RESTRICTED
ACC_005802,CUST_005802,SAVINGS,43168.5,ACTIVE,VERIFIED,0.563,RESTRICTED
ACC_005803,CUST_005803,SAVINGS,14897.05,ACTIVE,VERIFIED,0.371,RESTRICTED
ACC_005804,CUST_005804,SAVINGS,18493.95,ACTIVE,VERIFIED,0.408,RESTRICTED
ACC_005805,CUST_005805,SAVINGS,30555.97,ACTIVE,VERIFIED,0.053,RESTRICTED
ACC_005806,CUST_005806,SAVINGS,32862.98,ACTIVE,VERIFIED,0.485,RESTRICTED
ACC_005807,CUST_005807,SAVINGS,21186.26,ACTIVE,VERIFIED,0.663,RESTRICTED
ACC_005808,CUST_005808,SAVINGS,25174.94,ACTIVE,VERIFIED,0.579,RESTRICTED
ACC_005809,CUST_005809,SAVINGS,44135.21,ACTIVE,VERIFIED,0.26,RESTRICTED
ACC_005810,CUST_005810,SAVINGS,19742.51,ACTIVE,VERIFIED,0.207,RESTRICTED
ACC_005811,CUST_005811,SAVINGS,36372.54,ACTIVE,VERIFIED,0.346,RESTRICTED
ACC_005812,CUST_005812,SAVINGS,27448.43,ACTIVE,VERIFIED,0.567,RESTRICTED
ACC_005813,CUST_005813,SAVINGS,20464.96,ACTIVE,VERIFIED,0.157,RESTRICTED
ACC_005814,CUST_005814,SAVINGS,43088.14,ACTIVE,VERIFIED,0.584,RESTRICTED
ACC_005815,CUST_005815,SAVINGS,10949.38,ACTIVE,PENDING,0.367,RESTRICTED
ACC_005816,CUST_005816,SAVINGS,49516.94,FROZEN,FLAGGED,0.175,RESTRICTED
ACC_005817,CUST_005817,SAVINGS,30185.9,ACTIVE,VERIFIED,0.32,RESTRICTED
ACC_005818,CUST_005818,SAVINGS,34543.01,ACTIVE,VERIFIED,0.241,RESTRICTED
ACC_005819,CUST_005819,SAVINGS,10864.41,ACTIVE,VERIFIED,0.211,RESTRICTED
ACC_005820,CUST_005820,SAVINGS,39941.11,ACTIVE,PENDING,0.117,RESTRICTED
ACC_005821,CUST_005821,SAVINGS,9557.04,ACTIVE,VERIFIED,0.515,RESTRICTED
ACC_005822,CUST_005822,SAVINGS,45892.59,ACTIVE,VERIFIED,0.261,RESTRICTED
ACC_005823,CUST_005823,SAVINGS,47875.84,ACTIVE,VERIFIED,0.424,RESTRICTED
ACC_005824,CUST_005824,SAVINGS,19621.01,ACTIVE,VERIFIED,0.188,RESTRICTED
ACC_005825,CUST_005825,SAVINGS,2383.57,ACTIVE,VERIFIED,0.11,RESTRICTED
ACC_005826,CUST_005826,SAVINGS,30815.48,ACTIVE,VERIFIED,0.214,RESTRICTED
ACC_005827,CUST_005827,SAVINGS,36331.29,ACTIVE,VERIFIED,0.554,RESTRICTED
ACC_005828,CUST_005828,SAVINGS,24821.2,ACTIVE,VERIFIED,0.148,RESTRICTED
ACC_005829,CUST_005829,SAVINGS,12926.73,ACTIVE,VERIFIED,0.191,RESTRICTED
ACC_005830,CUST_005830,SAVINGS,48199.4,ACTIVE,VERIFIED,0.324,RESTRICTED
ACC_005831,CUST_005831,SAVINGS,43163.35,ACTIVE,VERIFIED,0.192,RESTRICTED
ACC_005832,CUST_005832,SAVINGS,28070.86,ACTIVE,VERIFIED,0.49,RESTRICTED
ACC_005833,CUST_005833,SAVINGS,8982.99,ACTIVE,VERIFIED,0.286,RESTRICTED
ACC_005834,CUST_005834,SAVINGS,43101.14,ACTIVE,VERIFIED,0.163,RESTRICTED
ACC_005835,CUST_005835,SAVINGS,33359.79,ACTIVE,VERIFIED,0.225,RESTRICTED
ACC_005836,CUST_005836,SAVINGS,44626.1,ACTIVE,VERIFIED,0.173,RESTRICTED
ACC_005837,CUST_005837,SAVINGS,16572.06,ACTIVE,VERIFIED,0.367,RESTRICTED
ACC_005838,CUST_005838,SAVINGS,18169.93,ACTIVE,VERIFIED,0.01,RESTRICTED
ACC_005839,CUST_005839,SAVINGS,3400.12,FROZEN,FLAGGED,0.316,RESTRICTED
ACC_005840,CUST_005840,SAVINGS,25441.86,ACTIVE,VERIFIED,0.194,RESTRICTED
ACC_005841,CUST_005841,SAVINGS,32851.37,ACTIVE,VERIFIED,0.458,RESTRICTED
ACC_005842,CUST_005842,SAVINGS,9187.36,ACTIVE,VERIFIED,0.506,RESTRICTED
ACC_005843,CUST_005843,SAVINGS,42335.24,FROZEN,FLAGGED,0.315,RESTRICTED
ACC_005844,CUST_005844,SAVINGS,36196.42,ACTIVE,VERIFIED,0.391,RESTRICTED
ACC_005845,CUST_005845,SAVINGS,26834.4,ACTIVE,VERIFIED,0.075,RESTRICTED
ACC_005846,CUST_005846,SAVINGS,2906.01,ACTIVE,VERIFIED,0.419,RESTRICTED
ACC_005847,CUST_005847,SAVINGS,33136.65,ACTIVE,VERIFIED,0.324,RESTRICTED
ACC_005848,CUST_005848,SAVINGS,6571.28,ACTIVE,VERIFIED,0.11,RESTRICTED
ACC_005849,CUST_005849,SAVINGS,16078.28,ACTIVE,VERIFIED,0.515,RESTRICTED
ACC_005850,CUST_005850,SAVINGS,37095.14,ACTIVE,PENDING,0.343,RESTRICTED
ACC_005851,CUST_005851,SAVINGS,16626.79,ACTIVE,VERIFIED,0.032,RESTRICTED
ACC_005852,CUST_005852,SAVINGS,14839.82,ACTIVE,VERIFIED,0.662,RESTRICTED
ACC_005853,CUST_005853,SAVINGS,30433.61,ACTIVE,VERIFIED,0.11,RESTRICTED
ACC_005854,CUST_005854,SAVINGS,26996.67,FROZEN,FLAGGED,0.356,RESTRICTED
ACC_005855,CUST_005855,SAVINGS,43408.66,ACTIVE,VERIFIED,0.279,RESTRICTED
ACC_005856,CUST_005856,SAVINGS,30081.77,ACTIVE,VERIFIED,0.385,RESTRICTED
ACC_005857,CUST_005857,SAVINGS,34791.73,ACTIVE,VERIFIED,0.113,RESTRICTED
ACC_005858,CUST_005858,SAVINGS,17725.65,ACTIVE,VERIFIED,0.334,RESTRICTED
ACC_005859,CUST_005859,SAVINGS,9217.34,ACTIVE,PENDING,0.28,RESTRICTED
ACC_005860,CUST_005860,SAVINGS,8895.18,ACTIVE,VERIFIED,0.08,RESTRICTED
ACC_005861,CUST_005861,SAVINGS,15874.72,ACTIVE,VERIFIED,0.212,RESTRICTED
ACC_005862,CUST_005862,SAVINGS,49058.4,ACTIVE,VERIFIED,0.498,RESTRICTED
ACC_005863,CUST_005863,SAVINGS,33591.44,ACTIVE,VERIFIED,0.584,RESTRICTED
ACC_005864,CUST_005864,SAVINGS,4744.09,ACTIVE,VERIFIED,0.382,RESTRICTED
ACC_005865,CUST_005865,SAVINGS,15353.73,ACTIVE,VERIFIED,0.723,RESTRICTED
ACC_005866,CUST_005866,SAVINGS,8405.65,ACTIVE,VERIFIED,0.15,RESTRICTED
ACC_005867,CUST_005867,SAVINGS,14599.12,ACTIVE,VERIFIED,0.108,RESTRICTED
ACC_005868,CUST_005868,SAVINGS,49848.4,ACTIVE,VERIFIED,0.093,RESTRICTED
ACC_005869,CUST_005869,SAVINGS,17374.07,ACTIVE,VERIFIED,0.272,RESTRICTED
ACC_005870,CUST_005870,SAVINGS,21424.85,ACTIVE,VERIFIED,0.05,RESTRICTED
ACC_005871,CUST_005871,SAVINGS,14551.77,ACTIVE,VERIFIED,0.33,RESTRICTED
ACC_005872,CUST_005872,SAVINGS,36521.56,ACTIVE,VERIFIED,0.215,RESTRICTED
ACC_005873,CUST_005873,SAVINGS,24305.87,ACTIVE,VERIFIED,0.186,RESTRICTED
ACC_005874,CUST_005874,SAVINGS,23464.81,ACTIVE,VERIFIED,0.183,RESTRICTED
ACC_005875,CUST_005875,SAVINGS,3389.44,ACTIVE,VERIFIED,0.109,RESTRICTED
ACC_005876,CUST_005876,SAVINGS,28191.57,ACTIVE,VERIFIED,0.099,RESTRICTED
ACC_005877,CUST_005877,SAVINGS,2059.0,ACTIVE,VERIFIED,0.166,RESTRICTED
ACC_005878,CUST_005878,SAVINGS,19304.98,ACTIVE,VERIFIED,0.029,RESTRICTED
ACC_005879,CUST_005879,SAVINGS,48127.08,ACTIVE,VERIFIED,0.123,RESTRICTED
ACC_005880,CUST_005880,SAVINGS,26255.48,ACTIVE,VERIFIED,0.229,RESTRICTED
ACC_005881,CUST_005881,SAVINGS,13761.3,ACTIVE,VERIFIED,0.418,RESTRICTED
ACC_005882,CUST_005882,SAVINGS,27258.16,ACTIVE,VERIFIED,0.033,RESTRICTED
ACC_005883,CUST_005883,SAVINGS,18588.12,ACTIVE,VERIFIED,0.263,RESTRICTED
ACC_005884,CUST_005884,SAVINGS,8494.41,ACTIVE,VERIFIED,0.292,RESTRICTED
ACC_005885,CUST_005885,SAVINGS,17446.0,ACTIVE,VERIFIED,0.163,RESTRICTED
ACC_005886,CUST_005886,SAVINGS,11446.96,ACTIVE,VERIFIED,0.262,RESTRICTED
ACC_005887,CUST_005887,SAVINGS,16942.19,FROZEN,FLAGGED,0.314,RESTRICTED
ACC_005888,CUST_005888,SAVINGS,29952.07,ACTIVE,VERIFIED,0.691,RESTRICTED
ACC_005889,CUST_005889,SAVINGS,26514.26,FROZEN,FLAGGED,0.151,RESTRICTED
ACC_005890,CUST_005890,SAVINGS,34001.85,ACTIVE,VERIFIED,0.183,RESTRICTED
ACC_005891,CUST_005891,SAVINGS,8047.01,ACTIVE,PENDING,0.536,RESTRICTED
ACC_005892,CUST_005892,SAVINGS,43430.93,ACTIVE,VERIFIED,0.301,RESTRICTED
ACC_005893,CUST_005893,SAVINGS,27980.06,ACTIVE,VERIFIED,0.039,RESTRICTED
ACC_005894,CUST_005894,SAVINGS,30088.13,ACTIVE,VERIFIED,0.159,RESTRICTED
ACC_005895,CUST_005895,SAVINGS,11306.21,ACTIVE,VERIFIED,0.052,RESTRICTED
ACC_005896,CUST_005896,SAVINGS,20125.27,ACTIVE,VERIFIED,0.229,RESTRICTED
ACC_005897,CUST_005897,SAVINGS,20467.5,ACTIVE,VERIFIED,0.511,RESTRICTED
ACC_005898,CUST_005898,SAVINGS,21323.77,ACTIVE,VERIFIED,0.324,RESTRICTED
ACC_005899,CUST_005899,SAVINGS,2504.09,ACTIVE,PENDING,0.218,RESTRICTED
ACC_005900,CUST_005900,SAVINGS,42988.22,ACTIVE,VERIFIED,0.494,RESTRICTED
ACC_005901,CUST_005901,SAVINGS,23946.92,ACTIVE,VERIFIED,0.323,RESTRICTED
ACC_005902,CUST_005902,SAVINGS,16219.63,ACTIVE,VERIFIED,0.227,RESTRICTED
ACC_005903,CUST_005903,SAVINGS,36546.68,ACTIVE,VERIFIED,0.485,RESTRICTED
ACC_005904,CUST_005904,SAVINGS,47926.75,ACTIVE,VERIFIED,0.488,RESTRICTED
ACC_005905,CUST_005905,SAVINGS,31152.18,ACTIVE,VERIFIED,0.242,RESTRICTED
ACC_005906,CUST_005906,SAVINGS,27706.37,ACTIVE,VERIFIED,0.371,RESTRICTED
ACC_005907,CUST_005907,SAVINGS,18313.24,ACTIVE,VERIFIED,0.103,RESTRICTED
ACC_005908,CUST_005908,SAVINGS,45992.51,ACTIVE,VERIFIED,0.157,RESTRICTED
ACC_005909,CUST_005909,SAVINGS,29735.02,ACTIVE,VERIFIED,0.226,RESTRICTED
ACC_005910,CUST_005910,SAVINGS,18618.39,ACTIVE,VERIFIED,0.624,RESTRICTED
ACC_005911,CUST_005911,SAVINGS,24111.76,ACTIVE,VERIFIED,0.376,RESTRICTED
ACC_005912,CUST_005912,SAVINGS,36889.8,ACTIVE,VERIFIED,0.543,RESTRICTED
ACC_005913,CUST_005913,SAVINGS,20866.96,ACTIVE,VERIFIED,0.27,RESTRICTED
ACC_005914,CUST_005914,SAVINGS,43851.1,ACTIVE,VERIFIED,0.533,RESTRICTED
ACC_005915,CUST_005915,SAVINGS,49519.63,ACTIVE,VERIFIED,0.187,RESTRICTED
ACC_005916,CUST_005916,SAVINGS,49885.87,FROZEN,FLAGGED,0.193,RESTRICTED
ACC_005917,CUST_005917,SAVINGS,16846.89,ACTIVE,VERIFIED,0.276,RESTRICTED
ACC_005918,CUST_005918,SAVINGS,47537.83,FROZEN,FLAGGED,0.279,RESTRICTED
ACC_005919,CUST_005919,SAVINGS,10054.25,ACTIVE,VERIFIED,0.29,RESTRICTED
ACC_005920,CUST_005920,SAVINGS,38400.71,ACTIVE,VERIFIED,0.066,RESTRICTED
ACC_005921,CUST_005921,SAVINGS,44116.52,ACTIVE,VERIFIED,0.118,RESTRICTED
ACC_005922,CUST_005922,SAVINGS,40086.13,ACTIVE,VERIFIED,0.157,RESTRICTED
ACC_005923,CUST_005923,SAVINGS,42470.83,ACTIVE,PENDING,0.423,RESTRICTED
ACC_005924,CUST_005924,SAVINGS,49464.09,ACTIVE,VERIFIED,0.118,RESTRICTED
ACC_005925,CUST_005925,SAVINGS,30709.16,ACTIVE,VERIFIED,0.374,RESTRICTED
ACC_005926,CUST_005926,SAVINGS,48546.03,ACTIVE,VERIFIED,0.462,RESTRICTED
ACC_005927,CUST_005927,SAVINGS,1261.75,ACTIVE,VERIFIED,0.889,RESTRICTED
ACC_005928,CUST_005928,SAVINGS,8628.78,ACTIVE,VERIFIED,0.229,RESTRICTED
ACC_005929,CUST_005929,SAVINGS,19402.9,ACTIVE,VERIFIED,0.258,RESTRICTED
ACC_005930,CUST_005930,SAVINGS,20591.6,ACTIVE,VERIFIED,0.424,RESTRICTED
ACC_005931,CUST_005931,SAVINGS,39124.22,ACTIVE,PENDING,0.418,RESTRICTED
ACC_005932,CUST_005932,SAVINGS,24987.15,ACTIVE,VERIFIED,0.324,RESTRICTED
ACC_005933,CUST_005933,SAVINGS,20813.13,ACTIVE,VERIFIED,0.235,RESTRICTED
ACC_005934,CUST_005934,SAVINGS,14630.59,ACTIVE,VERIFIED,0.38,RESTRICTED
ACC_005935,CUST_005935,SAVINGS,26674.14,ACTIVE,VERIFIED,0.16,RESTRICTED
ACC_005936,CUST_005936,SAVINGS,17048.83,ACTIVE,VERIFIED,0.485,RESTRICTED
ACC_005937,CUST_005937,SAVINGS,42837.17,ACTIVE,VERIFIED,0.706,RESTRICTED
ACC_005938,CUST_005938,SAVINGS,2881.62,ACTIVE,VERIFIED,0.35,RESTRICTED
ACC_005939,CUST_005939,SAVINGS,10845.82,ACTIVE,VERIFIED,0.039,RESTRICTED
ACC_005940,CUST_005940,SAVINGS,10926.67,ACTIVE,VERIFIED,0.249,RESTRICTED
ACC_005941,CUST_005941,SAVINGS,11446.1,ACTIVE,VERIFIED,0.449,RESTRICTED
ACC_005942,CUST_005942,SAVINGS,19420.89,ACTIVE,VERIFIED,0.245,RESTRICTED
ACC_005943,CUST_005943,SAVINGS,32726.05,ACTIVE,VERIFIED,0.212,RESTRICTED
ACC_005944,CUST_005944,SAVINGS,25739.17,ACTIVE,VERIFIED,0.266,RESTRICTED
ACC_005945,CUST_005945,SAVINGS,10155.74,ACTIVE,PENDING,0.163,RESTRICTED
ACC_005946,CUST_005946,SAVINGS,21010.56,ACTIVE,VERIFIED,0.196,RESTRICTED
ACC_005947,CUST_005947,SAVINGS,27169.75,ACTIVE,VERIFIED,0.123,RESTRICTED
ACC_005948,CUST_005948,SAVINGS,46444.03,ACTIVE,VERIFIED,0.32,RESTRICTED
ACC_005949,CUST_005949,SAVINGS,41061.33,ACTIVE,VERIFIED,0.206,RESTRICTED
ACC_005950,CUST_005950,SAVINGS,1627.41,ACTIVE,VERIFIED,0.402,RESTRICTED
ACC_005951,CUST_005951,SAVINGS,32001.68,ACTIVE,VERIFIED,0.37,RESTRICTED
ACC_005952,CUST_005952,SAVINGS,25556.32,ACTIVE,VERIFIED,0.708,RESTRICTED
ACC_005953,CUST_005953,SAVINGS,18410.61,ACTIVE,VERIFIED,0.166,RESTRICTED
ACC_005954,CUST_005954,SAVINGS,42901.41,ACTIVE,VERIFIED,0.353,RESTRICTED
ACC_005955,CUST_005955,SAVINGS,9161.41,ACTIVE,PENDING,0.455,RESTRICTED
ACC_005956,CUST_005956,SAVINGS,30395.34,ACTIVE,VERIFIED,0.042,RESTRICTED
ACC_005957,CUST_005957,SAVINGS,49379.89,ACTIVE,VERIFIED,0.643,RESTRICTED
ACC_005958,CUST_005958,SAVINGS,3588.24,ACTIVE,VERIFIED,0.519,RESTRICTED
ACC_005959,CUST_005959,SAVINGS,24775.15,ACTIVE,VERIFIED,0.598,RESTRICTED
ACC_005960,CUST_005960,SAVINGS,21392.69,ACTIVE,VERIFIED,0.356,RESTRICTED
ACC_005961,CUST_005961,SAVINGS,46059.1,ACTIVE,VERIFIED,0.21,RESTRICTED
ACC_005962,CUST_005962,SAVINGS,7816.46,ACTIVE,VERIFIED,0.279,RESTRICTED
ACC_005963,CUST_005963,SAVINGS,27149.33,ACTIVE,VERIFIED,0.131,RESTRICTED
ACC_005964,CUST_005964,SAVINGS,32391.47,FROZEN,FLAGGED,0.107,RESTRICTED
ACC_005965,CUST_005965,SAVINGS,37683.06,FROZEN,FLAGGED,0.399,RESTRICTED
ACC_005966,CUST_005966,SAVINGS,25489.94,ACTIVE,PENDING,0.082,RESTRICTED
ACC_005967,CUST_005967,SAVINGS,19238.92,ACTIVE,VERIFIED,0.44,RESTRICTED
ACC_005968,CUST_005968,SAVINGS,22148.79,ACTIVE,VERIFIED,0.154,RESTRICTED
ACC_005969,CUST_005969,SAVINGS,15621.17,ACTIVE,VERIFIED,0.1,RESTRICTED
ACC_005970,CUST_005970,SAVINGS,26316.99,ACTIVE,VERIFIED,0.758,RESTRICTED
ACC_005971,CUST_005971,SAVINGS,2728.29,ACTIVE,VERIFIED,0.056,RESTRICTED
ACC_005972,CUST_005972,SAVINGS,45526.01,ACTIVE,VERIFIED,0.443,RESTRICTED
ACC_005973,CUST_005973,SAVINGS,42171.73,ACTIVE,VERIFIED,0.244,RESTRICTED
ACC_005974,CUST_005974,SAVINGS,26798.96,FROZEN,FLAGGED,0.35,RESTRICTED
ACC_005975,CUST_005975,SAVINGS,28778.5,ACTIVE,VERIFIED,0.419,RESTRICTED
ACC_005976,CUST_005976,SAVINGS,17284.13,ACTIVE,VERIFIED,0.084,RESTRICTED
ACC_005977,CUST_005977,SAVINGS,42417.0,ACTIVE,VERIFIED,0.351,RESTRICTED
ACC_005978,CUST_005978,SAVINGS,10432.17,ACTIVE,PENDING,0.042,RESTRICTED
ACC_005979,CUST_005979,SAVINGS,28841.82,ACTIVE,VERIFIED,0.179,RESTRICTED
ACC_005980,CUST_005980,SAVINGS,5288.96,ACTIVE,VERIFIED,0.181,RESTRICTED
ACC_005981,CUST_005981,SAVINGS,12549.26,ACTIVE,VERIFIED,0.59,RESTRICTED
ACC_005982,CUST_005982,SAVINGS,5050.96,ACTIVE,VERIFIED,0.184,RESTRICTED
ACC_005983,CUST_005983,SAVINGS,42636.77,ACTIVE,VERIFIED,0.735,RESTRICTED
ACC_005984,CUST_005984,SAVINGS,27152.55,ACTIVE,VERIFIED,0.59,RESTRICTED
ACC_005985,CUST_005985,SAVINGS,25150.53,ACTIVE,VERIFIED,0.536,RESTRICTED
ACC_005986,CUST_005986,SAVINGS,2869.4,ACTIVE,VERIFIED,0.339,RESTRICTED
ACC_005987,CUST_005987,SAVINGS,1979.76,ACTIVE,VERIFIED,0.361,RESTRICTED
ACC_005988,CUST_005988,SAVINGS,24989.71,ACTIVE,VERIFIED,0.263,RESTRICTED
ACC_005989,CUST_005989,SAVINGS,10238.25,ACTIVE,VERIFIED,0.055,RESTRICTED
ACC_005990,CUST_005990,SAVINGS,44311.52,FROZEN,FLAGGED,0.176,RESTRICTED
ACC_005991,CUST_005991,SAVINGS,41660.33,ACTIVE,VERIFIED,0.015,RESTRICTED
ACC_005992,CUST_005992,SAVINGS,39456.36,ACTIVE,VERIFIED,0.189,RESTRICTED
ACC_005993,CUST_005993,SAVINGS,32129.05,ACTIVE,VERIFIED,0.348,RESTRICTED
ACC_005994,CUST_005994,SAVINGS,46657.24,ACTIVE,VERIFIED,0.127,RESTRICTED
ACC_005995,CUST_005995,SAVINGS,17765.64,ACTIVE,VERIFIED,0.032,RESTRICTED
ACC_005996,CUST_005996,SAVINGS,27776.11,ACTIVE,VERIFIED,0.125,RESTRICTED
ACC_005997,CUST_005997,SAVINGS,49846.8,ACTIVE,VERIFIED,0.147,RESTRICTED
ACC_005998,CUST_005998,SAVINGS,29386.41,ACTIVE,VERIFIED,0.612,RESTRICTED
ACC_005999,CUST_005999,SAVINGS,45065.63,ACTIVE,VERIFIED,0.508,RESTRICTED
ACC_006000,CUST_006000,SAVINGS,34270.35,ACTIVE,VERIFIED,0.557,RESTRICTED
ACC_006001,CUST_006001,SAVINGS,13720.88,ACTIVE,VERIFIED,0.361,RESTRICTED
ACC_006002,CUST_006002,SAVINGS,23677.54,ACTIVE,VERIFIED,0.359,RESTRICTED
ACC_006003,CUST_006003,SAVINGS,17481.55,ACTIVE,VERIFIED,0.07,RESTRICTED
ACC_006004,CUST_006004,SAVINGS,25788.11,ACTIVE,VERIFIED,0.273,RESTRICTED
ACC_006005,CUST_006005,SAVINGS,29497.01,ACTIVE,VERIFIED,0.131,RESTRICTED
ACC_006006,CUST_006006,SAVINGS,38995.81,FROZEN,FLAGGED,0.442,RESTRICTED
ACC_006007,CUST_006007,SAVINGS,6358.94,ACTIVE,VERIFIED,0.518,RESTRICTED
ACC_006008,CUST_006008,SAVINGS,30052.91,ACTIVE,VERIFIED,0.253,RESTRICTED
ACC_006009,CUST_006009,SAVINGS,7569.88,ACTIVE,PENDING,0.534,RESTRICTED
ACC_006010,CUST_006010,SAVINGS,25976.28,ACTIVE,VERIFIED,0.49,RESTRICTED
ACC_006011,CUST_006011,SAVINGS,7979.29,ACTIVE,VERIFIED,0.243,RESTRICTED
ACC_006012,CUST_006012,SAVINGS,27732.91,ACTIVE,VERIFIED,0.325,RESTRICTED
ACC_006013,CUST_006013,SAVINGS,45172.83,ACTIVE,VERIFIED,0.167,RESTRICTED
ACC_006014,CUST_006014,SAVINGS,17357.05,ACTIVE,VERIFIED,0.28,RESTRICTED
ACC_006015,CUST_006015,SAVINGS,42803.88,ACTIVE,VERIFIED,0.279,RESTRICTED
ACC_006016,CUST_006016,SAVINGS,47383.59,ACTIVE,VERIFIED,0.14,RESTRICTED
ACC_006017,CUST_006017,SAVINGS,9570.15,ACTIVE,VERIFIED,0.298,RESTRICTED
ACC_006018,CUST_006018,SAVINGS,24521.68,ACTIVE,VERIFIED,0.477,RESTRICTED
ACC_006019,CUST_006019,SAVINGS,14492.53,ACTIVE,VERIFIED,0.162,RESTRICTED
ACC_006020,CUST_006020,SAVINGS,34789.34,ACTIVE,VERIFIED,0.19,RESTRICTED
ACC_006021,CUST_006021,SAVINGS,40791.5,ACTIVE,VERIFIED,0.323,RESTRICTED
ACC_006022,CUST_006022,SAVINGS,3525.94,ACTIVE,VERIFIED,0.079,RESTRICTED
ACC_006023,CUST_006023,SAVINGS,35479.8,ACTIVE,VERIFIED,0.168,RESTRICTED
ACC_006024,CUST_006024,SAVINGS,2566.6,ACTIVE,VERIFIED,0.48,RESTRICTED
ACC_006025,CUST_006025,SAVINGS,22980.18,ACTIVE,VERIFIED,0.639,RESTRICTED
ACC_006026,CUST_006026,SAVINGS,39064.69,ACTIVE,VERIFIED,0.055,RESTRICTED
ACC_006027,CUST_006027,SAVINGS,12603.11,ACTIVE,VERIFIED,0.533,RESTRICTED
ACC_006028,CUST_006028,SAVINGS,40902.7,ACTIVE,VERIFIED,0.083,RESTRICTED
ACC_006029,CUST_006029,SAVINGS,3161.55,ACTIVE,VERIFIED,0.13,RESTRICTED
ACC_006030,CUST_006030,SAVINGS,31304.21,ACTIVE,VERIFIED,0.238,RESTRICTED
ACC_006031,CUST_006031,SAVINGS,39669.83,ACTIVE,VERIFIED,0.096,RESTRICTED
ACC_006032,CUST_006032,SAVINGS,19893.64,ACTIVE,VERIFIED,0.324,RESTRICTED
ACC_006033,CUST_006033,SAVINGS,28239.08,ACTIVE,VERIFIED,0.096,RESTRICTED
ACC_006034,CUST_006034,SAVINGS,36486.42,ACTIVE,VERIFIED,0.22,RESTRICTED
ACC_006035,CUST_006035,SAVINGS,46930.83,ACTIVE,VERIFIED,0.148,RESTRICTED
ACC_006036,CUST_006036,SAVINGS,48457.44,ACTIVE,VERIFIED,0.362,RESTRICTED
ACC_006037,CUST_006037,SAVINGS,23451.91,ACTIVE,VERIFIED,0.161,RESTRICTED
ACC_006038,CUST_006038,SAVINGS,5798.05,ACTIVE,PENDING,0.472,RESTRICTED
ACC_006039,CUST_006039,SAVINGS,8173.39,ACTIVE,VERIFIED,0.169,RESTRICTED
ACC_006040,CUST_006040,SAVINGS,23401.58,ACTIVE,VERIFIED,0.023,RESTRICTED
ACC_006041,CUST_006041,SAVINGS,29088.14,ACTIVE,VERIFIED,0.576,RESTRICTED
ACC_006042,CUST_006042,SAVINGS,45839.37,ACTIVE,PENDING,0.163,RESTRICTED
ACC_006043,CUST_006043,SAVINGS,2780.08,ACTIVE,VERIFIED,0.216,RESTRICTED
ACC_006044,CUST_006044,SAVINGS,32234.33,ACTIVE,VERIFIED,0.364,RESTRICTED
ACC_006045,CUST_006045,SAVINGS,23870.11,ACTIVE,PENDING,0.141,RESTRICTED
ACC_006046,CUST_006046,SAVINGS,48736.15,ACTIVE,VERIFIED,0.371,RESTRICTED
ACC_006047,CUST_006047,SAVINGS,2141.82,ACTIVE,VERIFIED,0.223,RESTRICTED
ACC_006048,CUST_006048,SAVINGS,32456.99,ACTIVE,VERIFIED,0.213,RESTRICTED
ACC_006049,CUST_006049,SAVINGS,40241.75,ACTIVE,VERIFIED,0.293,RESTRICTED
ACC_006050,CUST_006050,SAVINGS,24343.75,ACTIVE,VERIFIED,0.092,RESTRICTED
ACC_006051,CUST_006051,SAVINGS,7578.34,ACTIVE,VERIFIED,0.428,RESTRICTED
ACC_006052,CUST_006052,SAVINGS,21726.57,ACTIVE,VERIFIED,0.178,RESTRICTED
ACC_006053,CUST_006053,SAVINGS,21888.89,ACTIVE,VERIFIED,0.129,RESTRICTED
ACC_006054,CUST_006054,SAVINGS,24128.62,ACTIVE,VERIFIED,0.31,RESTRICTED
ACC_006055,CUST_006055,SAVINGS,42639.24,ACTIVE,VERIFIED,0.263,RESTRICTED
ACC_006056,CUST_006056,SAVINGS,2816.23,ACTIVE,VERIFIED,0.133,RESTRICTED
ACC_006057,CUST_006057,SAVINGS,9435.7,ACTIVE,VERIFIED,0.182,RESTRICTED
ACC_006058,CUST_006058,SAVINGS,26620.85,ACTIVE,VERIFIED,0.294,RESTRICTED
ACC_006059,CUST_006059,SAVINGS,23583.01,ACTIVE,VERIFIED,0.048,RESTRICTED
ACC_006060,CUST_006060,SAVINGS,44596.34,ACTIVE,VERIFIED,0.342,RESTRICTED
ACC_006061,CUST_006061,SAVINGS,8882.56,ACTIVE,VERIFIED,0.253,RESTRICTED
ACC_006062,CUST_006062,SAVINGS,37032.55,ACTIVE,VERIFIED,0.22,RESTRICTED
ACC_006063,CUST_006063,SAVINGS,33646.89,ACTIVE,VERIFIED,0.038,RESTRICTED
ACC_006064,CUST_006064,SAVINGS,20564.19,ACTIVE,PENDING,0.477,RESTRICTED
ACC_006065,CUST_006065,SAVINGS,48340.28,FROZEN,FLAGGED,0.266,RESTRICTED
ACC_006066,CUST_006066,SAVINGS,16062.82,ACTIVE,VERIFIED,0.372,RESTRICTED
ACC_006067,CUST_006067,SAVINGS,36021.31,ACTIVE,VERIFIED,0.269,RESTRICTED
ACC_006068,CUST_006068,SAVINGS,2898.24,ACTIVE,VERIFIED,0.448,RESTRICTED
ACC_006069,CUST_006069,SAVINGS,39843.22,ACTIVE,VERIFIED,0.115,RESTRICTED
ACC_006070,CUST_006070,SAVINGS,32775.48,ACTIVE,VERIFIED,0.333,RESTRICTED
ACC_006071,CUST_006071,SAVINGS,29712.9,ACTIVE,VERIFIED,0.167,RESTRICTED
ACC_006072,CUST_006072,SAVINGS,9031.0,ACTIVE,VERIFIED,0.304,RESTRICTED
ACC_006073,CUST_006073,SAVINGS,38525.83,ACTIVE,VERIFIED,0.483,RESTRICTED
ACC_006074,CUST_006074,SAVINGS,42392.77,ACTIVE,VERIFIED,0.341,RESTRICTED
ACC_006075,CUST_006075,SAVINGS,3571.38,ACTIVE,VERIFIED,0.63,RESTRICTED
ACC_006076,CUST_006076,SAVINGS,12292.78,ACTIVE,VERIFIED,0.307,RESTRICTED
ACC_006077,CUST_006077,SAVINGS,31609.15,ACTIVE,VERIFIED,0.351,RESTRICTED
ACC_006078,CUST_006078,SAVINGS,42482.46,ACTIVE,VERIFIED,0.097,RESTRICTED
ACC_006079,CUST_006079,SAVINGS,18748.7,FROZEN,FLAGGED,0.57,RESTRICTED
ACC_006080,CUST_006080,SAVINGS,27778.91,ACTIVE,VERIFIED,0.483,RESTRICTED
ACC_006081,CUST_006081,SAVINGS,10724.48,ACTIVE,VERIFIED,0.29,RESTRICTED
ACC_006082,CUST_006082,SAVINGS,16141.7,ACTIVE,VERIFIED,0.492,RESTRICTED
ACC_006083,CUST_006083,SAVINGS,14662.58,ACTIVE,VERIFIED,0.528,RESTRICTED
ACC_006084,CUST_006084,SAVINGS,23075.53,ACTIVE,VERIFIED,0.234,RESTRICTED
ACC_006085,CUST_006085,SAVINGS,40713.45,ACTIVE,VERIFIED,0.336,RESTRICTED
ACC_006086,CUST_006086,SAVINGS,6797.47,ACTIVE,VERIFIED,0.212,RESTRICTED
ACC_006087,CUST_006087,SAVINGS,16445.44,ACTIVE,VERIFIED,0.186,RESTRICTED
ACC_006088,CUST_006088,SAVINGS,6312.94,ACTIVE,VERIFIED,0.126,RESTRICTED
ACC_006089,CUST_006089,SAVINGS,29902.61,ACTIVE,VERIFIED,0.433,RESTRICTED
ACC_006090,CUST_006090,SAVINGS,43465.37,ACTIVE,VERIFIED,0.188,RESTRICTED
ACC_006091,CUST_006091,SAVINGS,49788.56,ACTIVE,VERIFIED,0.453,RESTRICTED
ACC_006092,CUST_006092,SAVINGS,30737.04,ACTIVE,VERIFIED,0.345,RESTRICTED
ACC_006093,CUST_006093,SAVINGS,41617.62,ACTIVE,VERIFIED,0.287,RESTRICTED
ACC_006094,CUST_006094,SAVINGS,49992.67,ACTIVE,VERIFIED,0.167,RESTRICTED
ACC_006095,CUST_006095,SAVINGS,39609.55,ACTIVE,VERIFIED,0.21,RESTRICTED
ACC_006096,CUST_006096,SAVINGS,19775.85,ACTIVE,VERIFIED,0.373,RESTRICTED
ACC_006097,CUST_006097,SAVINGS,5773.9,ACTIVE,VERIFIED,0.375,RESTRICTED
ACC_006098,CUST_006098,SAVINGS,8442.87,ACTIVE,VERIFIED,0.573,RESTRICTED
ACC_006099,CUST_006099,SAVINGS,8584.34,ACTIVE,VERIFIED,0.131,RESTRICTED
ACC_006100,CUST_006100,SAVINGS,26424.81,ACTIVE,VERIFIED,0.234,RESTRICTED
ACC_006101,CUST_006101,SAVINGS,44157.19,FROZEN,FLAGGED,0.555,RESTRICTED
ACC_006102,CUST_006102,SAVINGS,46175.81,ACTIVE,PENDING,0.471,RESTRICTED
ACC_006103,CUST_006103,SAVINGS,35601.03,ACTIVE,VERIFIED,0.056,RESTRICTED
ACC_006104,CUST_006104,SAVINGS,22765.61,ACTIVE,VERIFIED,0.228,RESTRICTED
ACC_006105,CUST_006105,SAVINGS,5549.73,ACTIVE,VERIFIED,0.168,RESTRICTED
ACC_006106,CUST_006106,SAVINGS,24599.99,ACTIVE,VERIFIED,0.053,RESTRICTED
ACC_006107,CUST_006107,SAVINGS,5512.88,FROZEN,FLAGGED,0.101,RESTRICTED
ACC_006108,CUST_006108,SAVINGS,47286.04,ACTIVE,VERIFIED,0.218,RESTRICTED
ACC_006109,CUST_006109,SAVINGS,2047.37,ACTIVE,VERIFIED,0.22,RESTRICTED
ACC_006110,CUST_006110,SAVINGS,30648.16,ACTIVE,VERIFIED,0.475,RESTRICTED
ACC_006111,CUST_006111,SAVINGS,49863.33,ACTIVE,VERIFIED,0.246,RESTRICTED
ACC_006112,CUST_006112,SAVINGS,15598.91,ACTIVE,VERIFIED,0.708,RESTRICTED
ACC_006113,CUST_006113,SAVINGS,25279.33,ACTIVE,VERIFIED,0.362,RESTRICTED
ACC_006114,CUST_006114,SAVINGS,6423.53,ACTIVE,VERIFIED,0.124,RESTRICTED
ACC_006115,CUST_006115,SAVINGS,13126.81,ACTIVE,VERIFIED,0.071,RESTRICTED
ACC_006116,CUST_006116,SAVINGS,5747.02,ACTIVE,VERIFIED,0.112,RESTRICTED
ACC_006117,CUST_006117,SAVINGS,12212.07,ACTIVE,VERIFIED,0.047,RESTRICTED
ACC_006118,CUST_006118,SAVINGS,29100.01,ACTIVE,VERIFIED,0.21,RESTRICTED
ACC_006119,CUST_006119,SAVINGS,25090.05,ACTIVE,PENDING,0.253,RESTRICTED
ACC_006120,CUST_006120,SAVINGS,8571.11,ACTIVE,VERIFIED,0.283,RESTRICTED
ACC_006121,CUST_006121,SAVINGS,38164.83,FROZEN,FLAGGED,0.316,RESTRICTED
ACC_006122,CUST_006122,SAVINGS,46900.4,ACTIVE,VERIFIED,0.317,RESTRICTED
ACC_006123,CUST_006123,SAVINGS,15114.77,ACTIVE,VERIFIED,0.177,RESTRICTED
ACC_006124,CUST_006124,SAVINGS,30547.61,ACTIVE,VERIFIED,0.211,RESTRICTED
ACC_006125,CUST_006125,SAVINGS,10435.21,ACTIVE,VERIFIED,0.062,RESTRICTED
ACC_006126,CUST_006126,SAVINGS,40036.17,ACTIVE,VERIFIED,0.518,RESTRICTED
ACC_006127,CUST_006127,SAVINGS,20027.33,ACTIVE,VERIFIED,0.184,RESTRICTED
ACC_006128,CUST_006128,SAVINGS,44701.09,ACTIVE,VERIFIED,0.456,RESTRICTED
ACC_006129,CUST_006129,SAVINGS,46519.43,ACTIVE,VERIFIED,0.06,RESTRICTED
ACC_006130,CUST_006130,SAVINGS,36373.34,ACTIVE,VERIFIED,0.3,RESTRICTED
ACC_006131,CUST_006131,SAVINGS,4824.24,ACTIVE,VERIFIED,0.069,RESTRICTED
ACC_006132,CUST_006132,SAVINGS,27565.3,ACTIVE,VERIFIED,0.316,RESTRICTED
ACC_006133,CUST_006133,SAVINGS,32282.51,ACTIVE,VERIFIED,0.228,RESTRICTED
ACC_006134,CUST_006134,SAVINGS,22129.43,FROZEN,FLAGGED,0.23,RESTRICTED
ACC_006135,CUST_006135,SAVINGS,16256.82,ACTIVE,VERIFIED,0.55,RESTRICTED
ACC_006136,CUST_006136,SAVINGS,29530.87,ACTIVE,VERIFIED,0.072,RESTRICTED
ACC_006137,CUST_006137,SAVINGS,5170.77,ACTIVE,VERIFIED,0.625,RESTRICTED
ACC_006138,CUST_006138,SAVINGS,20389.76,ACTIVE,VERIFIED,0.301,RESTRICTED
ACC_006139,CUST_006139,SAVINGS,15528.34,ACTIVE,VERIFIED,0.199,RESTRICTED
ACC_006140,CUST_006140,SAVINGS,32758.34,ACTIVE,VERIFIED,0.265,RESTRICTED
ACC_006141,CUST_006141,SAVINGS,15796.43,ACTIVE,VERIFIED,0.578,RESTRICTED
ACC_006142,CUST_006142,SAVINGS,23023.37,ACTIVE,VERIFIED,0.036,RESTRICTED
ACC_006143,CUST_006143,SAVINGS,22542.08,ACTIVE,VERIFIED,0.366,RESTRICTED
ACC_006144,CUST_006144,SAVINGS,27354.04,ACTIVE,VERIFIED,0.539,RESTRICTED
ACC_006145,CUST_006145,SAVINGS,12352.85,ACTIVE,VERIFIED,0.229,RESTRICTED
ACC_006146,CUST_006146,SAVINGS,21926.22,FROZEN,FLAGGED,0.264,RESTRICTED
ACC_006147,CUST_006147,SAVINGS,47452.63,ACTIVE,VERIFIED,0.266,RESTRICTED
ACC_006148,CUST_006148,SAVINGS,47179.13,ACTIVE,VERIFIED,0.239,RESTRICTED
ACC_006149,CUST_006149,SAVINGS,14217.79,ACTIVE,VERIFIED,0.315,RESTRICTED
ACC_006150,CUST_006150,SAVINGS,46640.41,ACTIVE,VERIFIED,0.039,RESTRICTED
ACC_006151,CUST_006151,SAVINGS,41085.6,ACTIVE,VERIFIED,0.286,RESTRICTED
ACC_006152,CUST_006152,SAVINGS,22002.72,ACTIVE,PENDING,0.119,RESTRICTED
ACC_006153,CUST_006153,SAVINGS,5139.15,ACTIVE,VERIFIED,0.073,RESTRICTED
ACC_006154,CUST_006154,SAVINGS,22125.43,ACTIVE,VERIFIED,0.292,RESTRICTED
ACC_006155,CUST_006155,SAVINGS,3175.58,ACTIVE,VERIFIED,0.127,RESTRICTED
ACC_006156,CUST_006156,SAVINGS,13339.98,ACTIVE,VERIFIED,0.27,RESTRICTED
ACC_006157,CUST_006157,SAVINGS,40122.41,ACTIVE,VERIFIED,0.354,RESTRICTED
ACC_006158,CUST_006158,SAVINGS,10750.76,ACTIVE,VERIFIED,0.179,RESTRICTED
ACC_006159,CUST_006159,SAVINGS,29552.02,ACTIVE,VERIFIED,0.239,RESTRICTED
ACC_006160,CUST_006160,SAVINGS,45184.78,ACTIVE,VERIFIED,0.137,RESTRICTED
ACC_006161,CUST_006161,SAVINGS,42559.35,ACTIVE,VERIFIED,0.3,RESTRICTED
ACC_006162,CUST_006162,SAVINGS,19711.42,ACTIVE,VERIFIED,0.278,RESTRICTED
ACC_006163,CUST_006163,SAVINGS,28456.79,ACTIVE,VERIFIED,0.168,RESTRICTED
ACC_006164,CUST_006164,SAVINGS,18740.16,ACTIVE,VERIFIED,0.51,RESTRICTED
ACC_006165,CUST_006165,SAVINGS,37829.83,ACTIVE,VERIFIED,0.181,RESTRICTED
ACC_006166,CUST_006166,SAVINGS,34005.28,ACTIVE,VERIFIED,0.467,RESTRICTED
ACC_006167,CUST_006167,SAVINGS,12242.78,ACTIVE,VERIFIED,0.178,RESTRICTED
ACC_006168,CUST_006168,SAVINGS,35567.25,FROZEN,FLAGGED,0.126,RESTRICTED
ACC_006169,CUST_006169,SAVINGS,14410.64,ACTIVE,VERIFIED,0.133,RESTRICTED
ACC_006170,CUST_006170,SAVINGS,5190.84,ACTIVE,VERIFIED,0.132,RESTRICTED
ACC_006171,CUST_006171,SAVINGS,12998.45,ACTIVE,VERIFIED,0.154,RESTRICTED
ACC_006172,CUST_006172,SAVINGS,16331.5,ACTIVE,VERIFIED,0.202,RESTRICTED
ACC_006173,CUST_006173,SAVINGS,33173.81,ACTIVE,VERIFIED,0.302,RESTRICTED
ACC_006174,CUST_006174,SAVINGS,22087.33,ACTIVE,VERIFIED,0.212,RESTRICTED
ACC_006175,CUST_006175,SAVINGS,47889.01,ACTIVE,VERIFIED,0.225,RESTRICTED
ACC_006176,CUST_006176,SAVINGS,23759.36,ACTIVE,VERIFIED,0.073,RESTRICTED
ACC_006177,CUST_006177,SAVINGS,19355.07,ACTIVE,PENDING,0.24,RESTRICTED
ACC_006178,CUST_006178,SAVINGS,49532.75,ACTIVE,VERIFIED,0.216,RESTRICTED
ACC_006179,CUST_006179,SAVINGS,30119.08,ACTIVE,VERIFIED,0.252,RESTRICTED
ACC_006180,CUST_006180,SAVINGS,42311.36,ACTIVE,VERIFIED,0.232,RESTRICTED
ACC_006181,CUST_006181,SAVINGS,36044.96,ACTIVE,PENDING,0.248,RESTRICTED
ACC_006182,CUST_006182,SAVINGS,48388.46,ACTIVE,VERIFIED,0.14,RESTRICTED
ACC_006183,CUST_006183,SAVINGS,4191.9,ACTIVE,VERIFIED,0.608,RESTRICTED
ACC_006184,CUST_006184,SAVINGS,15927.01,ACTIVE,VERIFIED,0.53,RESTRICTED
ACC_006185,CUST_006185,SAVINGS,42706.2,FROZEN,FLAGGED,0.148,RESTRICTED
ACC_006186,CUST_006186,SAVINGS,21848.45,ACTIVE,VERIFIED,0.253,RESTRICTED
ACC_006187,CUST_006187,SAVINGS,18020.96,ACTIVE,VERIFIED,0.5,RESTRICTED
ACC_006188,CUST_006188,SAVINGS,7893.87,ACTIVE,VERIFIED,0.369,RESTRICTED
ACC_006189,CUST_006189,SAVINGS,20728.02,FROZEN,FLAGGED,0.145,RESTRICTED
ACC_006190,CUST_006190,SAVINGS,24813.43,ACTIVE,VERIFIED,0.043,RESTRICTED
ACC_006191,CUST_006191,SAVINGS,29854.27,ACTIVE,VERIFIED,0.456,RESTRICTED
ACC_006192,CUST_006192,SAVINGS,36790.66,ACTIVE,VERIFIED,0.702,RESTRICTED
ACC_006193,CUST_006193,SAVINGS,42568.32,ACTIVE,VERIFIED,0.394,RESTRICTED
ACC_006194,CUST_006194,SAVINGS,22095.25,ACTIVE,VERIFIED,0.576,RESTRICTED
ACC_006195,CUST_006195,SAVINGS,42491.83,ACTIVE,PENDING,0.197,RESTRICTED
ACC_006196,CUST_006196,SAVINGS,45188.34,ACTIVE,PENDING,0.456,RESTRICTED
ACC_006197,CUST_006197,SAVINGS,13573.51,ACTIVE,VERIFIED,0.159,RESTRICTED
ACC_006198,CUST_006198,SAVINGS,12261.64,ACTIVE,VERIFIED,0.722,RESTRICTED
ACC_006199,CUST_006199,SAVINGS,26874.7,ACTIVE,VERIFIED,0.251,RESTRICTED
ACC_006200,CUST_006200,SAVINGS,10454.82,ACTIVE,VERIFIED,0.166,RESTRICTED
ACC_006201,CUST_006201,SAVINGS,13332.28,ACTIVE,VERIFIED,0.095,RESTRICTED
ACC_006202,CUST_006202,SAVINGS,35961.78,ACTIVE,VERIFIED,0.437,RESTRICTED
ACC_006203,CUST_006203,SAVINGS,18851.13,ACTIVE,VERIFIED,0.02,RESTRICTED
ACC_006204,CUST_006204,SAVINGS,17059.9,ACTIVE,VERIFIED,0.268,RESTRICTED
ACC_006205,CUST_006205,SAVINGS,41151.57,ACTIVE,VERIFIED,0.211,RESTRICTED
ACC_006206,CUST_006206,SAVINGS,39582.87,ACTIVE,PENDING,0.309,RESTRICTED
ACC_006207,CUST_006207,SAVINGS,42494.79,ACTIVE,VERIFIED,0.513,RESTRICTED
ACC_006208,CUST_006208,SAVINGS,35546.71,ACTIVE,PENDING,0.15,RESTRICTED
ACC_006209,CUST_006209,SAVINGS,33495.53,ACTIVE,VERIFIED,0.496,RESTRICTED
ACC_006210,CUST_006210,SAVINGS,3862.29,ACTIVE,VERIFIED,0.577,RESTRICTED
ACC_006211,CUST_006211,SAVINGS,48275.98,ACTIVE,VERIFIED,0.051,RESTRICTED
ACC_006212,CUST_006212,SAVINGS,11848.33,ACTIVE,VERIFIED,0.728,RESTRICTED
ACC_006213,CUST_006213,SAVINGS,31955.51,ACTIVE,VERIFIED,0.197,RESTRICTED
ACC_006214,CUST_006214,SAVINGS,11658.56,ACTIVE,VERIFIED,0.336,RESTRICTED
ACC_006215,CUST_006215,SAVINGS,7940.74,ACTIVE,VERIFIED,0.255,RESTRICTED
ACC_006216,CUST_006216,SAVINGS,43242.08,ACTIVE,VERIFIED,0.122,RESTRICTED
ACC_006217,CUST_006217,SAVINGS,16685.25,ACTIVE,VERIFIED,0.157,RESTRICTED
ACC_006218,CUST_006218,SAVINGS,21069.08,ACTIVE,VERIFIED,0.216,RESTRICTED
ACC_006219,CUST_006219,SAVINGS,27119.01,ACTIVE,VERIFIED,0.392,RESTRICTED
ACC_006220,CUST_006220,SAVINGS,37492.51,ACTIVE,VERIFIED,0.227,RESTRICTED
ACC_006221,CUST_006221,SAVINGS,42345.96,ACTIVE,VERIFIED,0.571,RESTRICTED
ACC_006222,CUST_006222,SAVINGS,11276.86,ACTIVE,PENDING,0.284,RESTRICTED
ACC_006223,CUST_006223,SAVINGS,5578.12,ACTIVE,PENDING,0.604,RESTRICTED
ACC_006224,CUST_006224,SAVINGS,20445.86,FROZEN,FLAGGED,0.245,RESTRICTED
ACC_006225,CUST_006225,SAVINGS,25457.34,ACTIVE,VERIFIED,0.65,RESTRICTED
ACC_006226,CUST_006226,SAVINGS,10208.28,ACTIVE,VERIFIED,0.128,RESTRICTED
ACC_006227,CUST_006227,SAVINGS,21969.37,ACTIVE,VERIFIED,0.512,RESTRICTED
ACC_006228,CUST_006228,SAVINGS,45097.04,ACTIVE,VERIFIED,0.269,RESTRICTED
ACC_006229,CUST_006229,SAVINGS,23269.1,ACTIVE,VERIFIED,0.389,RESTRICTED
ACC_006230,CUST_006230,SAVINGS,40007.16,ACTIVE,VERIFIED,0.268,RESTRICTED
ACC_006231,CUST_006231,SAVINGS,26105.18,ACTIVE,VERIFIED,0.104,RESTRICTED
ACC_006232,CUST_006232,SAVINGS,45891.94,ACTIVE,VERIFIED,0.071,RESTRICTED
ACC_006233,CUST_006233,SAVINGS,21086.51,ACTIVE,VERIFIED,0.578,RESTRICTED
ACC_006234,CUST_006234,SAVINGS,35532.1,ACTIVE,VERIFIED,0.094,RESTRICTED
ACC_006235,CUST_006235,SAVINGS,35544.3,ACTIVE,VERIFIED,0.29,RESTRICTED
ACC_006236,CUST_006236,SAVINGS,19917.48,ACTIVE,VERIFIED,0.4,RESTRICTED
ACC_006237,CUST_006237,SAVINGS,6178.33,ACTIVE,VERIFIED,0.293,RESTRICTED
ACC_006238,CUST_006238,SAVINGS,45806.43,ACTIVE,VERIFIED,0.454,RESTRICTED
ACC_006239,CUST_006239,SAVINGS,36109.2,FROZEN,FLAGGED,0.136,RESTRICTED
ACC_006240,CUST_006240,SAVINGS,47635.94,ACTIVE,VERIFIED,0.756,RESTRICTED
ACC_006241,CUST_006241,SAVINGS,36389.26,ACTIVE,VERIFIED,0.258,RESTRICTED
ACC_006242,CUST_006242,SAVINGS,10075.21,ACTIVE,VERIFIED,0.179,RESTRICTED
ACC_006243,CUST_006243,SAVINGS,30736.86,ACTIVE,VERIFIED,0.015,RESTRICTED
ACC_006244,CUST_006244,SAVINGS,8119.86,ACTIVE,VERIFIED,0.356,RESTRICTED
ACC_006245,CUST_006245,SAVINGS,38845.37,FROZEN,FLAGGED,0.369,RESTRICTED
ACC_006246,CUST_006246,SAVINGS,39494.68,ACTIVE,VERIFIED,0.204,RESTRICTED
ACC_006247,CUST_006247,SAVINGS,47349.12,ACTIVE,VERIFIED,0.333,RESTRICTED
ACC_006248,CUST_006248,SAVINGS,36191.12,ACTIVE,PENDING,0.305,RESTRICTED
ACC_006249,CUST_006249,SAVINGS,24938.59,ACTIVE,VERIFIED,0.101,RESTRICTED
ACC_006250,CUST_006250,SAVINGS,24207.42,ACTIVE,VERIFIED,0.225,RESTRICTED
ACC_006251,CUST_006251,SAVINGS,49741.48,ACTIVE,VERIFIED,0.217,RESTRICTED
ACC_006252,CUST_006252,SAVINGS,8920.57,FROZEN,FLAGGED,0.192,RESTRICTED
ACC_006253,CUST_006253,SAVINGS,34241.62,ACTIVE,VERIFIED,0.268,RESTRICTED
ACC_006254,CUST_006254,SAVINGS,43512.33,ACTIVE,VERIFIED,0.3,RESTRICTED
ACC_006255,CUST_006255,SAVINGS,8267.45,ACTIVE,VERIFIED,0.167,RESTRICTED
ACC_006256,CUST_006256,SAVINGS,8824.26,ACTIVE,VERIFIED,0.335,RESTRICTED
ACC_006257,CUST_006257,SAVINGS,42603.15,ACTIVE,VERIFIED,0.086,RESTRICTED
ACC_006258,CUST_006258,SAVINGS,42564.29,ACTIVE,VERIFIED,0.228,RESTRICTED
ACC_006259,CUST_006259,SAVINGS,42594.56,ACTIVE,VERIFIED,0.402,RESTRICTED
ACC_006260,CUST_006260,SAVINGS,44370.41,ACTIVE,VERIFIED,0.196,RESTRICTED
ACC_006261,CUST_006261,SAVINGS,23592.45,ACTIVE,VERIFIED,0.092,RESTRICTED
ACC_006262,CUST_006262,SAVINGS,34017.75,ACTIVE,VERIFIED,0.131,RESTRICTED
ACC_006263,CUST_006263,SAVINGS,22185.03,ACTIVE,VERIFIED,0.145,RESTRICTED
ACC_006264,CUST_006264,SAVINGS,6731.66,ACTIVE,VERIFIED,0.066,RESTRICTED
ACC_006265,CUST_006265,SAVINGS,40845.48,FROZEN,FLAGGED,0.342,RESTRICTED
ACC_006266,CUST_006266,SAVINGS,38470.13,ACTIVE,VERIFIED,0.309,RESTRICTED
ACC_006267,CUST_006267,SAVINGS,28889.67,ACTIVE,VERIFIED,0.215,RESTRICTED
ACC_006268,CUST_006268,SAVINGS,16791.67,ACTIVE,VERIFIED,0.091,RESTRICTED
ACC_006269,CUST_006269,SAVINGS,24097.86,ACTIVE,VERIFIED,0.503,RESTRICTED
ACC_006270,CUST_006270,SAVINGS,14824.24,ACTIVE,VERIFIED,0.185,RESTRICTED
ACC_006271,CUST_006271,SAVINGS,14009.97,ACTIVE,VERIFIED,0.089,RESTRICTED
ACC_006272,CUST_006272,SAVINGS,19871.56,ACTIVE,VERIFIED,0.362,RESTRICTED
ACC_006273,CUST_006273,SAVINGS,30595.68,ACTIVE,VERIFIED,0.168,RESTRICTED
ACC_006274,CUST_006274,SAVINGS,5937.76,ACTIVE,VERIFIED,0.081,RESTRICTED
ACC_006275,CUST_006275,SAVINGS,31549.49,ACTIVE,VERIFIED,0.287,RESTRICTED
ACC_006276,CUST_006276,SAVINGS,6058.22,ACTIVE,VERIFIED,0.421,RESTRICTED
ACC_006277,CUST_006277,SAVINGS,30801.89,ACTIVE,VERIFIED,0.055,RESTRICTED
ACC_006278,CUST_006278,SAVINGS,43357.69,ACTIVE,VERIFIED,0.36,RESTRICTED
ACC_006279,CUST_006279,SAVINGS,2199.22,FROZEN,FLAGGED,0.564,RESTRICTED
ACC_006280,CUST_006280,SAVINGS,32651.77,ACTIVE,VERIFIED,0.072,RESTRICTED
ACC_006281,CUST_006281,SAVINGS,12776.86,ACTIVE,VERIFIED,0.43,RESTRICTED
ACC_006282,CUST_006282,SAVINGS,47083.91,ACTIVE,VERIFIED,0.268,RESTRICTED
ACC_006283,CUST_006283,SAVINGS,3934.38,ACTIVE,VERIFIED,0.225,RESTRICTED
ACC_006284,CUST_006284,SAVINGS,44576.74,ACTIVE,VERIFIED,0.355,RESTRICTED
ACC_006285,CUST_006285,SAVINGS,15193.18,ACTIVE,VERIFIED,0.53,RESTRICTED
ACC_006286,CUST_006286,SAVINGS,47009.73,ACTIVE,PENDING,0.417,RESTRICTED
ACC_006287,CUST_006287,SAVINGS,3289.33,ACTIVE,VERIFIED,0.345,RESTRICTED
ACC_006288,CUST_006288,SAVINGS,1206.08,ACTIVE,PENDING,0.12,RESTRICTED
ACC_006289,CUST_006289,SAVINGS,31488.24,ACTIVE,VERIFIED,0.442,RESTRICTED
ACC_006290,CUST_006290,SAVINGS,27071.2,ACTIVE,VERIFIED,0.508,RESTRICTED
ACC_006291,CUST_006291,SAVINGS,43120.85,ACTIVE,VERIFIED,0.078,RESTRICTED
ACC_006292,CUST_006292,SAVINGS,32499.27,ACTIVE,PENDING,0.603,RESTRICTED
ACC_006293,CUST_006293,SAVINGS,3523.28,ACTIVE,PENDING,0.262,RESTRICTED
ACC_006294,CUST_006294,SAVINGS,29112.55,ACTIVE,VERIFIED,0.405,RESTRICTED
ACC_006295,CUST_006295,SAVINGS,22314.62,ACTIVE,VERIFIED,0.398,RESTRICTED
ACC_006296,CUST_006296,SAVINGS,5863.37,ACTIVE,VERIFIED,0.631,RESTRICTED
ACC_006297,CUST_006297,SAVINGS,40447.33,ACTIVE,VERIFIED,0.309,RESTRICTED
ACC_006298,CUST_006298,SAVINGS,38351.54,ACTIVE,VERIFIED,0.234,RESTRICTED
ACC_006299,CUST_006299,SAVINGS,8973.67,ACTIVE,VERIFIED,0.181,RESTRICTED
ACC_006300,CUST_006300,SAVINGS,22994.51,ACTIVE,PENDING,0.052,RESTRICTED
ACC_006301,CUST_006301,SAVINGS,32345.77,ACTIVE,VERIFIED,0.416,RESTRICTED
ACC_006302,CUST_006302,SAVINGS,3222.41,ACTIVE,VERIFIED,0.179,RESTRICTED
ACC_006303,CUST_006303,SAVINGS,9703.99,ACTIVE,VERIFIED,0.08,RESTRICTED
ACC_006304,CUST_006304,SAVINGS,5526.33,ACTIVE,VERIFIED,0.107,RESTRICTED
ACC_006305,CUST_006305,SAVINGS,22416.99,ACTIVE,VERIFIED,0.139,RESTRICTED
ACC_006306,CUST_006306,SAVINGS,18197.72,ACTIVE,PENDING,0.297,RESTRICTED
ACC_006307,CUST_006307,SAVINGS,38346.03,ACTIVE,VERIFIED,0.024,RESTRICTED
ACC_006308,CUST_006308,SAVINGS,11817.39,ACTIVE,PENDING,0.201,RESTRICTED
ACC_006309,CUST_006309,SAVINGS,31492.1,ACTIVE,VERIFIED,0.549,RESTRICTED
ACC_006310,CUST_006310,SAVINGS,3996.57,FROZEN,FLAGGED,0.475,RESTRICTED
ACC_006311,CUST_006311,SAVINGS,20079.41,ACTIVE,VERIFIED,0.323,RESTRICTED
ACC_006312,CUST_006312,SAVINGS,13708.56,FROZEN,FLAGGED,0.346,RESTRICTED
ACC_006313,CUST_006313,SAVINGS,2162.92,ACTIVE,VERIFIED,0.393,RESTRICTED
ACC_006314,CUST_006314,SAVINGS,40791.64,ACTIVE,PENDING,0.301,RESTRICTED
ACC_006315,CUST_006315,SAVINGS,43724.35,ACTIVE,VERIFIED,0.032,RESTRICTED
ACC_006316,CUST_006316,SAVINGS,40418.27,ACTIVE,VERIFIED,0.194,RESTRICTED
ACC_006317,CUST_006317,SAVINGS,6766.87,ACTIVE,VERIFIED,0.13,RESTRICTED
ACC_006318,CUST_006318,SAVINGS,22361.17,ACTIVE,VERIFIED,0.287,RESTRICTED
ACC_006319,CUST_006319,SAVINGS,24235.65,ACTIVE,PENDING,0.307,RESTRICTED
ACC_006320,CUST_006320,SAVINGS,27392.11,ACTIVE,VERIFIED,0.291,RESTRICTED
ACC_006321,CUST_006321,SAVINGS,28833.0,ACTIVE,VERIFIED,0.135,RESTRICTED
ACC_006322,CUST_006322,SAVINGS,27293.1,ACTIVE,PENDING,0.473,RESTRICTED
ACC_006323,CUST_006323,SAVINGS,32663.92,ACTIVE,VERIFIED,0.338,RESTRICTED
ACC_006324,CUST_006324,SAVINGS,16943.22,ACTIVE,VERIFIED,0.38,RESTRICTED
ACC_006325,CUST_006325,SAVINGS,41207.1,ACTIVE,VERIFIED,0.159,RESTRICTED
ACC_006326,CUST_006326,SAVINGS,3316.82,ACTIVE,VERIFIED,0.475,RESTRICTED
ACC_006327,CUST_006327,SAVINGS,29879.92,ACTIVE,VERIFIED,0.414,RESTRICTED
ACC_006328,CUST_006328,SAVINGS,44284.51,ACTIVE,PENDING,0.454,RESTRICTED
ACC_006329,CUST_006329,SAVINGS,46459.37,ACTIVE,VERIFIED,0.184,RESTRICTED
ACC_006330,CUST_006330,SAVINGS,21595.81,ACTIVE,VERIFIED,0.311,RESTRICTED
ACC_006331,CUST_006331,SAVINGS,15896.0,ACTIVE,VERIFIED,0.19,RESTRICTED
ACC_006332,CUST_006332,SAVINGS,43543.68,ACTIVE,VERIFIED,0.04,RESTRICTED
ACC_006333,CUST_006333,SAVINGS,5554.33,ACTIVE,PENDING,0.224,RESTRICTED
ACC_006334,CUST_006334,SAVINGS,21340.12,ACTIVE,VERIFIED,0.083,RESTRICTED
ACC_006335,CUST_006335,SAVINGS,1797.18,ACTIVE,VERIFIED,0.374,RESTRICTED
ACC_006336,CUST_006336,SAVINGS,24179.32,ACTIVE,VERIFIED,0.131,RESTRICTED
ACC_006337,CUST_006337,SAVINGS,46925.13,ACTIVE,VERIFIED,0.261,RESTRICTED
ACC_006338,CUST_006338,SAVINGS,18914.86,ACTIVE,VERIFIED,0.425,RESTRICTED
ACC_006339,CUST_006339,SAVINGS,24557.7,ACTIVE,VERIFIED,0.461,RESTRICTED
ACC_006340,CUST_006340,SAVINGS,12703.11,ACTIVE,PENDING,0.261,RESTRICTED
ACC_006341,CUST_006341,SAVINGS,48109.04,ACTIVE,PENDING,0.13,RESTRICTED
ACC_006342,CUST_006342,SAVINGS,18200.23,ACTIVE,VERIFIED,0.376,RESTRICTED
ACC_006343,CUST_006343,SAVINGS,19039.58,ACTIVE,VERIFIED,0.443,RESTRICTED
ACC_006344,CUST_006344,SAVINGS,45866.87,ACTIVE,VERIFIED,0.488,RESTRICTED
ACC_006345,CUST_006345,SAVINGS,5378.37,ACTIVE,PENDING,0.013,RESTRICTED
ACC_006346,CUST_006346,SAVINGS,14935.89,ACTIVE,VERIFIED,0.413,RESTRICTED
ACC_006347,CUST_006347,SAVINGS,9363.54,ACTIVE,VERIFIED,0.541,RESTRICTED
ACC_006348,CUST_006348,SAVINGS,16186.46,ACTIVE,VERIFIED,0.521,RESTRICTED
ACC_006349,CUST_006349,SAVINGS,40974.15,ACTIVE,VERIFIED,0.605,RESTRICTED
ACC_006350,CUST_006350,SAVINGS,37627.93,ACTIVE,VERIFIED,0.372,RESTRICTED
ACC_006351,CUST_006351,SAVINGS,29891.87,ACTIVE,VERIFIED,0.418,RESTRICTED
ACC_006352,CUST_006352,SAVINGS,32597.04,ACTIVE,VERIFIED,0.614,RESTRICTED
ACC_006353,CUST_006353,SAVINGS,3731.66,ACTIVE,VERIFIED,0.266,RESTRICTED
ACC_006354,CUST_006354,SAVINGS,28971.41,ACTIVE,PENDING,0.249,RESTRICTED
ACC_006355,CUST_006355,SAVINGS,2054.48,ACTIVE,VERIFIED,0.297,RESTRICTED
ACC_006356,CUST_006356,SAVINGS,16849.82,ACTIVE,VERIFIED,0.151,RESTRICTED
ACC_006357,CUST_006357,SAVINGS,11410.19,ACTIVE,VERIFIED,0.195,RESTRICTED
ACC_006358,CUST_006358,SAVINGS,41586.74,ACTIVE,VERIFIED,0.036,RESTRICTED
ACC_006359,CUST_006359,SAVINGS,14893.53,ACTIVE,VERIFIED,0.339,RESTRICTED
ACC_006360,CUST_006360,SAVINGS,3767.85,ACTIVE,VERIFIED,0.489,RESTRICTED
ACC_006361,CUST_006361,SAVINGS,14152.21,ACTIVE,VERIFIED,0.278,RESTRICTED
ACC_006362,CUST_006362,SAVINGS,15220.01,ACTIVE,PENDING,0.423,RESTRICTED
ACC_006363,CUST_006363,SAVINGS,6167.2,ACTIVE,PENDING,0.136,RESTRICTED
ACC_006364,CUST_006364,SAVINGS,28160.51,ACTIVE,VERIFIED,0.122,RESTRICTED
ACC_006365,CUST_006365,SAVINGS,39414.39,FROZEN,FLAGGED,0.096,RESTRICTED
ACC_006366,CUST_006366,SAVINGS,23631.13,ACTIVE,VERIFIED,0.126,RESTRICTED
ACC_006367,CUST_006367,SAVINGS,47393.5,ACTIVE,VERIFIED,0.458,RESTRICTED
ACC_006368,CUST_006368,SAVINGS,12280.3,ACTIVE,VERIFIED,0.172,RESTRICTED
ACC_006369,CUST_006369,SAVINGS,3822.89,ACTIVE,PENDING,0.053,RESTRICTED
ACC_006370,CUST_006370,SAVINGS,38683.56,ACTIVE,VERIFIED,0.194,RESTRICTED
ACC_006371,CUST_006371,SAVINGS,35525.01,FROZEN,FLAGGED,0.133,RESTRICTED
ACC_006372,CUST_006372,SAVINGS,46494.57,ACTIVE,PENDING,0.135,RESTRICTED
ACC_006373,CUST_006373,SAVINGS,2548.19,ACTIVE,VERIFIED,0.154,RESTRICTED
ACC_006374,CUST_006374,SAVINGS,39473.44,ACTIVE,VERIFIED,0.398,RESTRICTED
ACC_006375,CUST_006375,SAVINGS,16367.26,ACTIVE,VERIFIED,0.094,RESTRICTED
ACC_006376,CUST_006376,SAVINGS,21751.49,ACTIVE,VERIFIED,0.274,RESTRICTED
ACC_006377,CUST_006377,SAVINGS,25900.06,ACTIVE,VERIFIED,0.66,RESTRICTED
ACC_006378,CUST_006378,SAVINGS,32582.31,ACTIVE,VERIFIED,0.342,RESTRICTED
ACC_006379,CUST_006379,SAVINGS,29732.06,ACTIVE,VERIFIED,0.438,RESTRICTED
ACC_006380,CUST_006380,SAVINGS,11331.84,ACTIVE,VERIFIED,0.591,RESTRICTED
ACC_006381,CUST_006381,SAVINGS,36962.95,ACTIVE,VERIFIED,0.26,RESTRICTED
ACC_006382,CUST_006382,SAVINGS,42756.86,ACTIVE,VERIFIED,0.093,RESTRICTED
ACC_006383,CUST_006383,SAVINGS,39506.58,ACTIVE,VERIFIED,0.555,RESTRICTED
ACC_006384,CUST_006384,SAVINGS,49077.03,ACTIVE,PENDING,0.152,RESTRICTED
ACC_006385,CUST_006385,SAVINGS,42730.16,ACTIVE,VERIFIED,0.211,RESTRICTED
ACC_006386,CUST_006386,SAVINGS,30571.68,ACTIVE,VERIFIED,0.295,RESTRICTED
ACC_006387,CUST_006387,SAVINGS,1835.14,ACTIVE,VERIFIED,0.14,RESTRICTED
ACC_006388,CUST_006388,SAVINGS,10819.51,ACTIVE,VERIFIED,0.497,RESTRICTED
ACC_006389,CUST_006389,SAVINGS,2274.41,ACTIVE,VERIFIED,0.171,RESTRICTED
ACC_006390,CUST_006390,SAVINGS,40693.45,ACTIVE,VERIFIED,0.425,RESTRICTED
ACC_006391,CUST_006391,SAVINGS,29665.79,ACTIVE,VERIFIED,0.176,RESTRICTED
ACC_006392,CUST_006392,SAVINGS,31596.75,ACTIVE,VERIFIED,0.337,RESTRICTED
ACC_006393,CUST_006393,SAVINGS,25375.18,ACTIVE,VERIFIED,0.105,RESTRICTED
ACC_006394,CUST_006394,SAVINGS,30284.92,ACTIVE,VERIFIED,0.214,RESTRICTED
ACC_006395,CUST_006395,SAVINGS,44270.61,ACTIVE,VERIFIED,0.083,RESTRICTED
ACC_006396,CUST_006396,SAVINGS,19378.11,ACTIVE,VERIFIED,0.327,RESTRICTED
ACC_006397,CUST_006397,SAVINGS,12731.33,ACTIVE,VERIFIED,0.057,RESTRICTED
ACC_006398,CUST_006398,SAVINGS,32305.95,ACTIVE,PENDING,0.1,RESTRICTED
ACC_006399,CUST_006399,SAVINGS,28431.1,ACTIVE,VERIFIED,0.262,RESTRICTED
ACC_006400,CUST_006400,SAVINGS,33624.67,ACTIVE,VERIFIED,0.423,RESTRICTED
ACC_006401,CUST_006401,SAVINGS,47581.43,ACTIVE,VERIFIED,0.216,RESTRICTED
ACC_006402,CUST_006402,SAVINGS,8602.14,ACTIVE,VERIFIED,0.358,RESTRICTED
ACC_006403,CUST_006403,SAVINGS,8331.03,ACTIVE,VERIFIED,0.266,RESTRICTED
ACC_006404,CUST_006404,SAVINGS,30065.84,ACTIVE,VERIFIED,0.111,RESTRICTED
ACC_006405,CUST_006405,SAVINGS,21880.81,ACTIVE,VERIFIED,0.115,RESTRICTED
ACC_006406,CUST_006406,SAVINGS,29719.9,ACTIVE,VERIFIED,0.277,RESTRICTED
ACC_006407,CUST_006407,SAVINGS,20789.49,ACTIVE,VERIFIED,0.466,RESTRICTED
ACC_006408,CUST_006408,SAVINGS,36186.46,ACTIVE,VERIFIED,0.312,RESTRICTED
ACC_006409,CUST_006409,SAVINGS,12673.05,ACTIVE,VERIFIED,0.24,RESTRICTED
ACC_006410,CUST_006410,SAVINGS,38582.32,ACTIVE,VERIFIED,0.164,RESTRICTED
ACC_006411,CUST_006411,SAVINGS,49883.48,ACTIVE,VERIFIED,0.326,RESTRICTED
ACC_006412,CUST_006412,SAVINGS,42748.36,ACTIVE,PENDING,0.355,RESTRICTED
ACC_006413,CUST_006413,SAVINGS,25716.59,ACTIVE,VERIFIED,0.343,RESTRICTED
ACC_006414,CUST_006414,SAVINGS,26193.4,ACTIVE,VERIFIED,0.291,RESTRICTED
ACC_006415,CUST_006415,SAVINGS,1933.88,ACTIVE,VERIFIED,0.116,RESTRICTED
ACC_006416,CUST_006416,SAVINGS,7486.52,ACTIVE,VERIFIED,0.357,RESTRICTED
ACC_006417,CUST_006417,SAVINGS,20511.44,ACTIVE,VERIFIED,0.431,RESTRICTED
ACC_006418,CUST_006418,SAVINGS,10758.22,ACTIVE,VERIFIED,0.066,RESTRICTED
ACC_006419,CUST_006419,SAVINGS,48670.0,ACTIVE,VERIFIED,0.344,RESTRICTED
ACC_006420,CUST_006420,SAVINGS,13023.79,ACTIVE,VERIFIED,0.169,RESTRICTED
ACC_006421,CUST_006421,SAVINGS,17219.63,ACTIVE,VERIFIED,0.321,RESTRICTED
ACC_006422,CUST_006422,SAVINGS,41481.99,ACTIVE,VERIFIED,0.179,RESTRICTED
ACC_006423,CUST_006423,SAVINGS,48536.23,ACTIVE,VERIFIED,0.293,RESTRICTED
ACC_006424,CUST_006424,SAVINGS,32755.98,ACTIVE,VERIFIED,0.046,RESTRICTED
ACC_006425,CUST_006425,SAVINGS,20078.6,ACTIVE,VERIFIED,0.541,RESTRICTED
ACC_006426,CUST_006426,SAVINGS,49632.7,ACTIVE,VERIFIED,0.335,RESTRICTED
ACC_006427,CUST_006427,SAVINGS,28993.17,ACTIVE,VERIFIED,0.047,RESTRICTED
ACC_006428,CUST_006428,SAVINGS,14891.98,ACTIVE,PENDING,0.258,RESTRICTED
ACC_006429,CUST_006429,SAVINGS,7530.71,ACTIVE,PENDING,0.298,RESTRICTED
ACC_006430,CUST_006430,SAVINGS,39946.2,ACTIVE,VERIFIED,0.046,RESTRICTED
ACC_006431,CUST_006431,SAVINGS,17124.73,ACTIVE,VERIFIED,0.275,RESTRICTED
ACC_006432,CUST_006432,SAVINGS,7985.09,ACTIVE,VERIFIED,0.221,RESTRICTED
ACC_006433,CUST_006433,SAVINGS,33130.46,ACTIVE,VERIFIED,0.423,RESTRICTED
ACC_006434,CUST_006434,SAVINGS,16722.88,ACTIVE,VERIFIED,0.25,RESTRICTED
ACC_006435,CUST_006435,SAVINGS,34168.48,ACTIVE,VERIFIED,0.146,RESTRICTED
ACC_006436,CUST_006436,SAVINGS,29695.73,FROZEN,FLAGGED,0.111,RESTRICTED
ACC_006437,CUST_006437,SAVINGS,39806.66,ACTIVE,PENDING,0.512,RESTRICTED
ACC_006438,CUST_006438,SAVINGS,41677.83,ACTIVE,VERIFIED,0.382,RESTRICTED
ACC_006439,CUST_006439,SAVINGS,26506.6,ACTIVE,VERIFIED,0.047,RESTRICTED
ACC_006440,CUST_006440,SAVINGS,46733.41,ACTIVE,VERIFIED,0.243,RESTRICTED
ACC_006441,CUST_006441,SAVINGS,17765.43,ACTIVE,VERIFIED,0.213,RESTRICTED
ACC_006442,CUST_006442,SAVINGS,34071.91,ACTIVE,VERIFIED,0.193,RESTRICTED
ACC_006443,CUST_006443,SAVINGS,10787.25,ACTIVE,VERIFIED,0.489,RESTRICTED
ACC_006444,CUST_006444,SAVINGS,34081.58,FROZEN,FLAGGED,0.47,RESTRICTED
ACC_006445,CUST_006445,SAVINGS,44784.15,ACTIVE,VERIFIED,0.27,RESTRICTED
ACC_006446,CUST_006446,SAVINGS,20655.88,ACTIVE,VERIFIED,0.051,RESTRICTED
ACC_006447,CUST_006447,SAVINGS,32111.83,ACTIVE,PENDING,0.275,RESTRICTED
ACC_006448,CUST_006448,SAVINGS,24475.21,ACTIVE,VERIFIED,0.266,RESTRICTED
ACC_006449,CUST_006449,SAVINGS,28229.65,ACTIVE,VERIFIED,0.046,RESTRICTED
ACC_006450,CUST_006450,SAVINGS,13632.74,ACTIVE,PENDING,0.138,RESTRICTED
ACC_006451,CUST_006451,SAVINGS,28147.41,ACTIVE,VERIFIED,0.118,RESTRICTED
ACC_006452,CUST_006452,SAVINGS,13921.24,ACTIVE,VERIFIED,0.513,RESTRICTED
ACC_006453,CUST_006453,SAVINGS,18412.87,ACTIVE,VERIFIED,0.336,RESTRICTED
ACC_006454,CUST_006454,SAVINGS,34940.86,ACTIVE,VERIFIED,0.131,RESTRICTED
ACC_006455,CUST_006455,SAVINGS,28555.17,ACTIVE,VERIFIED,0.171,RESTRICTED
ACC_006456,CUST_006456,SAVINGS,29688.33,ACTIVE,VERIFIED,0.441,RESTRICTED
ACC_006457,CUST_006457,SAVINGS,20138.48,ACTIVE,VERIFIED,0.57,RESTRICTED
ACC_006458,CUST_006458,SAVINGS,3422.67,ACTIVE,VERIFIED,0.024,RESTRICTED
ACC_006459,CUST_006459,SAVINGS,47545.53,ACTIVE,VERIFIED,0.304,RESTRICTED
ACC_006460,CUST_006460,SAVINGS,33538.44,ACTIVE,VERIFIED,0.249,RESTRICTED
ACC_006461,CUST_006461,SAVINGS,10407.92,ACTIVE,PENDING,0.29,RESTRICTED
ACC_006462,CUST_006462,SAVINGS,36626.4,ACTIVE,VERIFIED,0.159,RESTRICTED
ACC_006463,CUST_006463,SAVINGS,8839.34,ACTIVE,VERIFIED,0.072,RESTRICTED
ACC_006464,CUST_006464,SAVINGS,40666.64,ACTIVE,VERIFIED,0.294,RESTRICTED
ACC_006465,CUST_006465,SAVINGS,29112.34,ACTIVE,VERIFIED,0.125,RESTRICTED
ACC_006466,CUST_006466,SAVINGS,45202.37,ACTIVE,PENDING,0.358,RESTRICTED
ACC_006467,CUST_006467,SAVINGS,28920.59,ACTIVE,VERIFIED,0.193,RESTRICTED
ACC_006468,CUST_006468,SAVINGS,1808.47,ACTIVE,VERIFIED,0.428,RESTRICTED
ACC_006469,CUST_006469,SAVINGS,23800.94,ACTIVE,VERIFIED,0.37,RESTRICTED
ACC_006470,CUST_006470,SAVINGS,5934.09,ACTIVE,VERIFIED,0.361,RESTRICTED
ACC_006471,CUST_006471,SAVINGS,7143.73,ACTIVE,VERIFIED,0.163,RESTRICTED
ACC_006472,CUST_006472,SAVINGS,25682.58,ACTIVE,VERIFIED,0.539,RESTRICTED
ACC_006473,CUST_006473,SAVINGS,42093.07,ACTIVE,VERIFIED,0.133,RESTRICTED
ACC_006474,CUST_006474,SAVINGS,15180.61,ACTIVE,VERIFIED,0.425,RESTRICTED
ACC_006475,CUST_006475,SAVINGS,14226.21,ACTIVE,VERIFIED,0.355,RESTRICTED
ACC_006476,CUST_006476,SAVINGS,29004.68,ACTIVE,VERIFIED,0.21,RESTRICTED
ACC_006477,CUST_006477,SAVINGS,19220.85,ACTIVE,VERIFIED,0.357,RESTRICTED
ACC_006478,CUST_006478,SAVINGS,49789.51,FROZEN,FLAGGED,0.401,RESTRICTED
ACC_006479,CUST_006479,SAVINGS,45694.55,ACTIVE,VERIFIED,0.217,RESTRICTED
ACC_006480,CUST_006480,SAVINGS,26705.97,ACTIVE,PENDING,0.222,RESTRICTED
ACC_006481,CUST_006481,SAVINGS,18502.15,ACTIVE,VERIFIED,0.469,RESTRICTED
ACC_006482,CUST_006482,SAVINGS,26298.17,ACTIVE,VERIFIED,0.353,RESTRICTED
ACC_006483,CUST_006483,SAVINGS,32828.69,ACTIVE,VERIFIED,0.367,RESTRICTED
ACC_006484,CUST_006484,SAVINGS,36809.71,ACTIVE,VERIFIED,0.211,RESTRICTED
ACC_006485,CUST_006485,SAVINGS,13947.31,ACTIVE,PENDING,0.486,RESTRICTED
ACC_006486,CUST_006486,SAVINGS,48237.12,ACTIVE,PENDING,0.208,RESTRICTED
ACC_006487,CUST_006487,SAVINGS,31245.34,ACTIVE,VERIFIED,0.184,RESTRICTED
ACC_006488,CUST_006488,SAVINGS,17155.78,ACTIVE,VERIFIED,0.328,RESTRICTED
ACC_006489,CUST_006489,SAVINGS,9748.34,ACTIVE,VERIFIED,0.272,RESTRICTED
ACC_006490,CUST_006490,SAVINGS,31110.52,ACTIVE,PENDING,0.241,RESTRICTED
ACC_006491,CUST_006491,SAVINGS,40628.62,ACTIVE,VERIFIED,0.576,RESTRICTED
ACC_006492,CUST_006492,SAVINGS,8910.68,ACTIVE,VERIFIED,0.075,RESTRICTED
ACC_006493,CUST_006493,SAVINGS,29709.09,ACTIVE,VERIFIED,0.24,RESTRICTED
ACC_006494,CUST_006494,SAVINGS,5369.17,ACTIVE,VERIFIED,0.21,RESTRICTED
ACC_006495,CUST_006495,SAVINGS,31901.64,ACTIVE,VERIFIED,0.12,RESTRICTED
ACC_006496,CUST_006496,SAVINGS,41586.11,ACTIVE,VERIFIED,0.194,RESTRICTED
ACC_006497,CUST_006497,SAVINGS,10487.54,ACTIVE,VERIFIED,0.565,RESTRICTED
ACC_006498,CUST_006498,SAVINGS,38628.87,ACTIVE,VERIFIED,0.119,RESTRICTED
ACC_006499,CUST_006499,SAVINGS,1660.48,ACTIVE,VERIFIED,0.195,RESTRICTED
ACC_006500,CUST_006500,SAVINGS,3239.83,ACTIVE,PENDING,0.34,RESTRICTED
ACC_006501,CUST_006501,SAVINGS,39079.86,ACTIVE,VERIFIED,0.196,RESTRICTED
ACC_006502,CUST_006502,SAVINGS,46103.73,ACTIVE,VERIFIED,0.074,RESTRICTED
ACC_006503,CUST_006503,SAVINGS,35520.29,ACTIVE,VERIFIED,0.273,RESTRICTED
ACC_006504,CUST_006504,SAVINGS,11924.02,ACTIVE,VERIFIED,0.207,RESTRICTED
ACC_006505,CUST_006505,SAVINGS,1831.56,ACTIVE,VERIFIED,0.02,RESTRICTED
ACC_006506,CUST_006506,SAVINGS,9150.71,ACTIVE,VERIFIED,0.217,RESTRICTED
ACC_006507,CUST_006507,SAVINGS,26658.82,ACTIVE,VERIFIED,0.268,RESTRICTED
ACC_006508,CUST_006508,SAVINGS,34504.6,ACTIVE,VERIFIED,0.266,RESTRICTED
ACC_006509,CUST_006509,SAVINGS,18493.29,ACTIVE,VERIFIED,0.119,RESTRICTED
ACC_006510,CUST_006510,SAVINGS,37946.86,ACTIVE,PENDING,0.161,RESTRICTED
ACC_006511,CUST_006511,SAVINGS,31819.94,ACTIVE,PENDING,0.408,RESTRICTED
ACC_006512,CUST_006512,SAVINGS,33400.32,ACTIVE,VERIFIED,0.482,RESTRICTED
ACC_006513,CUST_006513,SAVINGS,36728.96,ACTIVE,VERIFIED,0.236,RESTRICTED
ACC_006514,CUST_006514,SAVINGS,25709.35,ACTIVE,VERIFIED,0.208,RESTRICTED
ACC_006515,CUST_006515,SAVINGS,49169.66,ACTIVE,VERIFIED,0.178,RESTRICTED
ACC_006516,CUST_006516,SAVINGS,6940.25,ACTIVE,VERIFIED,0.31,RESTRICTED
ACC_006517,CUST_006517,SAVINGS,31310.32,ACTIVE,VERIFIED,0.287,RESTRICTED
ACC_006518,CUST_006518,SAVINGS,36784.06,ACTIVE,VERIFIED,0.301,RESTRICTED
ACC_006519,CUST_006519,SAVINGS,42460.05,ACTIVE,VERIFIED,0.329,RESTRICTED
ACC_006520,CUST_006520,SAVINGS,18338.2,ACTIVE,VERIFIED,0.408,RESTRICTED
ACC_006521,CUST_006521,SAVINGS,43102.96,ACTIVE,VERIFIED,0.227,RESTRICTED
ACC_006522,CUST_006522,SAVINGS,28620.2,ACTIVE,VERIFIED,0.256,RESTRICTED
ACC_006523,CUST_006523,SAVINGS,22865.47,ACTIVE,PENDING,0.528,RESTRICTED
ACC_006524,CUST_006524,SAVINGS,41552.48,ACTIVE,PENDING,0.253,RESTRICTED
ACC_006525,CUST_006525,SAVINGS,48724.95,ACTIVE,VERIFIED,0.225,RESTRICTED
ACC_006526,CUST_006526,SAVINGS,20671.83,FROZEN,FLAGGED,0.455,RESTRICTED
ACC_006527,CUST_006527,SAVINGS,26138.74,FROZEN,FLAGGED,0.525,RESTRICTED
ACC_006528,CUST_006528,SAVINGS,18025.31,ACTIVE,VERIFIED,0.262,RESTRICTED
ACC_006529,CUST_006529,SAVINGS,20070.56,ACTIVE,VERIFIED,0.128,RESTRICTED
ACC_006530,CUST_006530,SAVINGS,48560.79,ACTIVE,VERIFIED,0.681,RESTRICTED
ACC_006531,CUST_006531,SAVINGS,12775.11,ACTIVE,VERIFIED,0.411,RESTRICTED
ACC_006532,CUST_006532,SAVINGS,5299.78,ACTIVE,VERIFIED,0.33,RESTRICTED
ACC_006533,CUST_006533,SAVINGS,37309.7,ACTIVE,VERIFIED,0.498,RESTRICTED
ACC_006534,CUST_006534,SAVINGS,34807.64,ACTIVE,VERIFIED,0.146,RESTRICTED
ACC_006535,CUST_006535,SAVINGS,12618.83,ACTIVE,VERIFIED,0.329,RESTRICTED
ACC_006536,CUST_006536,SAVINGS,18003.12,ACTIVE,VERIFIED,0.479,RESTRICTED
ACC_006537,CUST_006537,SAVINGS,18380.11,ACTIVE,VERIFIED,0.248,RESTRICTED
ACC_006538,CUST_006538,SAVINGS,21864.23,ACTIVE,VERIFIED,0.493,RESTRICTED
ACC_006539,CUST_006539,SAVINGS,15788.81,ACTIVE,VERIFIED,0.064,RESTRICTED
ACC_006540,CUST_006540,SAVINGS,40766.69,ACTIVE,VERIFIED,0.477,RESTRICTED
ACC_006541,CUST_006541,SAVINGS,31374.82,ACTIVE,VERIFIED,0.228,RESTRICTED
ACC_006542,CUST_006542,SAVINGS,24166.16,ACTIVE,PENDING,0.295,RESTRICTED
ACC_006543,CUST_006543,SAVINGS,39400.62,ACTIVE,VERIFIED,0.29,RESTRICTED
ACC_006544,CUST_006544,SAVINGS,33225.73,ACTIVE,PENDING,0.474,RESTRICTED
ACC_006545,CUST_006545,SAVINGS,27163.78,ACTIVE,VERIFIED,0.294,RESTRICTED
ACC_006546,CUST_006546,SAVINGS,10727.21,ACTIVE,VERIFIED,0.245,RESTRICTED
ACC_006547,CUST_006547,SAVINGS,45928.48,ACTIVE,VERIFIED,0.084,RESTRICTED
ACC_006548,CUST_006548,SAVINGS,28178.2,ACTIVE,PENDING,0.022,RESTRICTED
ACC_006549,CUST_006549,SAVINGS,44991.27,ACTIVE,VERIFIED,0.1,RESTRICTED
ACC_006550,CUST_006550,SAVINGS,12713.5,ACTIVE,VERIFIED,0.434,RESTRICTED
ACC_006551,CUST_006551,SAVINGS,4866.87,ACTIVE,VERIFIED,0.192,RESTRICTED
ACC_006552,CUST_006552,SAVINGS,12900.06,ACTIVE,VERIFIED,0.095,RESTRICTED
ACC_006553,CUST_006553,SAVINGS,7428.67,ACTIVE,VERIFIED,0.336,RESTRICTED
ACC_006554,CUST_006554,SAVINGS,13256.41,ACTIVE,VERIFIED,0.64,RESTRICTED
ACC_006555,CUST_006555,SAVINGS,40103.85,ACTIVE,VERIFIED,0.649,RESTRICTED
ACC_006556,CUST_006556,SAVINGS,31214.43,ACTIVE,VERIFIED,0.047,RESTRICTED
ACC_006557,CUST_006557,SAVINGS,45242.57,ACTIVE,VERIFIED,0.229,RESTRICTED
ACC_006558,CUST_006558,SAVINGS,12027.11,ACTIVE,VERIFIED,0.301,RESTRICTED
ACC_006559,CUST_006559,SAVINGS,36849.62,ACTIVE,VERIFIED,0.679,RESTRICTED
ACC_006560,CUST_006560,SAVINGS,23259.93,ACTIVE,VERIFIED,0.499,RESTRICTED
ACC_006561,CUST_006561,SAVINGS,39691.19,ACTIVE,PENDING,0.338,RESTRICTED
ACC_006562,CUST_006562,SAVINGS,22056.12,ACTIVE,VERIFIED,0.326,RESTRICTED
ACC_006563,CUST_006563,SAVINGS,13764.65,ACTIVE,VERIFIED,0.432,RESTRICTED
ACC_006564,CUST_006564,SAVINGS,33840.75,ACTIVE,VERIFIED,0.205,RESTRICTED
ACC_006565,CUST_006565,SAVINGS,33347.98,ACTIVE,VERIFIED,0.186,RESTRICTED
ACC_006566,CUST_006566,SAVINGS,26287.81,ACTIVE,VERIFIED,0.46,RESTRICTED
ACC_006567,CUST_006567,SAVINGS,30911.16,FROZEN,FLAGGED,0.154,RESTRICTED
ACC_006568,CUST_006568,SAVINGS,3074.73,ACTIVE,VERIFIED,0.144,RESTRICTED
ACC_006569,CUST_006569,SAVINGS,48102.44,ACTIVE,PENDING,0.428,RESTRICTED
ACC_006570,CUST_006570,SAVINGS,1678.45,ACTIVE,VERIFIED,0.6,RESTRICTED
ACC_006571,CUST_006571,SAVINGS,33967.08,ACTIVE,VERIFIED,0.405,RESTRICTED
ACC_006572,CUST_006572,SAVINGS,3061.59,ACTIVE,PENDING,0.265,RESTRICTED
ACC_006573,CUST_006573,SAVINGS,42490.48,ACTIVE,VERIFIED,0.349,RESTRICTED
ACC_006574,CUST_006574,SAVINGS,8245.47,ACTIVE,VERIFIED,0.08,RESTRICTED
ACC_006575,CUST_006575,SAVINGS,10067.46,ACTIVE,VERIFIED,0.055,RESTRICTED
ACC_006576,CUST_006576,SAVINGS,47289.96,FROZEN,FLAGGED,0.114,RESTRICTED
ACC_006577,CUST_006577,SAVINGS,43702.13,ACTIVE,VERIFIED,0.505,RESTRICTED
ACC_006578,CUST_006578,SAVINGS,29453.05,ACTIVE,VERIFIED,0.286,RESTRICTED
ACC_006579,CUST_006579,SAVINGS,31123.57,ACTIVE,VERIFIED,0.289,RESTRICTED
ACC_006580,CUST_006580,SAVINGS,38905.61,FROZEN,FLAGGED,0.319,RESTRICTED
ACC_006581,CUST_006581,SAVINGS,39819.82,ACTIVE,VERIFIED,0.143,RESTRICTED
ACC_006582,CUST_006582,SAVINGS,6624.77,ACTIVE,PENDING,0.451,RESTRICTED
ACC_006583,CUST_006583,SAVINGS,41590.39,ACTIVE,VERIFIED,0.495,RESTRICTED
ACC_006584,CUST_006584,SAVINGS,38678.59,ACTIVE,VERIFIED,0.263,RESTRICTED
ACC_006585,CUST_006585,SAVINGS,37202.42,ACTIVE,VERIFIED,0.055,RESTRICTED
ACC_006586,CUST_006586,SAVINGS,16113.65,ACTIVE,VERIFIED,0.195,RESTRICTED
ACC_006587,CUST_006587,SAVINGS,19650.26,ACTIVE,PENDING,0.13,RESTRICTED
ACC_006588,CUST_006588,SAVINGS,22006.09,ACTIVE,VERIFIED,0.607,RESTRICTED
ACC_006589,CUST_006589,SAVINGS,16773.97,ACTIVE,VERIFIED,0.452,RESTRICTED
ACC_006590,CUST_006590,SAVINGS,41796.2,ACTIVE,VERIFIED,0.298,RESTRICTED
ACC_006591,CUST_006591,SAVINGS,9491.6,ACTIVE,VERIFIED,0.101,RESTRICTED
ACC_006592,CUST_006592,SAVINGS,44456.94,ACTIVE,PENDING,0.342,RESTRICTED
ACC_006593,CUST_006593,SAVINGS,18590.52,ACTIVE,VERIFIED,0.365,RESTRICTED
ACC_006594,CUST_006594,SAVINGS,31985.61,ACTIVE,VERIFIED,0.414,RESTRICTED
ACC_006595,CUST_006595,SAVINGS,15832.74,ACTIVE,VERIFIED,0.439,RESTRICTED
ACC_006596,CUST_006596,SAVINGS,19697.58,ACTIVE,VERIFIED,0.25,RESTRICTED
ACC_006597,CUST_006597,SAVINGS,42820.81,ACTIVE,VERIFIED,0.159,RESTRICTED
ACC_006598,CUST_006598,SAVINGS,41339.81,ACTIVE,VERIFIED,0.132,RESTRICTED
ACC_006599,CUST_006599,SAVINGS,44686.17,ACTIVE,VERIFIED,0.255,RESTRICTED
ACC_006600,CUST_006600,SAVINGS,17251.46,ACTIVE,VERIFIED,0.333,RESTRICTED
ACC_006601,CUST_006601,SAVINGS,32759.31,ACTIVE,VERIFIED,0.128,RESTRICTED
ACC_006602,CUST_006602,SAVINGS,5218.6,ACTIVE,VERIFIED,0.39,RESTRICTED
ACC_006603,CUST_006603,SAVINGS,45870.2,ACTIVE,VERIFIED,0.276,RESTRICTED
ACC_006604,CUST_006604,SAVINGS,27404.67,ACTIVE,VERIFIED,0.315,RESTRICTED
ACC_006605,CUST_006605,SAVINGS,15606.95,ACTIVE,VERIFIED,0.43,RESTRICTED
ACC_006606,CUST_006606,SAVINGS,13579.46,ACTIVE,VERIFIED,0.191,RESTRICTED
ACC_006607,CUST_006607,SAVINGS,45323.61,ACTIVE,VERIFIED,0.18,RESTRICTED
ACC_006608,CUST_006608,SAVINGS,15971.05,ACTIVE,VERIFIED,0.205,RESTRICTED
ACC_006609,CUST_006609,SAVINGS,35732.61,ACTIVE,VERIFIED,0.45,RESTRICTED
ACC_006610,CUST_006610,SAVINGS,36467.48,ACTIVE,VERIFIED,0.227,RESTRICTED
ACC_006611,CUST_006611,SAVINGS,35769.16,ACTIVE,VERIFIED,0.105,RESTRICTED
ACC_006612,CUST_006612,SAVINGS,49042.37,ACTIVE,VERIFIED,0.24,RESTRICTED
ACC_006613,CUST_006613,SAVINGS,5374.96,ACTIVE,VERIFIED,0.275,RESTRICTED
ACC_006614,CUST_006614,SAVINGS,9286.61,ACTIVE,VERIFIED,0.399,RESTRICTED
ACC_006615,CUST_006615,SAVINGS,16318.32,ACTIVE,VERIFIED,0.09,RESTRICTED
ACC_006616,CUST_006616,SAVINGS,21220.02,ACTIVE,VERIFIED,0.25,RESTRICTED
ACC_006617,CUST_006617,SAVINGS,9850.82,ACTIVE,VERIFIED,0.383,RESTRICTED
ACC_006618,CUST_006618,SAVINGS,26314.93,ACTIVE,VERIFIED,0.587,RESTRICTED
ACC_006619,CUST_006619,SAVINGS,43659.24,ACTIVE,VERIFIED,0.456,RESTRICTED
ACC_006620,CUST_006620,SAVINGS,18595.6,ACTIVE,VERIFIED,0.445,RESTRICTED
ACC_006621,CUST_006621,SAVINGS,11758.52,ACTIVE,PENDING,0.197,RESTRICTED
ACC_006622,CUST_006622,SAVINGS,3266.33,ACTIVE,VERIFIED,0.135,RESTRICTED
ACC_006623,CUST_006623,SAVINGS,44112.66,ACTIVE,PENDING,0.22,RESTRICTED
ACC_006624,CUST_006624,SAVINGS,20981.01,ACTIVE,VERIFIED,0.393,RESTRICTED
ACC_006625,CUST_006625,SAVINGS,10541.98,ACTIVE,VERIFIED,0.062,RESTRICTED
ACC_006626,CUST_006626,SAVINGS,27094.97,ACTIVE,VERIFIED,0.217,RESTRICTED
ACC_006627,CUST_006627,SAVINGS,1146.75,ACTIVE,VERIFIED,0.39,RESTRICTED
ACC_006628,CUST_006628,SAVINGS,44471.33,ACTIVE,VERIFIED,0.175,RESTRICTED
ACC_006629,CUST_006629,SAVINGS,21098.03,ACTIVE,VERIFIED,0.297,RESTRICTED
ACC_006630,CUST_006630,SAVINGS,42200.86,ACTIVE,VERIFIED,0.098,RESTRICTED
ACC_006631,CUST_006631,SAVINGS,24192.31,ACTIVE,VERIFIED,0.574,RESTRICTED
ACC_006632,CUST_006632,SAVINGS,27520.29,ACTIVE,VERIFIED,0.844,RESTRICTED
ACC_006633,CUST_006633,SAVINGS,13050.05,ACTIVE,VERIFIED,0.241,RESTRICTED
ACC_006634,CUST_006634,SAVINGS,3680.92,ACTIVE,PENDING,0.196,RESTRICTED
ACC_006635,CUST_006635,SAVINGS,25656.32,ACTIVE,VERIFIED,0.135,RESTRICTED
ACC_006636,CUST_006636,SAVINGS,35346.82,ACTIVE,VERIFIED,0.271,RESTRICTED
ACC_006637,CUST_006637,SAVINGS,26861.81,ACTIVE,VERIFIED,0.124,RESTRICTED
ACC_006638,CUST_006638,SAVINGS,37446.39,ACTIVE,VERIFIED,0.163,RESTRICTED
ACC_006639,CUST_006639,SAVINGS,3825.58,ACTIVE,VERIFIED,0.025,RESTRICTED
ACC_006640,CUST_006640,SAVINGS,34801.32,ACTIVE,VERIFIED,0.329,RESTRICTED
ACC_006641,CUST_006641,SAVINGS,31550.08,ACTIVE,VERIFIED,0.271,RESTRICTED
ACC_006642,CUST_006642,SAVINGS,5712.75,ACTIVE,VERIFIED,0.136,RESTRICTED
ACC_006643,CUST_006643,SAVINGS,10776.52,ACTIVE,VERIFIED,0.096,RESTRICTED
ACC_006644,CUST_006644,SAVINGS,15541.7,ACTIVE,PENDING,0.248,RESTRICTED
ACC_006645,CUST_006645,SAVINGS,3539.89,ACTIVE,VERIFIED,0.459,RESTRICTED
ACC_006646,CUST_006646,SAVINGS,9793.46,ACTIVE,VERIFIED,0.235,RESTRICTED
ACC_006647,CUST_006647,SAVINGS,47998.86,ACTIVE,VERIFIED,0.528,RESTRICTED
ACC_006648,CUST_006648,SAVINGS,17352.64,ACTIVE,VERIFIED,0.498,RESTRICTED
ACC_006649,CUST_006649,SAVINGS,3703.65,FROZEN,FLAGGED,0.332,RESTRICTED
ACC_006650,CUST_006650,SAVINGS,20897.85,ACTIVE,VERIFIED,0.12,RESTRICTED
ACC_006651,CUST_006651,SAVINGS,42484.71,ACTIVE,VERIFIED,0.631,RESTRICTED
ACC_006652,CUST_006652,SAVINGS,28272.32,ACTIVE,VERIFIED,0.12,RESTRICTED
ACC_006653,CUST_006653,SAVINGS,46543.18,ACTIVE,PENDING,0.547,RESTRICTED
ACC_006654,CUST_006654,SAVINGS,24173.43,ACTIVE,VERIFIED,0.364,RESTRICTED
ACC_006655,CUST_006655,SAVINGS,7835.61,ACTIVE,VERIFIED,0.167,RESTRICTED
ACC_006656,CUST_006656,SAVINGS,11499.51,ACTIVE,VERIFIED,0.415,RESTRICTED
ACC_006657,CUST_006657,SAVINGS,31999.24,ACTIVE,VERIFIED,0.193,RESTRICTED
ACC_006658,CUST_006658,SAVINGS,33041.07,ACTIVE,VERIFIED,0.687,RESTRICTED
ACC_006659,CUST_006659,SAVINGS,37316.96,ACTIVE,VERIFIED,0.237,RESTRICTED
ACC_006660,CUST_006660,SAVINGS,11977.15,FROZEN,FLAGGED,0.193,RESTRICTED
ACC_006661,CUST_006661,SAVINGS,21133.96,ACTIVE,VERIFIED,0.231,RESTRICTED
ACC_006662,CUST_006662,SAVINGS,29400.54,ACTIVE,VERIFIED,0.065,RESTRICTED
ACC_006663,CUST_006663,SAVINGS,12966.85,ACTIVE,VERIFIED,0.361,RESTRICTED
ACC_006664,CUST_006664,SAVINGS,25966.53,ACTIVE,VERIFIED,0.297,RESTRICTED
ACC_006665,CUST_006665,SAVINGS,28823.71,ACTIVE,VERIFIED,0.18,RESTRICTED
ACC_006666,CUST_006666,SAVINGS,5868.94,ACTIVE,VERIFIED,0.162,RESTRICTED
ACC_006667,CUST_006667,SAVINGS,21478.06,ACTIVE,PENDING,0.512,RESTRICTED
ACC_006668,CUST_006668,SAVINGS,4998.91,ACTIVE,VERIFIED,0.232,RESTRICTED
ACC_006669,CUST_006669,SAVINGS,19832.21,ACTIVE,VERIFIED,0.437,RESTRICTED
ACC_006670,CUST_006670,SAVINGS,32755.52,ACTIVE,VERIFIED,0.29,RESTRICTED
ACC_006671,CUST_006671,SAVINGS,40676.33,ACTIVE,VERIFIED,0.074,RESTRICTED
ACC_006672,CUST_006672,SAVINGS,6365.27,ACTIVE,VERIFIED,0.06,RESTRICTED
ACC_006673,CUST_006673,SAVINGS,37619.29,ACTIVE,VERIFIED,0.1,RESTRICTED
ACC_006674,CUST_006674,SAVINGS,9982.82,ACTIVE,VERIFIED,0.042,RESTRICTED
ACC_006675,CUST_006675,SAVINGS,16045.26,ACTIVE,VERIFIED,0.077,RESTRICTED
ACC_006676,CUST_006676,SAVINGS,35128.28,ACTIVE,VERIFIED,0.608,RESTRICTED
ACC_006677,CUST_006677,SAVINGS,10431.86,ACTIVE,VERIFIED,0.301,RESTRICTED
ACC_006678,CUST_006678,SAVINGS,8450.18,FROZEN,FLAGGED,0.299,RESTRICTED
ACC_006679,CUST_006679,SAVINGS,37509.57,ACTIVE,VERIFIED,0.275,RESTRICTED
ACC_006680,CUST_006680,SAVINGS,34214.42,ACTIVE,VERIFIED,0.191,RESTRICTED
ACC_006681,CUST_006681,SAVINGS,8825.71,ACTIVE,VERIFIED,0.428,RESTRICTED
ACC_006682,CUST_006682,SAVINGS,16756.12,ACTIVE,VERIFIED,0.725,RESTRICTED
ACC_006683,CUST_006683,SAVINGS,23317.4,ACTIVE,VERIFIED,0.411,RESTRICTED
ACC_006684,CUST_006684,SAVINGS,45572.91,ACTIVE,VERIFIED,0.155,RESTRICTED
ACC_006685,CUST_006685,SAVINGS,15425.64,FROZEN,FLAGGED,0.119,RESTRICTED
ACC_006686,CUST_006686,SAVINGS,17431.97,ACTIVE,VERIFIED,0.513,RESTRICTED
ACC_006687,CUST_006687,SAVINGS,21510.19,ACTIVE,VERIFIED,0.131,RESTRICTED
ACC_006688,CUST_006688,SAVINGS,12637.85,ACTIVE,VERIFIED,0.651,RESTRICTED
ACC_006689,CUST_006689,SAVINGS,27227.84,ACTIVE,VERIFIED,0.68,RESTRICTED
ACC_006690,CUST_006690,SAVINGS,19310.82,ACTIVE,VERIFIED,0.212,RESTRICTED
ACC_006691,CUST_006691,SAVINGS,4809.73,ACTIVE,VERIFIED,0.419,RESTRICTED
ACC_006692,CUST_006692,SAVINGS,35800.33,ACTIVE,VERIFIED,0.333,RESTRICTED
ACC_006693,CUST_006693,SAVINGS,9111.67,ACTIVE,VERIFIED,0.147,RESTRICTED
ACC_006694,CUST_006694,SAVINGS,22369.95,ACTIVE,PENDING,0.453,RESTRICTED
ACC_006695,CUST_006695,SAVINGS,28105.58,ACTIVE,VERIFIED,0.164,RESTRICTED
ACC_006696,CUST_006696,SAVINGS,42196.08,FROZEN,FLAGGED,0.381,RESTRICTED
ACC_006697,CUST_006697,SAVINGS,42730.07,ACTIVE,VERIFIED,0.183,RESTRICTED
ACC_006698,CUST_006698,SAVINGS,30386.39,ACTIVE,VERIFIED,0.444,RESTRICTED
ACC_006699,CUST_006699,SAVINGS,42742.47,ACTIVE,VERIFIED,0.279,RESTRICTED
ACC_006700,CUST_006700,SAVINGS,35475.07,FROZEN,FLAGGED,0.149,RESTRICTED
ACC_006701,CUST_006701,SAVINGS,6755.72,ACTIVE,VERIFIED,0.154,RESTRICTED
ACC_006702,CUST_006702,SAVINGS,12611.45,ACTIVE,VERIFIED,0.128,RESTRICTED
ACC_006703,CUST_006703,SAVINGS,5822.84,ACTIVE,VERIFIED,0.512,RESTRICTED
ACC_006704,CUST_006704,SAVINGS,13334.15,ACTIVE,VERIFIED,0.35,RESTRICTED
ACC_006705,CUST_006705,SAVINGS,15676.77,ACTIVE,VERIFIED,0.189,RESTRICTED
ACC_006706,CUST_006706,SAVINGS,6628.31,ACTIVE,VERIFIED,0.074,RESTRICTED
ACC_006707,CUST_006707,SAVINGS,3370.23,ACTIVE,VERIFIED,0.209,RESTRICTED
ACC_006708,CUST_006708,SAVINGS,46792.32,ACTIVE,VERIFIED,0.31,RESTRICTED
ACC_006709,CUST_006709,SAVINGS,44072.73,ACTIVE,VERIFIED,0.075,RESTRICTED
ACC_006710,CUST_006710,SAVINGS,21429.57,ACTIVE,VERIFIED,0.202,RESTRICTED
ACC_006711,CUST_006711,SAVINGS,31375.47,ACTIVE,VERIFIED,0.318,RESTRICTED
ACC_006712,CUST_006712,SAVINGS,2007.49,ACTIVE,VERIFIED,0.031,RESTRICTED
ACC_006713,CUST_006713,SAVINGS,11875.26,ACTIVE,VERIFIED,0.108,RESTRICTED
ACC_006714,CUST_006714,SAVINGS,42437.73,ACTIVE,VERIFIED,0.137,RESTRICTED
ACC_006715,CUST_006715,SAVINGS,20386.62,ACTIVE,VERIFIED,0.425,RESTRICTED
ACC_006716,CUST_006716,SAVINGS,36762.5,ACTIVE,VERIFIED,0.267,RESTRICTED
ACC_006717,CUST_006717,SAVINGS,13974.96,ACTIVE,VERIFIED,0.385,RESTRICTED
ACC_006718,CUST_006718,SAVINGS,47223.75,ACTIVE,VERIFIED,0.374,RESTRICTED
ACC_006719,CUST_006719,SAVINGS,35250.1,ACTIVE,VERIFIED,0.284,RESTRICTED
ACC_006720,CUST_006720,SAVINGS,27003.71,ACTIVE,VERIFIED,0.12,RESTRICTED
ACC_006721,CUST_006721,SAVINGS,3643.84,ACTIVE,VERIFIED,0.299,RESTRICTED
ACC_006722,CUST_006722,SAVINGS,16490.72,ACTIVE,VERIFIED,0.19,RESTRICTED
ACC_006723,CUST_006723,SAVINGS,12237.38,ACTIVE,VERIFIED,0.315,RESTRICTED
ACC_006724,CUST_006724,SAVINGS,45812.21,ACTIVE,VERIFIED,0.129,RESTRICTED
ACC_006725,CUST_006725,SAVINGS,12073.91,ACTIVE,VERIFIED,0.25,RESTRICTED
ACC_006726,CUST_006726,SAVINGS,1082.0,ACTIVE,VERIFIED,0.203,RESTRICTED
ACC_006727,CUST_006727,SAVINGS,11421.25,ACTIVE,VERIFIED,0.096,RESTRICTED
ACC_006728,CUST_006728,SAVINGS,45256.52,FROZEN,FLAGGED,0.311,RESTRICTED
ACC_006729,CUST_006729,SAVINGS,34517.47,ACTIVE,VERIFIED,0.304,RESTRICTED
ACC_006730,CUST_006730,SAVINGS,34267.08,ACTIVE,PENDING,0.646,RESTRICTED
ACC_006731,CUST_006731,SAVINGS,3945.01,ACTIVE,VERIFIED,0.123,RESTRICTED
ACC_006732,CUST_006732,SAVINGS,36161.32,ACTIVE,PENDING,0.271,RESTRICTED
ACC_006733,CUST_006733,SAVINGS,23519.72,ACTIVE,VERIFIED,0.049,RESTRICTED
ACC_006734,CUST_006734,SAVINGS,22110.82,ACTIVE,VERIFIED,0.656,RESTRICTED
ACC_006735,CUST_006735,SAVINGS,48146.61,ACTIVE,VERIFIED,0.664,RESTRICTED
ACC_006736,CUST_006736,SAVINGS,36673.1,FROZEN,FLAGGED,0.309,RESTRICTED
ACC_006737,CUST_006737,SAVINGS,15846.02,ACTIVE,VERIFIED,0.462,RESTRICTED
ACC_006738,CUST_006738,SAVINGS,28647.46,FROZEN,FLAGGED,0.173,RESTRICTED
ACC_006739,CUST_006739,SAVINGS,5256.28,FROZEN,FLAGGED,0.188,RESTRICTED
ACC_006740,CUST_006740,SAVINGS,26774.81,ACTIVE,VERIFIED,0.025,RESTRICTED
ACC_006741,CUST_006741,SAVINGS,36873.28,ACTIVE,VERIFIED,0.567,RESTRICTED
ACC_006742,CUST_006742,SAVINGS,44433.05,ACTIVE,VERIFIED,0.228,RESTRICTED
ACC_006743,CUST_006743,SAVINGS,37942.75,ACTIVE,VERIFIED,0.301,RESTRICTED
ACC_006744,CUST_006744,SAVINGS,28486.07,FROZEN,FLAGGED,0.179,RESTRICTED
ACC_006745,CUST_006745,SAVINGS,38123.56,ACTIVE,PENDING,0.386,RESTRICTED
ACC_006746,CUST_006746,SAVINGS,15662.33,ACTIVE,VERIFIED,0.269,RESTRICTED
ACC_006747,CUST_006747,SAVINGS,27789.37,ACTIVE,VERIFIED,0.359,RESTRICTED
ACC_006748,CUST_006748,SAVINGS,14830.64,ACTIVE,VERIFIED,0.469,RESTRICTED
ACC_006749,CUST_006749,SAVINGS,49629.72,ACTIVE,VERIFIED,0.478,RESTRICTED
ACC_006750,CUST_006750,SAVINGS,44190.58,ACTIVE,PENDING,0.224,RESTRICTED
ACC_006751,CUST_006751,SAVINGS,17229.1,ACTIVE,VERIFIED,0.074,RESTRICTED
ACC_006752,CUST_006752,SAVINGS,20157.58,ACTIVE,VERIFIED,0.151,RESTRICTED
ACC_006753,CUST_006753,SAVINGS,8122.27,ACTIVE,PENDING,0.358,RESTRICTED
ACC_006754,CUST_006754,SAVINGS,37787.51,ACTIVE,VERIFIED,0.351,RESTRICTED
ACC_006755,CUST_006755,SAVINGS,26675.46,ACTIVE,VERIFIED,0.375,RESTRICTED
ACC_006756,CUST_006756,SAVINGS,17197.02,ACTIVE,PENDING,0.436,RESTRICTED
ACC_006757,CUST_006757,SAVINGS,34595.3,ACTIVE,VERIFIED,0.127,RESTRICTED
ACC_006758,CUST_006758,SAVINGS,2052.67,ACTIVE,VERIFIED,0.129,RESTRICTED
ACC_006759,CUST_006759,SAVINGS,22061.1,ACTIVE,VERIFIED,0.247,RESTRICTED
ACC_006760,CUST_006760,SAVINGS,16509.84,ACTIVE,VERIFIED,0.5,RESTRICTED
ACC_006761,CUST_006761,SAVINGS,1333.52,ACTIVE,VERIFIED,0.344,RESTRICTED
ACC_006762,CUST_006762,SAVINGS,8398.31,ACTIVE,VERIFIED,0.127,RESTRICTED
ACC_006763,CUST_006763,SAVINGS,8553.11,ACTIVE,VERIFIED,0.075,RESTRICTED
ACC_006764,CUST_006764,SAVINGS,17449.65,ACTIVE,VERIFIED,0.091,RESTRICTED
ACC_006765,CUST_006765,SAVINGS,17929.15,ACTIVE,VERIFIED,0.445,RESTRICTED
ACC_006766,CUST_006766,SAVINGS,23306.44,FROZEN,FLAGGED,0.467,RESTRICTED
ACC_006767,CUST_006767,SAVINGS,39129.5,ACTIVE,VERIFIED,0.369,RESTRICTED
ACC_006768,CUST_006768,SAVINGS,40927.0,ACTIVE,VERIFIED,0.374,RESTRICTED
ACC_006769,CUST_006769,SAVINGS,1656.28,ACTIVE,VERIFIED,0.473,RESTRICTED
ACC_006770,CUST_006770,SAVINGS,18184.62,FROZEN,FLAGGED,0.395,RESTRICTED
ACC_006771,CUST_006771,SAVINGS,30966.84,ACTIVE,VERIFIED,0.15,RESTRICTED
ACC_006772,CUST_006772,SAVINGS,24037.15,ACTIVE,VERIFIED,0.148,RESTRICTED
ACC_006773,CUST_006773,SAVINGS,6333.74,ACTIVE,VERIFIED,0.231,RESTRICTED
ACC_006774,CUST_006774,SAVINGS,27549.91,ACTIVE,VERIFIED,0.25,RESTRICTED
ACC_006775,CUST_006775,SAVINGS,37635.87,ACTIVE,VERIFIED,0.299,RESTRICTED
ACC_006776,CUST_006776,SAVINGS,6630.01,ACTIVE,VERIFIED,0.295,RESTRICTED
ACC_006777,CUST_006777,SAVINGS,33523.87,ACTIVE,VERIFIED,0.17,RESTRICTED
ACC_006778,CUST_006778,SAVINGS,7083.48,ACTIVE,VERIFIED,0.136,RESTRICTED
ACC_006779,CUST_006779,SAVINGS,11257.17,ACTIVE,VERIFIED,0.103,RESTRICTED
ACC_006780,CUST_006780,SAVINGS,15357.3,ACTIVE,VERIFIED,0.514,RESTRICTED
ACC_006781,CUST_006781,SAVINGS,46491.23,FROZEN,FLAGGED,0.09,RESTRICTED
ACC_006782,CUST_006782,SAVINGS,9312.77,ACTIVE,VERIFIED,0.351,RESTRICTED
ACC_006783,CUST_006783,SAVINGS,49388.72,ACTIVE,PENDING,0.053,RESTRICTED
ACC_006784,CUST_006784,SAVINGS,35027.9,ACTIVE,VERIFIED,0.308,RESTRICTED
ACC_006785,CUST_006785,SAVINGS,18594.25,ACTIVE,VERIFIED,0.055,RESTRICTED
ACC_006786,CUST_006786,SAVINGS,34145.79,ACTIVE,VERIFIED,0.248,RESTRICTED
ACC_006787,CUST_006787,SAVINGS,11175.57,ACTIVE,VERIFIED,0.443,RESTRICTED
ACC_006788,CUST_006788,SAVINGS,24215.75,ACTIVE,VERIFIED,0.057,RESTRICTED
ACC_006789,CUST_006789,SAVINGS,32394.33,ACTIVE,VERIFIED,0.506,RESTRICTED
ACC_006790,CUST_006790,SAVINGS,24700.69,ACTIVE,VERIFIED,0.52,RESTRICTED
ACC_006791,CUST_006791,SAVINGS,34531.66,ACTIVE,VERIFIED,0.051,RESTRICTED
ACC_006792,CUST_006792,SAVINGS,40002.57,ACTIVE,VERIFIED,0.255,RESTRICTED
ACC_006793,CUST_006793,SAVINGS,44566.33,ACTIVE,VERIFIED,0.072,RESTRICTED
ACC_006794,CUST_006794,SAVINGS,39902.53,ACTIVE,VERIFIED,0.627,RESTRICTED
ACC_006795,CUST_006795,SAVINGS,44288.34,FROZEN,FLAGGED,0.629,RESTRICTED
ACC_006796,CUST_006796,SAVINGS,15566.06,ACTIVE,VERIFIED,0.33,RESTRICTED
ACC_006797,CUST_006797,SAVINGS,45793.3,ACTIVE,VERIFIED,0.72,RESTRICTED
ACC_006798,CUST_006798,SAVINGS,22321.37,ACTIVE,VERIFIED,0.349,RESTRICTED
ACC_006799,CUST_006799,SAVINGS,48354.39,FROZEN,FLAGGED,0.293,RESTRICTED
ACC_006800,CUST_006800,SAVINGS,37320.44,ACTIVE,VERIFIED,0.308,RESTRICTED
ACC_006801,CUST_006801,SAVINGS,30728.83,ACTIVE,VERIFIED,0.353,RESTRICTED
ACC_006802,CUST_006802,SAVINGS,36473.89,ACTIVE,PENDING,0.388,RESTRICTED
ACC_006803,CUST_006803,SAVINGS,1404.62,ACTIVE,VERIFIED,0.129,RESTRICTED
ACC_006804,CUST_006804,SAVINGS,10538.62,ACTIVE,VERIFIED,0.19,RESTRICTED
ACC_006805,CUST_006805,SAVINGS,7163.9,ACTIVE,VERIFIED,0.097,RESTRICTED
ACC_006806,CUST_006806,SAVINGS,19397.98,ACTIVE,VERIFIED,0.231,RESTRICTED
ACC_006807,CUST_006807,SAVINGS,44834.71,ACTIVE,VERIFIED,0.02,RESTRICTED
ACC_006808,CUST_006808,SAVINGS,4713.23,ACTIVE,VERIFIED,0.439,RESTRICTED
ACC_006809,CUST_006809,SAVINGS,40683.59,ACTIVE,VERIFIED,0.15,RESTRICTED
ACC_006810,CUST_006810,SAVINGS,42140.92,ACTIVE,PENDING,0.165,RESTRICTED
ACC_006811,CUST_006811,SAVINGS,35413.81,ACTIVE,PENDING,0.021,RESTRICTED
ACC_006812,CUST_006812,SAVINGS,40285.25,ACTIVE,VERIFIED,0.163,RESTRICTED
ACC_006813,CUST_006813,SAVINGS,23862.51,ACTIVE,VERIFIED,0.156,RESTRICTED
ACC_006814,CUST_006814,SAVINGS,6555.32,ACTIVE,VERIFIED,0.073,RESTRICTED
ACC_006815,CUST_006815,SAVINGS,7497.55,ACTIVE,VERIFIED,0.62,RESTRICTED
ACC_006816,CUST_006816,SAVINGS,8467.57,ACTIVE,VERIFIED,0.345,RESTRICTED
ACC_006817,CUST_006817,SAVINGS,43838.13,ACTIVE,VERIFIED,0.345,RESTRICTED
ACC_006818,CUST_006818,SAVINGS,28073.45,ACTIVE,VERIFIED,0.677,RESTRICTED
ACC_006819,CUST_006819,SAVINGS,15554.6,ACTIVE,PENDING,0.498,RESTRICTED
ACC_006820,CUST_006820,SAVINGS,14928.87,ACTIVE,VERIFIED,0.377,RESTRICTED
ACC_006821,CUST_006821,SAVINGS,14708.28,ACTIVE,VERIFIED,0.829,RESTRICTED
ACC_006822,CUST_006822,SAVINGS,44388.3,ACTIVE,VERIFIED,0.415,RESTRICTED
ACC_006823,CUST_006823,SAVINGS,19683.45,ACTIVE,VERIFIED,0.19,RESTRICTED
ACC_006824,CUST_006824,SAVINGS,42789.4,ACTIVE,PENDING,0.399,RESTRICTED
ACC_006825,CUST_006825,SAVINGS,39742.66,ACTIVE,VERIFIED,0.383,RESTRICTED
ACC_006826,CUST_006826,SAVINGS,3135.38,ACTIVE,VERIFIED,0.148,RESTRICTED
ACC_006827,CUST_006827,SAVINGS,46935.14,ACTIVE,PENDING,0.174,RESTRICTED
ACC_006828,CUST_006828,SAVINGS,24871.31,ACTIVE,VERIFIED,0.62,RESTRICTED
ACC_006829,CUST_006829,SAVINGS,30234.41,ACTIVE,VERIFIED,0.359,RESTRICTED
ACC_006830,CUST_006830,SAVINGS,36218.05,ACTIVE,VERIFIED,0.371,RESTRICTED
ACC_006831,CUST_006831,SAVINGS,41905.96,ACTIVE,VERIFIED,0.064,RESTRICTED
ACC_006832,CUST_006832,SAVINGS,39316.08,ACTIVE,VERIFIED,0.529,RESTRICTED
ACC_006833,CUST_006833,SAVINGS,18303.55,ACTIVE,VERIFIED,0.217,RESTRICTED
ACC_006834,CUST_006834,SAVINGS,10433.31,ACTIVE,VERIFIED,0.241,RESTRICTED
ACC_006835,CUST_006835,SAVINGS,15007.31,ACTIVE,VERIFIED,0.313,RESTRICTED
ACC_006836,CUST_006836,SAVINGS,24944.58,ACTIVE,VERIFIED,0.06,RESTRICTED
ACC_006837,CUST_006837,SAVINGS,20478.68,ACTIVE,VERIFIED,0.054,RESTRICTED
ACC_006838,CUST_006838,SAVINGS,41427.2,ACTIVE,VERIFIED,0.24,RESTRICTED
ACC_006839,CUST_006839,SAVINGS,12069.23,ACTIVE,VERIFIED,0.152,RESTRICTED
ACC_006840,CUST_006840,SAVINGS,41385.33,ACTIVE,VERIFIED,0.19,RESTRICTED
ACC_006841,CUST_006841,SAVINGS,9820.93,ACTIVE,VERIFIED,0.266,RESTRICTED
ACC_006842,CUST_006842,SAVINGS,7989.14,FROZEN,FLAGGED,0.343,RESTRICTED
ACC_006843,CUST_006843,SAVINGS,24395.37,ACTIVE,PENDING,0.017,RESTRICTED
ACC_006844,CUST_006844,SAVINGS,26823.87,ACTIVE,PENDING,0.316,RESTRICTED
ACC_006845,CUST_006845,SAVINGS,30343.12,ACTIVE,VERIFIED,0.138,RESTRICTED
ACC_006846,CUST_006846,SAVINGS,13660.73,ACTIVE,VERIFIED,0.099,RESTRICTED
ACC_006847,CUST_006847,SAVINGS,26720.89,ACTIVE,VERIFIED,0.233,RESTRICTED
ACC_006848,CUST_006848,SAVINGS,32283.3,ACTIVE,VERIFIED,0.211,RESTRICTED
ACC_006849,CUST_006849,SAVINGS,10799.36,ACTIVE,VERIFIED,0.076,RESTRICTED
ACC_006850,CUST_006850,SAVINGS,11633.55,ACTIVE,VERIFIED,0.179,RESTRICTED
ACC_006851,CUST_006851,SAVINGS,20722.24,ACTIVE,VERIFIED,0.205,RESTRICTED
ACC_006852,CUST_006852,SAVINGS,47229.26,ACTIVE,VERIFIED,0.035,RESTRICTED
ACC_006853,CUST_006853,SAVINGS,47015.54,ACTIVE,VERIFIED,0.332,RESTRICTED
ACC_006854,CUST_006854,SAVINGS,25911.02,ACTIVE,VERIFIED,0.348,RESTRICTED
ACC_006855,CUST_006855,SAVINGS,29050.3,ACTIVE,VERIFIED,0.256,RESTRICTED
ACC_006856,CUST_006856,SAVINGS,3500.55,ACTIVE,VERIFIED,0.154,RESTRICTED
ACC_006857,CUST_006857,SAVINGS,1228.77,ACTIVE,VERIFIED,0.737,RESTRICTED
ACC_006858,CUST_006858,SAVINGS,41345.99,ACTIVE,VERIFIED,0.402,RESTRICTED
ACC_006859,CUST_006859,SAVINGS,47563.61,ACTIVE,VERIFIED,0.273,RESTRICTED
ACC_006860,CUST_006860,SAVINGS,2413.67,ACTIVE,PENDING,0.547,RESTRICTED
ACC_006861,CUST_006861,SAVINGS,46833.58,ACTIVE,VERIFIED,0.432,RESTRICTED
ACC_006862,CUST_006862,SAVINGS,28316.92,ACTIVE,VERIFIED,0.528,RESTRICTED
ACC_006863,CUST_006863,SAVINGS,40615.89,ACTIVE,VERIFIED,0.436,RESTRICTED
ACC_006864,CUST_006864,SAVINGS,20949.65,ACTIVE,VERIFIED,0.303,RESTRICTED
ACC_006865,CUST_006865,SAVINGS,33345.42,ACTIVE,VERIFIED,0.057,RESTRICTED
ACC_006866,CUST_006866,SAVINGS,5106.38,ACTIVE,VERIFIED,0.148,RESTRICTED
ACC_006867,CUST_006867,SAVINGS,33439.48,ACTIVE,VERIFIED,0.141,RESTRICTED
ACC_006868,CUST_006868,SAVINGS,16184.2,ACTIVE,VERIFIED,0.182,RESTRICTED
ACC_006869,CUST_006869,SAVINGS,10364.08,ACTIVE,VERIFIED,0.258,RESTRICTED
ACC_006870,CUST_006870,SAVINGS,11223.0,ACTIVE,VERIFIED,0.353,RESTRICTED
ACC_006871,CUST_006871,SAVINGS,49767.01,ACTIVE,VERIFIED,0.64,RESTRICTED
ACC_006872,CUST_006872,SAVINGS,35333.61,ACTIVE,VERIFIED,0.192,RESTRICTED
ACC_006873,CUST_006873,SAVINGS,3994.6,ACTIVE,VERIFIED,0.21,RESTRICTED
ACC_006874,CUST_006874,SAVINGS,20592.35,ACTIVE,VERIFIED,0.57,RESTRICTED
ACC_006875,CUST_006875,SAVINGS,33861.6,ACTIVE,VERIFIED,0.398,RESTRICTED
ACC_006876,CUST_006876,SAVINGS,32210.67,ACTIVE,VERIFIED,0.38,RESTRICTED
ACC_006877,CUST_006877,SAVINGS,46268.9,ACTIVE,VERIFIED,0.402,RESTRICTED
ACC_006878,CUST_006878,SAVINGS,30894.27,ACTIVE,VERIFIED,0.284,RESTRICTED
ACC_006879,CUST_006879,SAVINGS,33325.11,ACTIVE,VERIFIED,0.36,RESTRICTED
ACC_006880,CUST_006880,SAVINGS,14760.92,ACTIVE,VERIFIED,0.521,RESTRICTED
ACC_006881,CUST_006881,SAVINGS,1343.54,ACTIVE,PENDING,0.549,RESTRICTED
ACC_006882,CUST_006882,SAVINGS,39834.19,ACTIVE,VERIFIED,0.285,RESTRICTED
ACC_006883,CUST_006883,SAVINGS,39172.92,ACTIVE,VERIFIED,0.118,RESTRICTED
ACC_006884,CUST_006884,SAVINGS,37573.3,ACTIVE,PENDING,0.256,RESTRICTED
ACC_006885,CUST_006885,SAVINGS,36227.32,ACTIVE,VERIFIED,0.07,RESTRICTED
ACC_006886,CUST_006886,SAVINGS,18451.53,ACTIVE,VERIFIED,0.283,RESTRICTED
ACC_006887,CUST_006887,SAVINGS,18122.18,ACTIVE,VERIFIED,0.358,RESTRICTED
ACC_006888,CUST_006888,SAVINGS,34935.86,ACTIVE,VERIFIED,0.272,RESTRICTED
ACC_006889,CUST_006889,SAVINGS,46257.94,ACTIVE,VERIFIED,0.048,RESTRICTED
ACC_006890,CUST_006890,SAVINGS,3733.52,ACTIVE,VERIFIED,0.422,RESTRICTED
ACC_006891,CUST_006891,SAVINGS,13900.27,ACTIVE,VERIFIED,0.169,RESTRICTED
ACC_006892,CUST_006892,SAVINGS,17516.28,ACTIVE,VERIFIED,0.337,RESTRICTED
ACC_006893,CUST_006893,SAVINGS,3767.56,ACTIVE,VERIFIED,0.218,RESTRICTED
ACC_006894,CUST_006894,SAVINGS,40087.76,ACTIVE,VERIFIED,0.207,RESTRICTED
ACC_006895,CUST_006895,SAVINGS,33497.83,ACTIVE,VERIFIED,0.206,RESTRICTED
ACC_006896,CUST_006896,SAVINGS,32928.45,ACTIVE,VERIFIED,0.235,RESTRICTED
ACC_006897,CUST_006897,SAVINGS,11698.34,ACTIVE,VERIFIED,0.382,RESTRICTED
ACC_006898,CUST_006898,SAVINGS,37915.8,ACTIVE,VERIFIED,0.096,RESTRICTED
ACC_006899,CUST_006899,SAVINGS,2458.66,ACTIVE,VERIFIED,0.269,RESTRICTED
ACC_006900,CUST_006900,SAVINGS,7582.49,ACTIVE,VERIFIED,0.318,RESTRICTED
ACC_006901,CUST_006901,SAVINGS,40415.17,ACTIVE,VERIFIED,0.205,RESTRICTED
ACC_006902,CUST_006902,SAVINGS,1169.48,ACTIVE,VERIFIED,0.119,RESTRICTED
ACC_006903,CUST_006903,SAVINGS,33907.33,ACTIVE,VERIFIED,0.315,RESTRICTED
ACC_006904,CUST_006904,SAVINGS,22601.69,ACTIVE,VERIFIED,0.512,RESTRICTED
ACC_006905,CUST_006905,SAVINGS,24496.12,ACTIVE,VERIFIED,0.351,RESTRICTED
ACC_006906,CUST_006906,SAVINGS,33315.38,ACTIVE,VERIFIED,0.434,RESTRICTED
ACC_006907,CUST_006907,SAVINGS,22245.19,ACTIVE,PENDING,0.56,RESTRICTED
ACC_006908,CUST_006908,SAVINGS,19288.46,ACTIVE,VERIFIED,0.265,RESTRICTED
ACC_006909,CUST_006909,SAVINGS,2759.58,ACTIVE,VERIFIED,0.25,RESTRICTED
ACC_006910,CUST_006910,SAVINGS,15118.99,FROZEN,FLAGGED,0.613,RESTRICTED
ACC_006911,CUST_006911,SAVINGS,15991.3,ACTIVE,PENDING,0.227,RESTRICTED
ACC_006912,CUST_006912,SAVINGS,42836.84,ACTIVE,VERIFIED,0.549,RESTRICTED
ACC_006913,CUST_006913,SAVINGS,46921.56,ACTIVE,VERIFIED,0.245,RESTRICTED
ACC_006914,CUST_006914,SAVINGS,38439.43,ACTIVE,VERIFIED,0.121,RESTRICTED
ACC_006915,CUST_006915,SAVINGS,9467.51,ACTIVE,VERIFIED,0.208,RESTRICTED
ACC_006916,CUST_006916,SAVINGS,41238.74,ACTIVE,VERIFIED,0.093,RESTRICTED
ACC_006917,CUST_006917,SAVINGS,38268.87,ACTIVE,VERIFIED,0.156,RESTRICTED
ACC_006918,CUST_006918,SAVINGS,10465.89,ACTIVE,VERIFIED,0.127,RESTRICTED
ACC_006919,CUST_006919,SAVINGS,30509.79,ACTIVE,VERIFIED,0.31,RESTRICTED
ACC_006920,CUST_006920,SAVINGS,47122.78,ACTIVE,VERIFIED,0.061,RESTRICTED
ACC_006921,CUST_006921,SAVINGS,17409.22,ACTIVE,VERIFIED,0.225,RESTRICTED
ACC_006922,CUST_006922,SAVINGS,36116.75,ACTIVE,VERIFIED,0.151,RESTRICTED
ACC_006923,CUST_006923,SAVINGS,13024.28,ACTIVE,VERIFIED,0.043,RESTRICTED
ACC_006924,CUST_006924,SAVINGS,26298.25,ACTIVE,VERIFIED,0.306,RESTRICTED
ACC_006925,CUST_006925,SAVINGS,46391.6,ACTIVE,VERIFIED,0.243,RESTRICTED
ACC_006926,CUST_006926,SAVINGS,9767.22,ACTIVE,PENDING,0.29,RESTRICTED
ACC_006927,CUST_006927,SAVINGS,29633.85,ACTIVE,VERIFIED,0.233,RESTRICTED
ACC_006928,CUST_006928,SAVINGS,47578.87,ACTIVE,VERIFIED,0.218,RESTRICTED
ACC_006929,CUST_006929,SAVINGS,6104.16,ACTIVE,VERIFIED,0.557,RESTRICTED
ACC_006930,CUST_006930,SAVINGS,39613.41,ACTIVE,VERIFIED,0.429,RESTRICTED
ACC_006931,CUST_006931,SAVINGS,35717.88,ACTIVE,VERIFIED,0.468,RESTRICTED
ACC_006932,CUST_006932,SAVINGS,32068.2,ACTIVE,VERIFIED,0.341,RESTRICTED
ACC_006933,CUST_006933,SAVINGS,7383.34,ACTIVE,VERIFIED,0.227,RESTRICTED
ACC_006934,CUST_006934,SAVINGS,43078.32,ACTIVE,PENDING,0.081,RESTRICTED
ACC_006935,CUST_006935,SAVINGS,8884.46,FROZEN,FLAGGED,0.36,RESTRICTED
ACC_006936,CUST_006936,SAVINGS,12236.15,ACTIVE,VERIFIED,0.592,RESTRICTED
ACC_006937,CUST_006937,SAVINGS,34540.59,ACTIVE,VERIFIED,0.47,RESTRICTED
ACC_006938,CUST_006938,SAVINGS,14434.15,ACTIVE,VERIFIED,0.16,RESTRICTED
ACC_006939,CUST_006939,SAVINGS,1339.15,ACTIVE,VERIFIED,0.199,RESTRICTED
ACC_006940,CUST_006940,SAVINGS,36551.08,ACTIVE,VERIFIED,0.112,RESTRICTED
ACC_006941,CUST_006941,SAVINGS,20283.35,ACTIVE,VERIFIED,0.48,RESTRICTED
ACC_006942,CUST_006942,SAVINGS,21441.39,FROZEN,FLAGGED,0.266,RESTRICTED
ACC_006943,CUST_006943,SAVINGS,26175.81,ACTIVE,VERIFIED,0.253,RESTRICTED
ACC_006944,CUST_006944,SAVINGS,38954.53,ACTIVE,VERIFIED,0.173,RESTRICTED
ACC_006945,CUST_006945,SAVINGS,22676.56,ACTIVE,VERIFIED,0.173,RESTRICTED
ACC_006946,CUST_006946,SAVINGS,32679.67,ACTIVE,VERIFIED,0.413,RESTRICTED
ACC_006947,CUST_006947,SAVINGS,12849.39,ACTIVE,VERIFIED,0.395,RESTRICTED
ACC_006948,CUST_006948,SAVINGS,4061.56,ACTIVE,VERIFIED,0.303,RESTRICTED
ACC_006949,CUST_006949,SAVINGS,48161.11,ACTIVE,VERIFIED,0.159,RESTRICTED
ACC_006950,CUST_006950,SAVINGS,5573.11,ACTIVE,PENDING,0.138,RESTRICTED
ACC_006951,CUST_006951,SAVINGS,40289.52,ACTIVE,PENDING,0.323,RESTRICTED
ACC_006952,CUST_006952,SAVINGS,18515.33,FROZEN,FLAGGED,0.175,RESTRICTED
ACC_006953,CUST_006953,SAVINGS,17066.63,ACTIVE,VERIFIED,0.474,RESTRICTED
ACC_006954,CUST_006954,SAVINGS,2537.89,ACTIVE,VERIFIED,0.168,RESTRICTED
ACC_006955,CUST_006955,SAVINGS,28184.93,ACTIVE,VERIFIED,0.489,RESTRICTED
ACC_006956,CUST_006956,SAVINGS,38788.77,FROZEN,FLAGGED,0.131,RESTRICTED
ACC_006957,CUST_006957,SAVINGS,5710.03,ACTIVE,VERIFIED,0.249,RESTRICTED
ACC_006958,CUST_006958,SAVINGS,36137.61,ACTIVE,VERIFIED,0.396,RESTRICTED
ACC_006959,CUST_006959,SAVINGS,34278.19,FROZEN,FLAGGED,0.095,RESTRICTED
ACC_006960,CUST_006960,SAVINGS,26977.87,ACTIVE,VERIFIED,0.066,RESTRICTED
ACC_006961,CUST_006961,SAVINGS,26166.81,ACTIVE,VERIFIED,0.038,RESTRICTED
ACC_006962,CUST_006962,SAVINGS,37716.18,ACTIVE,VERIFIED,0.261,RESTRICTED
ACC_006963,CUST_006963,SAVINGS,18682.81,ACTIVE,VERIFIED,0.462,RESTRICTED
ACC_006964,CUST_006964,SAVINGS,33925.5,ACTIVE,VERIFIED,0.295,RESTRICTED
ACC_006965,CUST_006965,SAVINGS,6650.92,ACTIVE,VERIFIED,0.279,RESTRICTED
ACC_006966,CUST_006966,SAVINGS,44198.98,ACTIVE,VERIFIED,0.192,RESTRICTED
ACC_006967,CUST_006967,SAVINGS,21870.17,ACTIVE,VERIFIED,0.391,RESTRICTED
ACC_006968,CUST_006968,SAVINGS,36372.81,ACTIVE,VERIFIED,0.277,RESTRICTED
ACC_006969,CUST_006969,SAVINGS,9340.41,ACTIVE,VERIFIED,0.077,RESTRICTED
ACC_006970,CUST_006970,SAVINGS,2605.16,ACTIVE,VERIFIED,0.743,RESTRICTED
ACC_006971,CUST_006971,SAVINGS,43487.9,FROZEN,FLAGGED,0.223,RESTRICTED
ACC_006972,CUST_006972,SAVINGS,31365.77,ACTIVE,VERIFIED,0.203,RESTRICTED
ACC_006973,CUST_006973,SAVINGS,37732.72,ACTIVE,VERIFIED,0.197,RESTRICTED
ACC_006974,CUST_006974,SAVINGS,23683.1,ACTIVE,VERIFIED,0.078,RESTRICTED
ACC_006975,CUST_006975,SAVINGS,45028.23,ACTIVE,VERIFIED,0.334,RESTRICTED
ACC_006976,CUST_006976,SAVINGS,23495.86,ACTIVE,VERIFIED,0.096,RESTRICTED
ACC_006977,CUST_006977,SAVINGS,45052.56,ACTIVE,PENDING,0.27,RESTRICTED
ACC_006978,CUST_006978,SAVINGS,46168.59,ACTIVE,VERIFIED,0.121,RESTRICTED
ACC_006979,CUST_006979,SAVINGS,45233.1,ACTIVE,VERIFIED,0.337,RESTRICTED
ACC_006980,CUST_006980,SAVINGS,36925.43,FROZEN,FLAGGED,0.333,RESTRICTED
ACC_006981,CUST_006981,SAVINGS,41039.8,ACTIVE,VERIFIED,0.323,RESTRICTED
ACC_006982,CUST_006982,SAVINGS,25884.62,ACTIVE,VERIFIED,0.031,RESTRICTED
ACC_006983,CUST_006983,SAVINGS,18761.13,ACTIVE,VERIFIED,0.47,RESTRICTED
ACC_006984,CUST_006984,SAVINGS,7954.28,ACTIVE,VERIFIED,0.474,RESTRICTED
ACC_006985,CUST_006985,SAVINGS,43620.39,ACTIVE,VERIFIED,0.164,RESTRICTED
ACC_006986,CUST_006986,SAVINGS,28671.92,ACTIVE,VERIFIED,0.453,RESTRICTED
ACC_006987,CUST_006987,SAVINGS,21121.52,ACTIVE,VERIFIED,0.262,RESTRICTED
ACC_006988,CUST_006988,SAVINGS,2777.88,ACTIVE,PENDING,0.404,RESTRICTED
ACC_006989,CUST_006989,SAVINGS,26951.05,ACTIVE,VERIFIED,0.413,RESTRICTED
ACC_006990,CUST_006990,SAVINGS,29100.31,ACTIVE,VERIFIED,0.194,RESTRICTED
ACC_006991,CUST_006991,SAVINGS,21981.94,ACTIVE,VERIFIED,0.192,RESTRICTED
ACC_006992,CUST_006992,SAVINGS,22360.75,ACTIVE,VERIFIED,0.336,RESTRICTED
ACC_006993,CUST_006993,SAVINGS,19476.01,ACTIVE,VERIFIED,0.167,RESTRICTED
ACC_006994,CUST_006994,SAVINGS,42773.17,ACTIVE,VERIFIED,0.159,RESTRICTED
ACC_006995,CUST_006995,SAVINGS,42548.14,ACTIVE,VERIFIED,0.446,RESTRICTED
ACC_006996,CUST_006996,SAVINGS,38473.46,ACTIVE,VERIFIED,0.221,RESTRICTED
ACC_006997,CUST_006997,SAVINGS,6414.49,ACTIVE,VERIFIED,0.381,RESTRICTED
ACC_006998,CUST_006998,SAVINGS,13962.02,ACTIVE,VERIFIED,0.04,RESTRICTED
ACC_006999,CUST_006999,SAVINGS,48149.57,ACTIVE,VERIFIED,0.576,RESTRICTED
ACC_007000,CUST_007000,SAVINGS,30687.82,ACTIVE,PENDING,0.207,RESTRICTED
ACC_007001,CUST_007001,SAVINGS,8122.24,ACTIVE,VERIFIED,0.33,RESTRICTED
ACC_007002,CUST_007002,SAVINGS,17460.3,ACTIVE,VERIFIED,0.209,RESTRICTED
ACC_007003,CUST_007003,SAVINGS,15320.4,ACTIVE,VERIFIED,0.206,RESTRICTED
ACC_007004,CUST_007004,SAVINGS,18382.34,ACTIVE,VERIFIED,0.233,RESTRICTED
ACC_007005,CUST_007005,SAVINGS,28962.11,ACTIVE,VERIFIED,0.381,RESTRICTED
ACC_007006,CUST_007006,SAVINGS,43421.62,ACTIVE,VERIFIED,0.297,RESTRICTED
ACC_007007,CUST_007007,SAVINGS,28536.88,ACTIVE,VERIFIED,0.382,RESTRICTED
ACC_007008,CUST_007008,SAVINGS,31222.24,ACTIVE,VERIFIED,0.18,RESTRICTED
ACC_007009,CUST_007009,SAVINGS,8647.31,ACTIVE,VERIFIED,0.132,RESTRICTED
ACC_007010,CUST_007010,SAVINGS,22058.96,ACTIVE,PENDING,0.524,RESTRICTED
ACC_007011,CUST_007011,SAVINGS,24978.86,FROZEN,FLAGGED,0.597,RESTRICTED
ACC_007012,CUST_007012,SAVINGS,7379.43,ACTIVE,VERIFIED,0.227,RESTRICTED
ACC_007013,CUST_007013,SAVINGS,35446.66,ACTIVE,VERIFIED,0.424,RESTRICTED
ACC_007014,CUST_007014,SAVINGS,13052.16,ACTIVE,VERIFIED,0.249,RESTRICTED
ACC_007015,CUST_007015,SAVINGS,2519.51,ACTIVE,PENDING,0.656,RESTRICTED
ACC_007016,CUST_007016,SAVINGS,39984.61,ACTIVE,VERIFIED,0.499,RESTRICTED
ACC_007017,CUST_007017,SAVINGS,27833.99,ACTIVE,VERIFIED,0.373,RESTRICTED
ACC_007018,CUST_007018,SAVINGS,29866.34,ACTIVE,VERIFIED,0.147,RESTRICTED
ACC_007019,CUST_007019,SAVINGS,49162.03,ACTIVE,VERIFIED,0.321,RESTRICTED
ACC_007020,CUST_007020,SAVINGS,23452.52,ACTIVE,VERIFIED,0.028,RESTRICTED
ACC_007021,CUST_007021,SAVINGS,21820.05,ACTIVE,VERIFIED,0.232,RESTRICTED
ACC_007022,CUST_007022,SAVINGS,12715.9,ACTIVE,VERIFIED,0.429,RESTRICTED
ACC_007023,CUST_007023,SAVINGS,32333.33,ACTIVE,VERIFIED,0.374,RESTRICTED
ACC_007024,CUST_007024,SAVINGS,23350.1,ACTIVE,VERIFIED,0.362,RESTRICTED
ACC_007025,CUST_007025,SAVINGS,30635.79,ACTIVE,VERIFIED,0.19,RESTRICTED
ACC_007026,CUST_007026,SAVINGS,16908.32,ACTIVE,VERIFIED,0.106,RESTRICTED
ACC_007027,CUST_007027,SAVINGS,7546.8,ACTIVE,VERIFIED,0.194,RESTRICTED
ACC_007028,CUST_007028,SAVINGS,37861.21,ACTIVE,VERIFIED,0.276,RESTRICTED
ACC_007029,CUST_007029,SAVINGS,19744.53,ACTIVE,VERIFIED,0.109,RESTRICTED
ACC_007030,CUST_007030,SAVINGS,28025.08,FROZEN,FLAGGED,0.149,RESTRICTED
ACC_007031,CUST_007031,SAVINGS,40039.4,ACTIVE,VERIFIED,0.113,RESTRICTED
ACC_007032,CUST_007032,SAVINGS,25201.91,ACTIVE,VERIFIED,0.087,RESTRICTED
ACC_007033,CUST_007033,SAVINGS,35063.97,ACTIVE,VERIFIED,0.394,RESTRICTED
ACC_007034,CUST_007034,SAVINGS,4563.02,ACTIVE,VERIFIED,0.288,RESTRICTED
ACC_007035,CUST_007035,SAVINGS,11600.69,ACTIVE,VERIFIED,0.305,RESTRICTED
ACC_007036,CUST_007036,SAVINGS,5072.49,ACTIVE,VERIFIED,0.342,RESTRICTED
ACC_007037,CUST_007037,SAVINGS,12104.09,ACTIVE,VERIFIED,0.195,RESTRICTED
ACC_007038,CUST_007038,SAVINGS,38567.76,ACTIVE,VERIFIED,0.44,RESTRICTED
ACC_007039,CUST_007039,SAVINGS,28749.97,ACTIVE,VERIFIED,0.291,RESTRICTED
ACC_007040,CUST_007040,SAVINGS,21016.95,ACTIVE,VERIFIED,0.13,RESTRICTED
ACC_007041,CUST_007041,SAVINGS,13490.84,ACTIVE,VERIFIED,0.165,RESTRICTED
ACC_007042,CUST_007042,SAVINGS,31868.9,ACTIVE,VERIFIED,0.312,RESTRICTED
ACC_007043,CUST_007043,SAVINGS,10831.43,ACTIVE,VERIFIED,0.479,RESTRICTED
ACC_007044,CUST_007044,SAVINGS,22082.25,ACTIVE,VERIFIED,0.537,RESTRICTED
ACC_007045,CUST_007045,SAVINGS,44530.08,ACTIVE,VERIFIED,0.2,RESTRICTED
ACC_007046,CUST_007046,SAVINGS,26177.91,ACTIVE,VERIFIED,0.219,RESTRICTED
ACC_007047,CUST_007047,SAVINGS,37783.96,ACTIVE,PENDING,0.275,RESTRICTED
ACC_007048,CUST_007048,SAVINGS,36123.63,ACTIVE,VERIFIED,0.618,RESTRICTED
ACC_007049,CUST_007049,SAVINGS,31199.54,ACTIVE,VERIFIED,0.07,RESTRICTED
ACC_007050,CUST_007050,SAVINGS,4796.38,FROZEN,FLAGGED,0.091,RESTRICTED
ACC_007051,CUST_007051,SAVINGS,29498.47,ACTIVE,VERIFIED,0.382,RESTRICTED
ACC_007052,CUST_007052,SAVINGS,38540.78,ACTIVE,VERIFIED,0.279,RESTRICTED
ACC_007053,CUST_007053,SAVINGS,1833.52,ACTIVE,VERIFIED,0.063,RESTRICTED
ACC_007054,CUST_007054,SAVINGS,10700.22,ACTIVE,VERIFIED,0.254,RESTRICTED
ACC_007055,CUST_007055,SAVINGS,4985.5,ACTIVE,PENDING,0.108,RESTRICTED
ACC_007056,CUST_007056,SAVINGS,34827.54,ACTIVE,VERIFIED,0.418,RESTRICTED
ACC_007057,CUST_007057,SAVINGS,2611.7,ACTIVE,VERIFIED,0.075,RESTRICTED
ACC_007058,CUST_007058,SAVINGS,49007.91,ACTIVE,VERIFIED,0.091,RESTRICTED
ACC_007059,CUST_007059,SAVINGS,49477.92,ACTIVE,VERIFIED,0.224,RESTRICTED
ACC_007060,CUST_007060,SAVINGS,38826.62,ACTIVE,VERIFIED,0.38,RESTRICTED
ACC_007061,CUST_007061,SAVINGS,39801.58,ACTIVE,VERIFIED,0.282,RESTRICTED
ACC_007062,CUST_007062,SAVINGS,18424.91,ACTIVE,PENDING,0.146,RESTRICTED
ACC_007063,CUST_007063,SAVINGS,46225.24,ACTIVE,PENDING,0.351,RESTRICTED
ACC_007064,CUST_007064,SAVINGS,2735.35,ACTIVE,VERIFIED,0.575,RESTRICTED
ACC_007065,CUST_007065,SAVINGS,24196.38,ACTIVE,VERIFIED,0.481,RESTRICTED
ACC_007066,CUST_007066,SAVINGS,39208.08,ACTIVE,VERIFIED,0.113,RESTRICTED
ACC_007067,CUST_007067,SAVINGS,43362.54,ACTIVE,VERIFIED,0.489,RESTRICTED
ACC_007068,CUST_007068,SAVINGS,7770.71,ACTIVE,VERIFIED,0.059,RESTRICTED
ACC_007069,CUST_007069,SAVINGS,41478.28,ACTIVE,VERIFIED,0.25,RESTRICTED
ACC_007070,CUST_007070,SAVINGS,42966.75,ACTIVE,VERIFIED,0.253,RESTRICTED
ACC_007071,CUST_007071,SAVINGS,22038.83,ACTIVE,VERIFIED,0.068,RESTRICTED
ACC_007072,CUST_007072,SAVINGS,32940.89,ACTIVE,VERIFIED,0.142,RESTRICTED
ACC_007073,CUST_007073,SAVINGS,14284.94,ACTIVE,VERIFIED,0.071,RESTRICTED
ACC_007074,CUST_007074,SAVINGS,26798.05,ACTIVE,VERIFIED,0.081,RESTRICTED
ACC_007075,CUST_007075,SAVINGS,48927.51,ACTIVE,VERIFIED,0.276,RESTRICTED
ACC_007076,CUST_007076,SAVINGS,39618.77,ACTIVE,VERIFIED,0.051,RESTRICTED
ACC_007077,CUST_007077,SAVINGS,14010.37,ACTIVE,PENDING,0.257,RESTRICTED
ACC_007078,CUST_007078,SAVINGS,30567.48,ACTIVE,VERIFIED,0.25,RESTRICTED
ACC_007079,CUST_007079,SAVINGS,35914.85,ACTIVE,VERIFIED,0.091,RESTRICTED
ACC_007080,CUST_007080,SAVINGS,39818.74,ACTIVE,VERIFIED,0.214,RESTRICTED
ACC_007081,CUST_007081,SAVINGS,47560.87,FROZEN,FLAGGED,0.365,RESTRICTED
ACC_007082,CUST_007082,SAVINGS,39616.9,ACTIVE,VERIFIED,0.352,RESTRICTED
ACC_007083,CUST_007083,SAVINGS,27880.07,ACTIVE,VERIFIED,0.27,RESTRICTED
ACC_007084,CUST_007084,SAVINGS,2570.37,ACTIVE,VERIFIED,0.544,RESTRICTED
ACC_007085,CUST_007085,SAVINGS,14752.4,FROZEN,FLAGGED,0.035,RESTRICTED
ACC_007086,CUST_007086,SAVINGS,38418.44,ACTIVE,VERIFIED,0.213,RESTRICTED
ACC_007087,CUST_007087,SAVINGS,34127.83,FROZEN,FLAGGED,0.271,RESTRICTED
ACC_007088,CUST_007088,SAVINGS,38899.23,ACTIVE,VERIFIED,0.206,RESTRICTED
ACC_007089,CUST_007089,SAVINGS,20256.13,ACTIVE,VERIFIED,0.797,RESTRICTED
ACC_007090,CUST_007090,SAVINGS,38446.79,ACTIVE,VERIFIED,0.205,RESTRICTED
ACC_007091,CUST_007091,SAVINGS,27785.64,ACTIVE,VERIFIED,0.199,RESTRICTED
ACC_007092,CUST_007092,SAVINGS,44295.33,ACTIVE,VERIFIED,0.309,RESTRICTED
ACC_007093,CUST_007093,SAVINGS,31902.59,ACTIVE,VERIFIED,0.093,RESTRICTED
ACC_007094,CUST_007094,SAVINGS,19780.61,ACTIVE,VERIFIED,0.443,RESTRICTED
ACC_007095,CUST_007095,SAVINGS,34954.51,ACTIVE,VERIFIED,0.447,RESTRICTED
ACC_007096,CUST_007096,SAVINGS,43627.29,ACTIVE,VERIFIED,0.053,RESTRICTED
ACC_007097,CUST_007097,SAVINGS,38134.75,ACTIVE,PENDING,0.166,RESTRICTED
ACC_007098,CUST_007098,SAVINGS,14103.84,ACTIVE,PENDING,0.105,RESTRICTED
ACC_007099,CUST_007099,SAVINGS,45663.43,ACTIVE,VERIFIED,0.503,RESTRICTED
ACC_007100,CUST_007100,SAVINGS,32291.51,FROZEN,FLAGGED,0.063,RESTRICTED
ACC_007101,CUST_007101,SAVINGS,43605.36,ACTIVE,VERIFIED,0.06,RESTRICTED
ACC_007102,CUST_007102,SAVINGS,49349.35,ACTIVE,VERIFIED,0.067,RESTRICTED
ACC_007103,CUST_007103,SAVINGS,30519.33,ACTIVE,VERIFIED,0.177,RESTRICTED
ACC_007104,CUST_007104,SAVINGS,24686.59,ACTIVE,VERIFIED,0.104,RESTRICTED
ACC_007105,CUST_007105,SAVINGS,18377.52,ACTIVE,VERIFIED,0.343,RESTRICTED
ACC_007106,CUST_007106,SAVINGS,38671.08,ACTIVE,PENDING,0.209,RESTRICTED
ACC_007107,CUST_007107,SAVINGS,34047.05,ACTIVE,VERIFIED,0.201,RESTRICTED
ACC_007108,CUST_007108,SAVINGS,12785.88,ACTIVE,VERIFIED,0.283,RESTRICTED
ACC_007109,CUST_007109,SAVINGS,41392.95,ACTIVE,VERIFIED,0.284,RESTRICTED
ACC_007110,CUST_007110,SAVINGS,24036.38,ACTIVE,VERIFIED,0.401,RESTRICTED
ACC_007111,CUST_007111,SAVINGS,4375.21,ACTIVE,VERIFIED,0.038,RESTRICTED
ACC_007112,CUST_007112,SAVINGS,46281.44,ACTIVE,VERIFIED,0.236,RESTRICTED
ACC_007113,CUST_007113,SAVINGS,22394.37,ACTIVE,VERIFIED,0.84,RESTRICTED
ACC_007114,CUST_007114,SAVINGS,31915.48,ACTIVE,VERIFIED,0.099,RESTRICTED
ACC_007115,CUST_007115,SAVINGS,41786.83,ACTIVE,VERIFIED,0.326,RESTRICTED
ACC_007116,CUST_007116,SAVINGS,24251.38,ACTIVE,VERIFIED,0.308,RESTRICTED
ACC_007117,CUST_007117,SAVINGS,41710.57,ACTIVE,PENDING,0.288,RESTRICTED
ACC_007118,CUST_007118,SAVINGS,1038.04,ACTIVE,VERIFIED,0.204,RESTRICTED
ACC_007119,CUST_007119,SAVINGS,34017.45,ACTIVE,VERIFIED,0.095,RESTRICTED
ACC_007120,CUST_007120,SAVINGS,23439.23,ACTIVE,VERIFIED,0.276,RESTRICTED
ACC_007121,CUST_007121,SAVINGS,29976.69,ACTIVE,VERIFIED,0.093,RESTRICTED
ACC_007122,CUST_007122,SAVINGS,15573.22,ACTIVE,PENDING,0.064,RESTRICTED
ACC_007123,CUST_007123,SAVINGS,40087.03,ACTIVE,VERIFIED,0.185,RESTRICTED
ACC_007124,CUST_007124,SAVINGS,16650.33,ACTIVE,VERIFIED,0.443,RESTRICTED
ACC_007125,CUST_007125,SAVINGS,19105.63,ACTIVE,VERIFIED,0.245,RESTRICTED
ACC_007126,CUST_007126,SAVINGS,49300.31,ACTIVE,VERIFIED,0.117,RESTRICTED
ACC_007127,CUST_007127,SAVINGS,4847.12,FROZEN,FLAGGED,0.355,RESTRICTED
ACC_007128,CUST_007128,SAVINGS,20355.69,FROZEN,FLAGGED,0.362,RESTRICTED
ACC_007129,CUST_007129,SAVINGS,45110.24,ACTIVE,VERIFIED,0.197,RESTRICTED
ACC_007130,CUST_007130,SAVINGS,5228.38,ACTIVE,VERIFIED,0.174,RESTRICTED
ACC_007131,CUST_007131,SAVINGS,28146.01,ACTIVE,VERIFIED,0.464,RESTRICTED
ACC_007132,CUST_007132,SAVINGS,6124.91,ACTIVE,VERIFIED,0.267,RESTRICTED
ACC_007133,CUST_007133,SAVINGS,19600.71,ACTIVE,VERIFIED,0.334,RESTRICTED
ACC_007134,CUST_007134,SAVINGS,6990.54,ACTIVE,VERIFIED,0.109,RESTRICTED
ACC_007135,CUST_007135,SAVINGS,10012.61,ACTIVE,VERIFIED,0.534,RESTRICTED
ACC_007136,CUST_007136,SAVINGS,35043.45,ACTIVE,VERIFIED,0.074,RESTRICTED
ACC_007137,CUST_007137,SAVINGS,2331.78,ACTIVE,VERIFIED,0.243,RESTRICTED
ACC_007138,CUST_007138,SAVINGS,35130.22,FROZEN,FLAGGED,0.262,RESTRICTED
ACC_007139,CUST_007139,SAVINGS,40731.79,ACTIVE,PENDING,0.306,RESTRICTED
ACC_007140,CUST_007140,SAVINGS,11018.96,ACTIVE,VERIFIED,0.114,RESTRICTED
ACC_007141,CUST_007141,SAVINGS,44881.62,ACTIVE,VERIFIED,0.357,RESTRICTED
ACC_007142,CUST_007142,SAVINGS,39142.24,ACTIVE,VERIFIED,0.155,RESTRICTED
ACC_007143,CUST_007143,SAVINGS,27632.61,ACTIVE,VERIFIED,0.217,RESTRICTED
ACC_007144,CUST_007144,SAVINGS,41051.56,ACTIVE,VERIFIED,0.458,RESTRICTED
ACC_007145,CUST_007145,SAVINGS,38386.08,ACTIVE,VERIFIED,0.34,RESTRICTED
ACC_007146,CUST_007146,SAVINGS,48278.63,ACTIVE,VERIFIED,0.162,RESTRICTED
ACC_007147,CUST_007147,SAVINGS,29159.86,ACTIVE,VERIFIED,0.427,RESTRICTED
ACC_007148,CUST_007148,SAVINGS,41793.53,ACTIVE,PENDING,0.222,RESTRICTED
ACC_007149,CUST_007149,SAVINGS,7988.56,ACTIVE,VERIFIED,0.15,RESTRICTED
ACC_007150,CUST_007150,SAVINGS,17111.21,ACTIVE,VERIFIED,0.264,RESTRICTED
ACC_007151,CUST_007151,SAVINGS,5288.61,ACTIVE,VERIFIED,0.38,RESTRICTED
ACC_007152,CUST_007152,SAVINGS,21837.74,ACTIVE,VERIFIED,0.123,RESTRICTED
ACC_007153,CUST_007153,SAVINGS,41970.29,FROZEN,FLAGGED,0.438,RESTRICTED
ACC_007154,CUST_007154,SAVINGS,41943.96,ACTIVE,VERIFIED,0.374,RESTRICTED
ACC_007155,CUST_007155,SAVINGS,28848.03,ACTIVE,VERIFIED,0.388,RESTRICTED
ACC_007156,CUST_007156,SAVINGS,47044.09,ACTIVE,VERIFIED,0.29,RESTRICTED
ACC_007157,CUST_007157,SAVINGS,40882.58,ACTIVE,VERIFIED,0.054,RESTRICTED
ACC_007158,CUST_007158,SAVINGS,33613.82,ACTIVE,VERIFIED,0.225,RESTRICTED
ACC_007159,CUST_007159,SAVINGS,30151.57,ACTIVE,VERIFIED,0.318,RESTRICTED
ACC_007160,CUST_007160,SAVINGS,2338.0,ACTIVE,VERIFIED,0.416,RESTRICTED
ACC_007161,CUST_007161,SAVINGS,32508.31,ACTIVE,VERIFIED,0.367,RESTRICTED
ACC_007162,CUST_007162,SAVINGS,5950.22,ACTIVE,VERIFIED,0.037,RESTRICTED
ACC_007163,CUST_007163,SAVINGS,49678.14,ACTIVE,VERIFIED,0.363,RESTRICTED
ACC_007164,CUST_007164,SAVINGS,19227.65,ACTIVE,VERIFIED,0.265,RESTRICTED
ACC_007165,CUST_007165,SAVINGS,43941.49,ACTIVE,VERIFIED,0.079,RESTRICTED
ACC_007166,CUST_007166,SAVINGS,43999.32,ACTIVE,VERIFIED,0.545,RESTRICTED
ACC_007167,CUST_007167,SAVINGS,15528.54,ACTIVE,VERIFIED,0.392,RESTRICTED
ACC_007168,CUST_007168,SAVINGS,30985.56,ACTIVE,PENDING,0.293,RESTRICTED
ACC_007169,CUST_007169,SAVINGS,8374.05,ACTIVE,VERIFIED,0.086,RESTRICTED
ACC_007170,CUST_007170,SAVINGS,39425.95,ACTIVE,VERIFIED,0.162,RESTRICTED
ACC_007171,CUST_007171,SAVINGS,45104.84,ACTIVE,VERIFIED,0.432,RESTRICTED
ACC_007172,CUST_007172,SAVINGS,5003.9,ACTIVE,VERIFIED,0.323,RESTRICTED
ACC_007173,CUST_007173,SAVINGS,10614.16,ACTIVE,VERIFIED,0.161,RESTRICTED
ACC_007174,CUST_007174,SAVINGS,14078.31,ACTIVE,VERIFIED,0.105,RESTRICTED
ACC_007175,CUST_007175,SAVINGS,22256.42,ACTIVE,VERIFIED,0.139,RESTRICTED
ACC_007176,CUST_007176,SAVINGS,31084.12,FROZEN,FLAGGED,0.473,RESTRICTED
ACC_007177,CUST_007177,SAVINGS,30106.6,ACTIVE,PENDING,0.191,RESTRICTED
ACC_007178,CUST_007178,SAVINGS,27298.43,ACTIVE,VERIFIED,0.116,RESTRICTED
ACC_007179,CUST_007179,SAVINGS,23003.69,ACTIVE,VERIFIED,0.129,RESTRICTED
ACC_007180,CUST_007180,SAVINGS,23394.87,ACTIVE,VERIFIED,0.39,RESTRICTED
ACC_007181,CUST_007181,SAVINGS,45173.21,ACTIVE,VERIFIED,0.33,RESTRICTED
ACC_007182,CUST_007182,SAVINGS,28365.8,ACTIVE,VERIFIED,0.484,RESTRICTED
ACC_007183,CUST_007183,SAVINGS,46917.1,ACTIVE,VERIFIED,0.268,RESTRICTED
ACC_007184,CUST_007184,SAVINGS,22853.59,ACTIVE,VERIFIED,0.374,RESTRICTED
ACC_007185,CUST_007185,SAVINGS,17396.82,ACTIVE,VERIFIED,0.129,RESTRICTED
ACC_007186,CUST_007186,SAVINGS,21184.67,ACTIVE,VERIFIED,0.213,RESTRICTED
ACC_007187,CUST_007187,SAVINGS,11029.71,ACTIVE,VERIFIED,0.455,RESTRICTED
ACC_007188,CUST_007188,SAVINGS,20023.95,FROZEN,FLAGGED,0.158,RESTRICTED
ACC_007189,CUST_007189,SAVINGS,2575.4,ACTIVE,VERIFIED,0.391,RESTRICTED
ACC_007190,CUST_007190,SAVINGS,9902.57,ACTIVE,VERIFIED,0.336,RESTRICTED
ACC_007191,CUST_007191,SAVINGS,42703.49,ACTIVE,VERIFIED,0.407,RESTRICTED
ACC_007192,CUST_007192,SAVINGS,10842.04,ACTIVE,VERIFIED,0.544,RESTRICTED
ACC_007193,CUST_007193,SAVINGS,34852.75,ACTIVE,VERIFIED,0.104,RESTRICTED
ACC_007194,CUST_007194,SAVINGS,15953.53,ACTIVE,VERIFIED,0.349,RESTRICTED
ACC_007195,CUST_007195,SAVINGS,15722.54,ACTIVE,VERIFIED,0.398,RESTRICTED
ACC_007196,CUST_007196,SAVINGS,8725.47,FROZEN,FLAGGED,0.221,RESTRICTED
ACC_007197,CUST_007197,SAVINGS,38400.55,ACTIVE,PENDING,0.245,RESTRICTED
ACC_007198,CUST_007198,SAVINGS,6386.44,ACTIVE,VERIFIED,0.399,RESTRICTED
ACC_007199,CUST_007199,SAVINGS,37223.32,ACTIVE,VERIFIED,0.103,RESTRICTED
ACC_007200,CUST_007200,SAVINGS,6364.72,ACTIVE,VERIFIED,0.042,RESTRICTED
ACC_007201,CUST_007201,SAVINGS,43515.97,ACTIVE,VERIFIED,0.121,RESTRICTED
ACC_007202,CUST_007202,SAVINGS,3172.65,ACTIVE,VERIFIED,0.169,RESTRICTED
ACC_007203,CUST_007203,SAVINGS,30466.35,ACTIVE,VERIFIED,0.485,RESTRICTED
ACC_007204,CUST_007204,SAVINGS,1460.05,ACTIVE,VERIFIED,0.368,RESTRICTED
ACC_007205,CUST_007205,SAVINGS,1148.87,ACTIVE,VERIFIED,0.163,RESTRICTED
ACC_007206,CUST_007206,SAVINGS,18874.65,ACTIVE,VERIFIED,0.403,RESTRICTED
ACC_007207,CUST_007207,SAVINGS,31652.01,ACTIVE,VERIFIED,0.54,RESTRICTED
ACC_007208,CUST_007208,SAVINGS,22542.45,ACTIVE,VERIFIED,0.647,RESTRICTED
ACC_007209,CUST_007209,SAVINGS,40355.42,ACTIVE,VERIFIED,0.119,RESTRICTED
ACC_007210,CUST_007210,SAVINGS,33344.57,ACTIVE,VERIFIED,0.695,RESTRICTED
ACC_007211,CUST_007211,SAVINGS,28669.55,ACTIVE,PENDING,0.4,RESTRICTED
ACC_007212,CUST_007212,SAVINGS,33740.29,ACTIVE,VERIFIED,0.339,RESTRICTED
ACC_007213,CUST_007213,SAVINGS,34097.89,ACTIVE,VERIFIED,0.354,RESTRICTED
ACC_007214,CUST_007214,SAVINGS,33211.07,ACTIVE,VERIFIED,0.541,RESTRICTED
ACC_007215,CUST_007215,SAVINGS,38598.95,ACTIVE,VERIFIED,0.091,RESTRICTED
ACC_007216,CUST_007216,SAVINGS,7287.17,ACTIVE,VERIFIED,0.124,RESTRICTED
ACC_007217,CUST_007217,SAVINGS,30530.84,ACTIVE,VERIFIED,0.348,RESTRICTED
ACC_007218,CUST_007218,SAVINGS,45428.95,ACTIVE,VERIFIED,0.203,RESTRICTED
ACC_007219,CUST_007219,SAVINGS,38940.86,ACTIVE,VERIFIED,0.517,RESTRICTED
ACC_007220,CUST_007220,SAVINGS,26268.02,ACTIVE,VERIFIED,0.148,RESTRICTED
ACC_007221,CUST_007221,SAVINGS,7757.51,ACTIVE,VERIFIED,0.17,RESTRICTED
ACC_007222,CUST_007222,SAVINGS,33005.37,ACTIVE,VERIFIED,0.13,RESTRICTED
ACC_007223,CUST_007223,SAVINGS,49177.74,FROZEN,FLAGGED,0.145,RESTRICTED
ACC_007224,CUST_007224,SAVINGS,47929.3,ACTIVE,VERIFIED,0.371,RESTRICTED
ACC_007225,CUST_007225,SAVINGS,13237.74,ACTIVE,VERIFIED,0.162,RESTRICTED
ACC_007226,CUST_007226,SAVINGS,24938.18,ACTIVE,VERIFIED,0.137,RESTRICTED
ACC_007227,CUST_007227,SAVINGS,21592.91,ACTIVE,VERIFIED,0.224,RESTRICTED
ACC_007228,CUST_007228,SAVINGS,9426.99,ACTIVE,VERIFIED,0.254,RESTRICTED
ACC_007229,CUST_007229,SAVINGS,2194.99,ACTIVE,VERIFIED,0.392,RESTRICTED
ACC_007230,CUST_007230,SAVINGS,3617.83,ACTIVE,VERIFIED,0.205,RESTRICTED
ACC_007231,CUST_007231,SAVINGS,11035.03,FROZEN,FLAGGED,0.374,RESTRICTED
ACC_007232,CUST_007232,SAVINGS,46425.55,ACTIVE,VERIFIED,0.378,RESTRICTED
ACC_007233,CUST_007233,SAVINGS,24942.12,FROZEN,FLAGGED,0.521,RESTRICTED
ACC_007234,CUST_007234,SAVINGS,24427.26,ACTIVE,PENDING,0.444,RESTRICTED
ACC_007235,CUST_007235,SAVINGS,35550.71,ACTIVE,VERIFIED,0.45,RESTRICTED
ACC_007236,CUST_007236,SAVINGS,20445.5,ACTIVE,VERIFIED,0.171,RESTRICTED
ACC_007237,CUST_007237,SAVINGS,26222.53,ACTIVE,PENDING,0.633,RESTRICTED
ACC_007238,CUST_007238,SAVINGS,22523.32,ACTIVE,VERIFIED,0.477,RESTRICTED
ACC_007239,CUST_007239,SAVINGS,43482.51,ACTIVE,VERIFIED,0.216,RESTRICTED
ACC_007240,CUST_007240,SAVINGS,25259.64,ACTIVE,VERIFIED,0.179,RESTRICTED
ACC_007241,CUST_007241,SAVINGS,46190.14,ACTIVE,VERIFIED,0.122,RESTRICTED
ACC_007242,CUST_007242,SAVINGS,19685.54,ACTIVE,VERIFIED,0.268,RESTRICTED
ACC_007243,CUST_007243,SAVINGS,11799.24,ACTIVE,VERIFIED,0.346,RESTRICTED
ACC_007244,CUST_007244,SAVINGS,23269.7,ACTIVE,VERIFIED,0.248,RESTRICTED
ACC_007245,CUST_007245,SAVINGS,12550.68,FROZEN,FLAGGED,0.474,RESTRICTED
ACC_007246,CUST_007246,SAVINGS,43015.43,ACTIVE,VERIFIED,0.076,RESTRICTED
ACC_007247,CUST_007247,SAVINGS,23099.73,ACTIVE,VERIFIED,0.375,RESTRICTED
ACC_007248,CUST_007248,SAVINGS,39265.44,ACTIVE,VERIFIED,0.286,RESTRICTED
ACC_007249,CUST_007249,SAVINGS,43778.93,ACTIVE,VERIFIED,0.328,RESTRICTED
ACC_007250,CUST_007250,SAVINGS,42710.31,ACTIVE,PENDING,0.293,RESTRICTED
ACC_007251,CUST_007251,SAVINGS,48252.69,ACTIVE,VERIFIED,0.054,RESTRICTED
ACC_007252,CUST_007252,SAVINGS,45508.65,ACTIVE,VERIFIED,0.249,RESTRICTED
ACC_007253,CUST_007253,SAVINGS,7932.31,ACTIVE,VERIFIED,0.213,RESTRICTED
ACC_007254,CUST_007254,SAVINGS,37052.62,ACTIVE,VERIFIED,0.502,RESTRICTED
ACC_007255,CUST_007255,SAVINGS,2498.35,FROZEN,FLAGGED,0.294,RESTRICTED
ACC_007256,CUST_007256,SAVINGS,26786.92,FROZEN,FLAGGED,0.353,RESTRICTED
ACC_007257,CUST_007257,SAVINGS,4262.1,ACTIVE,VERIFIED,0.147,RESTRICTED
ACC_007258,CUST_007258,SAVINGS,31550.27,ACTIVE,VERIFIED,0.448,RESTRICTED
ACC_007259,CUST_007259,SAVINGS,31292.48,ACTIVE,VERIFIED,0.435,RESTRICTED
ACC_007260,CUST_007260,SAVINGS,1422.25,ACTIVE,VERIFIED,0.273,RESTRICTED
ACC_007261,CUST_007261,SAVINGS,28295.53,ACTIVE,VERIFIED,0.424,RESTRICTED
ACC_007262,CUST_007262,SAVINGS,17513.11,ACTIVE,VERIFIED,0.393,RESTRICTED
ACC_007263,CUST_007263,SAVINGS,37567.93,ACTIVE,VERIFIED,0.28,RESTRICTED
ACC_007264,CUST_007264,SAVINGS,45509.63,ACTIVE,VERIFIED,0.463,RESTRICTED
ACC_007265,CUST_007265,SAVINGS,27196.28,ACTIVE,VERIFIED,0.289,RESTRICTED
ACC_007266,CUST_007266,SAVINGS,26268.82,ACTIVE,VERIFIED,0.447,RESTRICTED
ACC_007267,CUST_007267,SAVINGS,46069.23,ACTIVE,VERIFIED,0.313,RESTRICTED
ACC_007268,CUST_007268,SAVINGS,17153.87,ACTIVE,VERIFIED,0.255,RESTRICTED
ACC_007269,CUST_007269,SAVINGS,46725.98,FROZEN,FLAGGED,0.483,RESTRICTED
ACC_007270,CUST_007270,SAVINGS,19100.1,FROZEN,FLAGGED,0.447,RESTRICTED
ACC_007271,CUST_007271,SAVINGS,10471.12,ACTIVE,VERIFIED,0.458,RESTRICTED
ACC_007272,CUST_007272,SAVINGS,46785.1,ACTIVE,VERIFIED,0.046,RESTRICTED
ACC_007273,CUST_007273,SAVINGS,37658.61,ACTIVE,VERIFIED,0.335,RESTRICTED
ACC_007274,CUST_007274,SAVINGS,12623.74,ACTIVE,VERIFIED,0.468,RESTRICTED
ACC_007275,CUST_007275,SAVINGS,34129.85,ACTIVE,PENDING,0.345,RESTRICTED
ACC_007276,CUST_007276,SAVINGS,28973.01,ACTIVE,VERIFIED,0.386,RESTRICTED
ACC_007277,CUST_007277,SAVINGS,43843.85,ACTIVE,VERIFIED,0.419,RESTRICTED
ACC_007278,CUST_007278,SAVINGS,3919.25,ACTIVE,VERIFIED,0.211,RESTRICTED
ACC_007279,CUST_007279,SAVINGS,20420.01,ACTIVE,VERIFIED,0.079,RESTRICTED
ACC_007280,CUST_007280,SAVINGS,24869.09,ACTIVE,PENDING,0.627,RESTRICTED
ACC_007281,CUST_007281,SAVINGS,26494.38,ACTIVE,VERIFIED,0.019,RESTRICTED
ACC_007282,CUST_007282,SAVINGS,26562.0,ACTIVE,VERIFIED,0.054,RESTRICTED
ACC_007283,CUST_007283,SAVINGS,44650.34,ACTIVE,VERIFIED,0.233,RESTRICTED
ACC_007284,CUST_007284,SAVINGS,44143.63,ACTIVE,VERIFIED,0.417,RESTRICTED
ACC_007285,CUST_007285,SAVINGS,25891.76,ACTIVE,PENDING,0.4,RESTRICTED
ACC_007286,CUST_007286,SAVINGS,7511.64,ACTIVE,PENDING,0.173,RESTRICTED
ACC_007287,CUST_007287,SAVINGS,44160.12,ACTIVE,VERIFIED,0.16,RESTRICTED
ACC_007288,CUST_007288,SAVINGS,17108.09,ACTIVE,VERIFIED,0.03,RESTRICTED
ACC_007289,CUST_007289,SAVINGS,46012.55,ACTIVE,VERIFIED,0.14,RESTRICTED
ACC_007290,CUST_007290,SAVINGS,39607.22,ACTIVE,VERIFIED,0.206,RESTRICTED
ACC_007291,CUST_007291,SAVINGS,34102.3,FROZEN,FLAGGED,0.306,RESTRICTED
ACC_007292,CUST_007292,SAVINGS,20019.04,ACTIVE,VERIFIED,0.769,RESTRICTED
ACC_007293,CUST_007293,SAVINGS,20236.56,ACTIVE,VERIFIED,0.652,RESTRICTED
ACC_007294,CUST_007294,SAVINGS,7247.82,ACTIVE,VERIFIED,0.47,RESTRICTED
ACC_007295,CUST_007295,SAVINGS,15887.81,ACTIVE,VERIFIED,0.503,RESTRICTED
ACC_007296,CUST_007296,SAVINGS,30332.79,ACTIVE,VERIFIED,0.055,RESTRICTED
ACC_007297,CUST_007297,SAVINGS,40401.41,ACTIVE,VERIFIED,0.378,RESTRICTED
ACC_007298,CUST_007298,SAVINGS,9928.78,ACTIVE,VERIFIED,0.131,RESTRICTED
ACC_007299,CUST_007299,SAVINGS,7534.1,ACTIVE,VERIFIED,0.121,RESTRICTED
ACC_007300,CUST_007300,SAVINGS,27681.83,ACTIVE,VERIFIED,0.136,RESTRICTED
ACC_007301,CUST_007301,SAVINGS,19987.27,ACTIVE,VERIFIED,0.476,RESTRICTED
ACC_007302,CUST_007302,SAVINGS,5022.46,FROZEN,FLAGGED,0.461,RESTRICTED
ACC_007303,CUST_007303,SAVINGS,26514.2,FROZEN,FLAGGED,0.399,RESTRICTED
ACC_007304,CUST_007304,SAVINGS,24579.47,ACTIVE,VERIFIED,0.383,RESTRICTED
ACC_007305,CUST_007305,SAVINGS,18192.09,ACTIVE,VERIFIED,0.357,RESTRICTED
ACC_007306,CUST_007306,SAVINGS,2477.8,ACTIVE,VERIFIED,0.31,RESTRICTED
ACC_007307,CUST_007307,SAVINGS,44769.19,ACTIVE,VERIFIED,0.141,RESTRICTED
ACC_007308,CUST_007308,SAVINGS,3986.02,ACTIVE,VERIFIED,0.088,RESTRICTED
ACC_007309,CUST_007309,SAVINGS,4682.73,FROZEN,FLAGGED,0.135,RESTRICTED
ACC_007310,CUST_007310,SAVINGS,15848.06,ACTIVE,VERIFIED,0.071,RESTRICTED
ACC_007311,CUST_007311,SAVINGS,10756.9,ACTIVE,VERIFIED,0.151,RESTRICTED
ACC_007312,CUST_007312,SAVINGS,15866.21,ACTIVE,PENDING,0.375,RESTRICTED
ACC_007313,CUST_007313,SAVINGS,29662.62,ACTIVE,VERIFIED,0.591,RESTRICTED
ACC_007314,CUST_007314,SAVINGS,21573.05,ACTIVE,VERIFIED,0.474,RESTRICTED
ACC_007315,CUST_007315,SAVINGS,11378.74,ACTIVE,VERIFIED,0.06,RESTRICTED
ACC_007316,CUST_007316,SAVINGS,8516.39,ACTIVE,VERIFIED,0.186,RESTRICTED
ACC_007317,CUST_007317,SAVINGS,25655.94,ACTIVE,VERIFIED,0.11,RESTRICTED
ACC_007318,CUST_007318,SAVINGS,27644.77,ACTIVE,VERIFIED,0.281,RESTRICTED
ACC_007319,CUST_007319,SAVINGS,6503.29,ACTIVE,PENDING,0.136,RESTRICTED
ACC_007320,CUST_007320,SAVINGS,8455.89,ACTIVE,VERIFIED,0.244,RESTRICTED
ACC_007321,CUST_007321,SAVINGS,37306.45,ACTIVE,VERIFIED,0.33,RESTRICTED
ACC_007322,CUST_007322,SAVINGS,20788.03,ACTIVE,VERIFIED,0.281,RESTRICTED
ACC_007323,CUST_007323,SAVINGS,38555.0,ACTIVE,VERIFIED,0.31,RESTRICTED
ACC_007324,CUST_007324,SAVINGS,3387.31,ACTIVE,VERIFIED,0.319,RESTRICTED
ACC_007325,CUST_007325,SAVINGS,1552.97,ACTIVE,VERIFIED,0.125,RESTRICTED
ACC_007326,CUST_007326,SAVINGS,30635.57,ACTIVE,VERIFIED,0.316,RESTRICTED
ACC_007327,CUST_007327,SAVINGS,1085.41,ACTIVE,VERIFIED,0.305,RESTRICTED
ACC_007328,CUST_007328,SAVINGS,29818.57,ACTIVE,VERIFIED,0.242,RESTRICTED
ACC_007329,CUST_007329,SAVINGS,22852.7,ACTIVE,VERIFIED,0.106,RESTRICTED
ACC_007330,CUST_007330,SAVINGS,34012.26,ACTIVE,VERIFIED,0.026,RESTRICTED
ACC_007331,CUST_007331,SAVINGS,19647.33,ACTIVE,VERIFIED,0.233,RESTRICTED
ACC_007332,CUST_007332,SAVINGS,30373.22,ACTIVE,VERIFIED,0.46,RESTRICTED
ACC_007333,CUST_007333,SAVINGS,8756.59,ACTIVE,VERIFIED,0.419,RESTRICTED
ACC_007334,CUST_007334,SAVINGS,40196.93,ACTIVE,PENDING,0.393,RESTRICTED
ACC_007335,CUST_007335,SAVINGS,30902.71,ACTIVE,PENDING,0.343,RESTRICTED
ACC_007336,CUST_007336,SAVINGS,30100.87,ACTIVE,VERIFIED,0.269,RESTRICTED
ACC_007337,CUST_007337,SAVINGS,23112.1,FROZEN,FLAGGED,0.125,RESTRICTED
ACC_007338,CUST_007338,SAVINGS,26875.76,ACTIVE,VERIFIED,0.3,RESTRICTED
ACC_007339,CUST_007339,SAVINGS,6561.02,ACTIVE,VERIFIED,0.016,RESTRICTED
ACC_007340,CUST_007340,SAVINGS,37062.93,ACTIVE,VERIFIED,0.419,RESTRICTED
ACC_007341,CUST_007341,SAVINGS,49386.32,ACTIVE,VERIFIED,0.337,RESTRICTED
ACC_007342,CUST_007342,SAVINGS,5869.88,ACTIVE,VERIFIED,0.351,RESTRICTED
ACC_007343,CUST_007343,SAVINGS,1071.84,ACTIVE,VERIFIED,0.499,RESTRICTED
ACC_007344,CUST_007344,SAVINGS,49401.97,ACTIVE,VERIFIED,0.373,RESTRICTED
ACC_007345,CUST_007345,SAVINGS,13159.65,ACTIVE,PENDING,0.049,RESTRICTED
ACC_007346,CUST_007346,SAVINGS,4046.89,FROZEN,FLAGGED,0.198,RESTRICTED
ACC_007347,CUST_007347,SAVINGS,26797.63,ACTIVE,VERIFIED,0.071,RESTRICTED
ACC_007348,CUST_007348,SAVINGS,24523.4,ACTIVE,VERIFIED,0.65,RESTRICTED
ACC_007349,CUST_007349,SAVINGS,30043.43,ACTIVE,VERIFIED,0.531,RESTRICTED
ACC_007350,CUST_007350,SAVINGS,40925.76,ACTIVE,VERIFIED,0.783,RESTRICTED
ACC_007351,CUST_007351,SAVINGS,41933.66,ACTIVE,VERIFIED,0.524,RESTRICTED
ACC_007352,CUST_007352,SAVINGS,10304.59,ACTIVE,VERIFIED,0.157,RESTRICTED
ACC_007353,CUST_007353,SAVINGS,24619.93,ACTIVE,VERIFIED,0.413,RESTRICTED
ACC_007354,CUST_007354,SAVINGS,42904.61,ACTIVE,VERIFIED,0.476,RESTRICTED
ACC_007355,CUST_007355,SAVINGS,20821.18,FROZEN,FLAGGED,0.155,RESTRICTED
ACC_007356,CUST_007356,SAVINGS,24773.05,ACTIVE,VERIFIED,0.21,RESTRICTED
ACC_007357,CUST_007357,SAVINGS,39894.1,ACTIVE,VERIFIED,0.175,RESTRICTED
ACC_007358,CUST_007358,SAVINGS,31151.64,ACTIVE,VERIFIED,0.093,RESTRICTED
ACC_007359,CUST_007359,SAVINGS,31521.41,ACTIVE,VERIFIED,0.446,RESTRICTED
ACC_007360,CUST_007360,SAVINGS,14968.13,ACTIVE,VERIFIED,0.411,RESTRICTED
ACC_007361,CUST_007361,SAVINGS,35450.1,ACTIVE,PENDING,0.206,RESTRICTED
ACC_007362,CUST_007362,SAVINGS,7899.91,ACTIVE,VERIFIED,0.3,RESTRICTED
ACC_007363,CUST_007363,SAVINGS,43969.46,ACTIVE,VERIFIED,0.227,RESTRICTED
ACC_007364,CUST_007364,SAVINGS,2769.94,ACTIVE,VERIFIED,0.148,RESTRICTED
ACC_007365,CUST_007365,SAVINGS,28882.7,ACTIVE,VERIFIED,0.286,RESTRICTED
ACC_007366,CUST_007366,SAVINGS,10508.52,ACTIVE,PENDING,0.064,RESTRICTED
ACC_007367,CUST_007367,SAVINGS,31584.68,ACTIVE,VERIFIED,0.641,RESTRICTED
ACC_007368,CUST_007368,SAVINGS,32970.41,ACTIVE,VERIFIED,0.08,RESTRICTED
ACC_007369,CUST_007369,SAVINGS,4061.18,ACTIVE,VERIFIED,0.597,RESTRICTED
ACC_007370,CUST_007370,SAVINGS,40104.44,ACTIVE,VERIFIED,0.362,RESTRICTED
ACC_007371,CUST_007371,SAVINGS,11637.82,ACTIVE,VERIFIED,0.322,RESTRICTED
ACC_007372,CUST_007372,SAVINGS,8866.13,FROZEN,FLAGGED,0.301,RESTRICTED
ACC_007373,CUST_007373,SAVINGS,40898.83,ACTIVE,VERIFIED,0.658,RESTRICTED
ACC_007374,CUST_007374,SAVINGS,4364.74,ACTIVE,VERIFIED,0.343,RESTRICTED
ACC_007375,CUST_007375,SAVINGS,28820.63,ACTIVE,PENDING,0.127,RESTRICTED
ACC_007376,CUST_007376,SAVINGS,23726.77,ACTIVE,VERIFIED,0.071,RESTRICTED
ACC_007377,CUST_007377,SAVINGS,45777.21,ACTIVE,VERIFIED,0.051,RESTRICTED
ACC_007378,CUST_007378,SAVINGS,47732.73,FROZEN,FLAGGED,0.132,RESTRICTED
ACC_007379,CUST_007379,SAVINGS,3029.42,ACTIVE,VERIFIED,0.165,RESTRICTED
ACC_007380,CUST_007380,SAVINGS,2096.89,ACTIVE,PENDING,0.057,RESTRICTED
ACC_007381,CUST_007381,SAVINGS,41295.08,ACTIVE,VERIFIED,0.61,RESTRICTED
ACC_007382,CUST_007382,SAVINGS,39899.62,ACTIVE,PENDING,0.726,RESTRICTED
ACC_007383,CUST_007383,SAVINGS,20430.75,ACTIVE,VERIFIED,0.318,RESTRICTED
ACC_007384,CUST_007384,SAVINGS,5354.17,ACTIVE,PENDING,0.043,RESTRICTED
ACC_007385,CUST_007385,SAVINGS,29554.48,ACTIVE,VERIFIED,0.26,RESTRICTED
ACC_007386,CUST_007386,SAVINGS,33045.49,ACTIVE,VERIFIED,0.223,RESTRICTED
ACC_007387,CUST_007387,SAVINGS,14294.82,ACTIVE,VERIFIED,0.235,RESTRICTED
ACC_007388,CUST_007388,SAVINGS,27462.06,ACTIVE,PENDING,0.078,RESTRICTED
ACC_007389,CUST_007389,SAVINGS,16713.09,ACTIVE,VERIFIED,0.117,RESTRICTED
ACC_007390,CUST_007390,SAVINGS,22316.92,ACTIVE,VERIFIED,0.058,RESTRICTED
ACC_007391,CUST_007391,SAVINGS,49900.22,ACTIVE,PENDING,0.076,RESTRICTED
ACC_007392,CUST_007392,SAVINGS,34597.22,ACTIVE,VERIFIED,0.254,RESTRICTED
ACC_007393,CUST_007393,SAVINGS,29790.48,ACTIVE,PENDING,0.42,RESTRICTED
ACC_007394,CUST_007394,SAVINGS,32984.44,FROZEN,FLAGGED,0.212,RESTRICTED
ACC_007395,CUST_007395,SAVINGS,31190.5,ACTIVE,VERIFIED,0.196,RESTRICTED
ACC_007396,CUST_007396,SAVINGS,19542.84,ACTIVE,VERIFIED,0.428,RESTRICTED
ACC_007397,CUST_007397,SAVINGS,29082.68,ACTIVE,VERIFIED,0.391,RESTRICTED
ACC_007398,CUST_007398,SAVINGS,40172.36,ACTIVE,VERIFIED,0.577,RESTRICTED
ACC_007399,CUST_007399,SAVINGS,10820.76,ACTIVE,PENDING,0.25,RESTRICTED
ACC_007400,CUST_007400,SAVINGS,32158.41,ACTIVE,VERIFIED,0.446,RESTRICTED
ACC_007401,CUST_007401,SAVINGS,25610.25,ACTIVE,VERIFIED,0.509,RESTRICTED
ACC_007402,CUST_007402,SAVINGS,21115.04,ACTIVE,VERIFIED,0.367,RESTRICTED
ACC_007403,CUST_007403,SAVINGS,6247.02,FROZEN,FLAGGED,0.427,RESTRICTED
ACC_007404,CUST_007404,SAVINGS,2701.62,ACTIVE,VERIFIED,0.222,RESTRICTED
ACC_007405,CUST_007405,SAVINGS,41706.4,ACTIVE,VERIFIED,0.245,RESTRICTED
ACC_007406,CUST_007406,SAVINGS,27123.34,ACTIVE,VERIFIED,0.12,RESTRICTED
ACC_007407,CUST_007407,SAVINGS,20784.3,FROZEN,FLAGGED,0.415,RESTRICTED
ACC_007408,CUST_007408,SAVINGS,37969.96,ACTIVE,PENDING,0.159,RESTRICTED
ACC_007409,CUST_007409,SAVINGS,8906.79,ACTIVE,VERIFIED,0.169,RESTRICTED
ACC_007410,CUST_007410,SAVINGS,3534.74,ACTIVE,PENDING,0.436,RESTRICTED
ACC_007411,CUST_007411,SAVINGS,17147.37,ACTIVE,VERIFIED,0.268,RESTRICTED
ACC_007412,CUST_007412,SAVINGS,47003.03,ACTIVE,VERIFIED,0.094,RESTRICTED
ACC_007413,CUST_007413,SAVINGS,27396.03,ACTIVE,VERIFIED,0.221,RESTRICTED
ACC_007414,CUST_007414,SAVINGS,27520.37,ACTIVE,VERIFIED,0.199,RESTRICTED
ACC_007415,CUST_007415,SAVINGS,6499.63,ACTIVE,VERIFIED,0.357,RESTRICTED
ACC_007416,CUST_007416,SAVINGS,46798.66,ACTIVE,VERIFIED,0.06,RESTRICTED
ACC_007417,CUST_007417,SAVINGS,18278.61,ACTIVE,VERIFIED,0.184,RESTRICTED
ACC_007418,CUST_007418,SAVINGS,31542.27,ACTIVE,VERIFIED,0.304,RESTRICTED
ACC_007419,CUST_007419,SAVINGS,31848.87,ACTIVE,VERIFIED,0.638,RESTRICTED
ACC_007420,CUST_007420,SAVINGS,6167.44,ACTIVE,PENDING,0.113,RESTRICTED
ACC_007421,CUST_007421,SAVINGS,20849.87,ACTIVE,PENDING,0.549,RESTRICTED
ACC_007422,CUST_007422,SAVINGS,38708.17,ACTIVE,VERIFIED,0.389,RESTRICTED
ACC_007423,CUST_007423,SAVINGS,24977.27,ACTIVE,VERIFIED,0.057,RESTRICTED
ACC_007424,CUST_007424,SAVINGS,46407.84,ACTIVE,VERIFIED,0.216,RESTRICTED
ACC_007425,CUST_007425,SAVINGS,38357.89,ACTIVE,VERIFIED,0.378,RESTRICTED
ACC_007426,CUST_007426,SAVINGS,45047.77,ACTIVE,PENDING,0.15,RESTRICTED
ACC_007427,CUST_007427,SAVINGS,15203.57,ACTIVE,VERIFIED,0.167,RESTRICTED
ACC_007428,CUST_007428,SAVINGS,27872.47,ACTIVE,VERIFIED,0.308,RESTRICTED
ACC_007429,CUST_007429,SAVINGS,34704.15,ACTIVE,VERIFIED,0.671,RESTRICTED
ACC_007430,CUST_007430,SAVINGS,30363.59,ACTIVE,VERIFIED,0.484,RESTRICTED
ACC_007431,CUST_007431,SAVINGS,30991.47,ACTIVE,VERIFIED,0.277,RESTRICTED
ACC_007432,CUST_007432,SAVINGS,13568.8,ACTIVE,VERIFIED,0.094,RESTRICTED
ACC_007433,CUST_007433,SAVINGS,27971.13,ACTIVE,PENDING,0.245,RESTRICTED
ACC_007434,CUST_007434,SAVINGS,17770.59,ACTIVE,VERIFIED,0.635,RESTRICTED
ACC_007435,CUST_007435,SAVINGS,6157.43,ACTIVE,PENDING,0.366,RESTRICTED
ACC_007436,CUST_007436,SAVINGS,46798.26,ACTIVE,VERIFIED,0.124,RESTRICTED
ACC_007437,CUST_007437,SAVINGS,12097.76,ACTIVE,VERIFIED,0.115,RESTRICTED
ACC_007438,CUST_007438,SAVINGS,34020.86,ACTIVE,VERIFIED,0.255,RESTRICTED
ACC_007439,CUST_007439,SAVINGS,12832.03,ACTIVE,VERIFIED,0.087,RESTRICTED
ACC_007440,CUST_007440,SAVINGS,48522.09,ACTIVE,VERIFIED,0.282,RESTRICTED
ACC_007441,CUST_007441,SAVINGS,32747.74,ACTIVE,VERIFIED,0.318,RESTRICTED
ACC_007442,CUST_007442,SAVINGS,5972.53,FROZEN,FLAGGED,0.262,RESTRICTED
ACC_007443,CUST_007443,SAVINGS,28705.2,ACTIVE,VERIFIED,0.119,RESTRICTED
ACC_007444,CUST_007444,SAVINGS,47654.61,ACTIVE,PENDING,0.026,RESTRICTED
ACC_007445,CUST_007445,SAVINGS,23526.36,ACTIVE,VERIFIED,0.153,RESTRICTED
ACC_007446,CUST_007446,SAVINGS,22427.4,ACTIVE,VERIFIED,0.344,RESTRICTED
ACC_007447,CUST_007447,SAVINGS,21732.32,ACTIVE,VERIFIED,0.282,RESTRICTED
ACC_007448,CUST_007448,SAVINGS,32631.28,ACTIVE,VERIFIED,0.341,RESTRICTED
ACC_007449,CUST_007449,SAVINGS,35810.85,ACTIVE,VERIFIED,0.333,RESTRICTED
ACC_007450,CUST_007450,SAVINGS,33687.9,ACTIVE,VERIFIED,0.167,RESTRICTED
ACC_007451,CUST_007451,SAVINGS,36253.79,ACTIVE,VERIFIED,0.062,RESTRICTED
ACC_007452,CUST_007452,SAVINGS,4441.1,ACTIVE,VERIFIED,0.193,RESTRICTED
ACC_007453,CUST_007453,SAVINGS,7690.87,ACTIVE,VERIFIED,0.245,RESTRICTED
ACC_007454,CUST_007454,SAVINGS,42134.05,ACTIVE,VERIFIED,0.327,RESTRICTED
ACC_007455,CUST_007455,SAVINGS,19923.93,ACTIVE,VERIFIED,0.114,RESTRICTED
ACC_007456,CUST_007456,SAVINGS,19515.86,ACTIVE,VERIFIED,0.261,RESTRICTED
ACC_007457,CUST_007457,SAVINGS,22240.67,ACTIVE,VERIFIED,0.264,RESTRICTED
ACC_007458,CUST_007458,SAVINGS,18461.22,ACTIVE,VERIFIED,0.66,RESTRICTED
ACC_007459,CUST_007459,SAVINGS,46153.23,ACTIVE,PENDING,0.156,RESTRICTED
ACC_007460,CUST_007460,SAVINGS,43431.06,ACTIVE,VERIFIED,0.322,RESTRICTED
ACC_007461,CUST_007461,SAVINGS,19922.42,ACTIVE,VERIFIED,0.413,RESTRICTED
ACC_007462,CUST_007462,SAVINGS,23556.67,ACTIVE,VERIFIED,0.345,RESTRICTED
ACC_007463,CUST_007463,SAVINGS,14805.37,ACTIVE,VERIFIED,0.054,RESTRICTED
ACC_007464,CUST_007464,SAVINGS,49218.24,ACTIVE,VERIFIED,0.276,RESTRICTED
ACC_007465,CUST_007465,SAVINGS,40189.16,ACTIVE,PENDING,0.429,RESTRICTED
ACC_007466,CUST_007466,SAVINGS,26113.98,ACTIVE,VERIFIED,0.113,RESTRICTED
ACC_007467,CUST_007467,SAVINGS,8165.01,ACTIVE,VERIFIED,0.239,RESTRICTED
ACC_007468,CUST_007468,SAVINGS,32394.63,ACTIVE,VERIFIED,0.142,RESTRICTED
ACC_007469,CUST_007469,SAVINGS,41668.35,ACTIVE,PENDING,0.143,RESTRICTED
ACC_007470,CUST_007470,SAVINGS,3260.28,ACTIVE,VERIFIED,0.032,RESTRICTED
ACC_007471,CUST_007471,SAVINGS,41964.83,ACTIVE,VERIFIED,0.253,RESTRICTED
ACC_007472,CUST_007472,SAVINGS,7714.84,ACTIVE,VERIFIED,0.366,RESTRICTED
ACC_007473,CUST_007473,SAVINGS,36883.7,ACTIVE,VERIFIED,0.06,RESTRICTED
ACC_007474,CUST_007474,SAVINGS,2569.46,ACTIVE,VERIFIED,0.27,RESTRICTED
ACC_007475,CUST_007475,SAVINGS,45598.67,FROZEN,FLAGGED,0.133,RESTRICTED
ACC_007476,CUST_007476,SAVINGS,38704.28,ACTIVE,VERIFIED,0.036,RESTRICTED
ACC_007477,CUST_007477,SAVINGS,9597.59,ACTIVE,VERIFIED,0.749,RESTRICTED
ACC_007478,CUST_007478,SAVINGS,36534.51,ACTIVE,VERIFIED,0.535,RESTRICTED
ACC_007479,CUST_007479,SAVINGS,3330.73,ACTIVE,VERIFIED,0.34,RESTRICTED
ACC_007480,CUST_007480,SAVINGS,45022.88,ACTIVE,VERIFIED,0.208,RESTRICTED
ACC_007481,CUST_007481,SAVINGS,47736.75,ACTIVE,VERIFIED,0.283,RESTRICTED
ACC_007482,CUST_007482,SAVINGS,29045.06,ACTIVE,VERIFIED,0.204,RESTRICTED
ACC_007483,CUST_007483,SAVINGS,6123.96,ACTIVE,VERIFIED,0.347,RESTRICTED
ACC_007484,CUST_007484,SAVINGS,30318.99,ACTIVE,VERIFIED,0.651,RESTRICTED
ACC_007485,CUST_007485,SAVINGS,43930.46,ACTIVE,VERIFIED,0.157,RESTRICTED
ACC_007486,CUST_007486,SAVINGS,6655.55,ACTIVE,VERIFIED,0.2,RESTRICTED
ACC_007487,CUST_007487,SAVINGS,24851.9,ACTIVE,VERIFIED,0.283,RESTRICTED
ACC_007488,CUST_007488,SAVINGS,20131.74,ACTIVE,VERIFIED,0.11,RESTRICTED
ACC_007489,CUST_007489,SAVINGS,8764.31,ACTIVE,VERIFIED,0.328,RESTRICTED
ACC_007490,CUST_007490,SAVINGS,33534.44,ACTIVE,VERIFIED,0.29,RESTRICTED
ACC_007491,CUST_007491,SAVINGS,36291.52,ACTIVE,VERIFIED,0.669,RESTRICTED
ACC_007492,CUST_007492,SAVINGS,42540.01,ACTIVE,VERIFIED,0.333,RESTRICTED
ACC_007493,CUST_007493,SAVINGS,5713.96,ACTIVE,PENDING,0.489,RESTRICTED
ACC_007494,CUST_007494,SAVINGS,11160.99,ACTIVE,VERIFIED,0.354,RESTRICTED
ACC_007495,CUST_007495,SAVINGS,17875.38,ACTIVE,VERIFIED,0.319,RESTRICTED
ACC_007496,CUST_007496,SAVINGS,35154.25,ACTIVE,PENDING,0.181,RESTRICTED
ACC_007497,CUST_007497,SAVINGS,42465.24,ACTIVE,VERIFIED,0.058,RESTRICTED
ACC_007498,CUST_007498,SAVINGS,37047.31,FROZEN,FLAGGED,0.121,RESTRICTED
ACC_007499,CUST_007499,SAVINGS,11229.44,ACTIVE,VERIFIED,0.07,RESTRICTED
ACC_007500,CUST_007500,SAVINGS,49542.95,ACTIVE,VERIFIED,0.303,RESTRICTED
ACC_007501,CUST_007501,SAVINGS,15586.94,ACTIVE,VERIFIED,0.18,RESTRICTED
ACC_007502,CUST_007502,SAVINGS,49557.01,ACTIVE,VERIFIED,0.379,RESTRICTED
ACC_007503,CUST_007503,SAVINGS,46119.34,ACTIVE,PENDING,0.224,RESTRICTED
ACC_007504,CUST_007504,SAVINGS,21950.34,ACTIVE,VERIFIED,0.132,RESTRICTED
ACC_007505,CUST_007505,SAVINGS,32597.51,ACTIVE,VERIFIED,0.074,RESTRICTED
ACC_007506,CUST_007506,SAVINGS,33083.92,ACTIVE,VERIFIED,0.381,RESTRICTED
ACC_007507,CUST_007507,SAVINGS,35639.48,ACTIVE,VERIFIED,0.169,RESTRICTED
ACC_007508,CUST_007508,SAVINGS,49106.06,ACTIVE,VERIFIED,0.209,RESTRICTED
ACC_007509,CUST_007509,SAVINGS,20716.07,ACTIVE,PENDING,0.397,RESTRICTED
ACC_007510,CUST_007510,SAVINGS,35576.07,ACTIVE,VERIFIED,0.251,RESTRICTED
ACC_007511,CUST_007511,SAVINGS,48812.5,ACTIVE,VERIFIED,0.026,RESTRICTED
ACC_007512,CUST_007512,SAVINGS,17846.04,ACTIVE,VERIFIED,0.182,RESTRICTED
ACC_007513,CUST_007513,SAVINGS,27410.75,ACTIVE,VERIFIED,0.262,RESTRICTED
ACC_007514,CUST_007514,SAVINGS,4747.25,ACTIVE,VERIFIED,0.386,RESTRICTED
ACC_007515,CUST_007515,SAVINGS,41627.25,ACTIVE,VERIFIED,0.376,RESTRICTED
ACC_007516,CUST_007516,SAVINGS,13268.11,ACTIVE,VERIFIED,0.496,RESTRICTED
ACC_007517,CUST_007517,SAVINGS,12283.78,ACTIVE,VERIFIED,0.337,RESTRICTED
ACC_007518,CUST_007518,SAVINGS,28428.41,ACTIVE,VERIFIED,0.163,RESTRICTED
ACC_007519,CUST_007519,SAVINGS,32972.95,ACTIVE,VERIFIED,0.092,RESTRICTED
ACC_007520,CUST_007520,SAVINGS,6742.52,ACTIVE,VERIFIED,0.074,RESTRICTED
ACC_007521,CUST_007521,SAVINGS,46068.55,ACTIVE,VERIFIED,0.584,RESTRICTED
ACC_007522,CUST_007522,SAVINGS,49672.08,ACTIVE,VERIFIED,0.075,RESTRICTED
ACC_007523,CUST_007523,SAVINGS,42491.27,ACTIVE,VERIFIED,0.262,RESTRICTED
ACC_007524,CUST_007524,SAVINGS,34322.91,ACTIVE,VERIFIED,0.165,RESTRICTED
ACC_007525,CUST_007525,SAVINGS,40008.3,ACTIVE,VERIFIED,0.272,RESTRICTED
ACC_007526,CUST_007526,SAVINGS,32121.56,ACTIVE,VERIFIED,0.208,RESTRICTED
ACC_007527,CUST_007527,SAVINGS,15420.32,ACTIVE,VERIFIED,0.061,RESTRICTED
ACC_007528,CUST_007528,SAVINGS,46064.86,ACTIVE,VERIFIED,0.038,RESTRICTED
ACC_007529,CUST_007529,SAVINGS,40033.95,ACTIVE,VERIFIED,0.573,RESTRICTED
ACC_007530,CUST_007530,SAVINGS,42613.16,ACTIVE,VERIFIED,0.372,RESTRICTED
ACC_007531,CUST_007531,SAVINGS,43874.61,ACTIVE,PENDING,0.308,RESTRICTED
ACC_007532,CUST_007532,SAVINGS,18416.44,ACTIVE,VERIFIED,0.366,RESTRICTED
ACC_007533,CUST_007533,SAVINGS,47526.31,ACTIVE,VERIFIED,0.161,RESTRICTED
ACC_007534,CUST_007534,SAVINGS,28198.56,ACTIVE,VERIFIED,0.064,RESTRICTED
ACC_007535,CUST_007535,SAVINGS,3150.88,ACTIVE,VERIFIED,0.07,RESTRICTED
ACC_007536,CUST_007536,SAVINGS,20077.74,ACTIVE,VERIFIED,0.288,RESTRICTED
ACC_007537,CUST_007537,SAVINGS,8703.96,ACTIVE,VERIFIED,0.184,RESTRICTED
ACC_007538,CUST_007538,SAVINGS,24914.03,ACTIVE,VERIFIED,0.169,RESTRICTED
ACC_007539,CUST_007539,SAVINGS,5206.67,ACTIVE,VERIFIED,0.36,RESTRICTED
ACC_007540,CUST_007540,SAVINGS,8599.43,ACTIVE,VERIFIED,0.404,RESTRICTED
ACC_007541,CUST_007541,SAVINGS,1516.14,ACTIVE,PENDING,0.207,RESTRICTED
ACC_007542,CUST_007542,SAVINGS,45456.8,ACTIVE,VERIFIED,0.187,RESTRICTED
ACC_007543,CUST_007543,SAVINGS,32772.46,ACTIVE,VERIFIED,0.177,RESTRICTED
ACC_007544,CUST_007544,SAVINGS,15907.65,ACTIVE,VERIFIED,0.308,RESTRICTED
ACC_007545,CUST_007545,SAVINGS,35494.37,ACTIVE,VERIFIED,0.158,RESTRICTED
ACC_007546,CUST_007546,SAVINGS,39322.04,ACTIVE,VERIFIED,0.417,RESTRICTED
ACC_007547,CUST_007547,SAVINGS,5396.69,ACTIVE,VERIFIED,0.401,RESTRICTED
ACC_007548,CUST_007548,SAVINGS,17749.58,ACTIVE,VERIFIED,0.691,RESTRICTED
ACC_007549,CUST_007549,SAVINGS,31060.98,ACTIVE,VERIFIED,0.058,RESTRICTED
ACC_007550,CUST_007550,SAVINGS,2540.71,ACTIVE,VERIFIED,0.139,RESTRICTED
ACC_007551,CUST_007551,SAVINGS,48879.94,ACTIVE,VERIFIED,0.041,RESTRICTED
ACC_007552,CUST_007552,SAVINGS,39143.69,ACTIVE,VERIFIED,0.086,RESTRICTED
ACC_007553,CUST_007553,SAVINGS,6136.05,ACTIVE,VERIFIED,0.433,RESTRICTED
ACC_007554,CUST_007554,SAVINGS,43823.84,ACTIVE,VERIFIED,0.511,RESTRICTED
ACC_007555,CUST_007555,SAVINGS,19118.71,ACTIVE,VERIFIED,0.318,RESTRICTED
ACC_007556,CUST_007556,SAVINGS,15236.33,ACTIVE,VERIFIED,0.598,RESTRICTED
ACC_007557,CUST_007557,SAVINGS,5613.77,ACTIVE,VERIFIED,0.202,RESTRICTED
ACC_007558,CUST_007558,SAVINGS,9759.74,ACTIVE,VERIFIED,0.364,RESTRICTED
ACC_007559,CUST_007559,SAVINGS,38323.69,ACTIVE,VERIFIED,0.607,RESTRICTED
ACC_007560,CUST_007560,SAVINGS,17488.83,ACTIVE,VERIFIED,0.595,RESTRICTED
ACC_007561,CUST_007561,SAVINGS,22952.64,ACTIVE,VERIFIED,0.139,RESTRICTED
ACC_007562,CUST_007562,SAVINGS,39370.69,ACTIVE,VERIFIED,0.153,RESTRICTED
ACC_007563,CUST_007563,SAVINGS,44308.73,ACTIVE,VERIFIED,0.513,RESTRICTED
ACC_007564,CUST_007564,SAVINGS,49123.19,ACTIVE,VERIFIED,0.283,RESTRICTED
ACC_007565,CUST_007565,SAVINGS,38739.49,ACTIVE,PENDING,0.129,RESTRICTED
ACC_007566,CUST_007566,SAVINGS,32619.51,ACTIVE,VERIFIED,0.622,RESTRICTED
ACC_007567,CUST_007567,SAVINGS,5152.59,ACTIVE,VERIFIED,0.266,RESTRICTED
ACC_007568,CUST_007568,SAVINGS,25044.58,ACTIVE,VERIFIED,0.226,RESTRICTED
ACC_007569,CUST_007569,SAVINGS,2457.92,ACTIVE,VERIFIED,0.347,RESTRICTED
ACC_007570,CUST_007570,SAVINGS,10167.01,ACTIVE,VERIFIED,0.152,RESTRICTED
ACC_007571,CUST_007571,SAVINGS,40215.5,ACTIVE,VERIFIED,0.18,RESTRICTED
ACC_007572,CUST_007572,SAVINGS,24656.12,ACTIVE,VERIFIED,0.243,RESTRICTED
ACC_007573,CUST_007573,SAVINGS,27688.38,ACTIVE,VERIFIED,0.189,RESTRICTED
ACC_007574,CUST_007574,SAVINGS,33584.1,ACTIVE,VERIFIED,0.434,RESTRICTED
ACC_007575,CUST_007575,SAVINGS,6937.37,ACTIVE,VERIFIED,0.6,RESTRICTED
ACC_007576,CUST_007576,SAVINGS,29153.57,ACTIVE,VERIFIED,0.439,RESTRICTED
ACC_007577,CUST_007577,SAVINGS,8173.37,ACTIVE,VERIFIED,0.385,RESTRICTED
ACC_007578,CUST_007578,SAVINGS,46847.05,ACTIVE,VERIFIED,0.474,RESTRICTED
ACC_007579,CUST_007579,SAVINGS,36890.11,ACTIVE,VERIFIED,0.107,RESTRICTED
ACC_007580,CUST_007580,SAVINGS,30556.34,ACTIVE,VERIFIED,0.024,RESTRICTED
ACC_007581,CUST_007581,SAVINGS,35799.81,ACTIVE,VERIFIED,0.422,RESTRICTED
ACC_007582,CUST_007582,SAVINGS,28601.73,ACTIVE,VERIFIED,0.587,RESTRICTED
ACC_007583,CUST_007583,SAVINGS,33134.48,FROZEN,FLAGGED,0.224,RESTRICTED
ACC_007584,CUST_007584,SAVINGS,3696.84,ACTIVE,PENDING,0.4,RESTRICTED
ACC_007585,CUST_007585,SAVINGS,3746.56,ACTIVE,VERIFIED,0.304,RESTRICTED
ACC_007586,CUST_007586,SAVINGS,12045.14,ACTIVE,PENDING,0.196,RESTRICTED
ACC_007587,CUST_007587,SAVINGS,42547.12,ACTIVE,VERIFIED,0.088,RESTRICTED
ACC_007588,CUST_007588,SAVINGS,4045.84,ACTIVE,VERIFIED,0.499,RESTRICTED
ACC_007589,CUST_007589,SAVINGS,2360.76,ACTIVE,VERIFIED,0.099,RESTRICTED
ACC_007590,CUST_007590,SAVINGS,9075.83,ACTIVE,VERIFIED,0.335,RESTRICTED
ACC_007591,CUST_007591,SAVINGS,49196.84,ACTIVE,VERIFIED,0.409,RESTRICTED
ACC_007592,CUST_007592,SAVINGS,33614.4,ACTIVE,VERIFIED,0.257,RESTRICTED
ACC_007593,CUST_007593,SAVINGS,7508.7,ACTIVE,VERIFIED,0.048,RESTRICTED
ACC_007594,CUST_007594,SAVINGS,26405.15,ACTIVE,VERIFIED,0.171,RESTRICTED
ACC_007595,CUST_007595,SAVINGS,23114.57,ACTIVE,PENDING,0.525,RESTRICTED
ACC_007596,CUST_007596,SAVINGS,49529.08,ACTIVE,VERIFIED,0.194,RESTRICTED
ACC_007597,CUST_007597,SAVINGS,48445.65,ACTIVE,VERIFIED,0.197,RESTRICTED
ACC_007598,CUST_007598,SAVINGS,48870.25,ACTIVE,VERIFIED,0.238,RESTRICTED
ACC_007599,CUST_007599,SAVINGS,16762.79,ACTIVE,VERIFIED,0.122,RESTRICTED
ACC_007600,CUST_007600,SAVINGS,32630.14,ACTIVE,VERIFIED,0.249,RESTRICTED
ACC_007601,CUST_007601,SAVINGS,24441.85,ACTIVE,VERIFIED,0.059,RESTRICTED
ACC_007602,CUST_007602,SAVINGS,9609.6,ACTIVE,VERIFIED,0.01,RESTRICTED
ACC_007603,CUST_007603,SAVINGS,29864.51,ACTIVE,VERIFIED,0.285,RESTRICTED
ACC_007604,CUST_007604,SAVINGS,47253.68,ACTIVE,VERIFIED,0.39,RESTRICTED
ACC_007605,CUST_007605,SAVINGS,15682.17,ACTIVE,VERIFIED,0.224,RESTRICTED
ACC_007606,CUST_007606,SAVINGS,17756.79,FROZEN,FLAGGED,0.054,RESTRICTED
ACC_007607,CUST_007607,SAVINGS,13394.56,FROZEN,FLAGGED,0.215,RESTRICTED
ACC_007608,CUST_007608,SAVINGS,21809.69,ACTIVE,VERIFIED,0.293,RESTRICTED
ACC_007609,CUST_007609,SAVINGS,43880.98,ACTIVE,VERIFIED,0.269,RESTRICTED
ACC_007610,CUST_007610,SAVINGS,28794.89,ACTIVE,VERIFIED,0.196,RESTRICTED
ACC_007611,CUST_007611,SAVINGS,2028.72,ACTIVE,VERIFIED,0.124,RESTRICTED
ACC_007612,CUST_007612,SAVINGS,48095.67,ACTIVE,VERIFIED,0.333,RESTRICTED
ACC_007613,CUST_007613,SAVINGS,38377.19,ACTIVE,VERIFIED,0.335,RESTRICTED
ACC_007614,CUST_007614,SAVINGS,36305.22,ACTIVE,VERIFIED,0.285,RESTRICTED
ACC_007615,CUST_007615,SAVINGS,6542.58,ACTIVE,VERIFIED,0.057,RESTRICTED
ACC_007616,CUST_007616,SAVINGS,21855.65,ACTIVE,PENDING,0.148,RESTRICTED
ACC_007617,CUST_007617,SAVINGS,8112.49,ACTIVE,VERIFIED,0.546,RESTRICTED
ACC_007618,CUST_007618,SAVINGS,23400.05,ACTIVE,PENDING,0.09,RESTRICTED
ACC_007619,CUST_007619,SAVINGS,26588.94,ACTIVE,VERIFIED,0.01,RESTRICTED
ACC_007620,CUST_007620,SAVINGS,9058.81,ACTIVE,VERIFIED,0.397,RESTRICTED
ACC_007621,CUST_007621,SAVINGS,23072.18,ACTIVE,VERIFIED,0.18,RESTRICTED
ACC_007622,CUST_007622,SAVINGS,13184.94,FROZEN,FLAGGED,0.451,RESTRICTED
ACC_007623,CUST_007623,SAVINGS,37407.5,ACTIVE,VERIFIED,0.241,RESTRICTED
ACC_007624,CUST_007624,SAVINGS,20189.02,FROZEN,FLAGGED,0.407,RESTRICTED
ACC_007625,CUST_007625,SAVINGS,5867.03,ACTIVE,VERIFIED,0.157,RESTRICTED
ACC_007626,CUST_007626,SAVINGS,10547.24,ACTIVE,VERIFIED,0.082,RESTRICTED
ACC_007627,CUST_007627,SAVINGS,42161.05,ACTIVE,VERIFIED,0.133,RESTRICTED
ACC_007628,CUST_007628,SAVINGS,45598.37,ACTIVE,VERIFIED,0.716,RESTRICTED
ACC_007629,CUST_007629,SAVINGS,30689.4,ACTIVE,VERIFIED,0.255,RESTRICTED
ACC_007630,CUST_007630,SAVINGS,35544.88,ACTIVE,VERIFIED,0.138,RESTRICTED
ACC_007631,CUST_007631,SAVINGS,6295.65,ACTIVE,PENDING,0.155,RESTRICTED
ACC_007632,CUST_007632,SAVINGS,11790.64,ACTIVE,VERIFIED,0.362,RESTRICTED
ACC_007633,CUST_007633,SAVINGS,23240.65,ACTIVE,VERIFIED,0.171,RESTRICTED
ACC_007634,CUST_007634,SAVINGS,13716.19,ACTIVE,VERIFIED,0.253,RESTRICTED
ACC_007635,CUST_007635,SAVINGS,17600.66,ACTIVE,VERIFIED,0.198,RESTRICTED
ACC_007636,CUST_007636,SAVINGS,8963.26,ACTIVE,VERIFIED,0.11,RESTRICTED
ACC_007637,CUST_007637,SAVINGS,45093.2,ACTIVE,VERIFIED,0.409,RESTRICTED
ACC_007638,CUST_007638,SAVINGS,18642.55,ACTIVE,VERIFIED,0.035,RESTRICTED
ACC_007639,CUST_007639,SAVINGS,6223.46,ACTIVE,VERIFIED,0.278,RESTRICTED
ACC_007640,CUST_007640,SAVINGS,19047.69,ACTIVE,VERIFIED,0.613,RESTRICTED
ACC_007641,CUST_007641,SAVINGS,24209.67,ACTIVE,VERIFIED,0.155,RESTRICTED
ACC_007642,CUST_007642,SAVINGS,31053.91,ACTIVE,VERIFIED,0.313,RESTRICTED
ACC_007643,CUST_007643,SAVINGS,28227.13,ACTIVE,VERIFIED,0.392,RESTRICTED
ACC_007644,CUST_007644,SAVINGS,22340.52,ACTIVE,VERIFIED,0.251,RESTRICTED
ACC_007645,CUST_007645,SAVINGS,34733.43,ACTIVE,PENDING,0.481,RESTRICTED
ACC_007646,CUST_007646,SAVINGS,21342.92,ACTIVE,VERIFIED,0.116,RESTRICTED
ACC_007647,CUST_007647,SAVINGS,14859.51,FROZEN,FLAGGED,0.108,RESTRICTED
ACC_007648,CUST_007648,SAVINGS,30980.56,ACTIVE,PENDING,0.146,RESTRICTED
ACC_007649,CUST_007649,SAVINGS,11457.27,ACTIVE,PENDING,0.114,RESTRICTED
ACC_007650,CUST_007650,SAVINGS,40729.04,ACTIVE,VERIFIED,0.263,RESTRICTED
ACC_007651,CUST_007651,SAVINGS,4449.63,ACTIVE,VERIFIED,0.181,RESTRICTED
ACC_007652,CUST_007652,SAVINGS,18951.59,ACTIVE,VERIFIED,0.235,RESTRICTED
ACC_007653,CUST_007653,SAVINGS,3726.37,ACTIVE,VERIFIED,0.042,RESTRICTED
ACC_007654,CUST_007654,SAVINGS,9414.09,ACTIVE,VERIFIED,0.669,RESTRICTED
ACC_007655,CUST_007655,SAVINGS,14548.67,ACTIVE,VERIFIED,0.344,RESTRICTED
ACC_007656,CUST_007656,SAVINGS,49181.78,ACTIVE,VERIFIED,0.357,RESTRICTED
ACC_007657,CUST_007657,SAVINGS,26780.2,ACTIVE,VERIFIED,0.385,RESTRICTED
ACC_007658,CUST_007658,SAVINGS,12342.56,ACTIVE,VERIFIED,0.33,RESTRICTED
ACC_007659,CUST_007659,SAVINGS,44886.04,ACTIVE,VERIFIED,0.196,RESTRICTED
ACC_007660,CUST_007660,SAVINGS,4694.59,ACTIVE,VERIFIED,0.377,RESTRICTED
ACC_007661,CUST_007661,SAVINGS,28581.86,ACTIVE,VERIFIED,0.41,RESTRICTED
ACC_007662,CUST_007662,SAVINGS,32944.04,ACTIVE,VERIFIED,0.211,RESTRICTED
ACC_007663,CUST_007663,SAVINGS,49301.88,ACTIVE,PENDING,0.192,RESTRICTED
ACC_007664,CUST_007664,SAVINGS,42605.68,ACTIVE,VERIFIED,0.096,RESTRICTED
ACC_007665,CUST_007665,SAVINGS,32320.5,ACTIVE,VERIFIED,0.748,RESTRICTED
ACC_007666,CUST_007666,SAVINGS,3279.03,ACTIVE,VERIFIED,0.332,RESTRICTED
ACC_007667,CUST_007667,SAVINGS,17655.0,ACTIVE,VERIFIED,0.27,RESTRICTED
ACC_007668,CUST_007668,SAVINGS,22124.6,ACTIVE,VERIFIED,0.185,RESTRICTED
ACC_007669,CUST_007669,SAVINGS,19526.4,ACTIVE,VERIFIED,0.2,RESTRICTED
ACC_007670,CUST_007670,SAVINGS,32552.32,ACTIVE,VERIFIED,0.538,RESTRICTED
ACC_007671,CUST_007671,SAVINGS,22702.6,ACTIVE,VERIFIED,0.118,RESTRICTED
ACC_007672,CUST_007672,SAVINGS,9666.1,ACTIVE,VERIFIED,0.544,RESTRICTED
ACC_007673,CUST_007673,SAVINGS,16802.88,ACTIVE,VERIFIED,0.138,RESTRICTED
ACC_007674,CUST_007674,SAVINGS,16437.48,ACTIVE,VERIFIED,0.449,RESTRICTED
ACC_007675,CUST_007675,SAVINGS,29241.94,ACTIVE,VERIFIED,0.222,RESTRICTED
ACC_007676,CUST_007676,SAVINGS,12822.11,ACTIVE,VERIFIED,0.316,RESTRICTED
ACC_007677,CUST_007677,SAVINGS,17727.3,ACTIVE,VERIFIED,0.339,RESTRICTED
ACC_007678,CUST_007678,SAVINGS,8620.66,ACTIVE,VERIFIED,0.483,RESTRICTED
ACC_007679,CUST_007679,SAVINGS,29447.9,ACTIVE,VERIFIED,0.186,RESTRICTED
ACC_007680,CUST_007680,SAVINGS,26980.1,ACTIVE,VERIFIED,0.251,RESTRICTED
ACC_007681,CUST_007681,SAVINGS,11565.65,ACTIVE,VERIFIED,0.533,RESTRICTED
ACC_007682,CUST_007682,SAVINGS,45313.33,ACTIVE,VERIFIED,0.313,RESTRICTED
ACC_007683,CUST_007683,SAVINGS,41455.61,ACTIVE,VERIFIED,0.256,RESTRICTED
ACC_007684,CUST_007684,SAVINGS,17156.1,ACTIVE,VERIFIED,0.716,RESTRICTED
ACC_007685,CUST_007685,SAVINGS,42385.0,ACTIVE,VERIFIED,0.493,RESTRICTED
ACC_007686,CUST_007686,SAVINGS,31899.47,ACTIVE,VERIFIED,0.589,RESTRICTED
ACC_007687,CUST_007687,SAVINGS,44514.16,ACTIVE,VERIFIED,0.286,RESTRICTED
ACC_007688,CUST_007688,SAVINGS,22849.05,ACTIVE,VERIFIED,0.351,RESTRICTED
ACC_007689,CUST_007689,SAVINGS,40628.53,ACTIVE,PENDING,0.518,RESTRICTED
ACC_007690,CUST_007690,SAVINGS,23175.4,ACTIVE,VERIFIED,0.086,RESTRICTED
ACC_007691,CUST_007691,SAVINGS,45295.11,ACTIVE,VERIFIED,0.249,RESTRICTED
ACC_007692,CUST_007692,SAVINGS,47681.68,ACTIVE,VERIFIED,0.273,RESTRICTED
ACC_007693,CUST_007693,SAVINGS,26741.06,ACTIVE,VERIFIED,0.245,RESTRICTED
ACC_007694,CUST_007694,SAVINGS,28181.92,ACTIVE,VERIFIED,0.055,RESTRICTED
ACC_007695,CUST_007695,SAVINGS,34524.67,ACTIVE,VERIFIED,0.226,RESTRICTED
ACC_007696,CUST_007696,SAVINGS,44009.34,ACTIVE,VERIFIED,0.576,RESTRICTED
ACC_007697,CUST_007697,SAVINGS,10894.66,ACTIVE,VERIFIED,0.452,RESTRICTED
ACC_007698,CUST_007698,SAVINGS,47678.46,ACTIVE,VERIFIED,0.337,RESTRICTED
ACC_007699,CUST_007699,SAVINGS,24455.45,ACTIVE,VERIFIED,0.465,RESTRICTED
ACC_007700,CUST_007700,SAVINGS,32394.66,ACTIVE,VERIFIED,0.214,RESTRICTED
ACC_007701,CUST_007701,SAVINGS,21687.92,ACTIVE,VERIFIED,0.118,RESTRICTED
ACC_007702,CUST_007702,SAVINGS,46019.82,ACTIVE,VERIFIED,0.24,RESTRICTED
ACC_007703,CUST_007703,SAVINGS,16217.97,ACTIVE,VERIFIED,0.101,RESTRICTED
ACC_007704,CUST_007704,SAVINGS,13901.35,ACTIVE,VERIFIED,0.424,RESTRICTED
ACC_007705,CUST_007705,SAVINGS,26042.38,ACTIVE,VERIFIED,0.406,RESTRICTED
ACC_007706,CUST_007706,SAVINGS,12657.33,ACTIVE,VERIFIED,0.217,RESTRICTED
ACC_007707,CUST_007707,SAVINGS,2287.61,ACTIVE,VERIFIED,0.357,RESTRICTED
ACC_007708,CUST_007708,SAVINGS,26701.32,ACTIVE,VERIFIED,0.082,RESTRICTED
ACC_007709,CUST_007709,SAVINGS,24514.22,ACTIVE,PENDING,0.551,RESTRICTED
ACC_007710,CUST_007710,SAVINGS,33141.68,ACTIVE,VERIFIED,0.107,RESTRICTED
ACC_007711,CUST_007711,SAVINGS,15461.42,ACTIVE,VERIFIED,0.328,RESTRICTED
ACC_007712,CUST_007712,SAVINGS,13388.38,ACTIVE,VERIFIED,0.279,RESTRICTED
ACC_007713,CUST_007713,SAVINGS,41784.48,ACTIVE,VERIFIED,0.626,RESTRICTED
ACC_007714,CUST_007714,SAVINGS,33792.52,ACTIVE,VERIFIED,0.36,RESTRICTED
ACC_007715,CUST_007715,SAVINGS,23421.91,ACTIVE,PENDING,0.123,RESTRICTED
ACC_007716,CUST_007716,SAVINGS,22979.96,ACTIVE,VERIFIED,0.685,RESTRICTED
ACC_007717,CUST_007717,SAVINGS,30693.41,ACTIVE,VERIFIED,0.097,RESTRICTED
ACC_007718,CUST_007718,SAVINGS,31111.03,ACTIVE,VERIFIED,0.164,RESTRICTED
ACC_007719,CUST_007719,SAVINGS,49025.77,ACTIVE,VERIFIED,0.789,RESTRICTED
ACC_007720,CUST_007720,SAVINGS,42919.49,ACTIVE,VERIFIED,0.256,RESTRICTED
ACC_007721,CUST_007721,SAVINGS,8754.72,ACTIVE,VERIFIED,0.194,RESTRICTED
ACC_007722,CUST_007722,SAVINGS,47992.36,ACTIVE,VERIFIED,0.322,RESTRICTED
ACC_007723,CUST_007723,SAVINGS,27619.34,ACTIVE,VERIFIED,0.289,RESTRICTED
ACC_007724,CUST_007724,SAVINGS,23031.79,ACTIVE,VERIFIED,0.256,RESTRICTED
ACC_007725,CUST_007725,SAVINGS,24927.08,ACTIVE,VERIFIED,0.205,RESTRICTED
ACC_007726,CUST_007726,SAVINGS,46801.54,ACTIVE,VERIFIED,0.153,RESTRICTED
ACC_007727,CUST_007727,SAVINGS,21683.74,ACTIVE,VERIFIED,0.108,RESTRICTED
ACC_007728,CUST_007728,SAVINGS,18749.29,ACTIVE,VERIFIED,0.232,RESTRICTED
ACC_007729,CUST_007729,SAVINGS,9856.15,ACTIVE,VERIFIED,0.279,RESTRICTED
ACC_007730,CUST_007730,SAVINGS,22474.55,ACTIVE,VERIFIED,0.028,RESTRICTED
ACC_007731,CUST_007731,SAVINGS,1159.05,ACTIVE,VERIFIED,0.292,RESTRICTED
ACC_007732,CUST_007732,SAVINGS,6623.95,ACTIVE,VERIFIED,0.216,RESTRICTED
ACC_007733,CUST_007733,SAVINGS,25211.37,ACTIVE,VERIFIED,0.472,RESTRICTED
ACC_007734,CUST_007734,SAVINGS,24168.46,ACTIVE,PENDING,0.191,RESTRICTED
ACC_007735,CUST_007735,SAVINGS,45179.94,ACTIVE,VERIFIED,0.065,RESTRICTED
ACC_007736,CUST_007736,SAVINGS,20940.98,ACTIVE,VERIFIED,0.239,RESTRICTED
ACC_007737,CUST_007737,SAVINGS,42631.51,ACTIVE,PENDING,0.38,RESTRICTED
ACC_007738,CUST_007738,SAVINGS,15149.79,ACTIVE,VERIFIED,0.04,RESTRICTED
ACC_007739,CUST_007739,SAVINGS,41849.13,ACTIVE,PENDING,0.246,RESTRICTED
ACC_007740,CUST_007740,SAVINGS,34881.02,ACTIVE,VERIFIED,0.257,RESTRICTED
ACC_007741,CUST_007741,SAVINGS,20326.92,ACTIVE,PENDING,0.415,RESTRICTED
ACC_007742,CUST_007742,SAVINGS,36798.84,ACTIVE,VERIFIED,0.027,RESTRICTED
ACC_007743,CUST_007743,SAVINGS,37195.59,ACTIVE,VERIFIED,0.062,RESTRICTED
ACC_007744,CUST_007744,SAVINGS,26578.16,FROZEN,FLAGGED,0.289,RESTRICTED
ACC_007745,CUST_007745,SAVINGS,26142.36,ACTIVE,VERIFIED,0.121,RESTRICTED
ACC_007746,CUST_007746,SAVINGS,39320.98,ACTIVE,VERIFIED,0.241,RESTRICTED
ACC_007747,CUST_007747,SAVINGS,15810.44,ACTIVE,VERIFIED,0.093,RESTRICTED
ACC_007748,CUST_007748,SAVINGS,7940.05,ACTIVE,VERIFIED,0.148,RESTRICTED
ACC_007749,CUST_007749,SAVINGS,34013.78,ACTIVE,VERIFIED,0.37,RESTRICTED
ACC_007750,CUST_007750,SAVINGS,25248.59,ACTIVE,VERIFIED,0.301,RESTRICTED
ACC_007751,CUST_007751,SAVINGS,27398.72,FROZEN,FLAGGED,0.319,RESTRICTED
ACC_007752,CUST_007752,SAVINGS,22760.2,ACTIVE,VERIFIED,0.252,RESTRICTED
ACC_007753,CUST_007753,SAVINGS,47774.63,ACTIVE,VERIFIED,0.561,RESTRICTED
ACC_007754,CUST_007754,SAVINGS,46330.35,ACTIVE,VERIFIED,0.2,RESTRICTED
ACC_007755,CUST_007755,SAVINGS,36644.76,ACTIVE,VERIFIED,0.295,RESTRICTED
ACC_007756,CUST_007756,SAVINGS,2412.47,FROZEN,FLAGGED,0.443,RESTRICTED
ACC_007757,CUST_007757,SAVINGS,38681.67,ACTIVE,VERIFIED,0.272,RESTRICTED
ACC_007758,CUST_007758,SAVINGS,33662.6,ACTIVE,VERIFIED,0.154,RESTRICTED
ACC_007759,CUST_007759,SAVINGS,49891.48,ACTIVE,VERIFIED,0.286,RESTRICTED
ACC_007760,CUST_007760,SAVINGS,36633.76,ACTIVE,VERIFIED,0.331,RESTRICTED
ACC_007761,CUST_007761,SAVINGS,20426.85,ACTIVE,PENDING,0.225,RESTRICTED
ACC_007762,CUST_007762,SAVINGS,32319.04,ACTIVE,VERIFIED,0.363,RESTRICTED
ACC_007763,CUST_007763,SAVINGS,42782.29,ACTIVE,VERIFIED,0.019,RESTRICTED
ACC_007764,CUST_007764,SAVINGS,31228.71,ACTIVE,VERIFIED,0.318,RESTRICTED
ACC_007765,CUST_007765,SAVINGS,2786.79,ACTIVE,VERIFIED,0.375,RESTRICTED
ACC_007766,CUST_007766,SAVINGS,36095.29,ACTIVE,VERIFIED,0.369,RESTRICTED
ACC_007767,CUST_007767,SAVINGS,40195.0,ACTIVE,PENDING,0.471,RESTRICTED
ACC_007768,CUST_007768,SAVINGS,26287.9,ACTIVE,VERIFIED,0.126,RESTRICTED
ACC_007769,CUST_007769,SAVINGS,39099.11,ACTIVE,VERIFIED,0.018,RESTRICTED
ACC_007770,CUST_007770,SAVINGS,43960.13,ACTIVE,VERIFIED,0.116,RESTRICTED
ACC_007771,CUST_007771,SAVINGS,9853.74,ACTIVE,VERIFIED,0.334,RESTRICTED
ACC_007772,CUST_007772,SAVINGS,4066.6,ACTIVE,VERIFIED,0.246,RESTRICTED
ACC_007773,CUST_007773,SAVINGS,21185.26,ACTIVE,VERIFIED,0.168,RESTRICTED
ACC_007774,CUST_007774,SAVINGS,8054.21,ACTIVE,VERIFIED,0.553,RESTRICTED
ACC_007775,CUST_007775,SAVINGS,29518.05,ACTIVE,VERIFIED,0.489,RESTRICTED
ACC_007776,CUST_007776,SAVINGS,48366.89,ACTIVE,VERIFIED,0.372,RESTRICTED
ACC_007777,CUST_007777,SAVINGS,44397.51,ACTIVE,PENDING,0.439,RESTRICTED
ACC_007778,CUST_007778,SAVINGS,2376.24,ACTIVE,VERIFIED,0.103,RESTRICTED
ACC_007779,CUST_007779,SAVINGS,23122.28,ACTIVE,VERIFIED,0.089,RESTRICTED
ACC_007780,CUST_007780,SAVINGS,35502.75,ACTIVE,VERIFIED,0.419,RESTRICTED
ACC_007781,CUST_007781,SAVINGS,18732.57,ACTIVE,PENDING,0.276,RESTRICTED
ACC_007782,CUST_007782,SAVINGS,28793.73,ACTIVE,VERIFIED,0.546,RESTRICTED
ACC_007783,CUST_007783,SAVINGS,41448.13,ACTIVE,VERIFIED,0.252,RESTRICTED
ACC_007784,CUST_007784,SAVINGS,37258.54,ACTIVE,VERIFIED,0.546,RESTRICTED
ACC_007785,CUST_007785,SAVINGS,28539.11,ACTIVE,VERIFIED,0.229,RESTRICTED
ACC_007786,CUST_007786,SAVINGS,13492.83,ACTIVE,VERIFIED,0.101,RESTRICTED
ACC_007787,CUST_007787,SAVINGS,10459.58,ACTIVE,VERIFIED,0.387,RESTRICTED
ACC_007788,CUST_007788,SAVINGS,3173.95,ACTIVE,VERIFIED,0.448,RESTRICTED
ACC_007789,CUST_007789,SAVINGS,15069.96,ACTIVE,VERIFIED,0.181,RESTRICTED
ACC_007790,CUST_007790,SAVINGS,4354.2,ACTIVE,VERIFIED,0.396,RESTRICTED
ACC_007791,CUST_007791,SAVINGS,18183.27,ACTIVE,VERIFIED,0.303,RESTRICTED
ACC_007792,CUST_007792,SAVINGS,25823.95,ACTIVE,VERIFIED,0.029,RESTRICTED
ACC_007793,CUST_007793,SAVINGS,12632.6,ACTIVE,VERIFIED,0.173,RESTRICTED
ACC_007794,CUST_007794,SAVINGS,31042.88,ACTIVE,VERIFIED,0.271,RESTRICTED
ACC_007795,CUST_007795,SAVINGS,36376.73,ACTIVE,PENDING,0.026,RESTRICTED
ACC_007796,CUST_007796,SAVINGS,10909.41,ACTIVE,VERIFIED,0.175,RESTRICTED
ACC_007797,CUST_007797,SAVINGS,3346.17,ACTIVE,VERIFIED,0.138,RESTRICTED
ACC_007798,CUST_007798,SAVINGS,39368.67,ACTIVE,VERIFIED,0.41,RESTRICTED
ACC_007799,CUST_007799,SAVINGS,48020.04,ACTIVE,VERIFIED,0.436,RESTRICTED
ACC_007800,CUST_007800,SAVINGS,22604.26,ACTIVE,VERIFIED,0.458,RESTRICTED
ACC_007801,CUST_007801,SAVINGS,13873.44,ACTIVE,VERIFIED,0.359,RESTRICTED
ACC_007802,CUST_007802,SAVINGS,25450.53,ACTIVE,VERIFIED,0.248,RESTRICTED
ACC_007803,CUST_007803,SAVINGS,49583.07,ACTIVE,PENDING,0.236,RESTRICTED
ACC_007804,CUST_007804,SAVINGS,24464.06,ACTIVE,VERIFIED,0.234,RESTRICTED
ACC_007805,CUST_007805,SAVINGS,49911.18,ACTIVE,VERIFIED,0.472,RESTRICTED
ACC_007806,CUST_007806,SAVINGS,13282.29,ACTIVE,VERIFIED,0.014,RESTRICTED
ACC_007807,CUST_007807,SAVINGS,38213.27,ACTIVE,PENDING,0.034,RESTRICTED
ACC_007808,CUST_007808,SAVINGS,23541.31,ACTIVE,VERIFIED,0.122,RESTRICTED
ACC_007809,CUST_007809,SAVINGS,2415.02,ACTIVE,VERIFIED,0.269,RESTRICTED
ACC_007810,CUST_007810,SAVINGS,20177.09,ACTIVE,VERIFIED,0.13,RESTRICTED
ACC_007811,CUST_007811,SAVINGS,10119.65,ACTIVE,VERIFIED,0.292,RESTRICTED
ACC_007812,CUST_007812,SAVINGS,43796.88,ACTIVE,VERIFIED,0.29,RESTRICTED
ACC_007813,CUST_007813,SAVINGS,3424.87,ACTIVE,VERIFIED,0.227,RESTRICTED
ACC_007814,CUST_007814,SAVINGS,18451.81,ACTIVE,PENDING,0.476,RESTRICTED
ACC_007815,CUST_007815,SAVINGS,6358.19,ACTIVE,VERIFIED,0.358,RESTRICTED
ACC_007816,CUST_007816,SAVINGS,10107.08,ACTIVE,VERIFIED,0.192,RESTRICTED
ACC_007817,CUST_007817,SAVINGS,26273.07,ACTIVE,VERIFIED,0.058,RESTRICTED
ACC_007818,CUST_007818,SAVINGS,24071.24,ACTIVE,VERIFIED,0.04,RESTRICTED
ACC_007819,CUST_007819,SAVINGS,15372.0,ACTIVE,VERIFIED,0.214,RESTRICTED
ACC_007820,CUST_007820,SAVINGS,47923.77,ACTIVE,VERIFIED,0.223,RESTRICTED
ACC_007821,CUST_007821,SAVINGS,29300.52,ACTIVE,VERIFIED,0.17,RESTRICTED
ACC_007822,CUST_007822,SAVINGS,34188.26,ACTIVE,PENDING,0.133,RESTRICTED
ACC_007823,CUST_007823,SAVINGS,7268.38,ACTIVE,VERIFIED,0.085,RESTRICTED
ACC_007824,CUST_007824,SAVINGS,35051.54,ACTIVE,VERIFIED,0.205,RESTRICTED
ACC_007825,CUST_007825,SAVINGS,42718.4,ACTIVE,VERIFIED,0.223,RESTRICTED
ACC_007826,CUST_007826,SAVINGS,36964.74,ACTIVE,VERIFIED,0.471,RESTRICTED
ACC_007827,CUST_007827,SAVINGS,8613.63,ACTIVE,VERIFIED,0.208,RESTRICTED
ACC_007828,CUST_007828,SAVINGS,32138.99,ACTIVE,VERIFIED,0.251,RESTRICTED
ACC_007829,CUST_007829,SAVINGS,38909.86,ACTIVE,VERIFIED,0.307,RESTRICTED
ACC_007830,CUST_007830,SAVINGS,11065.5,ACTIVE,VERIFIED,0.434,RESTRICTED
ACC_007831,CUST_007831,SAVINGS,20347.4,ACTIVE,VERIFIED,0.061,RESTRICTED
ACC_007832,CUST_007832,SAVINGS,45364.5,ACTIVE,VERIFIED,0.359,RESTRICTED
ACC_007833,CUST_007833,SAVINGS,20515.81,ACTIVE,VERIFIED,0.26,RESTRICTED
ACC_007834,CUST_007834,SAVINGS,45828.12,ACTIVE,VERIFIED,0.023,RESTRICTED
ACC_007835,CUST_007835,SAVINGS,26279.2,ACTIVE,VERIFIED,0.558,RESTRICTED
ACC_007836,CUST_007836,SAVINGS,23551.15,ACTIVE,VERIFIED,0.196,RESTRICTED
ACC_007837,CUST_007837,SAVINGS,37693.82,ACTIVE,VERIFIED,0.107,RESTRICTED
ACC_007838,CUST_007838,SAVINGS,49648.98,ACTIVE,VERIFIED,0.041,RESTRICTED
ACC_007839,CUST_007839,SAVINGS,19682.39,ACTIVE,VERIFIED,0.3,RESTRICTED
ACC_007840,CUST_007840,SAVINGS,40187.59,ACTIVE,VERIFIED,0.258,RESTRICTED
ACC_007841,CUST_007841,SAVINGS,12727.27,ACTIVE,VERIFIED,0.129,RESTRICTED
ACC_007842,CUST_007842,SAVINGS,6016.12,ACTIVE,VERIFIED,0.297,RESTRICTED
ACC_007843,CUST_007843,SAVINGS,36312.19,ACTIVE,VERIFIED,0.364,RESTRICTED
ACC_007844,CUST_007844,SAVINGS,9280.81,ACTIVE,VERIFIED,0.311,RESTRICTED
ACC_007845,CUST_007845,SAVINGS,27824.04,ACTIVE,VERIFIED,0.184,RESTRICTED
ACC_007846,CUST_007846,SAVINGS,42556.01,ACTIVE,VERIFIED,0.594,RESTRICTED
ACC_007847,CUST_007847,SAVINGS,39504.19,ACTIVE,PENDING,0.171,RESTRICTED
ACC_007848,CUST_007848,SAVINGS,38717.92,ACTIVE,VERIFIED,0.02,RESTRICTED
ACC_007849,CUST_007849,SAVINGS,10961.0,ACTIVE,PENDING,0.161,RESTRICTED
ACC_007850,CUST_007850,SAVINGS,14656.26,ACTIVE,VERIFIED,0.079,RESTRICTED
ACC_007851,CUST_007851,SAVINGS,9529.38,ACTIVE,VERIFIED,0.038,RESTRICTED
ACC_007852,CUST_007852,SAVINGS,11797.75,ACTIVE,VERIFIED,0.126,RESTRICTED
ACC_007853,CUST_007853,SAVINGS,2295.66,ACTIVE,VERIFIED,0.055,RESTRICTED
ACC_007854,CUST_007854,SAVINGS,37473.07,ACTIVE,VERIFIED,0.441,RESTRICTED
ACC_007855,CUST_007855,SAVINGS,28512.89,ACTIVE,VERIFIED,0.04,RESTRICTED
ACC_007856,CUST_007856,SAVINGS,47319.05,ACTIVE,VERIFIED,0.231,RESTRICTED
ACC_007857,CUST_007857,SAVINGS,38522.07,ACTIVE,PENDING,0.608,RESTRICTED
ACC_007858,CUST_007858,SAVINGS,7115.62,ACTIVE,VERIFIED,0.535,RESTRICTED
ACC_007859,CUST_007859,SAVINGS,39097.48,ACTIVE,VERIFIED,0.362,RESTRICTED
ACC_007860,CUST_007860,SAVINGS,35736.77,ACTIVE,VERIFIED,0.297,RESTRICTED
ACC_007861,CUST_007861,SAVINGS,41496.34,ACTIVE,VERIFIED,0.431,RESTRICTED
ACC_007862,CUST_007862,SAVINGS,29843.57,ACTIVE,VERIFIED,0.541,RESTRICTED
ACC_007863,CUST_007863,SAVINGS,46007.48,ACTIVE,VERIFIED,0.365,RESTRICTED
ACC_007864,CUST_007864,SAVINGS,34150.12,ACTIVE,PENDING,0.117,RESTRICTED
ACC_007865,CUST_007865,SAVINGS,22125.16,ACTIVE,VERIFIED,0.155,RESTRICTED
ACC_007866,CUST_007866,SAVINGS,24174.95,ACTIVE,VERIFIED,0.319,RESTRICTED
ACC_007867,CUST_007867,SAVINGS,3027.14,ACTIVE,VERIFIED,0.402,RESTRICTED
ACC_007868,CUST_007868,SAVINGS,9248.63,ACTIVE,PENDING,0.447,RESTRICTED
ACC_007869,CUST_007869,SAVINGS,48711.54,ACTIVE,VERIFIED,0.146,RESTRICTED
ACC_007870,CUST_007870,SAVINGS,2433.06,ACTIVE,VERIFIED,0.148,RESTRICTED
ACC_007871,CUST_007871,SAVINGS,9559.21,ACTIVE,PENDING,0.412,RESTRICTED
ACC_007872,CUST_007872,SAVINGS,38960.9,ACTIVE,VERIFIED,0.529,RESTRICTED
ACC_007873,CUST_007873,SAVINGS,1256.16,ACTIVE,VERIFIED,0.303,RESTRICTED
ACC_007874,CUST_007874,SAVINGS,33365.44,ACTIVE,VERIFIED,0.033,RESTRICTED
ACC_007875,CUST_007875,SAVINGS,37755.03,ACTIVE,VERIFIED,0.6,RESTRICTED
ACC_007876,CUST_007876,SAVINGS,27900.32,ACTIVE,VERIFIED,0.194,RESTRICTED
ACC_007877,CUST_007877,SAVINGS,29612.42,FROZEN,FLAGGED,0.564,RESTRICTED
ACC_007878,CUST_007878,SAVINGS,40817.89,ACTIVE,VERIFIED,0.078,RESTRICTED
ACC_007879,CUST_007879,SAVINGS,47798.13,ACTIVE,VERIFIED,0.626,RESTRICTED
ACC_007880,CUST_007880,SAVINGS,47183.28,ACTIVE,VERIFIED,0.45,RESTRICTED
ACC_007881,CUST_007881,SAVINGS,49924.4,ACTIVE,VERIFIED,0.204,RESTRICTED
ACC_007882,CUST_007882,SAVINGS,37403.73,ACTIVE,VERIFIED,0.082,RESTRICTED
ACC_007883,CUST_007883,SAVINGS,21972.97,ACTIVE,VERIFIED,0.122,RESTRICTED
ACC_007884,CUST_007884,SAVINGS,37858.29,ACTIVE,PENDING,0.461,RESTRICTED
ACC_007885,CUST_007885,SAVINGS,21366.95,ACTIVE,VERIFIED,0.076,RESTRICTED
ACC_007886,CUST_007886,SAVINGS,28205.42,ACTIVE,VERIFIED,0.275,RESTRICTED
ACC_007887,CUST_007887,SAVINGS,43311.68,ACTIVE,VERIFIED,0.354,RESTRICTED
ACC_007888,CUST_007888,SAVINGS,45066.09,ACTIVE,VERIFIED,0.13,RESTRICTED
ACC_007889,CUST_007889,SAVINGS,27693.88,ACTIVE,VERIFIED,0.222,RESTRICTED
ACC_007890,CUST_007890,SAVINGS,1610.74,ACTIVE,VERIFIED,0.37,RESTRICTED
ACC_007891,CUST_007891,SAVINGS,27122.52,ACTIVE,VERIFIED,0.336,RESTRICTED
ACC_007892,CUST_007892,SAVINGS,36946.4,ACTIVE,VERIFIED,0.394,RESTRICTED
ACC_007893,CUST_007893,SAVINGS,43327.92,ACTIVE,VERIFIED,0.177,RESTRICTED
ACC_007894,CUST_007894,SAVINGS,12015.65,ACTIVE,VERIFIED,0.555,RESTRICTED
ACC_007895,CUST_007895,SAVINGS,24115.9,ACTIVE,VERIFIED,0.147,RESTRICTED
ACC_007896,CUST_007896,SAVINGS,39959.53,ACTIVE,VERIFIED,0.21,RESTRICTED
ACC_007897,CUST_007897,SAVINGS,4470.9,ACTIVE,VERIFIED,0.15,RESTRICTED
ACC_007898,CUST_007898,SAVINGS,20090.53,ACTIVE,VERIFIED,0.629,RESTRICTED
ACC_007899,CUST_007899,SAVINGS,11330.66,ACTIVE,VERIFIED,0.603,RESTRICTED
ACC_007900,CUST_007900,SAVINGS,14314.55,ACTIVE,VERIFIED,0.573,RESTRICTED
ACC_007901,CUST_007901,SAVINGS,12171.99,ACTIVE,PENDING,0.581,RESTRICTED
ACC_007902,CUST_007902,SAVINGS,12922.64,ACTIVE,VERIFIED,0.169,RESTRICTED
ACC_007903,CUST_007903,SAVINGS,9705.73,ACTIVE,PENDING,0.471,RESTRICTED
ACC_007904,CUST_007904,SAVINGS,6187.93,FROZEN,FLAGGED,0.465,RESTRICTED
ACC_007905,CUST_007905,SAVINGS,42345.89,ACTIVE,VERIFIED,0.196,RESTRICTED
ACC_007906,CUST_007906,SAVINGS,32167.07,ACTIVE,VERIFIED,0.147,RESTRICTED
ACC_007907,CUST_007907,SAVINGS,42390.7,ACTIVE,VERIFIED,0.161,RESTRICTED
ACC_007908,CUST_007908,SAVINGS,26781.88,ACTIVE,VERIFIED,0.571,RESTRICTED
ACC_007909,CUST_007909,SAVINGS,2532.79,ACTIVE,VERIFIED,0.183,RESTRICTED
ACC_007910,CUST_007910,SAVINGS,33143.84,ACTIVE,VERIFIED,0.029,RESTRICTED
ACC_007911,CUST_007911,SAVINGS,13688.59,ACTIVE,VERIFIED,0.338,RESTRICTED
ACC_007912,CUST_007912,SAVINGS,39815.37,ACTIVE,PENDING,0.063,RESTRICTED
ACC_007913,CUST_007913,SAVINGS,6214.73,ACTIVE,VERIFIED,0.351,RESTRICTED
ACC_007914,CUST_007914,SAVINGS,27502.19,ACTIVE,VERIFIED,0.154,RESTRICTED
ACC_007915,CUST_007915,SAVINGS,2194.21,ACTIVE,VERIFIED,0.199,RESTRICTED
ACC_007916,CUST_007916,SAVINGS,44335.14,ACTIVE,VERIFIED,0.055,RESTRICTED
ACC_007917,CUST_007917,SAVINGS,35721.81,ACTIVE,VERIFIED,0.232,RESTRICTED
ACC_007918,CUST_007918,SAVINGS,6065.78,ACTIVE,VERIFIED,0.709,RESTRICTED
ACC_007919,CUST_007919,SAVINGS,6180.74,ACTIVE,VERIFIED,0.102,RESTRICTED
ACC_007920,CUST_007920,SAVINGS,39253.74,ACTIVE,VERIFIED,0.269,RESTRICTED
ACC_007921,CUST_007921,SAVINGS,41797.63,ACTIVE,VERIFIED,0.138,RESTRICTED
ACC_007922,CUST_007922,SAVINGS,23683.93,ACTIVE,VERIFIED,0.191,RESTRICTED
ACC_007923,CUST_007923,SAVINGS,25213.86,ACTIVE,VERIFIED,0.256,RESTRICTED
ACC_007924,CUST_007924,SAVINGS,33385.26,FROZEN,FLAGGED,0.12,RESTRICTED
ACC_007925,CUST_007925,SAVINGS,15194.97,ACTIVE,VERIFIED,0.326,RESTRICTED
ACC_007926,CUST_007926,SAVINGS,33859.87,ACTIVE,VERIFIED,0.517,RESTRICTED
ACC_007927,CUST_007927,SAVINGS,40605.28,ACTIVE,VERIFIED,0.204,RESTRICTED
ACC_007928,CUST_007928,SAVINGS,16987.12,ACTIVE,VERIFIED,0.118,RESTRICTED
ACC_007929,CUST_007929,SAVINGS,36640.14,ACTIVE,VERIFIED,0.192,RESTRICTED
ACC_007930,CUST_007930,SAVINGS,23419.56,ACTIVE,VERIFIED,0.378,RESTRICTED
ACC_007931,CUST_007931,SAVINGS,19619.01,ACTIVE,PENDING,0.106,RESTRICTED
ACC_007932,CUST_007932,SAVINGS,10093.99,ACTIVE,VERIFIED,0.355,RESTRICTED
ACC_007933,CUST_007933,SAVINGS,19240.56,ACTIVE,VERIFIED,0.255,RESTRICTED
ACC_007934,CUST_007934,SAVINGS,13323.7,ACTIVE,VERIFIED,0.374,RESTRICTED
ACC_007935,CUST_007935,SAVINGS,42106.72,ACTIVE,VERIFIED,0.333,RESTRICTED
ACC_007936,CUST_007936,SAVINGS,45810.37,ACTIVE,VERIFIED,0.163,RESTRICTED
ACC_007937,CUST_007937,SAVINGS,43048.56,ACTIVE,VERIFIED,0.024,RESTRICTED
ACC_007938,CUST_007938,SAVINGS,47449.11,ACTIVE,VERIFIED,0.141,RESTRICTED
ACC_007939,CUST_007939,SAVINGS,24394.31,ACTIVE,VERIFIED,0.139,RESTRICTED
ACC_007940,CUST_007940,SAVINGS,38362.76,ACTIVE,VERIFIED,0.433,RESTRICTED
ACC_007941,CUST_007941,SAVINGS,23855.47,ACTIVE,VERIFIED,0.207,RESTRICTED
ACC_007942,CUST_007942,SAVINGS,40067.34,ACTIVE,VERIFIED,0.367,RESTRICTED
ACC_007943,CUST_007943,SAVINGS,6185.59,ACTIVE,VERIFIED,0.116,RESTRICTED
ACC_007944,CUST_007944,SAVINGS,16535.93,ACTIVE,VERIFIED,0.352,RESTRICTED
ACC_007945,CUST_007945,SAVINGS,31958.45,ACTIVE,VERIFIED,0.186,RESTRICTED
ACC_007946,CUST_007946,SAVINGS,12851.56,ACTIVE,VERIFIED,0.244,RESTRICTED
ACC_007947,CUST_007947,SAVINGS,44776.47,ACTIVE,VERIFIED,0.522,RESTRICTED
ACC_007948,CUST_007948,SAVINGS,21058.8,ACTIVE,VERIFIED,0.216,RESTRICTED
ACC_007949,CUST_007949,SAVINGS,7273.8,ACTIVE,VERIFIED,0.233,RESTRICTED
ACC_007950,CUST_007950,SAVINGS,3434.99,ACTIVE,VERIFIED,0.062,RESTRICTED
ACC_007951,CUST_007951,SAVINGS,38411.14,ACTIVE,VERIFIED,0.189,RESTRICTED
ACC_007952,CUST_007952,SAVINGS,25559.1,ACTIVE,VERIFIED,0.261,RESTRICTED
ACC_007953,CUST_007953,SAVINGS,38359.98,ACTIVE,VERIFIED,0.117,RESTRICTED
ACC_007954,CUST_007954,SAVINGS,5260.49,ACTIVE,VERIFIED,0.33,RESTRICTED
ACC_007955,CUST_007955,SAVINGS,32415.11,FROZEN,FLAGGED,0.229,RESTRICTED
ACC_007956,CUST_007956,SAVINGS,5049.51,ACTIVE,VERIFIED,0.629,RESTRICTED
ACC_007957,CUST_007957,SAVINGS,17720.75,ACTIVE,VERIFIED,0.13,RESTRICTED
ACC_007958,CUST_007958,SAVINGS,12754.67,ACTIVE,VERIFIED,0.476,RESTRICTED
ACC_007959,CUST_007959,SAVINGS,4295.77,ACTIVE,VERIFIED,0.194,RESTRICTED
ACC_007960,CUST_007960,SAVINGS,9744.3,ACTIVE,VERIFIED,0.175,RESTRICTED
ACC_007961,CUST_007961,SAVINGS,12966.44,ACTIVE,PENDING,0.377,RESTRICTED
ACC_007962,CUST_007962,SAVINGS,34671.41,ACTIVE,VERIFIED,0.43,RESTRICTED
ACC_007963,CUST_007963,SAVINGS,10834.74,ACTIVE,VERIFIED,0.187,RESTRICTED
ACC_007964,CUST_007964,SAVINGS,41173.47,ACTIVE,VERIFIED,0.27,RESTRICTED
ACC_007965,CUST_007965,SAVINGS,14248.83,ACTIVE,VERIFIED,0.408,RESTRICTED
ACC_007966,CUST_007966,SAVINGS,1177.47,ACTIVE,VERIFIED,0.124,RESTRICTED
ACC_007967,CUST_007967,SAVINGS,30440.34,ACTIVE,VERIFIED,0.174,RESTRICTED
ACC_007968,CUST_007968,SAVINGS,17909.72,FROZEN,FLAGGED,0.257,RESTRICTED
ACC_007969,CUST_007969,SAVINGS,26980.99,ACTIVE,PENDING,0.418,RESTRICTED
ACC_007970,CUST_007970,SAVINGS,36261.41,ACTIVE,VERIFIED,0.435,RESTRICTED
ACC_007971,CUST_007971,SAVINGS,42679.8,ACTIVE,VERIFIED,0.045,RESTRICTED
ACC_007972,CUST_007972,SAVINGS,37568.7,ACTIVE,PENDING,0.385,RESTRICTED
ACC_007973,CUST_007973,SAVINGS,5359.37,ACTIVE,VERIFIED,0.174,RESTRICTED
ACC_007974,CUST_007974,SAVINGS,45842.92,ACTIVE,VERIFIED,0.114,RESTRICTED
ACC_007975,CUST_007975,SAVINGS,39787.07,ACTIVE,VERIFIED,0.127,RESTRICTED
ACC_007976,CUST_007976,SAVINGS,40791.04,ACTIVE,VERIFIED,0.52,RESTRICTED
ACC_007977,CUST_007977,SAVINGS,41743.6,ACTIVE,VERIFIED,0.239,RESTRICTED
ACC_007978,CUST_007978,SAVINGS,31379.56,ACTIVE,VERIFIED,0.481,RESTRICTED
ACC_007979,CUST_007979,SAVINGS,23970.77,ACTIVE,PENDING,0.461,RESTRICTED
ACC_007980,CUST_007980,SAVINGS,16597.69,ACTIVE,VERIFIED,0.314,RESTRICTED
ACC_007981,CUST_007981,SAVINGS,12525.8,ACTIVE,VERIFIED,0.14,RESTRICTED
ACC_007982,CUST_007982,SAVINGS,3583.39,ACTIVE,VERIFIED,0.168,RESTRICTED
ACC_007983,CUST_007983,SAVINGS,49704.97,ACTIVE,VERIFIED,0.289,RESTRICTED
ACC_007984,CUST_007984,SAVINGS,26683.89,FROZEN,FLAGGED,0.204,RESTRICTED
ACC_007985,CUST_007985,SAVINGS,9027.14,FROZEN,FLAGGED,0.451,RESTRICTED
ACC_007986,CUST_007986,SAVINGS,34976.92,ACTIVE,PENDING,0.271,RESTRICTED
ACC_007987,CUST_007987,SAVINGS,5390.7,ACTIVE,VERIFIED,0.608,RESTRICTED
ACC_007988,CUST_007988,SAVINGS,18092.75,ACTIVE,VERIFIED,0.164,RESTRICTED
ACC_007989,CUST_007989,SAVINGS,38292.11,ACTIVE,PENDING,0.15,RESTRICTED
ACC_007990,CUST_007990,SAVINGS,29921.29,ACTIVE,VERIFIED,0.153,RESTRICTED
ACC_007991,CUST_007991,SAVINGS,22236.09,ACTIVE,VERIFIED,0.177,RESTRICTED
ACC_007992,CUST_007992,SAVINGS,25645.92,ACTIVE,VERIFIED,0.233,RESTRICTED
ACC_007993,CUST_007993,SAVINGS,2331.77,ACTIVE,VERIFIED,0.191,RESTRICTED
ACC_007994,CUST_007994,SAVINGS,4431.91,ACTIVE,VERIFIED,0.335,RESTRICTED
ACC_007995,CUST_007995,SAVINGS,28223.74,ACTIVE,VERIFIED,0.242,RESTRICTED
ACC_007996,CUST_007996,SAVINGS,4717.69,ACTIVE,VERIFIED,0.175,RESTRICTED
ACC_007997,CUST_007997,SAVINGS,45723.54,ACTIVE,PENDING,0.313,RESTRICTED
ACC_007998,CUST_007998,SAVINGS,23248.41,ACTIVE,VERIFIED,0.337,RESTRICTED
ACC_007999,CUST_007999,SAVINGS,2777.35,ACTIVE,VERIFIED,0.608,RESTRICTED
ACC_008000,CUST_008000,SAVINGS,20058.11,FROZEN,FLAGGED,0.304,RESTRICTED
ACC_008001,CUST_008001,SAVINGS,43802.34,ACTIVE,VERIFIED,0.126,RESTRICTED
ACC_008002,CUST_008002,SAVINGS,28866.46,ACTIVE,VERIFIED,0.434,RESTRICTED
ACC_008003,CUST_008003,SAVINGS,36510.04,ACTIVE,VERIFIED,0.305,RESTRICTED
ACC_008004,CUST_008004,SAVINGS,2919.03,FROZEN,FLAGGED,0.122,RESTRICTED
ACC_008005,CUST_008005,SAVINGS,13155.37,ACTIVE,PENDING,0.3,RESTRICTED
ACC_008006,CUST_008006,SAVINGS,19300.45,ACTIVE,VERIFIED,0.103,RESTRICTED
ACC_008007,CUST_008007,SAVINGS,31961.21,FROZEN,FLAGGED,0.458,RESTRICTED
ACC_008008,CUST_008008,SAVINGS,20252.94,ACTIVE,VERIFIED,0.364,RESTRICTED
ACC_008009,CUST_008009,SAVINGS,7245.78,ACTIVE,VERIFIED,0.396,RESTRICTED
ACC_008010,CUST_008010,SAVINGS,7427.89,ACTIVE,PENDING,0.179,RESTRICTED
ACC_008011,CUST_008011,SAVINGS,32938.63,ACTIVE,VERIFIED,0.216,RESTRICTED
ACC_008012,CUST_008012,SAVINGS,7210.94,ACTIVE,VERIFIED,0.226,RESTRICTED
ACC_008013,CUST_008013,SAVINGS,13344.37,ACTIVE,VERIFIED,0.204,RESTRICTED
ACC_008014,CUST_008014,SAVINGS,14830.66,ACTIVE,VERIFIED,0.539,RESTRICTED
ACC_008015,CUST_008015,SAVINGS,19136.94,ACTIVE,VERIFIED,0.704,RESTRICTED
ACC_008016,CUST_008016,SAVINGS,5694.87,ACTIVE,VERIFIED,0.089,RESTRICTED
ACC_008017,CUST_008017,SAVINGS,31981.53,ACTIVE,VERIFIED,0.055,RESTRICTED
ACC_008018,CUST_008018,SAVINGS,47334.22,ACTIVE,VERIFIED,0.151,RESTRICTED
ACC_008019,CUST_008019,SAVINGS,46903.89,ACTIVE,VERIFIED,0.135,RESTRICTED
ACC_008020,CUST_008020,SAVINGS,40693.91,ACTIVE,VERIFIED,0.153,RESTRICTED
ACC_008021,CUST_008021,SAVINGS,14448.7,ACTIVE,VERIFIED,0.213,RESTRICTED
ACC_008022,CUST_008022,SAVINGS,32242.51,ACTIVE,VERIFIED,0.206,RESTRICTED
ACC_008023,CUST_008023,SAVINGS,26763.93,ACTIVE,PENDING,0.352,RESTRICTED
ACC_008024,CUST_008024,SAVINGS,16147.38,ACTIVE,VERIFIED,0.435,RESTRICTED
ACC_008025,CUST_008025,SAVINGS,44322.11,ACTIVE,PENDING,0.368,RESTRICTED
ACC_008026,CUST_008026,SAVINGS,24578.93,ACTIVE,VERIFIED,0.223,RESTRICTED
ACC_008027,CUST_008027,SAVINGS,31764.09,ACTIVE,VERIFIED,0.249,RESTRICTED
ACC_008028,CUST_008028,SAVINGS,34206.97,ACTIVE,VERIFIED,0.873,RESTRICTED
ACC_008029,CUST_008029,SAVINGS,44143.98,ACTIVE,VERIFIED,0.277,RESTRICTED
ACC_008030,CUST_008030,SAVINGS,3060.25,FROZEN,FLAGGED,0.505,RESTRICTED
ACC_008031,CUST_008031,SAVINGS,24053.04,ACTIVE,VERIFIED,0.048,RESTRICTED
ACC_008032,CUST_008032,SAVINGS,35583.14,ACTIVE,VERIFIED,0.249,RESTRICTED
ACC_008033,CUST_008033,SAVINGS,12787.67,ACTIVE,VERIFIED,0.355,RESTRICTED
ACC_008034,CUST_008034,SAVINGS,1891.27,ACTIVE,VERIFIED,0.634,RESTRICTED
ACC_008035,CUST_008035,SAVINGS,9954.4,ACTIVE,VERIFIED,0.186,RESTRICTED
ACC_008036,CUST_008036,SAVINGS,18463.95,ACTIVE,PENDING,0.49,RESTRICTED
ACC_008037,CUST_008037,SAVINGS,36319.12,ACTIVE,VERIFIED,0.514,RESTRICTED
ACC_008038,CUST_008038,SAVINGS,49555.71,FROZEN,FLAGGED,0.326,RESTRICTED
ACC_008039,CUST_008039,SAVINGS,11043.51,ACTIVE,VERIFIED,0.174,RESTRICTED
ACC_008040,CUST_008040,SAVINGS,29773.5,ACTIVE,VERIFIED,0.462,RESTRICTED
ACC_008041,CUST_008041,SAVINGS,13502.56,FROZEN,FLAGGED,0.073,RESTRICTED
ACC_008042,CUST_008042,SAVINGS,41167.1,ACTIVE,VERIFIED,0.264,RESTRICTED
ACC_008043,CUST_008043,SAVINGS,24149.31,ACTIVE,VERIFIED,0.543,RESTRICTED
ACC_008044,CUST_008044,SAVINGS,17572.51,ACTIVE,VERIFIED,0.215,RESTRICTED
ACC_008045,CUST_008045,SAVINGS,25974.66,ACTIVE,VERIFIED,0.201,RESTRICTED
ACC_008046,CUST_008046,SAVINGS,18165.94,ACTIVE,PENDING,0.187,RESTRICTED
ACC_008047,CUST_008047,SAVINGS,20638.78,ACTIVE,VERIFIED,0.494,RESTRICTED
ACC_008048,CUST_008048,SAVINGS,4317.62,ACTIVE,VERIFIED,0.044,RESTRICTED
ACC_008049,CUST_008049,SAVINGS,31679.91,ACTIVE,VERIFIED,0.588,RESTRICTED
ACC_008050,CUST_008050,SAVINGS,33026.73,ACTIVE,VERIFIED,0.331,RESTRICTED
ACC_008051,CUST_008051,SAVINGS,8775.01,ACTIVE,VERIFIED,0.574,RESTRICTED
ACC_008052,CUST_008052,SAVINGS,2505.43,ACTIVE,VERIFIED,0.432,RESTRICTED
ACC_008053,CUST_008053,SAVINGS,27272.08,ACTIVE,VERIFIED,0.229,RESTRICTED
ACC_008054,CUST_008054,SAVINGS,42940.68,ACTIVE,VERIFIED,0.154,RESTRICTED
ACC_008055,CUST_008055,SAVINGS,46570.2,ACTIVE,VERIFIED,0.513,RESTRICTED
ACC_008056,CUST_008056,SAVINGS,35860.44,ACTIVE,VERIFIED,0.407,RESTRICTED
ACC_008057,CUST_008057,SAVINGS,29890.51,FROZEN,FLAGGED,0.147,RESTRICTED
ACC_008058,CUST_008058,SAVINGS,21635.97,ACTIVE,VERIFIED,0.494,RESTRICTED
ACC_008059,CUST_008059,SAVINGS,10543.13,ACTIVE,VERIFIED,0.125,RESTRICTED
ACC_008060,CUST_008060,SAVINGS,40956.81,ACTIVE,VERIFIED,0.794,RESTRICTED
ACC_008061,CUST_008061,SAVINGS,38800.22,ACTIVE,VERIFIED,0.098,RESTRICTED
ACC_008062,CUST_008062,SAVINGS,34173.12,ACTIVE,VERIFIED,0.545,RESTRICTED
ACC_008063,CUST_008063,SAVINGS,36378.66,ACTIVE,PENDING,0.349,RESTRICTED
ACC_008064,CUST_008064,SAVINGS,15053.1,ACTIVE,PENDING,0.297,RESTRICTED
ACC_008065,CUST_008065,SAVINGS,16852.93,ACTIVE,VERIFIED,0.111,RESTRICTED
ACC_008066,CUST_008066,SAVINGS,24476.79,ACTIVE,VERIFIED,0.044,RESTRICTED
ACC_008067,CUST_008067,SAVINGS,4798.24,ACTIVE,VERIFIED,0.32,RESTRICTED
ACC_008068,CUST_008068,SAVINGS,5547.67,ACTIVE,VERIFIED,0.299,RESTRICTED
ACC_008069,CUST_008069,SAVINGS,43788.27,ACTIVE,VERIFIED,0.742,RESTRICTED
ACC_008070,CUST_008070,SAVINGS,45185.73,ACTIVE,PENDING,0.121,RESTRICTED
ACC_008071,CUST_008071,SAVINGS,36151.5,ACTIVE,VERIFIED,0.339,RESTRICTED
ACC_008072,CUST_008072,SAVINGS,37701.84,ACTIVE,VERIFIED,0.423,RESTRICTED
ACC_008073,CUST_008073,SAVINGS,12201.61,ACTIVE,VERIFIED,0.643,RESTRICTED
ACC_008074,CUST_008074,SAVINGS,22470.18,ACTIVE,VERIFIED,0.271,RESTRICTED
ACC_008075,CUST_008075,SAVINGS,34699.33,ACTIVE,VERIFIED,0.255,RESTRICTED
ACC_008076,CUST_008076,SAVINGS,14747.14,ACTIVE,VERIFIED,0.275,RESTRICTED
ACC_008077,CUST_008077,SAVINGS,36362.53,FROZEN,FLAGGED,0.356,RESTRICTED
ACC_008078,CUST_008078,SAVINGS,33559.24,ACTIVE,VERIFIED,0.144,RESTRICTED
ACC_008079,CUST_008079,SAVINGS,3462.99,ACTIVE,VERIFIED,0.383,RESTRICTED
ACC_008080,CUST_008080,SAVINGS,8996.66,ACTIVE,VERIFIED,0.144,RESTRICTED
ACC_008081,CUST_008081,SAVINGS,39506.04,ACTIVE,VERIFIED,0.549,RESTRICTED
ACC_008082,CUST_008082,SAVINGS,49146.7,ACTIVE,VERIFIED,0.234,RESTRICTED
ACC_008083,CUST_008083,SAVINGS,41692.17,ACTIVE,PENDING,0.137,RESTRICTED
ACC_008084,CUST_008084,SAVINGS,5740.18,ACTIVE,VERIFIED,0.252,RESTRICTED
ACC_008085,CUST_008085,SAVINGS,11612.77,ACTIVE,VERIFIED,0.4,RESTRICTED
ACC_008086,CUST_008086,SAVINGS,47920.29,ACTIVE,VERIFIED,0.513,RESTRICTED
ACC_008087,CUST_008087,SAVINGS,11586.16,ACTIVE,PENDING,0.171,RESTRICTED
ACC_008088,CUST_008088,SAVINGS,7549.42,ACTIVE,VERIFIED,0.724,RESTRICTED
ACC_008089,CUST_008089,SAVINGS,49813.98,ACTIVE,VERIFIED,0.267,RESTRICTED
ACC_008090,CUST_008090,SAVINGS,27670.87,ACTIVE,VERIFIED,0.022,RESTRICTED
ACC_008091,CUST_008091,SAVINGS,28327.07,ACTIVE,VERIFIED,0.431,RESTRICTED
ACC_008092,CUST_008092,SAVINGS,20269.78,ACTIVE,VERIFIED,0.14,RESTRICTED
ACC_008093,CUST_008093,SAVINGS,9149.06,FROZEN,FLAGGED,0.211,RESTRICTED
ACC_008094,CUST_008094,SAVINGS,8300.49,ACTIVE,PENDING,0.171,RESTRICTED
ACC_008095,CUST_008095,SAVINGS,45647.82,ACTIVE,VERIFIED,0.134,RESTRICTED
ACC_008096,CUST_008096,SAVINGS,5951.16,ACTIVE,VERIFIED,0.289,RESTRICTED
ACC_008097,CUST_008097,SAVINGS,3451.01,ACTIVE,VERIFIED,0.256,RESTRICTED
ACC_008098,CUST_008098,SAVINGS,46510.81,ACTIVE,VERIFIED,0.147,RESTRICTED
ACC_008099,CUST_008099,SAVINGS,5303.79,ACTIVE,VERIFIED,0.455,RESTRICTED
ACC_008100,CUST_008100,SAVINGS,42228.4,ACTIVE,VERIFIED,0.473,RESTRICTED
ACC_008101,CUST_008101,SAVINGS,14655.59,ACTIVE,VERIFIED,0.168,RESTRICTED
ACC_008102,CUST_008102,SAVINGS,13857.52,ACTIVE,VERIFIED,0.049,RESTRICTED
ACC_008103,CUST_008103,SAVINGS,41750.74,ACTIVE,VERIFIED,0.128,RESTRICTED
ACC_008104,CUST_008104,SAVINGS,41320.99,ACTIVE,VERIFIED,0.452,RESTRICTED
ACC_008105,CUST_008105,SAVINGS,44501.67,ACTIVE,VERIFIED,0.236,RESTRICTED
ACC_008106,CUST_008106,SAVINGS,21225.09,ACTIVE,VERIFIED,0.207,RESTRICTED
ACC_008107,CUST_008107,SAVINGS,39615.07,ACTIVE,VERIFIED,0.28,RESTRICTED
ACC_008108,CUST_008108,SAVINGS,28894.63,ACTIVE,VERIFIED,0.193,RESTRICTED
ACC_008109,CUST_008109,SAVINGS,34681.73,ACTIVE,VERIFIED,0.522,RESTRICTED
ACC_008110,CUST_008110,SAVINGS,27704.19,ACTIVE,VERIFIED,0.541,RESTRICTED
ACC_008111,CUST_008111,SAVINGS,39561.89,ACTIVE,VERIFIED,0.091,RESTRICTED
ACC_008112,CUST_008112,SAVINGS,38283.4,ACTIVE,VERIFIED,0.408,RESTRICTED
ACC_008113,CUST_008113,SAVINGS,33610.29,FROZEN,FLAGGED,0.305,RESTRICTED
ACC_008114,CUST_008114,SAVINGS,13495.17,ACTIVE,VERIFIED,0.238,RESTRICTED
ACC_008115,CUST_008115,SAVINGS,25830.93,FROZEN,FLAGGED,0.274,RESTRICTED
ACC_008116,CUST_008116,SAVINGS,20008.08,ACTIVE,VERIFIED,0.134,RESTRICTED
ACC_008117,CUST_008117,SAVINGS,15320.41,ACTIVE,VERIFIED,0.231,RESTRICTED
ACC_008118,CUST_008118,SAVINGS,9584.03,ACTIVE,VERIFIED,0.014,RESTRICTED
ACC_008119,CUST_008119,SAVINGS,39414.11,ACTIVE,VERIFIED,0.285,RESTRICTED
ACC_008120,CUST_008120,SAVINGS,5416.86,ACTIVE,VERIFIED,0.425,RESTRICTED
ACC_008121,CUST_008121,SAVINGS,38972.77,ACTIVE,VERIFIED,0.209,RESTRICTED
ACC_008122,CUST_008122,SAVINGS,8678.06,ACTIVE,VERIFIED,0.362,RESTRICTED
ACC_008123,CUST_008123,SAVINGS,15800.06,ACTIVE,VERIFIED,0.21,RESTRICTED
ACC_008124,CUST_008124,SAVINGS,49634.48,ACTIVE,VERIFIED,0.047,RESTRICTED
ACC_008125,CUST_008125,SAVINGS,19937.24,ACTIVE,PENDING,0.431,RESTRICTED
ACC_008126,CUST_008126,SAVINGS,42487.26,ACTIVE,VERIFIED,0.324,RESTRICTED
ACC_008127,CUST_008127,SAVINGS,42881.51,ACTIVE,VERIFIED,0.214,RESTRICTED
ACC_008128,CUST_008128,SAVINGS,12320.33,ACTIVE,VERIFIED,0.42,RESTRICTED
ACC_008129,CUST_008129,SAVINGS,25233.05,FROZEN,FLAGGED,0.048,RESTRICTED
ACC_008130,CUST_008130,SAVINGS,24094.9,ACTIVE,VERIFIED,0.592,RESTRICTED
ACC_008131,CUST_008131,SAVINGS,11429.91,ACTIVE,VERIFIED,0.179,RESTRICTED
ACC_008132,CUST_008132,SAVINGS,4240.26,ACTIVE,VERIFIED,0.179,RESTRICTED
ACC_008133,CUST_008133,SAVINGS,37333.17,ACTIVE,VERIFIED,0.26,RESTRICTED
ACC_008134,CUST_008134,SAVINGS,17763.25,ACTIVE,VERIFIED,0.433,RESTRICTED
ACC_008135,CUST_008135,SAVINGS,28864.74,ACTIVE,VERIFIED,0.046,RESTRICTED
ACC_008136,CUST_008136,SAVINGS,47000.38,ACTIVE,VERIFIED,0.377,RESTRICTED
ACC_008137,CUST_008137,SAVINGS,20096.12,FROZEN,FLAGGED,0.231,RESTRICTED
ACC_008138,CUST_008138,SAVINGS,5659.64,ACTIVE,VERIFIED,0.01,RESTRICTED
ACC_008139,CUST_008139,SAVINGS,15000.1,ACTIVE,PENDING,0.351,RESTRICTED
ACC_008140,CUST_008140,SAVINGS,20155.92,ACTIVE,VERIFIED,0.212,RESTRICTED
ACC_008141,CUST_008141,SAVINGS,44434.98,ACTIVE,VERIFIED,0.295,RESTRICTED
ACC_008142,CUST_008142,SAVINGS,44790.87,ACTIVE,VERIFIED,0.064,RESTRICTED
ACC_008143,CUST_008143,SAVINGS,20148.51,ACTIVE,PENDING,0.377,RESTRICTED
ACC_008144,CUST_008144,SAVINGS,13631.77,ACTIVE,VERIFIED,0.478,RESTRICTED
ACC_008145,CUST_008145,SAVINGS,9067.56,ACTIVE,VERIFIED,0.119,RESTRICTED
ACC_008146,CUST_008146,SAVINGS,34303.87,ACTIVE,VERIFIED,0.228,RESTRICTED
ACC_008147,CUST_008147,SAVINGS,40659.93,ACTIVE,VERIFIED,0.279,RESTRICTED
ACC_008148,CUST_008148,SAVINGS,32590.68,ACTIVE,VERIFIED,0.184,RESTRICTED
ACC_008149,CUST_008149,SAVINGS,32021.79,ACTIVE,VERIFIED,0.404,RESTRICTED
ACC_008150,CUST_008150,SAVINGS,4025.23,ACTIVE,VERIFIED,0.41,RESTRICTED
ACC_008151,CUST_008151,SAVINGS,16400.03,ACTIVE,VERIFIED,0.356,RESTRICTED
ACC_008152,CUST_008152,SAVINGS,10227.65,ACTIVE,VERIFIED,0.139,RESTRICTED
ACC_008153,CUST_008153,SAVINGS,28842.33,ACTIVE,VERIFIED,0.24,RESTRICTED
ACC_008154,CUST_008154,SAVINGS,36372.48,ACTIVE,VERIFIED,0.068,RESTRICTED
ACC_008155,CUST_008155,SAVINGS,11177.35,ACTIVE,VERIFIED,0.19,RESTRICTED
ACC_008156,CUST_008156,SAVINGS,36294.77,ACTIVE,VERIFIED,0.303,RESTRICTED
ACC_008157,CUST_008157,SAVINGS,1226.84,ACTIVE,VERIFIED,0.461,RESTRICTED
ACC_008158,CUST_008158,SAVINGS,30322.03,ACTIVE,PENDING,0.34,RESTRICTED
ACC_008159,CUST_008159,SAVINGS,48699.0,ACTIVE,VERIFIED,0.286,RESTRICTED
ACC_008160,CUST_008160,SAVINGS,39511.13,FROZEN,FLAGGED,0.087,RESTRICTED
ACC_008161,CUST_008161,SAVINGS,27272.72,ACTIVE,VERIFIED,0.568,RESTRICTED
ACC_008162,CUST_008162,SAVINGS,11076.9,ACTIVE,VERIFIED,0.063,RESTRICTED
ACC_008163,CUST_008163,SAVINGS,20822.57,ACTIVE,VERIFIED,0.173,RESTRICTED
ACC_008164,CUST_008164,SAVINGS,6560.19,ACTIVE,PENDING,0.418,RESTRICTED
ACC_008165,CUST_008165,SAVINGS,17217.47,ACTIVE,VERIFIED,0.244,RESTRICTED
ACC_008166,CUST_008166,SAVINGS,16220.6,ACTIVE,VERIFIED,0.374,RESTRICTED
ACC_008167,CUST_008167,SAVINGS,11941.04,ACTIVE,VERIFIED,0.335,RESTRICTED
ACC_008168,CUST_008168,SAVINGS,13915.24,ACTIVE,PENDING,0.074,RESTRICTED
ACC_008169,CUST_008169,SAVINGS,28032.6,ACTIVE,VERIFIED,0.241,RESTRICTED
ACC_008170,CUST_008170,SAVINGS,5640.73,ACTIVE,VERIFIED,0.299,RESTRICTED
ACC_008171,CUST_008171,SAVINGS,43490.63,ACTIVE,PENDING,0.381,RESTRICTED
ACC_008172,CUST_008172,SAVINGS,41591.23,ACTIVE,VERIFIED,0.51,RESTRICTED
ACC_008173,CUST_008173,SAVINGS,7029.83,ACTIVE,VERIFIED,0.323,RESTRICTED
ACC_008174,CUST_008174,SAVINGS,16110.77,ACTIVE,VERIFIED,0.127,RESTRICTED
ACC_008175,CUST_008175,SAVINGS,20564.4,ACTIVE,VERIFIED,0.3,RESTRICTED
ACC_008176,CUST_008176,SAVINGS,47995.21,ACTIVE,VERIFIED,0.095,RESTRICTED
ACC_008177,CUST_008177,SAVINGS,34468.59,ACTIVE,VERIFIED,0.249,RESTRICTED
ACC_008178,CUST_008178,SAVINGS,29675.14,ACTIVE,VERIFIED,0.149,RESTRICTED
ACC_008179,CUST_008179,SAVINGS,35387.83,ACTIVE,VERIFIED,0.173,RESTRICTED
ACC_008180,CUST_008180,SAVINGS,33047.94,ACTIVE,VERIFIED,0.523,RESTRICTED
ACC_008181,CUST_008181,SAVINGS,1691.37,ACTIVE,VERIFIED,0.132,RESTRICTED
ACC_008182,CUST_008182,SAVINGS,3487.17,ACTIVE,VERIFIED,0.441,RESTRICTED
ACC_008183,CUST_008183,SAVINGS,25041.11,ACTIVE,VERIFIED,0.198,RESTRICTED
ACC_008184,CUST_008184,SAVINGS,9750.56,ACTIVE,VERIFIED,0.067,RESTRICTED
ACC_008185,CUST_008185,SAVINGS,27274.89,ACTIVE,VERIFIED,0.208,RESTRICTED
ACC_008186,CUST_008186,SAVINGS,6659.17,ACTIVE,VERIFIED,0.123,RESTRICTED
ACC_008187,CUST_008187,SAVINGS,38904.07,ACTIVE,PENDING,0.366,RESTRICTED
ACC_008188,CUST_008188,SAVINGS,49331.32,ACTIVE,VERIFIED,0.164,RESTRICTED
ACC_008189,CUST_008189,SAVINGS,15016.03,ACTIVE,VERIFIED,0.535,RESTRICTED
ACC_008190,CUST_008190,SAVINGS,27015.3,ACTIVE,VERIFIED,0.136,RESTRICTED
ACC_008191,CUST_008191,SAVINGS,33101.1,ACTIVE,VERIFIED,0.166,RESTRICTED
ACC_008192,CUST_008192,SAVINGS,24831.44,FROZEN,FLAGGED,0.252,RESTRICTED
ACC_008193,CUST_008193,SAVINGS,34282.46,ACTIVE,VERIFIED,0.243,RESTRICTED
ACC_008194,CUST_008194,SAVINGS,27032.68,ACTIVE,VERIFIED,0.462,RESTRICTED
ACC_008195,CUST_008195,SAVINGS,12423.55,ACTIVE,VERIFIED,0.545,RESTRICTED
ACC_008196,CUST_008196,SAVINGS,32647.82,ACTIVE,VERIFIED,0.188,RESTRICTED
ACC_008197,CUST_008197,SAVINGS,12135.69,ACTIVE,VERIFIED,0.257,RESTRICTED
ACC_008198,CUST_008198,SAVINGS,47580.41,ACTIVE,VERIFIED,0.256,RESTRICTED
ACC_008199,CUST_008199,SAVINGS,2524.58,ACTIVE,VERIFIED,0.247,RESTRICTED
ACC_008200,CUST_008200,SAVINGS,9888.1,ACTIVE,VERIFIED,0.194,RESTRICTED
ACC_008201,CUST_008201,SAVINGS,11296.05,ACTIVE,PENDING,0.341,RESTRICTED
ACC_008202,CUST_008202,SAVINGS,17249.93,FROZEN,FLAGGED,0.098,RESTRICTED
ACC_008203,CUST_008203,SAVINGS,31125.17,ACTIVE,PENDING,0.151,RESTRICTED
ACC_008204,CUST_008204,SAVINGS,44377.96,ACTIVE,VERIFIED,0.169,RESTRICTED
ACC_008205,CUST_008205,SAVINGS,16464.3,ACTIVE,VERIFIED,0.27,RESTRICTED
ACC_008206,CUST_008206,SAVINGS,33551.76,ACTIVE,VERIFIED,0.23,RESTRICTED
ACC_008207,CUST_008207,SAVINGS,14784.1,ACTIVE,VERIFIED,0.209,RESTRICTED
ACC_008208,CUST_008208,SAVINGS,9515.14,ACTIVE,VERIFIED,0.275,RESTRICTED
ACC_008209,CUST_008209,SAVINGS,23886.21,ACTIVE,VERIFIED,0.141,RESTRICTED
ACC_008210,CUST_008210,SAVINGS,27120.62,ACTIVE,VERIFIED,0.251,RESTRICTED
ACC_008211,CUST_008211,SAVINGS,41321.68,ACTIVE,VERIFIED,0.328,RESTRICTED
ACC_008212,CUST_008212,SAVINGS,17132.81,FROZEN,FLAGGED,0.081,RESTRICTED
ACC_008213,CUST_008213,SAVINGS,47794.2,ACTIVE,VERIFIED,0.259,RESTRICTED
ACC_008214,CUST_008214,SAVINGS,21398.86,ACTIVE,PENDING,0.213,RESTRICTED
ACC_008215,CUST_008215,SAVINGS,25202.77,FROZEN,FLAGGED,0.326,RESTRICTED
ACC_008216,CUST_008216,SAVINGS,4622.65,ACTIVE,VERIFIED,0.067,RESTRICTED
ACC_008217,CUST_008217,SAVINGS,27249.87,ACTIVE,VERIFIED,0.153,RESTRICTED
ACC_008218,CUST_008218,SAVINGS,26493.71,ACTIVE,VERIFIED,0.343,RESTRICTED
ACC_008219,CUST_008219,SAVINGS,32001.39,ACTIVE,VERIFIED,0.147,RESTRICTED
ACC_008220,CUST_008220,SAVINGS,12262.1,ACTIVE,VERIFIED,0.156,RESTRICTED
ACC_008221,CUST_008221,SAVINGS,15046.06,ACTIVE,VERIFIED,0.113,RESTRICTED
ACC_008222,CUST_008222,SAVINGS,21067.95,FROZEN,FLAGGED,0.382,RESTRICTED
ACC_008223,CUST_008223,SAVINGS,26374.78,FROZEN,FLAGGED,0.102,RESTRICTED
ACC_008224,CUST_008224,SAVINGS,5360.73,ACTIVE,VERIFIED,0.399,RESTRICTED
ACC_008225,CUST_008225,SAVINGS,49108.75,ACTIVE,VERIFIED,0.099,RESTRICTED
ACC_008226,CUST_008226,SAVINGS,41720.82,ACTIVE,VERIFIED,0.278,RESTRICTED
ACC_008227,CUST_008227,SAVINGS,40689.13,ACTIVE,VERIFIED,0.302,RESTRICTED
ACC_008228,CUST_008228,SAVINGS,17519.29,ACTIVE,VERIFIED,0.228,RESTRICTED
ACC_008229,CUST_008229,SAVINGS,45626.18,ACTIVE,VERIFIED,0.168,RESTRICTED
ACC_008230,CUST_008230,SAVINGS,26904.05,ACTIVE,VERIFIED,0.331,RESTRICTED
ACC_008231,CUST_008231,SAVINGS,12215.77,ACTIVE,VERIFIED,0.198,RESTRICTED
ACC_008232,CUST_008232,SAVINGS,5828.45,ACTIVE,PENDING,0.331,RESTRICTED
ACC_008233,CUST_008233,SAVINGS,34032.38,ACTIVE,VERIFIED,0.107,RESTRICTED
ACC_008234,CUST_008234,SAVINGS,32800.2,ACTIVE,VERIFIED,0.284,RESTRICTED
ACC_008235,CUST_008235,SAVINGS,17783.73,ACTIVE,PENDING,0.207,RESTRICTED
ACC_008236,CUST_008236,SAVINGS,32224.36,ACTIVE,PENDING,0.412,RESTRICTED
ACC_008237,CUST_008237,SAVINGS,31889.49,ACTIVE,VERIFIED,0.34,RESTRICTED
ACC_008238,CUST_008238,SAVINGS,1638.15,ACTIVE,VERIFIED,0.108,RESTRICTED
ACC_008239,CUST_008239,SAVINGS,37092.21,ACTIVE,VERIFIED,0.628,RESTRICTED
ACC_008240,CUST_008240,SAVINGS,17370.68,ACTIVE,VERIFIED,0.462,RESTRICTED
ACC_008241,CUST_008241,SAVINGS,31965.9,ACTIVE,VERIFIED,0.202,RESTRICTED
ACC_008242,CUST_008242,SAVINGS,43430.09,ACTIVE,PENDING,0.341,RESTRICTED
ACC_008243,CUST_008243,SAVINGS,28390.41,ACTIVE,VERIFIED,0.178,RESTRICTED
ACC_008244,CUST_008244,SAVINGS,27121.69,ACTIVE,VERIFIED,0.536,RESTRICTED
ACC_008245,CUST_008245,SAVINGS,48913.76,ACTIVE,VERIFIED,0.271,RESTRICTED
ACC_008246,CUST_008246,SAVINGS,4656.62,ACTIVE,VERIFIED,0.204,RESTRICTED
ACC_008247,CUST_008247,SAVINGS,11390.67,ACTIVE,VERIFIED,0.393,RESTRICTED
ACC_008248,CUST_008248,SAVINGS,14404.19,ACTIVE,VERIFIED,0.223,RESTRICTED
ACC_008249,CUST_008249,SAVINGS,15176.09,ACTIVE,PENDING,0.161,RESTRICTED
ACC_008250,CUST_008250,SAVINGS,12705.99,ACTIVE,VERIFIED,0.06,RESTRICTED
ACC_008251,CUST_008251,SAVINGS,37409.39,FROZEN,FLAGGED,0.011,RESTRICTED
ACC_008252,CUST_008252,SAVINGS,24407.06,ACTIVE,VERIFIED,0.139,RESTRICTED
ACC_008253,CUST_008253,SAVINGS,4923.04,ACTIVE,VERIFIED,0.4,RESTRICTED
ACC_008254,CUST_008254,SAVINGS,37834.47,ACTIVE,VERIFIED,0.366,RESTRICTED
ACC_008255,CUST_008255,SAVINGS,15652.43,ACTIVE,VERIFIED,0.282,RESTRICTED
ACC_008256,CUST_008256,SAVINGS,28674.64,ACTIVE,VERIFIED,0.323,RESTRICTED
ACC_008257,CUST_008257,SAVINGS,17738.09,ACTIVE,VERIFIED,0.042,RESTRICTED
ACC_008258,CUST_008258,SAVINGS,39050.7,FROZEN,FLAGGED,0.203,RESTRICTED
ACC_008259,CUST_008259,SAVINGS,11397.38,ACTIVE,VERIFIED,0.404,RESTRICTED
ACC_008260,CUST_008260,SAVINGS,41905.11,ACTIVE,VERIFIED,0.473,RESTRICTED
ACC_008261,CUST_008261,SAVINGS,25446.36,ACTIVE,VERIFIED,0.099,RESTRICTED
ACC_008262,CUST_008262,SAVINGS,12444.1,ACTIVE,VERIFIED,0.178,RESTRICTED
ACC_008263,CUST_008263,SAVINGS,31381.87,ACTIVE,VERIFIED,0.574,RESTRICTED
ACC_008264,CUST_008264,SAVINGS,46948.86,FROZEN,FLAGGED,0.682,RESTRICTED
ACC_008265,CUST_008265,SAVINGS,15953.95,ACTIVE,VERIFIED,0.234,RESTRICTED
ACC_008266,CUST_008266,SAVINGS,24424.98,FROZEN,FLAGGED,0.344,RESTRICTED
ACC_008267,CUST_008267,SAVINGS,9947.35,ACTIVE,VERIFIED,0.315,RESTRICTED
ACC_008268,CUST_008268,SAVINGS,22021.24,ACTIVE,VERIFIED,0.309,RESTRICTED
ACC_008269,CUST_008269,SAVINGS,8768.55,ACTIVE,VERIFIED,0.325,RESTRICTED
ACC_008270,CUST_008270,SAVINGS,40206.09,ACTIVE,VERIFIED,0.202,RESTRICTED
ACC_008271,CUST_008271,SAVINGS,6888.1,ACTIVE,PENDING,0.422,RESTRICTED
ACC_008272,CUST_008272,SAVINGS,37992.44,ACTIVE,VERIFIED,0.489,RESTRICTED
ACC_008273,CUST_008273,SAVINGS,31959.41,FROZEN,FLAGGED,0.22,RESTRICTED
ACC_008274,CUST_008274,SAVINGS,45917.69,ACTIVE,VERIFIED,0.061,RESTRICTED
ACC_008275,CUST_008275,SAVINGS,38410.91,ACTIVE,PENDING,0.191,RESTRICTED
ACC_008276,CUST_008276,SAVINGS,28171.82,ACTIVE,VERIFIED,0.22,RESTRICTED
ACC_008277,CUST_008277,SAVINGS,41651.92,ACTIVE,VERIFIED,0.029,RESTRICTED
ACC_008278,CUST_008278,SAVINGS,37754.21,ACTIVE,VERIFIED,0.198,RESTRICTED
ACC_008279,CUST_008279,SAVINGS,49036.79,FROZEN,FLAGGED,0.566,RESTRICTED
ACC_008280,CUST_008280,SAVINGS,1352.68,ACTIVE,VERIFIED,0.253,RESTRICTED
ACC_008281,CUST_008281,SAVINGS,1548.49,ACTIVE,PENDING,0.201,RESTRICTED
ACC_008282,CUST_008282,SAVINGS,6677.58,ACTIVE,VERIFIED,0.413,RESTRICTED
ACC_008283,CUST_008283,SAVINGS,17465.53,ACTIVE,VERIFIED,0.12,RESTRICTED
ACC_008284,CUST_008284,SAVINGS,26685.1,ACTIVE,VERIFIED,0.139,RESTRICTED
ACC_008285,CUST_008285,SAVINGS,38120.12,FROZEN,FLAGGED,0.19,RESTRICTED
ACC_008286,CUST_008286,SAVINGS,6492.06,ACTIVE,VERIFIED,0.464,RESTRICTED
ACC_008287,CUST_008287,SAVINGS,30444.09,ACTIVE,VERIFIED,0.018,RESTRICTED
ACC_008288,CUST_008288,SAVINGS,5732.68,ACTIVE,PENDING,0.297,RESTRICTED
ACC_008289,CUST_008289,SAVINGS,39460.92,ACTIVE,PENDING,0.282,RESTRICTED
ACC_008290,CUST_008290,SAVINGS,21240.9,ACTIVE,VERIFIED,0.261,RESTRICTED
ACC_008291,CUST_008291,SAVINGS,40372.13,ACTIVE,VERIFIED,0.178,RESTRICTED
ACC_008292,CUST_008292,SAVINGS,22426.11,ACTIVE,PENDING,0.107,RESTRICTED
ACC_008293,CUST_008293,SAVINGS,7123.65,ACTIVE,VERIFIED,0.5,RESTRICTED
ACC_008294,CUST_008294,SAVINGS,4139.13,ACTIVE,PENDING,0.567,RESTRICTED
ACC_008295,CUST_008295,SAVINGS,8338.64,ACTIVE,VERIFIED,0.209,RESTRICTED
ACC_008296,CUST_008296,SAVINGS,13183.68,ACTIVE,VERIFIED,0.261,RESTRICTED
ACC_008297,CUST_008297,SAVINGS,42213.87,ACTIVE,VERIFIED,0.054,RESTRICTED
ACC_008298,CUST_008298,SAVINGS,44814.04,ACTIVE,VERIFIED,0.649,RESTRICTED
ACC_008299,CUST_008299,SAVINGS,49621.48,ACTIVE,VERIFIED,0.34,RESTRICTED
ACC_008300,CUST_008300,SAVINGS,48418.77,ACTIVE,VERIFIED,0.547,RESTRICTED
ACC_008301,CUST_008301,SAVINGS,35589.82,ACTIVE,VERIFIED,0.297,RESTRICTED
ACC_008302,CUST_008302,SAVINGS,49296.64,ACTIVE,VERIFIED,0.052,RESTRICTED
ACC_008303,CUST_008303,SAVINGS,3421.76,ACTIVE,VERIFIED,0.323,RESTRICTED
ACC_008304,CUST_008304,SAVINGS,20367.08,ACTIVE,PENDING,0.025,RESTRICTED
ACC_008305,CUST_008305,SAVINGS,45180.89,ACTIVE,VERIFIED,0.376,RESTRICTED
ACC_008306,CUST_008306,SAVINGS,8260.11,ACTIVE,VERIFIED,0.519,RESTRICTED
ACC_008307,CUST_008307,SAVINGS,16398.74,ACTIVE,VERIFIED,0.099,RESTRICTED
ACC_008308,CUST_008308,SAVINGS,6696.64,ACTIVE,VERIFIED,0.148,RESTRICTED
ACC_008309,CUST_008309,SAVINGS,46337.29,ACTIVE,PENDING,0.284,RESTRICTED
ACC_008310,CUST_008310,SAVINGS,14217.13,ACTIVE,VERIFIED,0.478,RESTRICTED
ACC_008311,CUST_008311,SAVINGS,32804.05,ACTIVE,PENDING,0.496,RESTRICTED
ACC_008312,CUST_008312,SAVINGS,1636.4,ACTIVE,VERIFIED,0.268,RESTRICTED
ACC_008313,CUST_008313,SAVINGS,9719.6,ACTIVE,VERIFIED,0.146,RESTRICTED
ACC_008314,CUST_008314,SAVINGS,48415.37,ACTIVE,VERIFIED,0.486,RESTRICTED
ACC_008315,CUST_008315,SAVINGS,4329.54,ACTIVE,VERIFIED,0.116,RESTRICTED
ACC_008316,CUST_008316,SAVINGS,45038.83,ACTIVE,PENDING,0.42,RESTRICTED
ACC_008317,CUST_008317,SAVINGS,46967.06,ACTIVE,VERIFIED,0.556,RESTRICTED
ACC_008318,CUST_008318,SAVINGS,39605.8,ACTIVE,PENDING,0.226,RESTRICTED
ACC_008319,CUST_008319,SAVINGS,4040.15,FROZEN,FLAGGED,0.414,RESTRICTED
ACC_008320,CUST_008320,SAVINGS,2405.58,ACTIVE,VERIFIED,0.156,RESTRICTED
ACC_008321,CUST_008321,SAVINGS,4277.78,ACTIVE,VERIFIED,0.1,RESTRICTED
ACC_008322,CUST_008322,SAVINGS,38827.02,ACTIVE,VERIFIED,0.408,RESTRICTED
ACC_008323,CUST_008323,SAVINGS,19265.49,ACTIVE,VERIFIED,0.278,RESTRICTED
ACC_008324,CUST_008324,SAVINGS,10361.11,ACTIVE,PENDING,0.164,RESTRICTED
ACC_008325,CUST_008325,SAVINGS,40285.5,ACTIVE,VERIFIED,0.202,RESTRICTED
ACC_008326,CUST_008326,SAVINGS,8313.49,ACTIVE,VERIFIED,0.396,RESTRICTED
ACC_008327,CUST_008327,SAVINGS,29831.82,ACTIVE,VERIFIED,0.131,RESTRICTED
ACC_008328,CUST_008328,SAVINGS,3395.17,FROZEN,FLAGGED,0.061,RESTRICTED
ACC_008329,CUST_008329,SAVINGS,13535.63,ACTIVE,PENDING,0.131,RESTRICTED
ACC_008330,CUST_008330,SAVINGS,44842.94,ACTIVE,VERIFIED,0.23,RESTRICTED
ACC_008331,CUST_008331,SAVINGS,9301.19,ACTIVE,PENDING,0.557,RESTRICTED
ACC_008332,CUST_008332,SAVINGS,38984.64,ACTIVE,VERIFIED,0.241,RESTRICTED
ACC_008333,CUST_008333,SAVINGS,36596.65,ACTIVE,VERIFIED,0.204,RESTRICTED
ACC_008334,CUST_008334,SAVINGS,1648.6,ACTIVE,VERIFIED,0.308,RESTRICTED
ACC_008335,CUST_008335,SAVINGS,34925.04,ACTIVE,VERIFIED,0.092,RESTRICTED
ACC_008336,CUST_008336,SAVINGS,47306.58,ACTIVE,VERIFIED,0.455,RESTRICTED
ACC_008337,CUST_008337,SAVINGS,6063.49,ACTIVE,VERIFIED,0.223,RESTRICTED
ACC_008338,CUST_008338,SAVINGS,38126.62,ACTIVE,VERIFIED,0.684,RESTRICTED
ACC_008339,CUST_008339,SAVINGS,18524.45,ACTIVE,VERIFIED,0.182,RESTRICTED
ACC_008340,CUST_008340,SAVINGS,10405.94,ACTIVE,VERIFIED,0.224,RESTRICTED
ACC_008341,CUST_008341,SAVINGS,9397.04,ACTIVE,VERIFIED,0.193,RESTRICTED
ACC_008342,CUST_008342,SAVINGS,33748.23,ACTIVE,VERIFIED,0.2,RESTRICTED
ACC_008343,CUST_008343,SAVINGS,2279.38,FROZEN,FLAGGED,0.388,RESTRICTED
ACC_008344,CUST_008344,SAVINGS,18780.01,ACTIVE,VERIFIED,0.093,RESTRICTED
ACC_008345,CUST_008345,SAVINGS,42734.18,ACTIVE,VERIFIED,0.057,RESTRICTED
ACC_008346,CUST_008346,SAVINGS,11789.78,ACTIVE,VERIFIED,0.193,RESTRICTED
ACC_008347,CUST_008347,SAVINGS,20764.81,ACTIVE,VERIFIED,0.242,RESTRICTED
ACC_008348,CUST_008348,SAVINGS,26115.73,ACTIVE,VERIFIED,0.083,RESTRICTED
ACC_008349,CUST_008349,SAVINGS,18859.64,ACTIVE,VERIFIED,0.134,RESTRICTED
ACC_008350,CUST_008350,SAVINGS,37657.61,ACTIVE,VERIFIED,0.504,RESTRICTED
ACC_008351,CUST_008351,SAVINGS,38303.75,ACTIVE,VERIFIED,0.355,RESTRICTED
ACC_008352,CUST_008352,SAVINGS,9784.33,ACTIVE,VERIFIED,0.24,RESTRICTED
ACC_008353,CUST_008353,SAVINGS,14832.57,ACTIVE,VERIFIED,0.24,RESTRICTED
ACC_008354,CUST_008354,SAVINGS,36967.57,ACTIVE,VERIFIED,0.279,RESTRICTED
ACC_008355,CUST_008355,SAVINGS,2627.05,ACTIVE,VERIFIED,0.22,RESTRICTED
ACC_008356,CUST_008356,SAVINGS,6006.9,ACTIVE,VERIFIED,0.155,RESTRICTED
ACC_008357,CUST_008357,SAVINGS,41196.09,ACTIVE,PENDING,0.101,RESTRICTED
ACC_008358,CUST_008358,SAVINGS,13009.79,ACTIVE,PENDING,0.181,RESTRICTED
ACC_008359,CUST_008359,SAVINGS,41382.2,ACTIVE,VERIFIED,0.081,RESTRICTED
ACC_008360,CUST_008360,SAVINGS,13373.58,ACTIVE,PENDING,0.214,RESTRICTED
ACC_008361,CUST_008361,SAVINGS,28550.41,ACTIVE,VERIFIED,0.529,RESTRICTED
ACC_008362,CUST_008362,SAVINGS,39223.07,ACTIVE,VERIFIED,0.18,RESTRICTED
ACC_008363,CUST_008363,SAVINGS,3413.78,ACTIVE,PENDING,0.812,RESTRICTED
ACC_008364,CUST_008364,SAVINGS,38610.6,ACTIVE,VERIFIED,0.277,RESTRICTED
ACC_008365,CUST_008365,SAVINGS,3379.37,ACTIVE,VERIFIED,0.267,RESTRICTED
ACC_008366,CUST_008366,SAVINGS,32155.15,ACTIVE,VERIFIED,0.409,RESTRICTED
ACC_008367,CUST_008367,SAVINGS,16974.19,ACTIVE,VERIFIED,0.033,RESTRICTED
ACC_008368,CUST_008368,SAVINGS,7776.11,ACTIVE,PENDING,0.103,RESTRICTED
ACC_008369,CUST_008369,SAVINGS,19951.35,ACTIVE,VERIFIED,0.277,RESTRICTED
ACC_008370,CUST_008370,SAVINGS,35650.93,ACTIVE,VERIFIED,0.312,RESTRICTED
ACC_008371,CUST_008371,SAVINGS,14111.52,ACTIVE,PENDING,0.212,RESTRICTED
ACC_008372,CUST_008372,SAVINGS,49229.59,ACTIVE,VERIFIED,0.129,RESTRICTED
ACC_008373,CUST_008373,SAVINGS,49531.05,ACTIVE,VERIFIED,0.529,RESTRICTED
ACC_008374,CUST_008374,SAVINGS,35676.1,ACTIVE,VERIFIED,0.224,RESTRICTED
ACC_008375,CUST_008375,SAVINGS,15892.15,ACTIVE,VERIFIED,0.03,RESTRICTED
ACC_008376,CUST_008376,SAVINGS,34154.09,FROZEN,FLAGGED,0.41,RESTRICTED
ACC_008377,CUST_008377,SAVINGS,11858.79,ACTIVE,VERIFIED,0.498,RESTRICTED
ACC_008378,CUST_008378,SAVINGS,36527.39,ACTIVE,VERIFIED,0.036,RESTRICTED
ACC_008379,CUST_008379,SAVINGS,42514.11,ACTIVE,VERIFIED,0.296,RESTRICTED
ACC_008380,CUST_008380,SAVINGS,2726.57,ACTIVE,VERIFIED,0.067,RESTRICTED
ACC_008381,CUST_008381,SAVINGS,38981.13,ACTIVE,VERIFIED,0.129,RESTRICTED
ACC_008382,CUST_008382,SAVINGS,18811.11,ACTIVE,VERIFIED,0.255,RESTRICTED
ACC_008383,CUST_008383,SAVINGS,28804.3,ACTIVE,VERIFIED,0.497,RESTRICTED
ACC_008384,CUST_008384,SAVINGS,15008.02,ACTIVE,VERIFIED,0.135,RESTRICTED
ACC_008385,CUST_008385,SAVINGS,8682.98,FROZEN,FLAGGED,0.548,RESTRICTED
ACC_008386,CUST_008386,SAVINGS,40592.17,ACTIVE,VERIFIED,0.15,RESTRICTED
ACC_008387,CUST_008387,SAVINGS,41916.66,ACTIVE,VERIFIED,0.452,RESTRICTED
ACC_008388,CUST_008388,SAVINGS,34098.58,ACTIVE,PENDING,0.249,RESTRICTED
ACC_008389,CUST_008389,SAVINGS,41303.73,ACTIVE,VERIFIED,0.265,RESTRICTED
ACC_008390,CUST_008390,SAVINGS,14177.71,ACTIVE,VERIFIED,0.088,RESTRICTED
ACC_008391,CUST_008391,SAVINGS,26355.92,ACTIVE,VERIFIED,0.272,RESTRICTED
ACC_008392,CUST_008392,SAVINGS,33420.34,ACTIVE,VERIFIED,0.053,RESTRICTED
ACC_008393,CUST_008393,SAVINGS,44075.47,ACTIVE,VERIFIED,0.143,RESTRICTED
ACC_008394,CUST_008394,SAVINGS,11201.53,ACTIVE,VERIFIED,0.157,RESTRICTED
ACC_008395,CUST_008395,SAVINGS,39429.52,ACTIVE,VERIFIED,0.373,RESTRICTED
ACC_008396,CUST_008396,SAVINGS,47960.39,ACTIVE,VERIFIED,0.193,RESTRICTED
ACC_008397,CUST_008397,SAVINGS,19305.97,ACTIVE,VERIFIED,0.206,RESTRICTED
ACC_008398,CUST_008398,SAVINGS,36592.93,ACTIVE,VERIFIED,0.542,RESTRICTED
ACC_008399,CUST_008399,SAVINGS,5950.63,ACTIVE,VERIFIED,0.232,RESTRICTED
ACC_008400,CUST_008400,SAVINGS,43702.43,ACTIVE,VERIFIED,0.57,RESTRICTED
ACC_008401,CUST_008401,SAVINGS,29936.55,ACTIVE,VERIFIED,0.042,RESTRICTED
ACC_008402,CUST_008402,SAVINGS,9585.54,ACTIVE,VERIFIED,0.26,RESTRICTED
ACC_008403,CUST_008403,SAVINGS,28258.88,ACTIVE,VERIFIED,0.373,RESTRICTED
ACC_008404,CUST_008404,SAVINGS,24996.95,ACTIVE,VERIFIED,0.536,RESTRICTED
ACC_008405,CUST_008405,SAVINGS,6388.28,FROZEN,FLAGGED,0.12,RESTRICTED
ACC_008406,CUST_008406,SAVINGS,31914.5,ACTIVE,VERIFIED,0.166,RESTRICTED
ACC_008407,CUST_008407,SAVINGS,6081.98,ACTIVE,VERIFIED,0.292,RESTRICTED
ACC_008408,CUST_008408,SAVINGS,2869.07,ACTIVE,PENDING,0.205,RESTRICTED
ACC_008409,CUST_008409,SAVINGS,23116.5,ACTIVE,VERIFIED,0.356,RESTRICTED
ACC_008410,CUST_008410,SAVINGS,28498.98,ACTIVE,VERIFIED,0.35,RESTRICTED
ACC_008411,CUST_008411,SAVINGS,4759.26,ACTIVE,VERIFIED,0.048,RESTRICTED
ACC_008412,CUST_008412,SAVINGS,29230.22,ACTIVE,PENDING,0.153,RESTRICTED
ACC_008413,CUST_008413,SAVINGS,38515.68,ACTIVE,VERIFIED,0.196,RESTRICTED
ACC_008414,CUST_008414,SAVINGS,45663.32,ACTIVE,VERIFIED,0.202,RESTRICTED
ACC_008415,CUST_008415,SAVINGS,6080.73,ACTIVE,VERIFIED,0.097,RESTRICTED
ACC_008416,CUST_008416,SAVINGS,3874.85,ACTIVE,VERIFIED,0.598,RESTRICTED
ACC_008417,CUST_008417,SAVINGS,42766.5,ACTIVE,VERIFIED,0.245,RESTRICTED
ACC_008418,CUST_008418,SAVINGS,29432.05,ACTIVE,VERIFIED,0.083,RESTRICTED
ACC_008419,CUST_008419,SAVINGS,29974.96,ACTIVE,VERIFIED,0.196,RESTRICTED
ACC_008420,CUST_008420,SAVINGS,29557.03,ACTIVE,VERIFIED,0.137,RESTRICTED
ACC_008421,CUST_008421,SAVINGS,31955.88,ACTIVE,VERIFIED,0.25,RESTRICTED
ACC_008422,CUST_008422,SAVINGS,40687.43,ACTIVE,VERIFIED,0.152,RESTRICTED
ACC_008423,CUST_008423,SAVINGS,22847.27,ACTIVE,VERIFIED,0.086,RESTRICTED
ACC_008424,CUST_008424,SAVINGS,29351.26,ACTIVE,VERIFIED,0.344,RESTRICTED
ACC_008425,CUST_008425,SAVINGS,13589.4,ACTIVE,VERIFIED,0.034,RESTRICTED
ACC_008426,CUST_008426,SAVINGS,6502.76,ACTIVE,VERIFIED,0.094,RESTRICTED
ACC_008427,CUST_008427,SAVINGS,24437.36,ACTIVE,VERIFIED,0.276,RESTRICTED
ACC_008428,CUST_008428,SAVINGS,7983.09,ACTIVE,VERIFIED,0.397,RESTRICTED
ACC_008429,CUST_008429,SAVINGS,49008.01,ACTIVE,VERIFIED,0.158,RESTRICTED
ACC_008430,CUST_008430,SAVINGS,10849.69,ACTIVE,VERIFIED,0.173,RESTRICTED
ACC_008431,CUST_008431,SAVINGS,46230.51,ACTIVE,VERIFIED,0.176,RESTRICTED
ACC_008432,CUST_008432,SAVINGS,33825.47,ACTIVE,VERIFIED,0.129,RESTRICTED
ACC_008433,CUST_008433,SAVINGS,49842.3,ACTIVE,VERIFIED,0.213,RESTRICTED
ACC_008434,CUST_008434,SAVINGS,35100.57,ACTIVE,VERIFIED,0.278,RESTRICTED
ACC_008435,CUST_008435,SAVINGS,10109.26,ACTIVE,VERIFIED,0.277,RESTRICTED
ACC_008436,CUST_008436,SAVINGS,39411.07,ACTIVE,VERIFIED,0.159,RESTRICTED
ACC_008437,CUST_008437,SAVINGS,25678.38,ACTIVE,PENDING,0.357,RESTRICTED
ACC_008438,CUST_008438,SAVINGS,30681.31,ACTIVE,VERIFIED,0.147,RESTRICTED
ACC_008439,CUST_008439,SAVINGS,20916.3,ACTIVE,VERIFIED,0.177,RESTRICTED
ACC_008440,CUST_008440,SAVINGS,12685.55,ACTIVE,PENDING,0.403,RESTRICTED
ACC_008441,CUST_008441,SAVINGS,17995.57,ACTIVE,VERIFIED,0.084,RESTRICTED
ACC_008442,CUST_008442,SAVINGS,25324.64,ACTIVE,VERIFIED,0.282,RESTRICTED
ACC_008443,CUST_008443,SAVINGS,38036.57,ACTIVE,VERIFIED,0.461,RESTRICTED
ACC_008444,CUST_008444,SAVINGS,38992.0,ACTIVE,VERIFIED,0.219,RESTRICTED
ACC_008445,CUST_008445,SAVINGS,21526.79,ACTIVE,VERIFIED,0.254,RESTRICTED
ACC_008446,CUST_008446,SAVINGS,12456.89,ACTIVE,VERIFIED,0.41,RESTRICTED
ACC_008447,CUST_008447,SAVINGS,39289.82,ACTIVE,VERIFIED,0.349,RESTRICTED
ACC_008448,CUST_008448,SAVINGS,44366.11,FROZEN,FLAGGED,0.285,RESTRICTED
ACC_008449,CUST_008449,SAVINGS,37726.51,ACTIVE,VERIFIED,0.099,RESTRICTED
ACC_008450,CUST_008450,SAVINGS,20412.02,ACTIVE,VERIFIED,0.228,RESTRICTED
ACC_008451,CUST_008451,SAVINGS,47389.23,ACTIVE,VERIFIED,0.172,RESTRICTED
ACC_008452,CUST_008452,SAVINGS,9297.41,ACTIVE,VERIFIED,0.267,RESTRICTED
ACC_008453,CUST_008453,SAVINGS,46120.94,ACTIVE,VERIFIED,0.189,RESTRICTED
ACC_008454,CUST_008454,SAVINGS,5787.93,ACTIVE,VERIFIED,0.067,RESTRICTED
ACC_008455,CUST_008455,SAVINGS,22602.23,ACTIVE,VERIFIED,0.268,RESTRICTED
ACC_008456,CUST_008456,SAVINGS,13214.29,ACTIVE,VERIFIED,0.464,RESTRICTED
ACC_008457,CUST_008457,SAVINGS,43953.54,ACTIVE,PENDING,0.227,RESTRICTED
ACC_008458,CUST_008458,SAVINGS,28341.57,FROZEN,FLAGGED,0.546,RESTRICTED
ACC_008459,CUST_008459,SAVINGS,41241.15,ACTIVE,VERIFIED,0.335,RESTRICTED
ACC_008460,CUST_008460,SAVINGS,47414.87,ACTIVE,VERIFIED,0.234,RESTRICTED
ACC_008461,CUST_008461,SAVINGS,2608.49,ACTIVE,VERIFIED,0.606,RESTRICTED
ACC_008462,CUST_008462,SAVINGS,47340.33,ACTIVE,VERIFIED,0.189,RESTRICTED
ACC_008463,CUST_008463,SAVINGS,48113.45,ACTIVE,VERIFIED,0.6,RESTRICTED
ACC_008464,CUST_008464,SAVINGS,36583.42,ACTIVE,PENDING,0.409,RESTRICTED
ACC_008465,CUST_008465,SAVINGS,8033.99,ACTIVE,VERIFIED,0.73,RESTRICTED
ACC_008466,CUST_008466,SAVINGS,12924.36,ACTIVE,PENDING,0.604,RESTRICTED
ACC_008467,CUST_008467,SAVINGS,41218.23,ACTIVE,VERIFIED,0.381,RESTRICTED
ACC_008468,CUST_008468,SAVINGS,11291.35,ACTIVE,VERIFIED,0.364,RESTRICTED
ACC_008469,CUST_008469,SAVINGS,10231.91,ACTIVE,VERIFIED,0.603,RESTRICTED
ACC_008470,CUST_008470,SAVINGS,16958.83,ACTIVE,VERIFIED,0.241,RESTRICTED
ACC_008471,CUST_008471,SAVINGS,43035.55,ACTIVE,PENDING,0.386,RESTRICTED
ACC_008472,CUST_008472,SAVINGS,14486.03,ACTIVE,VERIFIED,0.272,RESTRICTED
ACC_008473,CUST_008473,SAVINGS,27488.28,ACTIVE,VERIFIED,0.474,RESTRICTED
ACC_008474,CUST_008474,SAVINGS,44246.94,ACTIVE,VERIFIED,0.123,RESTRICTED
ACC_008475,CUST_008475,SAVINGS,19824.82,ACTIVE,VERIFIED,0.235,RESTRICTED
ACC_008476,CUST_008476,SAVINGS,8541.64,ACTIVE,VERIFIED,0.31,RESTRICTED
ACC_008477,CUST_008477,SAVINGS,1246.95,ACTIVE,PENDING,0.445,RESTRICTED
ACC_008478,CUST_008478,SAVINGS,30131.39,ACTIVE,VERIFIED,0.153,RESTRICTED
ACC_008479,CUST_008479,SAVINGS,23142.31,FROZEN,FLAGGED,0.222,RESTRICTED
ACC_008480,CUST_008480,SAVINGS,25408.68,ACTIVE,VERIFIED,0.064,RESTRICTED
ACC_008481,CUST_008481,SAVINGS,44992.36,ACTIVE,VERIFIED,0.739,RESTRICTED
ACC_008482,CUST_008482,SAVINGS,41649.38,FROZEN,FLAGGED,0.152,RESTRICTED
ACC_008483,CUST_008483,SAVINGS,32992.1,ACTIVE,PENDING,0.116,RESTRICTED
ACC_008484,CUST_008484,SAVINGS,27040.93,ACTIVE,VERIFIED,0.255,RESTRICTED
ACC_008485,CUST_008485,SAVINGS,4982.53,ACTIVE,VERIFIED,0.21,RESTRICTED
ACC_008486,CUST_008486,SAVINGS,39099.26,ACTIVE,VERIFIED,0.054,RESTRICTED
ACC_008487,CUST_008487,SAVINGS,1507.08,ACTIVE,VERIFIED,0.614,RESTRICTED
ACC_008488,CUST_008488,SAVINGS,39626.06,ACTIVE,VERIFIED,0.239,RESTRICTED
ACC_008489,CUST_008489,SAVINGS,8843.19,ACTIVE,VERIFIED,0.217,RESTRICTED
ACC_008490,CUST_008490,SAVINGS,38213.78,ACTIVE,VERIFIED,0.256,RESTRICTED
ACC_008491,CUST_008491,SAVINGS,13605.41,ACTIVE,VERIFIED,0.439,RESTRICTED
ACC_008492,CUST_008492,SAVINGS,7538.67,ACTIVE,VERIFIED,0.255,RESTRICTED
ACC_008493,CUST_008493,SAVINGS,29183.05,ACTIVE,VERIFIED,0.153,RESTRICTED
ACC_008494,CUST_008494,SAVINGS,36002.67,ACTIVE,VERIFIED,0.129,RESTRICTED
ACC_008495,CUST_008495,SAVINGS,44217.32,ACTIVE,VERIFIED,0.229,RESTRICTED
ACC_008496,CUST_008496,SAVINGS,40396.02,ACTIVE,VERIFIED,0.13,RESTRICTED
ACC_008497,CUST_008497,SAVINGS,10853.66,ACTIVE,VERIFIED,0.056,RESTRICTED
ACC_008498,CUST_008498,SAVINGS,40271.51,ACTIVE,VERIFIED,0.202,RESTRICTED
ACC_008499,CUST_008499,SAVINGS,29004.62,ACTIVE,VERIFIED,0.155,RESTRICTED
ACC_008500,CUST_008500,SAVINGS,21558.39,ACTIVE,VERIFIED,0.339,RESTRICTED
ACC_008501,CUST_008501,SAVINGS,23173.16,ACTIVE,VERIFIED,0.273,RESTRICTED
ACC_008502,CUST_008502,SAVINGS,30306.98,ACTIVE,VERIFIED,0.222,RESTRICTED
ACC_008503,CUST_008503,SAVINGS,9694.74,FROZEN,FLAGGED,0.123,RESTRICTED
ACC_008504,CUST_008504,SAVINGS,32814.04,ACTIVE,VERIFIED,0.069,RESTRICTED
ACC_008505,CUST_008505,SAVINGS,33008.37,ACTIVE,VERIFIED,0.082,RESTRICTED
ACC_008506,CUST_008506,SAVINGS,41385.48,ACTIVE,VERIFIED,0.144,RESTRICTED
ACC_008507,CUST_008507,SAVINGS,9952.36,ACTIVE,VERIFIED,0.102,RESTRICTED
ACC_008508,CUST_008508,SAVINGS,17368.26,ACTIVE,VERIFIED,0.139,RESTRICTED
ACC_008509,CUST_008509,SAVINGS,7056.05,ACTIVE,VERIFIED,0.079,RESTRICTED
ACC_008510,CUST_008510,SAVINGS,21330.22,ACTIVE,VERIFIED,0.127,RESTRICTED
ACC_008511,CUST_008511,SAVINGS,25700.47,ACTIVE,VERIFIED,0.388,RESTRICTED
ACC_008512,CUST_008512,SAVINGS,11432.35,ACTIVE,PENDING,0.103,RESTRICTED
ACC_008513,CUST_008513,SAVINGS,39371.71,ACTIVE,VERIFIED,0.656,RESTRICTED
ACC_008514,CUST_008514,SAVINGS,43796.13,ACTIVE,VERIFIED,0.275,RESTRICTED
ACC_008515,CUST_008515,SAVINGS,40239.71,ACTIVE,PENDING,0.597,RESTRICTED
ACC_008516,CUST_008516,SAVINGS,14818.37,ACTIVE,VERIFIED,0.474,RESTRICTED
ACC_008517,CUST_008517,SAVINGS,3158.96,ACTIVE,VERIFIED,0.253,RESTRICTED
ACC_008518,CUST_008518,SAVINGS,24903.38,ACTIVE,VERIFIED,0.478,RESTRICTED
ACC_008519,CUST_008519,SAVINGS,40567.36,ACTIVE,VERIFIED,0.234,RESTRICTED
ACC_008520,CUST_008520,SAVINGS,41369.0,ACTIVE,VERIFIED,0.215,RESTRICTED
ACC_008521,CUST_008521,SAVINGS,30216.81,ACTIVE,VERIFIED,0.423,RESTRICTED
ACC_008522,CUST_008522,SAVINGS,36279.26,ACTIVE,VERIFIED,0.182,RESTRICTED
ACC_008523,CUST_008523,SAVINGS,42096.73,ACTIVE,VERIFIED,0.084,RESTRICTED
ACC_008524,CUST_008524,SAVINGS,20946.18,ACTIVE,VERIFIED,0.113,RESTRICTED
ACC_008525,CUST_008525,SAVINGS,4151.53,ACTIVE,VERIFIED,0.511,RESTRICTED
ACC_008526,CUST_008526,SAVINGS,35198.45,ACTIVE,VERIFIED,0.143,RESTRICTED
ACC_008527,CUST_008527,SAVINGS,36769.27,ACTIVE,VERIFIED,0.55,RESTRICTED
ACC_008528,CUST_008528,SAVINGS,15820.9,ACTIVE,VERIFIED,0.357,RESTRICTED
ACC_008529,CUST_008529,SAVINGS,41980.84,ACTIVE,VERIFIED,0.203,RESTRICTED
ACC_008530,CUST_008530,SAVINGS,28117.9,ACTIVE,VERIFIED,0.726,RESTRICTED
ACC_008531,CUST_008531,SAVINGS,31144.15,ACTIVE,VERIFIED,0.234,RESTRICTED
ACC_008532,CUST_008532,SAVINGS,30816.27,ACTIVE,VERIFIED,0.343,RESTRICTED
ACC_008533,CUST_008533,SAVINGS,15694.1,ACTIVE,VERIFIED,0.51,RESTRICTED
ACC_008534,CUST_008534,SAVINGS,45156.53,ACTIVE,VERIFIED,0.261,RESTRICTED
ACC_008535,CUST_008535,SAVINGS,44562.63,ACTIVE,VERIFIED,0.332,RESTRICTED
ACC_008536,CUST_008536,SAVINGS,14893.71,ACTIVE,VERIFIED,0.702,RESTRICTED
ACC_008537,CUST_008537,SAVINGS,30901.83,ACTIVE,PENDING,0.09,RESTRICTED
ACC_008538,CUST_008538,SAVINGS,22998.84,ACTIVE,VERIFIED,0.337,RESTRICTED
ACC_008539,CUST_008539,SAVINGS,2176.59,ACTIVE,VERIFIED,0.11,RESTRICTED
ACC_008540,CUST_008540,SAVINGS,46887.64,ACTIVE,VERIFIED,0.367,RESTRICTED
ACC_008541,CUST_008541,SAVINGS,29628.77,ACTIVE,VERIFIED,0.226,RESTRICTED
ACC_008542,CUST_008542,SAVINGS,49059.85,ACTIVE,VERIFIED,0.431,RESTRICTED
ACC_008543,CUST_008543,SAVINGS,31054.57,ACTIVE,VERIFIED,0.399,RESTRICTED
ACC_008544,CUST_008544,SAVINGS,49246.62,ACTIVE,VERIFIED,0.664,RESTRICTED
ACC_008545,CUST_008545,SAVINGS,45464.2,ACTIVE,PENDING,0.143,RESTRICTED
ACC_008546,CUST_008546,SAVINGS,21138.47,ACTIVE,VERIFIED,0.106,RESTRICTED
ACC_008547,CUST_008547,SAVINGS,32016.67,ACTIVE,PENDING,0.297,RESTRICTED
ACC_008548,CUST_008548,SAVINGS,6073.75,ACTIVE,VERIFIED,0.269,RESTRICTED
ACC_008549,CUST_008549,SAVINGS,5620.89,ACTIVE,VERIFIED,0.02,RESTRICTED
ACC_008550,CUST_008550,SAVINGS,9766.5,ACTIVE,VERIFIED,0.192,RESTRICTED
ACC_008551,CUST_008551,SAVINGS,29736.81,ACTIVE,VERIFIED,0.196,RESTRICTED
ACC_008552,CUST_008552,SAVINGS,33056.33,FROZEN,FLAGGED,0.122,RESTRICTED
ACC_008553,CUST_008553,SAVINGS,43222.26,ACTIVE,VERIFIED,0.586,RESTRICTED
ACC_008554,CUST_008554,SAVINGS,18400.64,ACTIVE,VERIFIED,0.088,RESTRICTED
ACC_008555,CUST_008555,SAVINGS,31066.59,ACTIVE,VERIFIED,0.421,RESTRICTED
ACC_008556,CUST_008556,SAVINGS,1275.93,ACTIVE,VERIFIED,0.423,RESTRICTED
ACC_008557,CUST_008557,SAVINGS,34470.61,ACTIVE,VERIFIED,0.323,RESTRICTED
ACC_008558,CUST_008558,SAVINGS,21662.85,ACTIVE,VERIFIED,0.213,RESTRICTED
ACC_008559,CUST_008559,SAVINGS,28480.66,ACTIVE,PENDING,0.238,RESTRICTED
ACC_008560,CUST_008560,SAVINGS,47949.34,ACTIVE,VERIFIED,0.779,RESTRICTED
ACC_008561,CUST_008561,SAVINGS,22546.24,ACTIVE,VERIFIED,0.248,RESTRICTED
ACC_008562,CUST_008562,SAVINGS,30784.14,FROZEN,FLAGGED,0.182,RESTRICTED
ACC_008563,CUST_008563,SAVINGS,47470.82,ACTIVE,VERIFIED,0.14,RESTRICTED
ACC_008564,CUST_008564,SAVINGS,32050.59,ACTIVE,PENDING,0.394,RESTRICTED
ACC_008565,CUST_008565,SAVINGS,8173.88,ACTIVE,VERIFIED,0.174,RESTRICTED
ACC_008566,CUST_008566,SAVINGS,38056.73,ACTIVE,VERIFIED,0.314,RESTRICTED
ACC_008567,CUST_008567,SAVINGS,38812.94,ACTIVE,VERIFIED,0.217,RESTRICTED
ACC_008568,CUST_008568,SAVINGS,5716.17,ACTIVE,VERIFIED,0.462,RESTRICTED
ACC_008569,CUST_008569,SAVINGS,9167.42,ACTIVE,VERIFIED,0.194,RESTRICTED
ACC_008570,CUST_008570,SAVINGS,24000.97,ACTIVE,VERIFIED,0.494,RESTRICTED
ACC_008571,CUST_008571,SAVINGS,34436.88,ACTIVE,VERIFIED,0.088,RESTRICTED
ACC_008572,CUST_008572,SAVINGS,25300.82,ACTIVE,PENDING,0.121,RESTRICTED
ACC_008573,CUST_008573,SAVINGS,14021.08,ACTIVE,VERIFIED,0.371,RESTRICTED
ACC_008574,CUST_008574,SAVINGS,39679.35,ACTIVE,VERIFIED,0.143,RESTRICTED
ACC_008575,CUST_008575,SAVINGS,6461.24,ACTIVE,VERIFIED,0.087,RESTRICTED
ACC_008576,CUST_008576,SAVINGS,20518.46,ACTIVE,PENDING,0.273,RESTRICTED
ACC_008577,CUST_008577,SAVINGS,37344.13,ACTIVE,PENDING,0.322,RESTRICTED
ACC_008578,CUST_008578,SAVINGS,47509.13,ACTIVE,VERIFIED,0.174,RESTRICTED
ACC_008579,CUST_008579,SAVINGS,35110.27,ACTIVE,VERIFIED,0.304,RESTRICTED
ACC_008580,CUST_008580,SAVINGS,42544.36,ACTIVE,VERIFIED,0.1,RESTRICTED
ACC_008581,CUST_008581,SAVINGS,44978.72,ACTIVE,VERIFIED,0.037,RESTRICTED
ACC_008582,CUST_008582,SAVINGS,34617.73,ACTIVE,VERIFIED,0.132,RESTRICTED
ACC_008583,CUST_008583,SAVINGS,22893.08,ACTIVE,VERIFIED,0.151,RESTRICTED
ACC_008584,CUST_008584,SAVINGS,27349.17,ACTIVE,VERIFIED,0.286,RESTRICTED
ACC_008585,CUST_008585,SAVINGS,19659.6,ACTIVE,VERIFIED,0.314,RESTRICTED
ACC_008586,CUST_008586,SAVINGS,11809.73,ACTIVE,VERIFIED,0.176,RESTRICTED
ACC_008587,CUST_008587,SAVINGS,19830.86,ACTIVE,VERIFIED,0.391,RESTRICTED
ACC_008588,CUST_008588,SAVINGS,21172.65,ACTIVE,VERIFIED,0.509,RESTRICTED
ACC_008589,CUST_008589,SAVINGS,28524.12,ACTIVE,VERIFIED,0.622,RESTRICTED
ACC_008590,CUST_008590,SAVINGS,10289.31,ACTIVE,VERIFIED,0.133,RESTRICTED
ACC_008591,CUST_008591,SAVINGS,45435.12,ACTIVE,VERIFIED,0.393,RESTRICTED
ACC_008592,CUST_008592,SAVINGS,27414.29,ACTIVE,VERIFIED,0.365,RESTRICTED
ACC_008593,CUST_008593,SAVINGS,20235.37,ACTIVE,VERIFIED,0.299,RESTRICTED
ACC_008594,CUST_008594,SAVINGS,7435.81,ACTIVE,VERIFIED,0.129,RESTRICTED
ACC_008595,CUST_008595,SAVINGS,28697.49,ACTIVE,VERIFIED,0.199,RESTRICTED
ACC_008596,CUST_008596,SAVINGS,47997.2,ACTIVE,VERIFIED,0.328,RESTRICTED
ACC_008597,CUST_008597,SAVINGS,26648.13,ACTIVE,VERIFIED,0.074,RESTRICTED
ACC_008598,CUST_008598,SAVINGS,38882.25,FROZEN,FLAGGED,0.1,RESTRICTED
ACC_008599,CUST_008599,SAVINGS,5069.18,ACTIVE,VERIFIED,0.183,RESTRICTED
ACC_008600,CUST_008600,SAVINGS,48030.05,ACTIVE,VERIFIED,0.18,RESTRICTED
ACC_008601,CUST_008601,SAVINGS,5894.64,ACTIVE,PENDING,0.405,RESTRICTED
ACC_008602,CUST_008602,SAVINGS,42210.55,ACTIVE,VERIFIED,0.573,RESTRICTED
ACC_008603,CUST_008603,SAVINGS,47018.28,ACTIVE,VERIFIED,0.631,RESTRICTED
ACC_008604,CUST_008604,SAVINGS,29870.34,ACTIVE,VERIFIED,0.318,RESTRICTED
ACC_008605,CUST_008605,SAVINGS,1506.92,FROZEN,FLAGGED,0.401,RESTRICTED
ACC_008606,CUST_008606,SAVINGS,35316.5,ACTIVE,VERIFIED,0.331,RESTRICTED
ACC_008607,CUST_008607,SAVINGS,7544.38,ACTIVE,PENDING,0.151,RESTRICTED
ACC_008608,CUST_008608,SAVINGS,20823.94,ACTIVE,VERIFIED,0.483,RESTRICTED
ACC_008609,CUST_008609,SAVINGS,1537.79,ACTIVE,VERIFIED,0.179,RESTRICTED
ACC_008610,CUST_008610,SAVINGS,16601.11,ACTIVE,VERIFIED,0.371,RESTRICTED
ACC_008611,CUST_008611,SAVINGS,8734.47,ACTIVE,VERIFIED,0.282,RESTRICTED
ACC_008612,CUST_008612,SAVINGS,14180.11,FROZEN,FLAGGED,0.193,RESTRICTED
ACC_008613,CUST_008613,SAVINGS,28059.7,ACTIVE,VERIFIED,0.216,RESTRICTED
ACC_008614,CUST_008614,SAVINGS,1786.57,FROZEN,FLAGGED,0.26,RESTRICTED
ACC_008615,CUST_008615,SAVINGS,29683.28,ACTIVE,VERIFIED,0.479,RESTRICTED
ACC_008616,CUST_008616,SAVINGS,29892.86,ACTIVE,VERIFIED,0.137,RESTRICTED
ACC_008617,CUST_008617,SAVINGS,6841.67,ACTIVE,VERIFIED,0.384,RESTRICTED
ACC_008618,CUST_008618,SAVINGS,25415.97,ACTIVE,VERIFIED,0.363,RESTRICTED
ACC_008619,CUST_008619,SAVINGS,2352.26,ACTIVE,VERIFIED,0.356,RESTRICTED
ACC_008620,CUST_008620,SAVINGS,47145.59,ACTIVE,VERIFIED,0.326,RESTRICTED
ACC_008621,CUST_008621,SAVINGS,8318.75,ACTIVE,VERIFIED,0.25,RESTRICTED
ACC_008622,CUST_008622,SAVINGS,20470.08,ACTIVE,VERIFIED,0.396,RESTRICTED
ACC_008623,CUST_008623,SAVINGS,19341.76,ACTIVE,VERIFIED,0.16,RESTRICTED
ACC_008624,CUST_008624,SAVINGS,19509.44,ACTIVE,VERIFIED,0.342,RESTRICTED
ACC_008625,CUST_008625,SAVINGS,38712.7,ACTIVE,VERIFIED,0.267,RESTRICTED
ACC_008626,CUST_008626,SAVINGS,41164.85,ACTIVE,VERIFIED,0.26,RESTRICTED
ACC_008627,CUST_008627,SAVINGS,8282.34,ACTIVE,VERIFIED,0.065,RESTRICTED
ACC_008628,CUST_008628,SAVINGS,10808.52,ACTIVE,VERIFIED,0.164,RESTRICTED
ACC_008629,CUST_008629,SAVINGS,25160.88,ACTIVE,VERIFIED,0.363,RESTRICTED
ACC_008630,CUST_008630,SAVINGS,19406.03,ACTIVE,VERIFIED,0.404,RESTRICTED
ACC_008631,CUST_008631,SAVINGS,48009.73,ACTIVE,VERIFIED,0.053,RESTRICTED
ACC_008632,CUST_008632,SAVINGS,34857.51,ACTIVE,VERIFIED,0.262,RESTRICTED
ACC_008633,CUST_008633,SAVINGS,19241.19,ACTIVE,VERIFIED,0.532,RESTRICTED
ACC_008634,CUST_008634,SAVINGS,26337.74,FROZEN,FLAGGED,0.348,RESTRICTED
ACC_008635,CUST_008635,SAVINGS,20996.89,ACTIVE,VERIFIED,0.217,RESTRICTED
ACC_008636,CUST_008636,SAVINGS,47683.7,FROZEN,FLAGGED,0.268,RESTRICTED
ACC_008637,CUST_008637,SAVINGS,34942.36,ACTIVE,VERIFIED,0.11,RESTRICTED
ACC_008638,CUST_008638,SAVINGS,48890.75,ACTIVE,VERIFIED,0.283,RESTRICTED
ACC_008639,CUST_008639,SAVINGS,28404.96,ACTIVE,VERIFIED,0.406,RESTRICTED
ACC_008640,CUST_008640,SAVINGS,8881.57,ACTIVE,VERIFIED,0.458,RESTRICTED
ACC_008641,CUST_008641,SAVINGS,15026.56,ACTIVE,VERIFIED,0.492,RESTRICTED
ACC_008642,CUST_008642,SAVINGS,4640.92,FROZEN,FLAGGED,0.517,RESTRICTED
ACC_008643,CUST_008643,SAVINGS,36021.14,ACTIVE,VERIFIED,0.139,RESTRICTED
ACC_008644,CUST_008644,SAVINGS,40561.45,ACTIVE,VERIFIED,0.05,RESTRICTED
ACC_008645,CUST_008645,SAVINGS,21146.55,ACTIVE,VERIFIED,0.206,RESTRICTED
ACC_008646,CUST_008646,SAVINGS,21713.7,ACTIVE,VERIFIED,0.285,RESTRICTED
ACC_008647,CUST_008647,SAVINGS,46915.95,ACTIVE,VERIFIED,0.435,RESTRICTED
ACC_008648,CUST_008648,SAVINGS,46193.84,FROZEN,FLAGGED,0.093,RESTRICTED
ACC_008649,CUST_008649,SAVINGS,30980.11,ACTIVE,VERIFIED,0.534,RESTRICTED
ACC_008650,CUST_008650,SAVINGS,26733.06,ACTIVE,VERIFIED,0.301,RESTRICTED
ACC_008651,CUST_008651,SAVINGS,30665.09,ACTIVE,VERIFIED,0.361,RESTRICTED
ACC_008652,CUST_008652,SAVINGS,49382.78,ACTIVE,VERIFIED,0.195,RESTRICTED
ACC_008653,CUST_008653,SAVINGS,2277.76,ACTIVE,VERIFIED,0.372,RESTRICTED
ACC_008654,CUST_008654,SAVINGS,16124.2,ACTIVE,VERIFIED,0.269,RESTRICTED
ACC_008655,CUST_008655,SAVINGS,30370.14,ACTIVE,VERIFIED,0.356,RESTRICTED
ACC_008656,CUST_008656,SAVINGS,18043.33,ACTIVE,PENDING,0.1,RESTRICTED
ACC_008657,CUST_008657,SAVINGS,41216.28,ACTIVE,PENDING,0.562,RESTRICTED
ACC_008658,CUST_008658,SAVINGS,4743.26,ACTIVE,VERIFIED,0.266,RESTRICTED
ACC_008659,CUST_008659,SAVINGS,25983.76,ACTIVE,VERIFIED,0.334,RESTRICTED
ACC_008660,CUST_008660,SAVINGS,3503.55,ACTIVE,PENDING,0.269,RESTRICTED
ACC_008661,CUST_008661,SAVINGS,42949.4,ACTIVE,VERIFIED,0.678,RESTRICTED
ACC_008662,CUST_008662,SAVINGS,2096.24,ACTIVE,VERIFIED,0.143,RESTRICTED
ACC_008663,CUST_008663,SAVINGS,2916.24,ACTIVE,VERIFIED,0.281,RESTRICTED
ACC_008664,CUST_008664,SAVINGS,35509.19,ACTIVE,VERIFIED,0.173,RESTRICTED
ACC_008665,CUST_008665,SAVINGS,9224.82,ACTIVE,VERIFIED,0.434,RESTRICTED
ACC_008666,CUST_008666,SAVINGS,8837.75,ACTIVE,VERIFIED,0.222,RESTRICTED
ACC_008667,CUST_008667,SAVINGS,24999.33,ACTIVE,VERIFIED,0.112,RESTRICTED
ACC_008668,CUST_008668,SAVINGS,23127.33,ACTIVE,VERIFIED,0.541,RESTRICTED
ACC_008669,CUST_008669,SAVINGS,27187.09,ACTIVE,VERIFIED,0.273,RESTRICTED
ACC_008670,CUST_008670,SAVINGS,48553.86,ACTIVE,PENDING,0.323,RESTRICTED
ACC_008671,CUST_008671,SAVINGS,13231.59,ACTIVE,VERIFIED,0.132,RESTRICTED
ACC_008672,CUST_008672,SAVINGS,44303.32,ACTIVE,VERIFIED,0.378,RESTRICTED
ACC_008673,CUST_008673,SAVINGS,15001.07,ACTIVE,VERIFIED,0.468,RESTRICTED
ACC_008674,CUST_008674,SAVINGS,44712.81,ACTIVE,VERIFIED,0.206,RESTRICTED
ACC_008675,CUST_008675,SAVINGS,12273.08,ACTIVE,PENDING,0.417,RESTRICTED
ACC_008676,CUST_008676,SAVINGS,2533.27,ACTIVE,PENDING,0.44,RESTRICTED
ACC_008677,CUST_008677,SAVINGS,41219.46,ACTIVE,VERIFIED,0.322,RESTRICTED
ACC_008678,CUST_008678,SAVINGS,25158.1,ACTIVE,PENDING,0.244,RESTRICTED
ACC_008679,CUST_008679,SAVINGS,11775.0,ACTIVE,VERIFIED,0.569,RESTRICTED
ACC_008680,CUST_008680,SAVINGS,7028.34,ACTIVE,VERIFIED,0.143,RESTRICTED
ACC_008681,CUST_008681,SAVINGS,28956.87,ACTIVE,VERIFIED,0.64,RESTRICTED
ACC_008682,CUST_008682,SAVINGS,34950.77,FROZEN,FLAGGED,0.446,RESTRICTED
ACC_008683,CUST_008683,SAVINGS,6215.54,ACTIVE,VERIFIED,0.243,RESTRICTED
ACC_008684,CUST_008684,SAVINGS,15801.14,ACTIVE,VERIFIED,0.481,RESTRICTED
ACC_008685,CUST_008685,SAVINGS,36316.02,ACTIVE,VERIFIED,0.067,RESTRICTED
ACC_008686,CUST_008686,SAVINGS,13736.8,ACTIVE,VERIFIED,0.384,RESTRICTED
ACC_008687,CUST_008687,SAVINGS,10558.91,ACTIVE,VERIFIED,0.172,RESTRICTED
ACC_008688,CUST_008688,SAVINGS,41975.56,ACTIVE,VERIFIED,0.36,RESTRICTED
ACC_008689,CUST_008689,SAVINGS,17017.84,ACTIVE,VERIFIED,0.47,RESTRICTED
ACC_008690,CUST_008690,SAVINGS,41374.23,ACTIVE,VERIFIED,0.615,RESTRICTED
ACC_008691,CUST_008691,SAVINGS,15623.37,ACTIVE,VERIFIED,0.503,RESTRICTED
ACC_008692,CUST_008692,SAVINGS,15741.76,ACTIVE,VERIFIED,0.082,RESTRICTED
ACC_008693,CUST_008693,SAVINGS,22564.41,ACTIVE,VERIFIED,0.289,RESTRICTED
ACC_008694,CUST_008694,SAVINGS,3843.81,ACTIVE,VERIFIED,0.286,RESTRICTED
ACC_008695,CUST_008695,SAVINGS,39380.75,ACTIVE,VERIFIED,0.533,RESTRICTED
ACC_008696,CUST_008696,SAVINGS,45198.94,ACTIVE,VERIFIED,0.402,RESTRICTED
ACC_008697,CUST_008697,SAVINGS,49216.74,FROZEN,FLAGGED,0.795,RESTRICTED
ACC_008698,CUST_008698,SAVINGS,16353.46,ACTIVE,VERIFIED,0.141,RESTRICTED
ACC_008699,CUST_008699,SAVINGS,14458.41,ACTIVE,VERIFIED,0.387,RESTRICTED
ACC_008700,CUST_008700,SAVINGS,24924.45,ACTIVE,VERIFIED,0.729,RESTRICTED
ACC_008701,CUST_008701,SAVINGS,10699.08,ACTIVE,VERIFIED,0.422,RESTRICTED
ACC_008702,CUST_008702,SAVINGS,24667.32,ACTIVE,VERIFIED,0.2,RESTRICTED
ACC_008703,CUST_008703,SAVINGS,33238.02,ACTIVE,VERIFIED,0.423,RESTRICTED
ACC_008704,CUST_008704,SAVINGS,17056.24,ACTIVE,PENDING,0.422,RESTRICTED
ACC_008705,CUST_008705,SAVINGS,42977.21,ACTIVE,VERIFIED,0.276,RESTRICTED
ACC_008706,CUST_008706,SAVINGS,29209.2,ACTIVE,PENDING,0.212,RESTRICTED
ACC_008707,CUST_008707,SAVINGS,45303.46,ACTIVE,VERIFIED,0.394,RESTRICTED
ACC_008708,CUST_008708,SAVINGS,5121.84,ACTIVE,VERIFIED,0.081,RESTRICTED
ACC_008709,CUST_008709,SAVINGS,1536.39,ACTIVE,VERIFIED,0.317,RESTRICTED
ACC_008710,CUST_008710,SAVINGS,13335.94,FROZEN,FLAGGED,0.359,RESTRICTED
ACC_008711,CUST_008711,SAVINGS,32372.71,ACTIVE,VERIFIED,0.363,RESTRICTED
ACC_008712,CUST_008712,SAVINGS,40743.69,ACTIVE,VERIFIED,0.379,RESTRICTED
ACC_008713,CUST_008713,SAVINGS,40943.22,ACTIVE,VERIFIED,0.142,RESTRICTED
ACC_008714,CUST_008714,SAVINGS,43364.02,ACTIVE,PENDING,0.342,RESTRICTED
ACC_008715,CUST_008715,SAVINGS,12621.18,FROZEN,FLAGGED,0.11,RESTRICTED
ACC_008716,CUST_008716,SAVINGS,6217.95,ACTIVE,VERIFIED,0.426,RESTRICTED
ACC_008717,CUST_008717,SAVINGS,44830.37,ACTIVE,VERIFIED,0.133,RESTRICTED
ACC_008718,CUST_008718,SAVINGS,15779.24,ACTIVE,VERIFIED,0.248,RESTRICTED
ACC_008719,CUST_008719,SAVINGS,21353.4,ACTIVE,PENDING,0.334,RESTRICTED
ACC_008720,CUST_008720,SAVINGS,35257.22,ACTIVE,VERIFIED,0.321,RESTRICTED
ACC_008721,CUST_008721,SAVINGS,24136.17,ACTIVE,VERIFIED,0.185,RESTRICTED
ACC_008722,CUST_008722,SAVINGS,5990.36,ACTIVE,VERIFIED,0.42,RESTRICTED
ACC_008723,CUST_008723,SAVINGS,25652.76,ACTIVE,VERIFIED,0.304,RESTRICTED
ACC_008724,CUST_008724,SAVINGS,5862.42,ACTIVE,VERIFIED,0.254,RESTRICTED
ACC_008725,CUST_008725,SAVINGS,45441.85,ACTIVE,VERIFIED,0.681,RESTRICTED
ACC_008726,CUST_008726,SAVINGS,40398.97,ACTIVE,VERIFIED,0.484,RESTRICTED
ACC_008727,CUST_008727,SAVINGS,31740.14,ACTIVE,VERIFIED,0.281,RESTRICTED
ACC_008728,CUST_008728,SAVINGS,11657.99,ACTIVE,VERIFIED,0.301,RESTRICTED
ACC_008729,CUST_008729,SAVINGS,4895.98,ACTIVE,VERIFIED,0.157,RESTRICTED
ACC_008730,CUST_008730,SAVINGS,42729.58,ACTIVE,VERIFIED,0.445,RESTRICTED
ACC_008731,CUST_008731,SAVINGS,4602.83,ACTIVE,PENDING,0.089,RESTRICTED
ACC_008732,CUST_008732,SAVINGS,7495.49,ACTIVE,VERIFIED,0.22,RESTRICTED
ACC_008733,CUST_008733,SAVINGS,15241.92,ACTIVE,VERIFIED,0.47,RESTRICTED
ACC_008734,CUST_008734,SAVINGS,18012.38,ACTIVE,VERIFIED,0.383,RESTRICTED
ACC_008735,CUST_008735,SAVINGS,44833.84,ACTIVE,VERIFIED,0.164,RESTRICTED
ACC_008736,CUST_008736,SAVINGS,31015.6,ACTIVE,VERIFIED,0.224,RESTRICTED
ACC_008737,CUST_008737,SAVINGS,21017.83,ACTIVE,VERIFIED,0.241,RESTRICTED
ACC_008738,CUST_008738,SAVINGS,43108.06,ACTIVE,VERIFIED,0.283,RESTRICTED
ACC_008739,CUST_008739,SAVINGS,48054.65,ACTIVE,VERIFIED,0.27,RESTRICTED
ACC_008740,CUST_008740,SAVINGS,47210.16,ACTIVE,VERIFIED,0.395,RESTRICTED
ACC_008741,CUST_008741,SAVINGS,32072.22,ACTIVE,VERIFIED,0.228,RESTRICTED
ACC_008742,CUST_008742,SAVINGS,23720.67,ACTIVE,VERIFIED,0.372,RESTRICTED
ACC_008743,CUST_008743,SAVINGS,28857.74,ACTIVE,VERIFIED,0.54,RESTRICTED
ACC_008744,CUST_008744,SAVINGS,47652.39,ACTIVE,VERIFIED,0.352,RESTRICTED
ACC_008745,CUST_008745,SAVINGS,41804.45,ACTIVE,VERIFIED,0.191,RESTRICTED
ACC_008746,CUST_008746,SAVINGS,9776.94,ACTIVE,PENDING,0.175,RESTRICTED
ACC_008747,CUST_008747,SAVINGS,6122.65,ACTIVE,VERIFIED,0.297,RESTRICTED
ACC_008748,CUST_008748,SAVINGS,43649.71,ACTIVE,VERIFIED,0.697,RESTRICTED
ACC_008749,CUST_008749,SAVINGS,25913.86,ACTIVE,VERIFIED,0.367,RESTRICTED
ACC_008750,CUST_008750,SAVINGS,15196.53,ACTIVE,VERIFIED,0.204,RESTRICTED
ACC_008751,CUST_008751,SAVINGS,8022.23,ACTIVE,VERIFIED,0.282,RESTRICTED
ACC_008752,CUST_008752,SAVINGS,43880.86,ACTIVE,VERIFIED,0.543,RESTRICTED
ACC_008753,CUST_008753,SAVINGS,25902.79,ACTIVE,VERIFIED,0.186,RESTRICTED
ACC_008754,CUST_008754,SAVINGS,46021.88,ACTIVE,VERIFIED,0.139,RESTRICTED
ACC_008755,CUST_008755,SAVINGS,39330.26,ACTIVE,VERIFIED,0.41,RESTRICTED
ACC_008756,CUST_008756,SAVINGS,30283.96,ACTIVE,VERIFIED,0.613,RESTRICTED
ACC_008757,CUST_008757,SAVINGS,5743.08,ACTIVE,VERIFIED,0.2,RESTRICTED
ACC_008758,CUST_008758,SAVINGS,33017.25,ACTIVE,VERIFIED,0.371,RESTRICTED
ACC_008759,CUST_008759,SAVINGS,43175.43,ACTIVE,VERIFIED,0.318,RESTRICTED
ACC_008760,CUST_008760,SAVINGS,31673.87,ACTIVE,PENDING,0.398,RESTRICTED
ACC_008761,CUST_008761,SAVINGS,17290.4,ACTIVE,VERIFIED,0.244,RESTRICTED
ACC_008762,CUST_008762,SAVINGS,19351.25,ACTIVE,VERIFIED,0.114,RESTRICTED
ACC_008763,CUST_008763,SAVINGS,26736.48,ACTIVE,VERIFIED,0.256,RESTRICTED
ACC_008764,CUST_008764,SAVINGS,7882.03,ACTIVE,VERIFIED,0.363,RESTRICTED
ACC_008765,CUST_008765,SAVINGS,5886.82,ACTIVE,VERIFIED,0.283,RESTRICTED
ACC_008766,CUST_008766,SAVINGS,22127.47,ACTIVE,VERIFIED,0.217,RESTRICTED
ACC_008767,CUST_008767,SAVINGS,47755.63,ACTIVE,VERIFIED,0.301,RESTRICTED
ACC_008768,CUST_008768,SAVINGS,22563.81,ACTIVE,VERIFIED,0.394,RESTRICTED
ACC_008769,CUST_008769,SAVINGS,21774.73,ACTIVE,PENDING,0.302,RESTRICTED
ACC_008770,CUST_008770,SAVINGS,29252.95,ACTIVE,VERIFIED,0.149,RESTRICTED
ACC_008771,CUST_008771,SAVINGS,22913.76,ACTIVE,VERIFIED,0.09,RESTRICTED
ACC_008772,CUST_008772,SAVINGS,29170.47,ACTIVE,VERIFIED,0.419,RESTRICTED
ACC_008773,CUST_008773,SAVINGS,48045.16,ACTIVE,VERIFIED,0.505,RESTRICTED
ACC_008774,CUST_008774,SAVINGS,17539.37,FROZEN,FLAGGED,0.857,RESTRICTED
ACC_008775,CUST_008775,SAVINGS,13591.97,ACTIVE,VERIFIED,0.463,RESTRICTED
ACC_008776,CUST_008776,SAVINGS,45526.05,ACTIVE,VERIFIED,0.137,RESTRICTED
ACC_008777,CUST_008777,SAVINGS,44245.4,ACTIVE,VERIFIED,0.249,RESTRICTED
ACC_008778,CUST_008778,SAVINGS,6699.08,ACTIVE,VERIFIED,0.504,RESTRICTED
ACC_008779,CUST_008779,SAVINGS,29738.9,ACTIVE,VERIFIED,0.31,RESTRICTED
ACC_008780,CUST_008780,SAVINGS,14847.44,ACTIVE,PENDING,0.251,RESTRICTED
ACC_008781,CUST_008781,SAVINGS,22031.37,ACTIVE,VERIFIED,0.083,RESTRICTED
ACC_008782,CUST_008782,SAVINGS,12901.92,ACTIVE,PENDING,0.188,RESTRICTED
ACC_008783,CUST_008783,SAVINGS,26933.63,ACTIVE,VERIFIED,0.406,RESTRICTED
ACC_008784,CUST_008784,SAVINGS,34509.59,ACTIVE,VERIFIED,0.086,RESTRICTED
ACC_008785,CUST_008785,SAVINGS,32005.16,ACTIVE,VERIFIED,0.331,RESTRICTED
ACC_008786,CUST_008786,SAVINGS,21056.28,ACTIVE,VERIFIED,0.055,RESTRICTED
ACC_008787,CUST_008787,SAVINGS,42869.47,ACTIVE,VERIFIED,0.384,RESTRICTED
ACC_008788,CUST_008788,SAVINGS,17794.56,ACTIVE,PENDING,0.342,RESTRICTED
ACC_008789,CUST_008789,SAVINGS,24797.44,ACTIVE,VERIFIED,0.132,RESTRICTED
ACC_008790,CUST_008790,SAVINGS,4276.52,ACTIVE,VERIFIED,0.239,RESTRICTED
ACC_008791,CUST_008791,SAVINGS,14315.18,ACTIVE,VERIFIED,0.198,RESTRICTED
ACC_008792,CUST_008792,SAVINGS,5594.39,ACTIVE,VERIFIED,0.288,RESTRICTED
ACC_008793,CUST_008793,SAVINGS,2217.36,ACTIVE,PENDING,0.314,RESTRICTED
ACC_008794,CUST_008794,SAVINGS,22512.75,ACTIVE,VERIFIED,0.141,RESTRICTED
ACC_008795,CUST_008795,SAVINGS,20762.55,ACTIVE,VERIFIED,0.133,RESTRICTED
ACC_008796,CUST_008796,SAVINGS,30149.03,ACTIVE,VERIFIED,0.388,RESTRICTED
ACC_008797,CUST_008797,SAVINGS,9861.01,ACTIVE,VERIFIED,0.367,RESTRICTED
ACC_008798,CUST_008798,SAVINGS,13550.27,ACTIVE,PENDING,0.129,RESTRICTED
ACC_008799,CUST_008799,SAVINGS,42542.82,ACTIVE,VERIFIED,0.46,RESTRICTED
ACC_008800,CUST_008800,SAVINGS,40464.01,ACTIVE,VERIFIED,0.337,RESTRICTED
ACC_008801,CUST_008801,SAVINGS,32824.21,ACTIVE,VERIFIED,0.167,RESTRICTED
ACC_008802,CUST_008802,SAVINGS,10360.47,ACTIVE,VERIFIED,0.138,RESTRICTED
ACC_008803,CUST_008803,SAVINGS,8063.05,FROZEN,FLAGGED,0.275,RESTRICTED
ACC_008804,CUST_008804,SAVINGS,38530.24,ACTIVE,VERIFIED,0.36,RESTRICTED
ACC_008805,CUST_008805,SAVINGS,20110.6,ACTIVE,VERIFIED,0.256,RESTRICTED
ACC_008806,CUST_008806,SAVINGS,11224.21,ACTIVE,VERIFIED,0.387,RESTRICTED
ACC_008807,CUST_008807,SAVINGS,25597.87,ACTIVE,VERIFIED,0.155,RESTRICTED
ACC_008808,CUST_008808,SAVINGS,26366.26,ACTIVE,VERIFIED,0.236,RESTRICTED
ACC_008809,CUST_008809,SAVINGS,1038.63,ACTIVE,VERIFIED,0.166,RESTRICTED
ACC_008810,CUST_008810,SAVINGS,11623.73,ACTIVE,VERIFIED,0.137,RESTRICTED
ACC_008811,CUST_008811,SAVINGS,20289.71,FROZEN,FLAGGED,0.163,RESTRICTED
ACC_008812,CUST_008812,SAVINGS,33516.11,ACTIVE,VERIFIED,0.315,RESTRICTED
ACC_008813,CUST_008813,SAVINGS,16753.33,ACTIVE,VERIFIED,0.11,RESTRICTED
ACC_008814,CUST_008814,SAVINGS,5127.89,ACTIVE,VERIFIED,0.095,RESTRICTED
ACC_008815,CUST_008815,SAVINGS,44890.21,ACTIVE,VERIFIED,0.123,RESTRICTED
ACC_008816,CUST_008816,SAVINGS,10579.5,FROZEN,FLAGGED,0.434,RESTRICTED
ACC_008817,CUST_008817,SAVINGS,23524.35,ACTIVE,VERIFIED,0.081,RESTRICTED
ACC_008818,CUST_008818,SAVINGS,14027.27,ACTIVE,VERIFIED,0.156,RESTRICTED
ACC_008819,CUST_008819,SAVINGS,30664.19,ACTIVE,VERIFIED,0.462,RESTRICTED
ACC_008820,CUST_008820,SAVINGS,32352.47,ACTIVE,PENDING,0.472,RESTRICTED
ACC_008821,CUST_008821,SAVINGS,2926.08,ACTIVE,VERIFIED,0.578,RESTRICTED
ACC_008822,CUST_008822,SAVINGS,45431.57,ACTIVE,VERIFIED,0.365,RESTRICTED
ACC_008823,CUST_008823,SAVINGS,47844.92,ACTIVE,VERIFIED,0.277,RESTRICTED
ACC_008824,CUST_008824,SAVINGS,10129.41,ACTIVE,VERIFIED,0.099,RESTRICTED
ACC_008825,CUST_008825,SAVINGS,46989.44,ACTIVE,VERIFIED,0.389,RESTRICTED
ACC_008826,CUST_008826,SAVINGS,5455.93,ACTIVE,VERIFIED,0.237,RESTRICTED
ACC_008827,CUST_008827,SAVINGS,25528.71,ACTIVE,VERIFIED,0.352,RESTRICTED
ACC_008828,CUST_008828,SAVINGS,2974.79,ACTIVE,VERIFIED,0.283,RESTRICTED
ACC_008829,CUST_008829,SAVINGS,44108.99,ACTIVE,VERIFIED,0.074,RESTRICTED
ACC_008830,CUST_008830,SAVINGS,28778.72,ACTIVE,VERIFIED,0.348,RESTRICTED
ACC_008831,CUST_008831,SAVINGS,30999.99,ACTIVE,VERIFIED,0.127,RESTRICTED
ACC_008832,CUST_008832,SAVINGS,49333.23,ACTIVE,VERIFIED,0.495,RESTRICTED
ACC_008833,CUST_008833,SAVINGS,4283.13,ACTIVE,VERIFIED,0.199,RESTRICTED
ACC_008834,CUST_008834,SAVINGS,42511.65,ACTIVE,VERIFIED,0.18,RESTRICTED
ACC_008835,CUST_008835,SAVINGS,43497.1,ACTIVE,VERIFIED,0.398,RESTRICTED
ACC_008836,CUST_008836,SAVINGS,25170.21,ACTIVE,VERIFIED,0.193,RESTRICTED
ACC_008837,CUST_008837,SAVINGS,48362.81,ACTIVE,VERIFIED,0.494,RESTRICTED
ACC_008838,CUST_008838,SAVINGS,38789.76,ACTIVE,VERIFIED,0.616,RESTRICTED
ACC_008839,CUST_008839,SAVINGS,23148.49,ACTIVE,VERIFIED,0.065,RESTRICTED
ACC_008840,CUST_008840,SAVINGS,1632.89,ACTIVE,VERIFIED,0.506,RESTRICTED
ACC_008841,CUST_008841,SAVINGS,45632.23,ACTIVE,VERIFIED,0.085,RESTRICTED
ACC_008842,CUST_008842,SAVINGS,5940.79,ACTIVE,VERIFIED,0.334,RESTRICTED
ACC_008843,CUST_008843,SAVINGS,7519.43,ACTIVE,VERIFIED,0.227,RESTRICTED
ACC_008844,CUST_008844,SAVINGS,22008.42,ACTIVE,VERIFIED,0.283,RESTRICTED
ACC_008845,CUST_008845,SAVINGS,48912.27,ACTIVE,VERIFIED,0.315,RESTRICTED
ACC_008846,CUST_008846,SAVINGS,39883.35,ACTIVE,VERIFIED,0.144,RESTRICTED
ACC_008847,CUST_008847,SAVINGS,44605.7,ACTIVE,PENDING,0.323,RESTRICTED
ACC_008848,CUST_008848,SAVINGS,2273.47,ACTIVE,VERIFIED,0.087,RESTRICTED
ACC_008849,CUST_008849,SAVINGS,4752.44,ACTIVE,VERIFIED,0.257,RESTRICTED
ACC_008850,CUST_008850,SAVINGS,38903.32,ACTIVE,PENDING,0.182,RESTRICTED
ACC_008851,CUST_008851,SAVINGS,36517.0,FROZEN,FLAGGED,0.098,RESTRICTED
ACC_008852,CUST_008852,SAVINGS,29921.06,ACTIVE,VERIFIED,0.446,RESTRICTED
ACC_008853,CUST_008853,SAVINGS,45254.8,ACTIVE,VERIFIED,0.133,RESTRICTED
ACC_008854,CUST_008854,SAVINGS,28380.59,ACTIVE,VERIFIED,0.262,RESTRICTED
ACC_008855,CUST_008855,SAVINGS,47980.04,ACTIVE,PENDING,0.323,RESTRICTED
ACC_008856,CUST_008856,SAVINGS,3091.87,ACTIVE,VERIFIED,0.112,RESTRICTED
ACC_008857,CUST_008857,SAVINGS,43064.06,ACTIVE,VERIFIED,0.464,RESTRICTED
ACC_008858,CUST_008858,SAVINGS,27991.95,ACTIVE,VERIFIED,0.535,RESTRICTED
ACC_008859,CUST_008859,SAVINGS,34846.64,ACTIVE,VERIFIED,0.099,RESTRICTED
ACC_008860,CUST_008860,SAVINGS,41722.52,FROZEN,FLAGGED,0.376,RESTRICTED
ACC_008861,CUST_008861,SAVINGS,2811.05,ACTIVE,VERIFIED,0.451,RESTRICTED
ACC_008862,CUST_008862,SAVINGS,47145.05,ACTIVE,VERIFIED,0.249,RESTRICTED
ACC_008863,CUST_008863,SAVINGS,17088.54,ACTIVE,VERIFIED,0.067,RESTRICTED
ACC_008864,CUST_008864,SAVINGS,27626.73,ACTIVE,VERIFIED,0.122,RESTRICTED
ACC_008865,CUST_008865,SAVINGS,48328.04,ACTIVE,VERIFIED,0.079,RESTRICTED
ACC_008866,CUST_008866,SAVINGS,31059.93,ACTIVE,VERIFIED,0.279,RESTRICTED
ACC_008867,CUST_008867,SAVINGS,25539.9,ACTIVE,VERIFIED,0.628,RESTRICTED
ACC_008868,CUST_008868,SAVINGS,41007.57,ACTIVE,VERIFIED,0.24,RESTRICTED
ACC_008869,CUST_008869,SAVINGS,34177.27,FROZEN,FLAGGED,0.723,RESTRICTED
ACC_008870,CUST_008870,SAVINGS,38286.82,ACTIVE,VERIFIED,0.282,RESTRICTED
ACC_008871,CUST_008871,SAVINGS,32151.78,ACTIVE,VERIFIED,0.33,RESTRICTED
ACC_008872,CUST_008872,SAVINGS,14012.55,ACTIVE,VERIFIED,0.715,RESTRICTED
ACC_008873,CUST_008873,SAVINGS,10124.05,ACTIVE,VERIFIED,0.254,RESTRICTED
ACC_008874,CUST_008874,SAVINGS,4548.13,ACTIVE,PENDING,0.578,RESTRICTED
ACC_008875,CUST_008875,SAVINGS,9164.19,ACTIVE,VERIFIED,0.436,RESTRICTED
ACC_008876,CUST_008876,SAVINGS,6120.79,ACTIVE,VERIFIED,0.178,RESTRICTED
ACC_008877,CUST_008877,SAVINGS,39909.76,FROZEN,FLAGGED,0.261,RESTRICTED
ACC_008878,CUST_008878,SAVINGS,9892.59,ACTIVE,VERIFIED,0.326,RESTRICTED
ACC_008879,CUST_008879,SAVINGS,1685.39,ACTIVE,PENDING,0.445,RESTRICTED
ACC_008880,CUST_008880,SAVINGS,34101.88,FROZEN,FLAGGED,0.4,RESTRICTED
ACC_008881,CUST_008881,SAVINGS,5013.55,ACTIVE,PENDING,0.087,RESTRICTED
ACC_008882,CUST_008882,SAVINGS,9710.11,ACTIVE,VERIFIED,0.086,RESTRICTED
ACC_008883,CUST_008883,SAVINGS,24143.86,ACTIVE,VERIFIED,0.705,RESTRICTED
ACC_008884,CUST_008884,SAVINGS,36278.99,ACTIVE,VERIFIED,0.127,RESTRICTED
ACC_008885,CUST_008885,SAVINGS,1187.33,ACTIVE,VERIFIED,0.288,RESTRICTED
ACC_008886,CUST_008886,SAVINGS,23235.89,ACTIVE,VERIFIED,0.483,RESTRICTED
ACC_008887,CUST_008887,SAVINGS,40972.32,ACTIVE,VERIFIED,0.246,RESTRICTED
ACC_008888,CUST_008888,SAVINGS,15053.19,ACTIVE,VERIFIED,0.53,RESTRICTED
ACC_008889,CUST_008889,SAVINGS,37871.51,ACTIVE,VERIFIED,0.262,RESTRICTED
ACC_008890,CUST_008890,SAVINGS,45855.21,ACTIVE,VERIFIED,0.025,RESTRICTED
ACC_008891,CUST_008891,SAVINGS,7285.25,ACTIVE,VERIFIED,0.181,RESTRICTED
ACC_008892,CUST_008892,SAVINGS,17402.78,ACTIVE,VERIFIED,0.132,RESTRICTED
ACC_008893,CUST_008893,SAVINGS,27403.52,ACTIVE,VERIFIED,0.551,RESTRICTED
ACC_008894,CUST_008894,SAVINGS,15069.15,ACTIVE,VERIFIED,0.316,RESTRICTED
ACC_008895,CUST_008895,SAVINGS,22234.04,ACTIVE,PENDING,0.117,RESTRICTED
ACC_008896,CUST_008896,SAVINGS,17235.37,ACTIVE,VERIFIED,0.446,RESTRICTED
ACC_008897,CUST_008897,SAVINGS,8214.3,ACTIVE,VERIFIED,0.371,RESTRICTED
ACC_008898,CUST_008898,SAVINGS,3778.91,ACTIVE,VERIFIED,0.475,RESTRICTED
ACC_008899,CUST_008899,SAVINGS,6196.54,ACTIVE,VERIFIED,0.094,RESTRICTED
ACC_008900,CUST_008900,SAVINGS,37814.75,ACTIVE,VERIFIED,0.387,RESTRICTED
ACC_008901,CUST_008901,SAVINGS,20647.24,ACTIVE,PENDING,0.289,RESTRICTED
ACC_008902,CUST_008902,SAVINGS,26410.48,ACTIVE,VERIFIED,0.126,RESTRICTED
ACC_008903,CUST_008903,SAVINGS,11914.46,ACTIVE,VERIFIED,0.353,RESTRICTED
ACC_008904,CUST_008904,SAVINGS,41515.25,ACTIVE,VERIFIED,0.119,RESTRICTED
ACC_008905,CUST_008905,SAVINGS,32107.75,ACTIVE,VERIFIED,0.201,RESTRICTED
ACC_008906,CUST_008906,SAVINGS,44897.27,ACTIVE,VERIFIED,0.157,RESTRICTED
ACC_008907,CUST_008907,SAVINGS,38062.0,FROZEN,FLAGGED,0.249,RESTRICTED
ACC_008908,CUST_008908,SAVINGS,36259.42,FROZEN,FLAGGED,0.331,RESTRICTED
ACC_008909,CUST_008909,SAVINGS,18338.31,ACTIVE,VERIFIED,0.222,RESTRICTED
ACC_008910,CUST_008910,SAVINGS,1870.01,ACTIVE,VERIFIED,0.296,RESTRICTED
ACC_008911,CUST_008911,SAVINGS,28461.95,ACTIVE,VERIFIED,0.326,RESTRICTED
ACC_008912,CUST_008912,SAVINGS,9407.84,ACTIVE,VERIFIED,0.415,RESTRICTED
ACC_008913,CUST_008913,SAVINGS,12728.79,ACTIVE,VERIFIED,0.579,RESTRICTED
ACC_008914,CUST_008914,SAVINGS,45719.25,ACTIVE,VERIFIED,0.077,RESTRICTED
ACC_008915,CUST_008915,SAVINGS,35033.07,FROZEN,FLAGGED,0.532,RESTRICTED
ACC_008916,CUST_008916,SAVINGS,45151.74,ACTIVE,VERIFIED,0.208,RESTRICTED
ACC_008917,CUST_008917,SAVINGS,6111.05,ACTIVE,VERIFIED,0.221,RESTRICTED
ACC_008918,CUST_008918,SAVINGS,27244.7,ACTIVE,VERIFIED,0.264,RESTRICTED
ACC_008919,CUST_008919,SAVINGS,32760.73,ACTIVE,VERIFIED,0.376,RESTRICTED
ACC_008920,CUST_008920,SAVINGS,1919.04,ACTIVE,PENDING,0.239,RESTRICTED
ACC_008921,CUST_008921,SAVINGS,4173.14,ACTIVE,VERIFIED,0.49,RESTRICTED
ACC_008922,CUST_008922,SAVINGS,48531.9,ACTIVE,VERIFIED,0.123,RESTRICTED
ACC_008923,CUST_008923,SAVINGS,10973.9,ACTIVE,VERIFIED,0.105,RESTRICTED
ACC_008924,CUST_008924,SAVINGS,49568.44,ACTIVE,VERIFIED,0.487,RESTRICTED
ACC_008925,CUST_008925,SAVINGS,39684.62,ACTIVE,VERIFIED,0.415,RESTRICTED
ACC_008926,CUST_008926,SAVINGS,8409.8,ACTIVE,VERIFIED,0.264,RESTRICTED
ACC_008927,CUST_008927,SAVINGS,41219.04,ACTIVE,PENDING,0.084,RESTRICTED
ACC_008928,CUST_008928,SAVINGS,27271.81,ACTIVE,VERIFIED,0.378,RESTRICTED
ACC_008929,CUST_008929,SAVINGS,25578.46,ACTIVE,VERIFIED,0.371,RESTRICTED
ACC_008930,CUST_008930,SAVINGS,30507.11,ACTIVE,VERIFIED,0.294,RESTRICTED
ACC_008931,CUST_008931,SAVINGS,7347.72,ACTIVE,VERIFIED,0.041,RESTRICTED
ACC_008932,CUST_008932,SAVINGS,20439.15,ACTIVE,VERIFIED,0.17,RESTRICTED
ACC_008933,CUST_008933,SAVINGS,14947.96,ACTIVE,VERIFIED,0.297,RESTRICTED
ACC_008934,CUST_008934,SAVINGS,7183.36,ACTIVE,VERIFIED,0.158,RESTRICTED
ACC_008935,CUST_008935,SAVINGS,26652.53,ACTIVE,VERIFIED,0.334,RESTRICTED
ACC_008936,CUST_008936,SAVINGS,22040.98,ACTIVE,VERIFIED,0.038,RESTRICTED
ACC_008937,CUST_008937,SAVINGS,14733.4,ACTIVE,VERIFIED,0.412,RESTRICTED
ACC_008938,CUST_008938,SAVINGS,33299.68,ACTIVE,PENDING,0.294,RESTRICTED
ACC_008939,CUST_008939,SAVINGS,26769.57,ACTIVE,VERIFIED,0.541,RESTRICTED
ACC_008940,CUST_008940,SAVINGS,10345.28,ACTIVE,PENDING,0.278,RESTRICTED
ACC_008941,CUST_008941,SAVINGS,31968.19,ACTIVE,VERIFIED,0.319,RESTRICTED
ACC_008942,CUST_008942,SAVINGS,25980.07,ACTIVE,VERIFIED,0.525,RESTRICTED
ACC_008943,CUST_008943,SAVINGS,35951.09,ACTIVE,VERIFIED,0.375,RESTRICTED
ACC_008944,CUST_008944,SAVINGS,24050.1,ACTIVE,PENDING,0.17,RESTRICTED
ACC_008945,CUST_008945,SAVINGS,5754.2,ACTIVE,PENDING,0.41,RESTRICTED
ACC_008946,CUST_008946,SAVINGS,19452.7,ACTIVE,VERIFIED,0.493,RESTRICTED
ACC_008947,CUST_008947,SAVINGS,7050.43,ACTIVE,VERIFIED,0.302,RESTRICTED
ACC_008948,CUST_008948,SAVINGS,38331.01,FROZEN,FLAGGED,0.087,RESTRICTED
ACC_008949,CUST_008949,SAVINGS,3225.75,ACTIVE,PENDING,0.047,RESTRICTED
ACC_008950,CUST_008950,SAVINGS,44641.87,ACTIVE,VERIFIED,0.289,RESTRICTED
ACC_008951,CUST_008951,SAVINGS,26646.11,ACTIVE,VERIFIED,0.022,RESTRICTED
ACC_008952,CUST_008952,SAVINGS,38651.54,ACTIVE,VERIFIED,0.409,RESTRICTED
ACC_008953,CUST_008953,SAVINGS,46539.79,ACTIVE,VERIFIED,0.057,RESTRICTED
ACC_008954,CUST_008954,SAVINGS,16320.43,ACTIVE,VERIFIED,0.195,RESTRICTED
ACC_008955,CUST_008955,SAVINGS,24056.39,ACTIVE,VERIFIED,0.293,RESTRICTED
ACC_008956,CUST_008956,SAVINGS,36448.27,ACTIVE,VERIFIED,0.295,RESTRICTED
ACC_008957,CUST_008957,SAVINGS,8316.01,ACTIVE,VERIFIED,0.142,RESTRICTED
ACC_008958,CUST_008958,SAVINGS,17227.93,ACTIVE,VERIFIED,0.038,RESTRICTED
ACC_008959,CUST_008959,SAVINGS,14656.16,FROZEN,FLAGGED,0.302,RESTRICTED
ACC_008960,CUST_008960,SAVINGS,29202.53,ACTIVE,VERIFIED,0.305,RESTRICTED
ACC_008961,CUST_008961,SAVINGS,12080.36,FROZEN,FLAGGED,0.452,RESTRICTED
ACC_008962,CUST_008962,SAVINGS,27214.36,ACTIVE,VERIFIED,0.162,RESTRICTED
ACC_008963,CUST_008963,SAVINGS,42537.33,ACTIVE,PENDING,0.353,RESTRICTED
ACC_008964,CUST_008964,SAVINGS,7526.72,ACTIVE,VERIFIED,0.149,RESTRICTED
ACC_008965,CUST_008965,SAVINGS,42993.13,ACTIVE,PENDING,0.056,RESTRICTED
ACC_008966,CUST_008966,SAVINGS,20830.19,ACTIVE,VERIFIED,0.092,RESTRICTED
ACC_008967,CUST_008967,SAVINGS,4976.22,ACTIVE,VERIFIED,0.395,RESTRICTED
ACC_008968,CUST_008968,SAVINGS,5007.81,ACTIVE,VERIFIED,0.262,RESTRICTED
ACC_008969,CUST_008969,SAVINGS,10891.08,ACTIVE,VERIFIED,0.051,RESTRICTED
ACC_008970,CUST_008970,SAVINGS,41759.54,ACTIVE,VERIFIED,0.311,RESTRICTED
ACC_008971,CUST_008971,SAVINGS,45609.28,ACTIVE,VERIFIED,0.24,RESTRICTED
ACC_008972,CUST_008972,SAVINGS,43905.28,ACTIVE,VERIFIED,0.148,RESTRICTED
ACC_008973,CUST_008973,SAVINGS,31129.71,ACTIVE,VERIFIED,0.421,RESTRICTED
ACC_008974,CUST_008974,SAVINGS,19486.63,ACTIVE,VERIFIED,0.314,RESTRICTED
ACC_008975,CUST_008975,SAVINGS,7451.66,ACTIVE,VERIFIED,0.481,RESTRICTED
ACC_008976,CUST_008976,SAVINGS,23730.69,FROZEN,FLAGGED,0.093,RESTRICTED
ACC_008977,CUST_008977,SAVINGS,1701.59,ACTIVE,VERIFIED,0.217,RESTRICTED
ACC_008978,CUST_008978,SAVINGS,14149.16,ACTIVE,VERIFIED,0.366,RESTRICTED
ACC_008979,CUST_008979,SAVINGS,44957.07,FROZEN,FLAGGED,0.298,RESTRICTED
ACC_008980,CUST_008980,SAVINGS,43963.75,ACTIVE,VERIFIED,0.402,RESTRICTED
ACC_008981,CUST_008981,SAVINGS,48498.47,ACTIVE,VERIFIED,0.048,RESTRICTED
ACC_008982,CUST_008982,SAVINGS,8606.35,ACTIVE,VERIFIED,0.187,RESTRICTED
ACC_008983,CUST_008983,SAVINGS,13951.41,ACTIVE,VERIFIED,0.166,RESTRICTED
ACC_008984,CUST_008984,SAVINGS,40288.12,ACTIVE,VERIFIED,0.231,RESTRICTED
ACC_008985,CUST_008985,SAVINGS,38598.46,ACTIVE,VERIFIED,0.131,RESTRICTED
ACC_008986,CUST_008986,SAVINGS,39413.99,FROZEN,FLAGGED,0.279,RESTRICTED
ACC_008987,CUST_008987,SAVINGS,4469.79,ACTIVE,VERIFIED,0.187,RESTRICTED
ACC_008988,CUST_008988,SAVINGS,30119.25,ACTIVE,VERIFIED,0.244,RESTRICTED
ACC_008989,CUST_008989,SAVINGS,43702.71,ACTIVE,VERIFIED,0.524,RESTRICTED
ACC_008990,CUST_008990,SAVINGS,10951.27,ACTIVE,VERIFIED,0.105,RESTRICTED
ACC_008991,CUST_008991,SAVINGS,39212.15,ACTIVE,VERIFIED,0.393,RESTRICTED
ACC_008992,CUST_008992,SAVINGS,44361.65,ACTIVE,VERIFIED,0.39,RESTRICTED
ACC_008993,CUST_008993,SAVINGS,40376.45,ACTIVE,VERIFIED,0.316,RESTRICTED
ACC_008994,CUST_008994,SAVINGS,21215.62,FROZEN,FLAGGED,0.1,RESTRICTED
ACC_008995,CUST_008995,SAVINGS,12919.73,ACTIVE,VERIFIED,0.263,RESTRICTED
ACC_008996,CUST_008996,SAVINGS,40594.81,ACTIVE,VERIFIED,0.184,RESTRICTED
ACC_008997,CUST_008997,SAVINGS,3149.45,ACTIVE,VERIFIED,0.246,RESTRICTED
ACC_008998,CUST_008998,SAVINGS,8416.48,ACTIVE,PENDING,0.089,RESTRICTED
ACC_008999,CUST_008999,SAVINGS,6792.61,ACTIVE,VERIFIED,0.225,RESTRICTED
ACC_009000,CUST_009000,SAVINGS,8753.32,FROZEN,FLAGGED,0.319,RESTRICTED
ACC_009001,CUST_009001,SAVINGS,27066.7,ACTIVE,VERIFIED,0.576,RESTRICTED
ACC_009002,CUST_009002,SAVINGS,4070.91,ACTIVE,VERIFIED,0.384,RESTRICTED
ACC_009003,CUST_009003,SAVINGS,49952.46,ACTIVE,VERIFIED,0.419,RESTRICTED
ACC_009004,CUST_009004,SAVINGS,20189.57,ACTIVE,PENDING,0.076,RESTRICTED
ACC_009005,CUST_009005,SAVINGS,10171.01,FROZEN,FLAGGED,0.05,RESTRICTED
ACC_009006,CUST_009006,SAVINGS,21856.19,ACTIVE,VERIFIED,0.166,RESTRICTED
ACC_009007,CUST_009007,SAVINGS,10934.47,ACTIVE,VERIFIED,0.103,RESTRICTED
ACC_009008,CUST_009008,SAVINGS,12144.5,ACTIVE,VERIFIED,0.213,RESTRICTED
ACC_009009,CUST_009009,SAVINGS,18207.31,ACTIVE,PENDING,0.447,RESTRICTED
ACC_009010,CUST_009010,SAVINGS,36274.87,ACTIVE,VERIFIED,0.255,RESTRICTED
ACC_009011,CUST_009011,SAVINGS,11430.52,FROZEN,FLAGGED,0.176,RESTRICTED
ACC_009012,CUST_009012,SAVINGS,26500.57,ACTIVE,VERIFIED,0.255,RESTRICTED
ACC_009013,CUST_009013,SAVINGS,14510.1,ACTIVE,VERIFIED,0.281,RESTRICTED
ACC_009014,CUST_009014,SAVINGS,23619.51,ACTIVE,VERIFIED,0.431,RESTRICTED
ACC_009015,CUST_009015,SAVINGS,12498.33,ACTIVE,PENDING,0.156,RESTRICTED
ACC_009016,CUST_009016,SAVINGS,33098.64,ACTIVE,VERIFIED,0.226,RESTRICTED
ACC_009017,CUST_009017,SAVINGS,8938.31,ACTIVE,VERIFIED,0.149,RESTRICTED
ACC_009018,CUST_009018,SAVINGS,11162.04,ACTIVE,VERIFIED,0.386,RESTRICTED
ACC_009019,CUST_009019,SAVINGS,9723.06,ACTIVE,VERIFIED,0.121,RESTRICTED
ACC_009020,CUST_009020,SAVINGS,18163.05,ACTIVE,VERIFIED,0.337,RESTRICTED
ACC_009021,CUST_009021,SAVINGS,33159.82,ACTIVE,VERIFIED,0.105,RESTRICTED
ACC_009022,CUST_009022,SAVINGS,8335.34,ACTIVE,VERIFIED,0.328,RESTRICTED
ACC_009023,CUST_009023,SAVINGS,30241.19,ACTIVE,VERIFIED,0.403,RESTRICTED
ACC_009024,CUST_009024,SAVINGS,21794.28,ACTIVE,VERIFIED,0.565,RESTRICTED
ACC_009025,CUST_009025,SAVINGS,1007.41,ACTIVE,VERIFIED,0.222,RESTRICTED
ACC_009026,CUST_009026,SAVINGS,13647.8,ACTIVE,VERIFIED,0.585,RESTRICTED
ACC_009027,CUST_009027,SAVINGS,36785.25,FROZEN,FLAGGED,0.448,RESTRICTED
ACC_009028,CUST_009028,SAVINGS,46407.44,ACTIVE,VERIFIED,0.259,RESTRICTED
ACC_009029,CUST_009029,SAVINGS,8624.86,ACTIVE,VERIFIED,0.192,RESTRICTED
ACC_009030,CUST_009030,SAVINGS,34390.56,ACTIVE,VERIFIED,0.122,RESTRICTED
ACC_009031,CUST_009031,SAVINGS,42050.46,ACTIVE,VERIFIED,0.188,RESTRICTED
ACC_009032,CUST_009032,SAVINGS,23565.4,ACTIVE,VERIFIED,0.077,RESTRICTED
ACC_009033,CUST_009033,SAVINGS,28248.61,ACTIVE,VERIFIED,0.082,RESTRICTED
ACC_009034,CUST_009034,SAVINGS,15114.13,ACTIVE,VERIFIED,0.171,RESTRICTED
ACC_009035,CUST_009035,SAVINGS,41270.73,ACTIVE,VERIFIED,0.288,RESTRICTED
ACC_009036,CUST_009036,SAVINGS,29921.1,ACTIVE,VERIFIED,0.374,RESTRICTED
ACC_009037,CUST_009037,SAVINGS,35155.32,ACTIVE,VERIFIED,0.46,RESTRICTED
ACC_009038,CUST_009038,SAVINGS,40061.12,ACTIVE,VERIFIED,0.499,RESTRICTED
ACC_009039,CUST_009039,SAVINGS,17286.46,ACTIVE,VERIFIED,0.29,RESTRICTED
ACC_009040,CUST_009040,SAVINGS,38452.39,ACTIVE,VERIFIED,0.061,RESTRICTED
ACC_009041,CUST_009041,SAVINGS,40173.76,ACTIVE,VERIFIED,0.393,RESTRICTED
ACC_009042,CUST_009042,SAVINGS,42282.46,ACTIVE,VERIFIED,0.148,RESTRICTED
ACC_009043,CUST_009043,SAVINGS,25822.74,ACTIVE,VERIFIED,0.212,RESTRICTED
ACC_009044,CUST_009044,SAVINGS,44774.92,ACTIVE,VERIFIED,0.463,RESTRICTED
ACC_009045,CUST_009045,SAVINGS,25740.58,ACTIVE,VERIFIED,0.405,RESTRICTED
ACC_009046,CUST_009046,SAVINGS,27544.49,ACTIVE,VERIFIED,0.346,RESTRICTED
ACC_009047,CUST_009047,SAVINGS,35364.54,ACTIVE,VERIFIED,0.158,RESTRICTED
ACC_009048,CUST_009048,SAVINGS,48648.58,ACTIVE,VERIFIED,0.136,RESTRICTED
ACC_009049,CUST_009049,SAVINGS,48409.86,ACTIVE,VERIFIED,0.13,RESTRICTED
ACC_009050,CUST_009050,SAVINGS,16992.46,ACTIVE,VERIFIED,0.372,RESTRICTED
ACC_009051,CUST_009051,SAVINGS,43945.13,ACTIVE,VERIFIED,0.311,RESTRICTED
ACC_009052,CUST_009052,SAVINGS,38432.73,ACTIVE,VERIFIED,0.095,RESTRICTED
ACC_009053,CUST_009053,SAVINGS,8924.71,ACTIVE,VERIFIED,0.515,RESTRICTED
ACC_009054,CUST_009054,SAVINGS,49723.7,ACTIVE,PENDING,0.13,RESTRICTED
ACC_009055,CUST_009055,SAVINGS,20395.76,ACTIVE,VERIFIED,0.064,RESTRICTED
ACC_009056,CUST_009056,SAVINGS,46137.97,ACTIVE,VERIFIED,0.429,RESTRICTED
ACC_009057,CUST_009057,SAVINGS,13084.4,ACTIVE,VERIFIED,0.414,RESTRICTED
ACC_009058,CUST_009058,SAVINGS,3944.31,ACTIVE,VERIFIED,0.232,RESTRICTED
ACC_009059,CUST_009059,SAVINGS,32742.8,ACTIVE,VERIFIED,0.38,RESTRICTED
ACC_009060,CUST_009060,SAVINGS,41029.56,ACTIVE,VERIFIED,0.075,RESTRICTED
ACC_009061,CUST_009061,SAVINGS,31246.83,ACTIVE,VERIFIED,0.187,RESTRICTED
ACC_009062,CUST_009062,SAVINGS,6669.66,ACTIVE,VERIFIED,0.075,RESTRICTED
ACC_009063,CUST_009063,SAVINGS,14475.42,ACTIVE,VERIFIED,0.369,RESTRICTED
ACC_009064,CUST_009064,SAVINGS,28420.15,ACTIVE,VERIFIED,0.304,RESTRICTED
ACC_009065,CUST_009065,SAVINGS,16979.29,ACTIVE,VERIFIED,0.405,RESTRICTED
ACC_009066,CUST_009066,SAVINGS,16422.5,ACTIVE,VERIFIED,0.118,RESTRICTED
ACC_009067,CUST_009067,SAVINGS,24827.41,ACTIVE,VERIFIED,0.304,RESTRICTED
ACC_009068,CUST_009068,SAVINGS,49712.75,ACTIVE,VERIFIED,0.218,RESTRICTED
ACC_009069,CUST_009069,SAVINGS,24503.64,ACTIVE,VERIFIED,0.666,RESTRICTED
ACC_009070,CUST_009070,SAVINGS,36202.82,ACTIVE,VERIFIED,0.362,RESTRICTED
ACC_009071,CUST_009071,SAVINGS,8330.42,ACTIVE,VERIFIED,0.177,RESTRICTED
ACC_009072,CUST_009072,SAVINGS,6871.47,ACTIVE,PENDING,0.118,RESTRICTED
ACC_009073,CUST_009073,SAVINGS,42386.65,ACTIVE,VERIFIED,0.229,RESTRICTED
ACC_009074,CUST_009074,SAVINGS,8279.54,ACTIVE,VERIFIED,0.443,RESTRICTED
ACC_009075,CUST_009075,SAVINGS,28538.75,ACTIVE,VERIFIED,0.266,RESTRICTED
ACC_009076,CUST_009076,SAVINGS,11411.42,ACTIVE,PENDING,0.103,RESTRICTED
ACC_009077,CUST_009077,SAVINGS,39327.94,ACTIVE,VERIFIED,0.435,RESTRICTED
ACC_009078,CUST_009078,SAVINGS,27123.73,ACTIVE,VERIFIED,0.43,RESTRICTED
ACC_009079,CUST_009079,SAVINGS,2647.5,ACTIVE,VERIFIED,0.292,RESTRICTED
ACC_009080,CUST_009080,SAVINGS,35746.7,ACTIVE,VERIFIED,0.424,RESTRICTED
ACC_009081,CUST_009081,SAVINGS,12303.4,ACTIVE,VERIFIED,0.39,RESTRICTED
ACC_009082,CUST_009082,SAVINGS,19051.59,ACTIVE,VERIFIED,0.483,RESTRICTED
ACC_009083,CUST_009083,SAVINGS,28168.21,ACTIVE,VERIFIED,0.31,RESTRICTED
ACC_009084,CUST_009084,SAVINGS,22907.48,ACTIVE,VERIFIED,0.243,RESTRICTED
ACC_009085,CUST_009085,SAVINGS,13928.83,ACTIVE,VERIFIED,0.133,RESTRICTED
ACC_009086,CUST_009086,SAVINGS,43265.41,ACTIVE,VERIFIED,0.164,RESTRICTED
ACC_009087,CUST_009087,SAVINGS,7031.01,ACTIVE,VERIFIED,0.324,RESTRICTED
ACC_009088,CUST_009088,SAVINGS,9234.79,ACTIVE,VERIFIED,0.422,RESTRICTED
ACC_009089,CUST_009089,SAVINGS,36950.05,ACTIVE,VERIFIED,0.394,RESTRICTED
ACC_009090,CUST_009090,SAVINGS,41660.18,ACTIVE,VERIFIED,0.589,RESTRICTED
ACC_009091,CUST_009091,SAVINGS,45166.17,ACTIVE,PENDING,0.068,RESTRICTED
ACC_009092,CUST_009092,SAVINGS,37789.07,FROZEN,FLAGGED,0.725,RESTRICTED
ACC_009093,CUST_009093,SAVINGS,13814.33,ACTIVE,VERIFIED,0.35,RESTRICTED
ACC_009094,CUST_009094,SAVINGS,20495.31,ACTIVE,VERIFIED,0.344,RESTRICTED
ACC_009095,CUST_009095,SAVINGS,3846.44,ACTIVE,VERIFIED,0.272,RESTRICTED
ACC_009096,CUST_009096,SAVINGS,34953.76,ACTIVE,VERIFIED,0.214,RESTRICTED
ACC_009097,CUST_009097,SAVINGS,28115.86,ACTIVE,VERIFIED,0.298,RESTRICTED
ACC_009098,CUST_009098,SAVINGS,13263.49,ACTIVE,VERIFIED,0.173,RESTRICTED
ACC_009099,CUST_009099,SAVINGS,13122.17,ACTIVE,VERIFIED,0.228,RESTRICTED
ACC_009100,CUST_009100,SAVINGS,8438.25,ACTIVE,VERIFIED,0.303,RESTRICTED
ACC_009101,CUST_009101,SAVINGS,14140.67,ACTIVE,VERIFIED,0.058,RESTRICTED
ACC_009102,CUST_009102,SAVINGS,44580.64,ACTIVE,VERIFIED,0.395,RESTRICTED
ACC_009103,CUST_009103,SAVINGS,40131.53,ACTIVE,VERIFIED,0.346,RESTRICTED
ACC_009104,CUST_009104,SAVINGS,12073.48,ACTIVE,VERIFIED,0.113,RESTRICTED
ACC_009105,CUST_009105,SAVINGS,22895.87,ACTIVE,VERIFIED,0.444,RESTRICTED
ACC_009106,CUST_009106,SAVINGS,42938.97,ACTIVE,VERIFIED,0.483,RESTRICTED
ACC_009107,CUST_009107,SAVINGS,40566.54,ACTIVE,PENDING,0.081,RESTRICTED
ACC_009108,CUST_009108,SAVINGS,39479.05,ACTIVE,VERIFIED,0.079,RESTRICTED
ACC_009109,CUST_009109,SAVINGS,26853.72,ACTIVE,VERIFIED,0.434,RESTRICTED
ACC_009110,CUST_009110,SAVINGS,23263.79,ACTIVE,VERIFIED,0.46,RESTRICTED
ACC_009111,CUST_009111,SAVINGS,37529.69,ACTIVE,VERIFIED,0.267,RESTRICTED
ACC_009112,CUST_009112,SAVINGS,19243.66,ACTIVE,VERIFIED,0.285,RESTRICTED
ACC_009113,CUST_009113,SAVINGS,38354.45,ACTIVE,VERIFIED,0.608,RESTRICTED
ACC_009114,CUST_009114,SAVINGS,6455.96,ACTIVE,VERIFIED,0.601,RESTRICTED
ACC_009115,CUST_009115,SAVINGS,30783.5,ACTIVE,VERIFIED,0.403,RESTRICTED
ACC_009116,CUST_009116,SAVINGS,1081.53,ACTIVE,VERIFIED,0.567,RESTRICTED
ACC_009117,CUST_009117,SAVINGS,18275.77,ACTIVE,VERIFIED,0.286,RESTRICTED
ACC_009118,CUST_009118,SAVINGS,43292.21,ACTIVE,VERIFIED,0.362,RESTRICTED
ACC_009119,CUST_009119,SAVINGS,39085.14,ACTIVE,VERIFIED,0.389,RESTRICTED
ACC_009120,CUST_009120,SAVINGS,43215.8,ACTIVE,VERIFIED,0.319,RESTRICTED
ACC_009121,CUST_009121,SAVINGS,15956.32,FROZEN,FLAGGED,0.026,RESTRICTED
ACC_009122,CUST_009122,SAVINGS,12176.83,ACTIVE,VERIFIED,0.258,RESTRICTED
ACC_009123,CUST_009123,SAVINGS,15616.64,ACTIVE,VERIFIED,0.144,RESTRICTED
ACC_009124,CUST_009124,SAVINGS,18513.5,ACTIVE,VERIFIED,0.137,RESTRICTED
ACC_009125,CUST_009125,SAVINGS,12150.89,ACTIVE,VERIFIED,0.217,RESTRICTED
ACC_009126,CUST_009126,SAVINGS,43529.89,ACTIVE,VERIFIED,0.518,RESTRICTED
ACC_009127,CUST_009127,SAVINGS,35123.23,ACTIVE,VERIFIED,0.123,RESTRICTED
ACC_009128,CUST_009128,SAVINGS,42660.13,ACTIVE,VERIFIED,0.542,RESTRICTED
ACC_009129,CUST_009129,SAVINGS,49274.69,ACTIVE,VERIFIED,0.313,RESTRICTED
ACC_009130,CUST_009130,SAVINGS,22365.67,ACTIVE,PENDING,0.385,RESTRICTED
ACC_009131,CUST_009131,SAVINGS,35645.06,ACTIVE,VERIFIED,0.139,RESTRICTED
ACC_009132,CUST_009132,SAVINGS,40981.86,ACTIVE,PENDING,0.116,RESTRICTED
ACC_009133,CUST_009133,SAVINGS,38951.91,FROZEN,FLAGGED,0.123,RESTRICTED
ACC_009134,CUST_009134,SAVINGS,8203.15,ACTIVE,VERIFIED,0.621,RESTRICTED
ACC_009135,CUST_009135,SAVINGS,39909.54,ACTIVE,VERIFIED,0.177,RESTRICTED
ACC_009136,CUST_009136,SAVINGS,10132.43,ACTIVE,VERIFIED,0.28,RESTRICTED
ACC_009137,CUST_009137,SAVINGS,42795.4,ACTIVE,VERIFIED,0.147,RESTRICTED
ACC_009138,CUST_009138,SAVINGS,38332.02,ACTIVE,VERIFIED,0.303,RESTRICTED
ACC_009139,CUST_009139,SAVINGS,9357.43,ACTIVE,VERIFIED,0.091,RESTRICTED
ACC_009140,CUST_009140,SAVINGS,39501.97,ACTIVE,VERIFIED,0.034,RESTRICTED
ACC_009141,CUST_009141,SAVINGS,27360.29,ACTIVE,VERIFIED,0.201,RESTRICTED
ACC_009142,CUST_009142,SAVINGS,29004.35,ACTIVE,VERIFIED,0.067,RESTRICTED
ACC_009143,CUST_009143,SAVINGS,20031.64,ACTIVE,VERIFIED,0.133,RESTRICTED
ACC_009144,CUST_009144,SAVINGS,8230.14,ACTIVE,VERIFIED,0.407,RESTRICTED
ACC_009145,CUST_009145,SAVINGS,40788.81,ACTIVE,VERIFIED,0.374,RESTRICTED
ACC_009146,CUST_009146,SAVINGS,20242.56,ACTIVE,PENDING,0.16,RESTRICTED
ACC_009147,CUST_009147,SAVINGS,3183.71,ACTIVE,VERIFIED,0.113,RESTRICTED
ACC_009148,CUST_009148,SAVINGS,5424.7,ACTIVE,VERIFIED,0.378,RESTRICTED
ACC_009149,CUST_009149,SAVINGS,28548.2,FROZEN,FLAGGED,0.07,RESTRICTED
ACC_009150,CUST_009150,SAVINGS,22631.94,ACTIVE,VERIFIED,0.468,RESTRICTED
ACC_009151,CUST_009151,SAVINGS,39969.98,ACTIVE,VERIFIED,0.138,RESTRICTED
ACC_009152,CUST_009152,SAVINGS,41015.15,ACTIVE,VERIFIED,0.321,RESTRICTED
ACC_009153,CUST_009153,SAVINGS,3420.01,ACTIVE,VERIFIED,0.275,RESTRICTED
ACC_009154,CUST_009154,SAVINGS,15962.01,ACTIVE,VERIFIED,0.11,RESTRICTED
ACC_009155,CUST_009155,SAVINGS,45561.73,ACTIVE,VERIFIED,0.112,RESTRICTED
ACC_009156,CUST_009156,SAVINGS,25606.81,ACTIVE,VERIFIED,0.114,RESTRICTED
ACC_009157,CUST_009157,SAVINGS,26052.99,ACTIVE,VERIFIED,0.046,RESTRICTED
ACC_009158,CUST_009158,SAVINGS,10760.05,ACTIVE,VERIFIED,0.64,RESTRICTED
ACC_009159,CUST_009159,SAVINGS,4929.26,ACTIVE,VERIFIED,0.33,RESTRICTED
ACC_009160,CUST_009160,SAVINGS,30321.14,ACTIVE,PENDING,0.225,RESTRICTED
ACC_009161,CUST_009161,SAVINGS,42270.72,ACTIVE,VERIFIED,0.074,RESTRICTED
ACC_009162,CUST_009162,SAVINGS,22904.0,ACTIVE,VERIFIED,0.453,RESTRICTED
ACC_009163,CUST_009163,SAVINGS,21136.31,ACTIVE,VERIFIED,0.318,RESTRICTED
ACC_009164,CUST_009164,SAVINGS,46163.8,ACTIVE,VERIFIED,0.395,RESTRICTED
ACC_009165,CUST_009165,SAVINGS,12583.15,ACTIVE,VERIFIED,0.079,RESTRICTED
ACC_009166,CUST_009166,SAVINGS,30684.5,ACTIVE,VERIFIED,0.33,RESTRICTED
ACC_009167,CUST_009167,SAVINGS,24038.36,ACTIVE,VERIFIED,0.365,RESTRICTED
ACC_009168,CUST_009168,SAVINGS,16854.62,ACTIVE,PENDING,0.306,RESTRICTED
ACC_009169,CUST_009169,SAVINGS,7497.76,ACTIVE,VERIFIED,0.104,RESTRICTED
ACC_009170,CUST_009170,SAVINGS,44045.01,ACTIVE,VERIFIED,0.374,RESTRICTED
ACC_009171,CUST_009171,SAVINGS,15025.33,ACTIVE,PENDING,0.154,RESTRICTED
ACC_009172,CUST_009172,SAVINGS,27076.05,ACTIVE,VERIFIED,0.179,RESTRICTED
ACC_009173,CUST_009173,SAVINGS,45132.37,ACTIVE,VERIFIED,0.189,RESTRICTED
ACC_009174,CUST_009174,SAVINGS,24804.21,ACTIVE,VERIFIED,0.113,RESTRICTED
ACC_009175,CUST_009175,SAVINGS,23940.12,ACTIVE,VERIFIED,0.195,RESTRICTED
ACC_009176,CUST_009176,SAVINGS,36945.68,FROZEN,FLAGGED,0.095,RESTRICTED
ACC_009177,CUST_009177,SAVINGS,28806.86,ACTIVE,VERIFIED,0.278,RESTRICTED
ACC_009178,CUST_009178,SAVINGS,28522.08,ACTIVE,VERIFIED,0.155,RESTRICTED
ACC_009179,CUST_009179,SAVINGS,17724.1,ACTIVE,VERIFIED,0.156,RESTRICTED
ACC_009180,CUST_009180,SAVINGS,37671.1,ACTIVE,VERIFIED,0.261,RESTRICTED
ACC_009181,CUST_009181,SAVINGS,18253.41,ACTIVE,VERIFIED,0.134,RESTRICTED
ACC_009182,CUST_009182,SAVINGS,20530.58,ACTIVE,VERIFIED,0.166,RESTRICTED
ACC_009183,CUST_009183,SAVINGS,23743.9,ACTIVE,VERIFIED,0.391,RESTRICTED
ACC_009184,CUST_009184,SAVINGS,26156.87,FROZEN,FLAGGED,0.17,RESTRICTED
ACC_009185,CUST_009185,SAVINGS,4312.62,ACTIVE,VERIFIED,0.051,RESTRICTED
ACC_009186,CUST_009186,SAVINGS,15372.8,ACTIVE,VERIFIED,0.133,RESTRICTED
ACC_009187,CUST_009187,SAVINGS,22310.91,ACTIVE,VERIFIED,0.46,RESTRICTED
ACC_009188,CUST_009188,SAVINGS,46192.4,ACTIVE,VERIFIED,0.257,RESTRICTED
ACC_009189,CUST_009189,SAVINGS,42063.87,ACTIVE,VERIFIED,0.209,RESTRICTED
ACC_009190,CUST_009190,SAVINGS,29610.46,ACTIVE,VERIFIED,0.389,RESTRICTED
ACC_009191,CUST_009191,SAVINGS,45843.16,ACTIVE,VERIFIED,0.479,RESTRICTED
ACC_009192,CUST_009192,SAVINGS,32497.12,ACTIVE,VERIFIED,0.36,RESTRICTED
ACC_009193,CUST_009193,SAVINGS,40310.01,ACTIVE,VERIFIED,0.51,RESTRICTED
ACC_009194,CUST_009194,SAVINGS,30147.63,ACTIVE,VERIFIED,0.288,RESTRICTED
ACC_009195,CUST_009195,SAVINGS,13853.69,ACTIVE,VERIFIED,0.178,RESTRICTED
ACC_009196,CUST_009196,SAVINGS,32734.16,ACTIVE,VERIFIED,0.265,RESTRICTED
ACC_009197,CUST_009197,SAVINGS,30175.99,ACTIVE,VERIFIED,0.274,RESTRICTED
ACC_009198,CUST_009198,SAVINGS,47774.02,ACTIVE,VERIFIED,0.339,RESTRICTED
ACC_009199,CUST_009199,SAVINGS,46488.04,FROZEN,FLAGGED,0.359,RESTRICTED
ACC_009200,CUST_009200,SAVINGS,41675.37,ACTIVE,VERIFIED,0.152,RESTRICTED
ACC_009201,CUST_009201,SAVINGS,6969.66,ACTIVE,VERIFIED,0.599,RESTRICTED
ACC_009202,CUST_009202,SAVINGS,3075.18,ACTIVE,VERIFIED,0.169,RESTRICTED
ACC_009203,CUST_009203,SAVINGS,5068.9,ACTIVE,VERIFIED,0.15,RESTRICTED
ACC_009204,CUST_009204,SAVINGS,17849.24,ACTIVE,VERIFIED,0.543,RESTRICTED
ACC_009205,CUST_009205,SAVINGS,12166.41,ACTIVE,VERIFIED,0.25,RESTRICTED
ACC_009206,CUST_009206,SAVINGS,14776.05,ACTIVE,VERIFIED,0.545,RESTRICTED
ACC_009207,CUST_009207,SAVINGS,12372.24,ACTIVE,VERIFIED,0.107,RESTRICTED
ACC_009208,CUST_009208,SAVINGS,20769.83,ACTIVE,VERIFIED,0.094,RESTRICTED
ACC_009209,CUST_009209,SAVINGS,24270.77,ACTIVE,VERIFIED,0.199,RESTRICTED
ACC_009210,CUST_009210,SAVINGS,6080.1,ACTIVE,VERIFIED,0.23,RESTRICTED
ACC_009211,CUST_009211,SAVINGS,9577.85,ACTIVE,VERIFIED,0.25,RESTRICTED
ACC_009212,CUST_009212,SAVINGS,36929.76,ACTIVE,VERIFIED,0.434,RESTRICTED
ACC_009213,CUST_009213,SAVINGS,26972.46,ACTIVE,VERIFIED,0.235,RESTRICTED
ACC_009214,CUST_009214,SAVINGS,43474.54,ACTIVE,VERIFIED,0.268,RESTRICTED
ACC_009215,CUST_009215,SAVINGS,48470.84,ACTIVE,VERIFIED,0.204,RESTRICTED
ACC_009216,CUST_009216,SAVINGS,3331.87,ACTIVE,VERIFIED,0.483,RESTRICTED
ACC_009217,CUST_009217,SAVINGS,49493.28,FROZEN,FLAGGED,0.527,RESTRICTED
ACC_009218,CUST_009218,SAVINGS,43106.17,ACTIVE,VERIFIED,0.264,RESTRICTED
ACC_009219,CUST_009219,SAVINGS,4586.83,ACTIVE,VERIFIED,0.185,RESTRICTED
ACC_009220,CUST_009220,SAVINGS,40159.75,ACTIVE,VERIFIED,0.144,RESTRICTED
ACC_009221,CUST_009221,SAVINGS,44455.14,ACTIVE,VERIFIED,0.385,RESTRICTED
ACC_009222,CUST_009222,SAVINGS,48247.2,ACTIVE,VERIFIED,0.285,RESTRICTED
ACC_009223,CUST_009223,SAVINGS,41260.8,FROZEN,FLAGGED,0.025,RESTRICTED
ACC_009224,CUST_009224,SAVINGS,26056.79,ACTIVE,VERIFIED,0.586,RESTRICTED
ACC_009225,CUST_009225,SAVINGS,7617.65,ACTIVE,PENDING,0.136,RESTRICTED
ACC_009226,CUST_009226,SAVINGS,6277.11,ACTIVE,VERIFIED,0.309,RESTRICTED
ACC_009227,CUST_009227,SAVINGS,28743.39,ACTIVE,VERIFIED,0.413,RESTRICTED
ACC_009228,CUST_009228,SAVINGS,19396.28,ACTIVE,VERIFIED,0.273,RESTRICTED
ACC_009229,CUST_009229,SAVINGS,37770.8,ACTIVE,VERIFIED,0.249,RESTRICTED
ACC_009230,CUST_009230,SAVINGS,10065.57,ACTIVE,VERIFIED,0.19,RESTRICTED
ACC_009231,CUST_009231,SAVINGS,39955.08,ACTIVE,VERIFIED,0.497,RESTRICTED
ACC_009232,CUST_009232,SAVINGS,9861.99,ACTIVE,VERIFIED,0.409,RESTRICTED
ACC_009233,CUST_009233,SAVINGS,19793.2,ACTIVE,VERIFIED,0.057,RESTRICTED
ACC_009234,CUST_009234,SAVINGS,9111.31,ACTIVE,VERIFIED,0.365,RESTRICTED
ACC_009235,CUST_009235,SAVINGS,18892.44,ACTIVE,VERIFIED,0.099,RESTRICTED
ACC_009236,CUST_009236,SAVINGS,47481.37,ACTIVE,VERIFIED,0.274,RESTRICTED
ACC_009237,CUST_009237,SAVINGS,11167.25,ACTIVE,VERIFIED,0.337,RESTRICTED
ACC_009238,CUST_009238,SAVINGS,1156.92,ACTIVE,VERIFIED,0.502,RESTRICTED
ACC_009239,CUST_009239,SAVINGS,18879.56,ACTIVE,VERIFIED,0.123,RESTRICTED
ACC_009240,CUST_009240,SAVINGS,11769.43,ACTIVE,PENDING,0.088,RESTRICTED
ACC_009241,CUST_009241,SAVINGS,1332.98,ACTIVE,VERIFIED,0.672,RESTRICTED
ACC_009242,CUST_009242,SAVINGS,5198.45,ACTIVE,VERIFIED,0.101,RESTRICTED
ACC_009243,CUST_009243,SAVINGS,40346.86,ACTIVE,VERIFIED,0.292,RESTRICTED
ACC_009244,CUST_009244,SAVINGS,9615.59,ACTIVE,VERIFIED,0.327,RESTRICTED
ACC_009245,CUST_009245,SAVINGS,1537.82,ACTIVE,VERIFIED,0.317,RESTRICTED
ACC_009246,CUST_009246,SAVINGS,25021.28,ACTIVE,VERIFIED,0.217,RESTRICTED
ACC_009247,CUST_009247,SAVINGS,10017.21,ACTIVE,VERIFIED,0.609,RESTRICTED
ACC_009248,CUST_009248,SAVINGS,34165.41,ACTIVE,VERIFIED,0.378,RESTRICTED
ACC_009249,CUST_009249,SAVINGS,15788.42,ACTIVE,VERIFIED,0.114,RESTRICTED
ACC_009250,CUST_009250,SAVINGS,20626.72,ACTIVE,VERIFIED,0.558,RESTRICTED
ACC_009251,CUST_009251,SAVINGS,8612.7,ACTIVE,VERIFIED,0.271,RESTRICTED
ACC_009252,CUST_009252,SAVINGS,12418.71,ACTIVE,VERIFIED,0.366,RESTRICTED
ACC_009253,CUST_009253,SAVINGS,27549.77,ACTIVE,VERIFIED,0.376,RESTRICTED
ACC_009254,CUST_009254,SAVINGS,20040.15,ACTIVE,VERIFIED,0.454,RESTRICTED
ACC_009255,CUST_009255,SAVINGS,6657.82,ACTIVE,VERIFIED,0.269,RESTRICTED
ACC_009256,CUST_009256,SAVINGS,17409.43,ACTIVE,PENDING,0.138,RESTRICTED
ACC_009257,CUST_009257,SAVINGS,47563.2,ACTIVE,VERIFIED,0.645,RESTRICTED
ACC_009258,CUST_009258,SAVINGS,39365.84,ACTIVE,VERIFIED,0.183,RESTRICTED
ACC_009259,CUST_009259,SAVINGS,8876.68,ACTIVE,VERIFIED,0.166,RESTRICTED
ACC_009260,CUST_009260,SAVINGS,3303.92,ACTIVE,VERIFIED,0.168,RESTRICTED
ACC_009261,CUST_009261,SAVINGS,5471.23,ACTIVE,VERIFIED,0.29,RESTRICTED
ACC_009262,CUST_009262,SAVINGS,10214.35,ACTIVE,VERIFIED,0.125,RESTRICTED
ACC_009263,CUST_009263,SAVINGS,30136.0,ACTIVE,VERIFIED,0.165,RESTRICTED
ACC_009264,CUST_009264,SAVINGS,40875.43,ACTIVE,VERIFIED,0.351,RESTRICTED
ACC_009265,CUST_009265,SAVINGS,30398.54,ACTIVE,VERIFIED,0.411,RESTRICTED
ACC_009266,CUST_009266,SAVINGS,23637.56,ACTIVE,VERIFIED,0.399,RESTRICTED
ACC_009267,CUST_009267,SAVINGS,7277.05,ACTIVE,VERIFIED,0.059,RESTRICTED
ACC_009268,CUST_009268,SAVINGS,11601.95,ACTIVE,VERIFIED,0.359,RESTRICTED
ACC_009269,CUST_009269,SAVINGS,48250.38,ACTIVE,VERIFIED,0.104,RESTRICTED
ACC_009270,CUST_009270,SAVINGS,38145.83,ACTIVE,VERIFIED,0.335,RESTRICTED
ACC_009271,CUST_009271,SAVINGS,29401.44,ACTIVE,VERIFIED,0.039,RESTRICTED
ACC_009272,CUST_009272,SAVINGS,19010.24,FROZEN,FLAGGED,0.037,RESTRICTED
ACC_009273,CUST_009273,SAVINGS,11237.14,ACTIVE,VERIFIED,0.347,RESTRICTED
ACC_009274,CUST_009274,SAVINGS,15991.1,ACTIVE,VERIFIED,0.293,RESTRICTED
ACC_009275,CUST_009275,SAVINGS,5251.46,ACTIVE,VERIFIED,0.176,RESTRICTED
ACC_009276,CUST_009276,SAVINGS,48757.77,ACTIVE,VERIFIED,0.336,RESTRICTED
ACC_009277,CUST_009277,SAVINGS,3630.29,ACTIVE,VERIFIED,0.21,RESTRICTED
ACC_009278,CUST_009278,SAVINGS,24240.94,ACTIVE,VERIFIED,0.372,RESTRICTED
ACC_009279,CUST_009279,SAVINGS,32747.28,FROZEN,FLAGGED,0.302,RESTRICTED
ACC_009280,CUST_009280,SAVINGS,36654.08,ACTIVE,VERIFIED,0.557,RESTRICTED
ACC_009281,CUST_009281,SAVINGS,2842.47,ACTIVE,VERIFIED,0.125,RESTRICTED
ACC_009282,CUST_009282,SAVINGS,11745.46,ACTIVE,VERIFIED,0.431,RESTRICTED
ACC_009283,CUST_009283,SAVINGS,44139.61,ACTIVE,VERIFIED,0.09,RESTRICTED
ACC_009284,CUST_009284,SAVINGS,35810.28,ACTIVE,VERIFIED,0.438,RESTRICTED
ACC_009285,CUST_009285,SAVINGS,9885.9,ACTIVE,VERIFIED,0.42,RESTRICTED
ACC_009286,CUST_009286,SAVINGS,7926.56,ACTIVE,VERIFIED,0.646,RESTRICTED
ACC_009287,CUST_009287,SAVINGS,4650.63,ACTIVE,VERIFIED,0.653,RESTRICTED
ACC_009288,CUST_009288,SAVINGS,30050.13,ACTIVE,VERIFIED,0.573,RESTRICTED
ACC_009289,CUST_009289,SAVINGS,34076.26,ACTIVE,VERIFIED,0.294,RESTRICTED
ACC_009290,CUST_009290,SAVINGS,7595.23,ACTIVE,VERIFIED,0.432,RESTRICTED
ACC_009291,CUST_009291,SAVINGS,48356.34,ACTIVE,VERIFIED,0.329,RESTRICTED
ACC_009292,CUST_009292,SAVINGS,20112.07,ACTIVE,VERIFIED,0.235,RESTRICTED
ACC_009293,CUST_009293,SAVINGS,11655.05,ACTIVE,PENDING,0.366,RESTRICTED
ACC_009294,CUST_009294,SAVINGS,15984.22,ACTIVE,VERIFIED,0.146,RESTRICTED
ACC_009295,CUST_009295,SAVINGS,21054.91,ACTIVE,VERIFIED,0.354,RESTRICTED
ACC_009296,CUST_009296,SAVINGS,41309.42,ACTIVE,VERIFIED,0.2,RESTRICTED
ACC_009297,CUST_009297,SAVINGS,26159.11,ACTIVE,VERIFIED,0.273,RESTRICTED
ACC_009298,CUST_009298,SAVINGS,47315.83,ACTIVE,VERIFIED,0.06,RESTRICTED
ACC_009299,CUST_009299,SAVINGS,21770.95,ACTIVE,VERIFIED,0.336,RESTRICTED
ACC_009300,CUST_009300,SAVINGS,46028.31,FROZEN,FLAGGED,0.311,RESTRICTED
ACC_009301,CUST_009301,SAVINGS,24647.68,ACTIVE,VERIFIED,0.102,RESTRICTED
ACC_009302,CUST_009302,SAVINGS,24229.93,ACTIVE,VERIFIED,0.332,RESTRICTED
ACC_009303,CUST_009303,SAVINGS,3001.04,ACTIVE,PENDING,0.052,RESTRICTED
ACC_009304,CUST_009304,SAVINGS,40889.24,FROZEN,FLAGGED,0.316,RESTRICTED
ACC_009305,CUST_009305,SAVINGS,21244.39,ACTIVE,PENDING,0.146,RESTRICTED
ACC_009306,CUST_009306,SAVINGS,24177.05,ACTIVE,VERIFIED,0.466,RESTRICTED
ACC_009307,CUST_009307,SAVINGS,13142.36,ACTIVE,VERIFIED,0.213,RESTRICTED
ACC_009308,CUST_009308,SAVINGS,2926.33,ACTIVE,VERIFIED,0.183,RESTRICTED
ACC_009309,CUST_009309,SAVINGS,35422.69,ACTIVE,VERIFIED,0.168,RESTRICTED
ACC_009310,CUST_009310,SAVINGS,6847.39,ACTIVE,VERIFIED,0.278,RESTRICTED
ACC_009311,CUST_009311,SAVINGS,5112.98,ACTIVE,VERIFIED,0.205,RESTRICTED
ACC_009312,CUST_009312,SAVINGS,33652.01,ACTIVE,VERIFIED,0.149,RESTRICTED
ACC_009313,CUST_009313,SAVINGS,25017.65,ACTIVE,VERIFIED,0.148,RESTRICTED
ACC_009314,CUST_009314,SAVINGS,23369.58,ACTIVE,PENDING,0.322,RESTRICTED
ACC_009315,CUST_009315,SAVINGS,38529.32,ACTIVE,VERIFIED,0.139,RESTRICTED
ACC_009316,CUST_009316,SAVINGS,10950.22,ACTIVE,VERIFIED,0.317,RESTRICTED
ACC_009317,CUST_009317,SAVINGS,20887.67,ACTIVE,VERIFIED,0.2,RESTRICTED
ACC_009318,CUST_009318,SAVINGS,23287.11,ACTIVE,VERIFIED,0.242,RESTRICTED
ACC_009319,CUST_009319,SAVINGS,29520.44,ACTIVE,VERIFIED,0.275,RESTRICTED
ACC_009320,CUST_009320,SAVINGS,11949.45,ACTIVE,VERIFIED,0.581,RESTRICTED
ACC_009321,CUST_009321,SAVINGS,28353.5,ACTIVE,VERIFIED,0.08,RESTRICTED
ACC_009322,CUST_009322,SAVINGS,37286.92,ACTIVE,VERIFIED,0.106,RESTRICTED
ACC_009323,CUST_009323,SAVINGS,40775.76,ACTIVE,VERIFIED,0.25,RESTRICTED
ACC_009324,CUST_009324,SAVINGS,10810.92,ACTIVE,VERIFIED,0.351,RESTRICTED
ACC_009325,CUST_009325,SAVINGS,48609.61,ACTIVE,VERIFIED,0.562,RESTRICTED
ACC_009326,CUST_009326,SAVINGS,18540.03,ACTIVE,VERIFIED,0.171,RESTRICTED
ACC_009327,CUST_009327,SAVINGS,44927.27,ACTIVE,VERIFIED,0.051,RESTRICTED
ACC_009328,CUST_009328,SAVINGS,17781.4,ACTIVE,PENDING,0.181,RESTRICTED
ACC_009329,CUST_009329,SAVINGS,27379.97,ACTIVE,VERIFIED,0.206,RESTRICTED
ACC_009330,CUST_009330,SAVINGS,4247.52,ACTIVE,VERIFIED,0.043,RESTRICTED
ACC_009331,CUST_009331,SAVINGS,41230.98,ACTIVE,VERIFIED,0.527,RESTRICTED
ACC_009332,CUST_009332,SAVINGS,44795.32,ACTIVE,VERIFIED,0.138,RESTRICTED
ACC_009333,CUST_009333,SAVINGS,14018.67,ACTIVE,VERIFIED,0.014,RESTRICTED
ACC_009334,CUST_009334,SAVINGS,45941.83,ACTIVE,VERIFIED,0.28,RESTRICTED
ACC_009335,CUST_009335,SAVINGS,17047.18,ACTIVE,VERIFIED,0.177,RESTRICTED
ACC_009336,CUST_009336,SAVINGS,17454.07,FROZEN,FLAGGED,0.529,RESTRICTED
ACC_009337,CUST_009337,SAVINGS,44774.78,ACTIVE,VERIFIED,0.181,RESTRICTED
ACC_009338,CUST_009338,SAVINGS,22177.88,ACTIVE,VERIFIED,0.318,RESTRICTED
ACC_009339,CUST_009339,SAVINGS,19267.47,ACTIVE,VERIFIED,0.184,RESTRICTED
ACC_009340,CUST_009340,SAVINGS,42268.62,ACTIVE,VERIFIED,0.332,RESTRICTED
ACC_009341,CUST_009341,SAVINGS,12010.21,ACTIVE,VERIFIED,0.047,RESTRICTED
ACC_009342,CUST_009342,SAVINGS,1231.37,ACTIVE,VERIFIED,0.676,RESTRICTED
ACC_009343,CUST_009343,SAVINGS,21174.42,ACTIVE,VERIFIED,0.308,RESTRICTED
ACC_009344,CUST_009344,SAVINGS,26626.79,ACTIVE,VERIFIED,0.257,RESTRICTED
ACC_009345,CUST_009345,SAVINGS,11881.53,ACTIVE,VERIFIED,0.382,RESTRICTED
ACC_009346,CUST_009346,SAVINGS,15413.65,ACTIVE,VERIFIED,0.243,RESTRICTED
ACC_009347,CUST_009347,SAVINGS,4769.61,ACTIVE,VERIFIED,0.369,RESTRICTED
ACC_009348,CUST_009348,SAVINGS,43909.79,FROZEN,FLAGGED,0.269,RESTRICTED
ACC_009349,CUST_009349,SAVINGS,22527.6,ACTIVE,VERIFIED,0.308,RESTRICTED
ACC_009350,CUST_009350,SAVINGS,33447.43,ACTIVE,VERIFIED,0.254,RESTRICTED
ACC_009351,CUST_009351,SAVINGS,8194.28,ACTIVE,VERIFIED,0.393,RESTRICTED
ACC_009352,CUST_009352,SAVINGS,14422.26,ACTIVE,VERIFIED,0.312,RESTRICTED
ACC_009353,CUST_009353,SAVINGS,48406.69,ACTIVE,VERIFIED,0.169,RESTRICTED
ACC_009354,CUST_009354,SAVINGS,38593.88,ACTIVE,VERIFIED,0.318,RESTRICTED
ACC_009355,CUST_009355,SAVINGS,37827.84,ACTIVE,VERIFIED,0.418,RESTRICTED
ACC_009356,CUST_009356,SAVINGS,37222.44,ACTIVE,PENDING,0.321,RESTRICTED
ACC_009357,CUST_009357,SAVINGS,40934.18,ACTIVE,VERIFIED,0.152,RESTRICTED
ACC_009358,CUST_009358,SAVINGS,41171.11,ACTIVE,PENDING,0.34,RESTRICTED
ACC_009359,CUST_009359,SAVINGS,6587.49,ACTIVE,PENDING,0.578,RESTRICTED
ACC_009360,CUST_009360,SAVINGS,12293.11,ACTIVE,VERIFIED,0.26,RESTRICTED
ACC_009361,CUST_009361,SAVINGS,10365.99,ACTIVE,VERIFIED,0.514,RESTRICTED
ACC_009362,CUST_009362,SAVINGS,20151.2,ACTIVE,VERIFIED,0.307,RESTRICTED
ACC_009363,CUST_009363,SAVINGS,44301.59,ACTIVE,PENDING,0.19,RESTRICTED
ACC_009364,CUST_009364,SAVINGS,46032.65,ACTIVE,VERIFIED,0.356,RESTRICTED
ACC_009365,CUST_009365,SAVINGS,25657.52,ACTIVE,VERIFIED,0.27,RESTRICTED
ACC_009366,CUST_009366,SAVINGS,33953.11,ACTIVE,PENDING,0.112,RESTRICTED
ACC_009367,CUST_009367,SAVINGS,25653.97,ACTIVE,PENDING,0.014,RESTRICTED
ACC_009368,CUST_009368,SAVINGS,37626.42,ACTIVE,VERIFIED,0.349,RESTRICTED
ACC_009369,CUST_009369,SAVINGS,18165.4,ACTIVE,VERIFIED,0.428,RESTRICTED
ACC_009370,CUST_009370,SAVINGS,8037.33,ACTIVE,VERIFIED,0.152,RESTRICTED
ACC_009371,CUST_009371,SAVINGS,26561.57,ACTIVE,VERIFIED,0.26,RESTRICTED
ACC_009372,CUST_009372,SAVINGS,39746.67,ACTIVE,VERIFIED,0.101,RESTRICTED
ACC_009373,CUST_009373,SAVINGS,6763.91,ACTIVE,VERIFIED,0.167,RESTRICTED
ACC_009374,CUST_009374,SAVINGS,7901.99,ACTIVE,VERIFIED,0.599,RESTRICTED
ACC_009375,CUST_009375,SAVINGS,4158.41,ACTIVE,VERIFIED,0.262,RESTRICTED
ACC_009376,CUST_009376,SAVINGS,37067.21,ACTIVE,VERIFIED,0.112,RESTRICTED
ACC_009377,CUST_009377,SAVINGS,34190.61,ACTIVE,VERIFIED,0.324,RESTRICTED
ACC_009378,CUST_009378,SAVINGS,9082.43,ACTIVE,VERIFIED,0.317,RESTRICTED
ACC_009379,CUST_009379,SAVINGS,33486.75,ACTIVE,VERIFIED,0.364,RESTRICTED
ACC_009380,CUST_009380,SAVINGS,11066.78,ACTIVE,PENDING,0.135,RESTRICTED
ACC_009381,CUST_009381,SAVINGS,9086.11,ACTIVE,VERIFIED,0.274,RESTRICTED
ACC_009382,CUST_009382,SAVINGS,13628.9,ACTIVE,VERIFIED,0.542,RESTRICTED
ACC_009383,CUST_009383,SAVINGS,6582.17,ACTIVE,VERIFIED,0.286,RESTRICTED
ACC_009384,CUST_009384,SAVINGS,45312.2,ACTIVE,VERIFIED,0.582,RESTRICTED
ACC_009385,CUST_009385,SAVINGS,48806.13,ACTIVE,VERIFIED,0.119,RESTRICTED
ACC_009386,CUST_009386,SAVINGS,41965.65,ACTIVE,VERIFIED,0.79,RESTRICTED
ACC_009387,CUST_009387,SAVINGS,35355.23,ACTIVE,VERIFIED,0.081,RESTRICTED
ACC_009388,CUST_009388,SAVINGS,42309.83,ACTIVE,VERIFIED,0.303,RESTRICTED
ACC_009389,CUST_009389,SAVINGS,28140.63,ACTIVE,PENDING,0.085,RESTRICTED
ACC_009390,CUST_009390,SAVINGS,17210.27,ACTIVE,VERIFIED,0.062,RESTRICTED
ACC_009391,CUST_009391,SAVINGS,26644.42,ACTIVE,VERIFIED,0.377,RESTRICTED
ACC_009392,CUST_009392,SAVINGS,38335.62,ACTIVE,VERIFIED,0.398,RESTRICTED
ACC_009393,CUST_009393,SAVINGS,6183.85,ACTIVE,PENDING,0.102,RESTRICTED
ACC_009394,CUST_009394,SAVINGS,36190.39,ACTIVE,VERIFIED,0.538,RESTRICTED
ACC_009395,CUST_009395,SAVINGS,36443.54,ACTIVE,VERIFIED,0.387,RESTRICTED
ACC_009396,CUST_009396,SAVINGS,18694.69,ACTIVE,VERIFIED,0.256,RESTRICTED
ACC_009397,CUST_009397,SAVINGS,47307.61,ACTIVE,VERIFIED,0.216,RESTRICTED
ACC_009398,CUST_009398,SAVINGS,5228.6,ACTIVE,VERIFIED,0.324,RESTRICTED
ACC_009399,CUST_009399,SAVINGS,31301.58,ACTIVE,VERIFIED,0.28,RESTRICTED
ACC_009400,CUST_009400,SAVINGS,17008.61,ACTIVE,VERIFIED,0.44,RESTRICTED
ACC_009401,CUST_009401,SAVINGS,25369.12,ACTIVE,VERIFIED,0.466,RESTRICTED
ACC_009402,CUST_009402,SAVINGS,11714.03,ACTIVE,VERIFIED,0.227,RESTRICTED
ACC_009403,CUST_009403,SAVINGS,9408.61,ACTIVE,VERIFIED,0.161,RESTRICTED
ACC_009404,CUST_009404,SAVINGS,30483.22,ACTIVE,VERIFIED,0.273,RESTRICTED
ACC_009405,CUST_009405,SAVINGS,7702.08,ACTIVE,PENDING,0.373,RESTRICTED
ACC_009406,CUST_009406,SAVINGS,10705.07,ACTIVE,VERIFIED,0.297,RESTRICTED
ACC_009407,CUST_009407,SAVINGS,45630.87,ACTIVE,VERIFIED,0.057,RESTRICTED
ACC_009408,CUST_009408,SAVINGS,21069.77,ACTIVE,VERIFIED,0.389,RESTRICTED
ACC_009409,CUST_009409,SAVINGS,47148.06,ACTIVE,VERIFIED,0.339,RESTRICTED
ACC_009410,CUST_009410,SAVINGS,33858.84,ACTIVE,VERIFIED,0.204,RESTRICTED
ACC_009411,CUST_009411,SAVINGS,29503.85,ACTIVE,VERIFIED,0.309,RESTRICTED
ACC_009412,CUST_009412,SAVINGS,21074.15,FROZEN,FLAGGED,0.147,RESTRICTED
ACC_009413,CUST_009413,SAVINGS,37919.24,ACTIVE,VERIFIED,0.203,RESTRICTED
ACC_009414,CUST_009414,SAVINGS,36789.71,ACTIVE,VERIFIED,0.776,RESTRICTED
ACC_009415,CUST_009415,SAVINGS,42549.01,ACTIVE,VERIFIED,0.216,RESTRICTED
ACC_009416,CUST_009416,SAVINGS,26127.77,ACTIVE,VERIFIED,0.093,RESTRICTED
ACC_009417,CUST_009417,SAVINGS,47209.6,ACTIVE,VERIFIED,0.259,RESTRICTED
ACC_009418,CUST_009418,SAVINGS,3792.97,FROZEN,FLAGGED,0.261,RESTRICTED
ACC_009419,CUST_009419,SAVINGS,33174.04,ACTIVE,VERIFIED,0.153,RESTRICTED
ACC_009420,CUST_009420,SAVINGS,48971.32,ACTIVE,VERIFIED,0.159,RESTRICTED
ACC_009421,CUST_009421,SAVINGS,26647.23,ACTIVE,VERIFIED,0.376,RESTRICTED
ACC_009422,CUST_009422,SAVINGS,28433.74,ACTIVE,VERIFIED,0.171,RESTRICTED
ACC_009423,CUST_009423,SAVINGS,32849.74,ACTIVE,VERIFIED,0.44,RESTRICTED
ACC_009424,CUST_009424,SAVINGS,42136.88,ACTIVE,VERIFIED,0.36,RESTRICTED
ACC_009425,CUST_009425,SAVINGS,42715.77,ACTIVE,VERIFIED,0.456,RESTRICTED
ACC_009426,CUST_009426,SAVINGS,36522.28,ACTIVE,VERIFIED,0.137,RESTRICTED
ACC_009427,CUST_009427,SAVINGS,46018.01,ACTIVE,VERIFIED,0.337,RESTRICTED
ACC_009428,CUST_009428,SAVINGS,8142.67,ACTIVE,PENDING,0.339,RESTRICTED
ACC_009429,CUST_009429,SAVINGS,12510.94,ACTIVE,VERIFIED,0.495,RESTRICTED
ACC_009430,CUST_009430,SAVINGS,29043.45,FROZEN,FLAGGED,0.235,RESTRICTED
ACC_009431,CUST_009431,SAVINGS,45139.02,ACTIVE,VERIFIED,0.585,RESTRICTED
ACC_009432,CUST_009432,SAVINGS,4572.82,ACTIVE,VERIFIED,0.694,RESTRICTED
ACC_009433,CUST_009433,SAVINGS,49662.88,ACTIVE,VERIFIED,0.562,RESTRICTED
ACC_009434,CUST_009434,SAVINGS,8870.32,ACTIVE,VERIFIED,0.277,RESTRICTED
ACC_009435,CUST_009435,SAVINGS,19234.3,ACTIVE,VERIFIED,0.448,RESTRICTED
ACC_009436,CUST_009436,SAVINGS,38183.43,ACTIVE,VERIFIED,0.358,RESTRICTED
ACC_009437,CUST_009437,SAVINGS,10544.38,ACTIVE,VERIFIED,0.52,RESTRICTED
ACC_009438,CUST_009438,SAVINGS,13410.31,ACTIVE,VERIFIED,0.197,RESTRICTED
ACC_009439,CUST_009439,SAVINGS,46722.29,ACTIVE,VERIFIED,0.03,RESTRICTED
ACC_009440,CUST_009440,SAVINGS,42038.26,ACTIVE,VERIFIED,0.61,RESTRICTED
ACC_009441,CUST_009441,SAVINGS,22223.59,ACTIVE,VERIFIED,0.284,RESTRICTED
ACC_009442,CUST_009442,SAVINGS,4291.11,ACTIVE,VERIFIED,0.219,RESTRICTED
ACC_009443,CUST_009443,SAVINGS,15685.53,ACTIVE,VERIFIED,0.314,RESTRICTED
ACC_009444,CUST_009444,SAVINGS,3175.69,ACTIVE,VERIFIED,0.041,RESTRICTED
ACC_009445,CUST_009445,SAVINGS,32382.68,ACTIVE,VERIFIED,0.01,RESTRICTED
ACC_009446,CUST_009446,SAVINGS,41631.07,ACTIVE,PENDING,0.09,RESTRICTED
ACC_009447,CUST_009447,SAVINGS,3326.82,ACTIVE,VERIFIED,0.263,RESTRICTED
ACC_009448,CUST_009448,SAVINGS,47482.67,ACTIVE,VERIFIED,0.063,RESTRICTED
ACC_009449,CUST_009449,SAVINGS,36708.36,ACTIVE,VERIFIED,0.338,RESTRICTED
ACC_009450,CUST_009450,SAVINGS,33764.94,ACTIVE,VERIFIED,0.092,RESTRICTED
ACC_009451,CUST_009451,SAVINGS,10505.09,FROZEN,FLAGGED,0.181,RESTRICTED
ACC_009452,CUST_009452,SAVINGS,4309.64,ACTIVE,VERIFIED,0.282,RESTRICTED
ACC_009453,CUST_009453,SAVINGS,19718.32,ACTIVE,VERIFIED,0.633,RESTRICTED
ACC_009454,CUST_009454,SAVINGS,24998.94,ACTIVE,VERIFIED,0.312,RESTRICTED
ACC_009455,CUST_009455,SAVINGS,6837.67,ACTIVE,VERIFIED,0.044,RESTRICTED
ACC_009456,CUST_009456,SAVINGS,18852.33,ACTIVE,PENDING,0.11,RESTRICTED
ACC_009457,CUST_009457,SAVINGS,32750.07,ACTIVE,VERIFIED,0.035,RESTRICTED
ACC_009458,CUST_009458,SAVINGS,22939.88,FROZEN,FLAGGED,0.158,RESTRICTED
ACC_009459,CUST_009459,SAVINGS,41802.53,ACTIVE,VERIFIED,0.279,RESTRICTED
ACC_009460,CUST_009460,SAVINGS,48905.94,ACTIVE,PENDING,0.277,RESTRICTED
ACC_009461,CUST_009461,SAVINGS,43689.37,ACTIVE,VERIFIED,0.292,RESTRICTED
ACC_009462,CUST_009462,SAVINGS,24309.48,ACTIVE,VERIFIED,0.086,RESTRICTED
ACC_009463,CUST_009463,SAVINGS,1405.3,ACTIVE,VERIFIED,0.222,RESTRICTED
ACC_009464,CUST_009464,SAVINGS,44432.99,ACTIVE,VERIFIED,0.428,RESTRICTED
ACC_009465,CUST_009465,SAVINGS,9975.13,ACTIVE,VERIFIED,0.331,RESTRICTED
ACC_009466,CUST_009466,SAVINGS,1339.57,ACTIVE,VERIFIED,0.298,RESTRICTED
ACC_009467,CUST_009467,SAVINGS,46994.08,ACTIVE,PENDING,0.358,RESTRICTED
ACC_009468,CUST_009468,SAVINGS,42746.66,ACTIVE,VERIFIED,0.239,RESTRICTED
ACC_009469,CUST_009469,SAVINGS,24700.61,ACTIVE,VERIFIED,0.186,RESTRICTED
ACC_009470,CUST_009470,SAVINGS,40024.78,ACTIVE,VERIFIED,0.443,RESTRICTED
ACC_009471,CUST_009471,SAVINGS,21528.59,ACTIVE,PENDING,0.399,RESTRICTED
ACC_009472,CUST_009472,SAVINGS,26964.56,ACTIVE,VERIFIED,0.399,RESTRICTED
ACC_009473,CUST_009473,SAVINGS,14433.99,ACTIVE,VERIFIED,0.426,RESTRICTED
ACC_009474,CUST_009474,SAVINGS,47883.42,ACTIVE,VERIFIED,0.366,RESTRICTED
ACC_009475,CUST_009475,SAVINGS,25285.47,ACTIVE,PENDING,0.303,RESTRICTED
ACC_009476,CUST_009476,SAVINGS,16262.43,ACTIVE,VERIFIED,0.123,RESTRICTED
ACC_009477,CUST_009477,SAVINGS,1992.64,ACTIVE,PENDING,0.258,RESTRICTED
ACC_009478,CUST_009478,SAVINGS,42636.58,ACTIVE,VERIFIED,0.161,RESTRICTED
ACC_009479,CUST_009479,SAVINGS,49217.29,ACTIVE,PENDING,0.523,RESTRICTED
ACC_009480,CUST_009480,SAVINGS,8251.02,ACTIVE,VERIFIED,0.444,RESTRICTED
ACC_009481,CUST_009481,SAVINGS,5518.53,ACTIVE,VERIFIED,0.442,RESTRICTED
ACC_009482,CUST_009482,SAVINGS,40711.53,ACTIVE,VERIFIED,0.139,RESTRICTED
ACC_009483,CUST_009483,SAVINGS,44539.81,ACTIVE,VERIFIED,0.153,RESTRICTED
ACC_009484,CUST_009484,SAVINGS,9077.11,ACTIVE,VERIFIED,0.186,RESTRICTED
ACC_009485,CUST_009485,SAVINGS,47786.89,ACTIVE,VERIFIED,0.328,RESTRICTED
ACC_009486,CUST_009486,SAVINGS,27421.76,ACTIVE,VERIFIED,0.385,RESTRICTED
ACC_009487,CUST_009487,SAVINGS,21634.99,ACTIVE,PENDING,0.165,RESTRICTED
ACC_009488,CUST_009488,SAVINGS,4783.65,ACTIVE,VERIFIED,0.094,RESTRICTED
ACC_009489,CUST_009489,SAVINGS,20102.27,ACTIVE,VERIFIED,0.868,RESTRICTED
ACC_009490,CUST_009490,SAVINGS,24467.94,ACTIVE,VERIFIED,0.07,RESTRICTED
ACC_009491,CUST_009491,SAVINGS,7549.44,ACTIVE,VERIFIED,0.447,RESTRICTED
ACC_009492,CUST_009492,SAVINGS,11207.99,ACTIVE,VERIFIED,0.5,RESTRICTED
ACC_009493,CUST_009493,SAVINGS,38765.8,ACTIVE,VERIFIED,0.239,RESTRICTED
ACC_009494,CUST_009494,SAVINGS,38751.56,ACTIVE,VERIFIED,0.423,RESTRICTED
ACC_009495,CUST_009495,SAVINGS,22871.84,ACTIVE,VERIFIED,0.186,RESTRICTED
ACC_009496,CUST_009496,SAVINGS,27697.2,ACTIVE,VERIFIED,0.209,RESTRICTED
ACC_009497,CUST_009497,SAVINGS,40010.83,ACTIVE,VERIFIED,0.582,RESTRICTED
ACC_009498,CUST_009498,SAVINGS,36698.44,ACTIVE,VERIFIED,0.34,RESTRICTED
ACC_009499,CUST_009499,SAVINGS,17561.73,ACTIVE,VERIFIED,0.185,RESTRICTED
ACC_009500,CUST_009500,SAVINGS,36510.35,ACTIVE,VERIFIED,0.18,RESTRICTED
ACC_009501,CUST_009501,SAVINGS,2991.12,ACTIVE,PENDING,0.095,RESTRICTED
ACC_009502,CUST_009502,SAVINGS,44731.38,ACTIVE,VERIFIED,0.238,RESTRICTED
ACC_009503,CUST_009503,SAVINGS,30898.03,ACTIVE,VERIFIED,0.717,RESTRICTED
ACC_009504,CUST_009504,SAVINGS,35599.34,ACTIVE,VERIFIED,0.35,RESTRICTED
ACC_009505,CUST_009505,SAVINGS,40818.18,ACTIVE,VERIFIED,0.181,RESTRICTED
ACC_009506,CUST_009506,SAVINGS,37714.15,ACTIVE,PENDING,0.054,RESTRICTED
ACC_009507,CUST_009507,SAVINGS,45173.18,ACTIVE,VERIFIED,0.309,RESTRICTED
ACC_009508,CUST_009508,SAVINGS,39007.17,ACTIVE,VERIFIED,0.149,RESTRICTED
ACC_009509,CUST_009509,SAVINGS,31350.92,ACTIVE,VERIFIED,0.447,RESTRICTED
ACC_009510,CUST_009510,SAVINGS,3478.73,ACTIVE,VERIFIED,0.362,RESTRICTED
ACC_009511,CUST_009511,SAVINGS,32574.24,ACTIVE,VERIFIED,0.501,RESTRICTED
ACC_009512,CUST_009512,SAVINGS,45605.63,ACTIVE,VERIFIED,0.27,RESTRICTED
ACC_009513,CUST_009513,SAVINGS,5504.48,ACTIVE,VERIFIED,0.182,RESTRICTED
ACC_009514,CUST_009514,SAVINGS,49752.61,ACTIVE,VERIFIED,0.166,RESTRICTED
ACC_009515,CUST_009515,SAVINGS,27937.44,ACTIVE,VERIFIED,0.371,RESTRICTED
ACC_009516,CUST_009516,SAVINGS,38966.74,ACTIVE,VERIFIED,0.304,RESTRICTED
ACC_009517,CUST_009517,SAVINGS,3920.4,ACTIVE,VERIFIED,0.488,RESTRICTED
ACC_009518,CUST_009518,SAVINGS,30608.04,ACTIVE,PENDING,0.058,RESTRICTED
ACC_009519,CUST_009519,SAVINGS,9900.96,ACTIVE,VERIFIED,0.31,RESTRICTED
ACC_009520,CUST_009520,SAVINGS,21515.56,ACTIVE,VERIFIED,0.276,RESTRICTED
ACC_009521,CUST_009521,SAVINGS,32842.55,ACTIVE,VERIFIED,0.48,RESTRICTED
ACC_009522,CUST_009522,SAVINGS,20522.54,ACTIVE,PENDING,0.491,RESTRICTED
ACC_009523,CUST_009523,SAVINGS,44353.48,ACTIVE,VERIFIED,0.748,RESTRICTED
ACC_009524,CUST_009524,SAVINGS,44556.29,ACTIVE,VERIFIED,0.271,RESTRICTED
ACC_009525,CUST_009525,SAVINGS,6698.09,ACTIVE,VERIFIED,0.343,RESTRICTED
ACC_009526,CUST_009526,SAVINGS,49754.83,ACTIVE,VERIFIED,0.561,RESTRICTED
ACC_009527,CUST_009527,SAVINGS,26650.17,ACTIVE,VERIFIED,0.1,RESTRICTED
ACC_009528,CUST_009528,SAVINGS,34760.05,ACTIVE,VERIFIED,0.188,RESTRICTED
ACC_009529,CUST_009529,SAVINGS,33541.4,ACTIVE,VERIFIED,0.205,RESTRICTED
ACC_009530,CUST_009530,SAVINGS,1742.29,ACTIVE,VERIFIED,0.356,RESTRICTED
ACC_009531,CUST_009531,SAVINGS,11091.47,ACTIVE,VERIFIED,0.121,RESTRICTED
ACC_009532,CUST_009532,SAVINGS,29087.49,ACTIVE,VERIFIED,0.13,RESTRICTED
ACC_009533,CUST_009533,SAVINGS,30249.48,ACTIVE,VERIFIED,0.192,RESTRICTED
ACC_009534,CUST_009534,SAVINGS,28335.81,ACTIVE,VERIFIED,0.366,RESTRICTED
ACC_009535,CUST_009535,SAVINGS,32833.87,ACTIVE,VERIFIED,0.284,RESTRICTED
ACC_009536,CUST_009536,SAVINGS,1677.08,ACTIVE,VERIFIED,0.384,RESTRICTED
ACC_009537,CUST_009537,SAVINGS,34509.48,ACTIVE,VERIFIED,0.122,RESTRICTED
ACC_009538,CUST_009538,SAVINGS,12855.39,ACTIVE,PENDING,0.23,RESTRICTED
ACC_009539,CUST_009539,SAVINGS,49499.91,ACTIVE,VERIFIED,0.203,RESTRICTED
ACC_009540,CUST_009540,SAVINGS,16282.71,ACTIVE,VERIFIED,0.331,RESTRICTED
ACC_009541,CUST_009541,SAVINGS,9977.06,ACTIVE,VERIFIED,0.263,RESTRICTED
ACC_009542,CUST_009542,SAVINGS,4070.48,ACTIVE,PENDING,0.226,RESTRICTED
ACC_009543,CUST_009543,SAVINGS,49910.95,FROZEN,FLAGGED,0.247,RESTRICTED
ACC_009544,CUST_009544,SAVINGS,49321.96,ACTIVE,VERIFIED,0.084,RESTRICTED
ACC_009545,CUST_009545,SAVINGS,25349.22,ACTIVE,VERIFIED,0.158,RESTRICTED
ACC_009546,CUST_009546,SAVINGS,1047.79,FROZEN,FLAGGED,0.276,RESTRICTED
ACC_009547,CUST_009547,SAVINGS,12087.13,ACTIVE,VERIFIED,0.361,RESTRICTED
ACC_009548,CUST_009548,SAVINGS,46565.08,ACTIVE,PENDING,0.086,RESTRICTED
ACC_009549,CUST_009549,SAVINGS,4678.99,ACTIVE,VERIFIED,0.499,RESTRICTED
ACC_009550,CUST_009550,SAVINGS,49331.15,ACTIVE,VERIFIED,0.264,RESTRICTED
ACC_009551,CUST_009551,SAVINGS,31306.9,ACTIVE,PENDING,0.124,RESTRICTED
ACC_009552,CUST_009552,SAVINGS,28031.13,ACTIVE,VERIFIED,0.469,RESTRICTED
ACC_009553,CUST_009553,SAVINGS,25002.74,ACTIVE,VERIFIED,0.384,RESTRICTED
ACC_009554,CUST_009554,SAVINGS,32497.78,ACTIVE,PENDING,0.128,RESTRICTED
ACC_009555,CUST_009555,SAVINGS,31055.03,ACTIVE,VERIFIED,0.262,RESTRICTED
ACC_009556,CUST_009556,SAVINGS,13126.56,ACTIVE,VERIFIED,0.765,RESTRICTED
ACC_009557,CUST_009557,SAVINGS,6407.01,ACTIVE,VERIFIED,0.184,RESTRICTED
ACC_009558,CUST_009558,SAVINGS,2982.88,ACTIVE,PENDING,0.337,RESTRICTED
ACC_009559,CUST_009559,SAVINGS,44184.06,ACTIVE,PENDING,0.078,RESTRICTED
ACC_009560,CUST_009560,SAVINGS,19782.73,ACTIVE,VERIFIED,0.376,RESTRICTED
ACC_009561,CUST_009561,SAVINGS,44983.53,ACTIVE,VERIFIED,0.174,RESTRICTED
ACC_009562,CUST_009562,SAVINGS,31979.0,ACTIVE,VERIFIED,0.449,RESTRICTED
ACC_009563,CUST_009563,SAVINGS,27622.02,ACTIVE,VERIFIED,0.077,RESTRICTED
ACC_009564,CUST_009564,SAVINGS,37244.13,ACTIVE,VERIFIED,0.043,RESTRICTED
ACC_009565,CUST_009565,SAVINGS,25569.46,FROZEN,FLAGGED,0.129,RESTRICTED
ACC_009566,CUST_009566,SAVINGS,11066.69,ACTIVE,VERIFIED,0.139,RESTRICTED
ACC_009567,CUST_009567,SAVINGS,37006.57,ACTIVE,VERIFIED,0.594,RESTRICTED
ACC_009568,CUST_009568,SAVINGS,35325.65,ACTIVE,VERIFIED,0.756,RESTRICTED
ACC_009569,CUST_009569,SAVINGS,30179.67,ACTIVE,VERIFIED,0.238,RESTRICTED
ACC_009570,CUST_009570,SAVINGS,13017.95,ACTIVE,PENDING,0.154,RESTRICTED
ACC_009571,CUST_009571,SAVINGS,38715.3,ACTIVE,VERIFIED,0.054,RESTRICTED
ACC_009572,CUST_009572,SAVINGS,33556.18,ACTIVE,VERIFIED,0.218,RESTRICTED
ACC_009573,CUST_009573,SAVINGS,28550.93,ACTIVE,VERIFIED,0.057,RESTRICTED
ACC_009574,CUST_009574,SAVINGS,37985.69,ACTIVE,VERIFIED,0.187,RESTRICTED
ACC_009575,CUST_009575,SAVINGS,17680.45,ACTIVE,VERIFIED,0.358,RESTRICTED
ACC_009576,CUST_009576,SAVINGS,29975.73,ACTIVE,VERIFIED,0.192,RESTRICTED
ACC_009577,CUST_009577,SAVINGS,14465.09,ACTIVE,VERIFIED,0.28,RESTRICTED
ACC_009578,CUST_009578,SAVINGS,41101.15,ACTIVE,VERIFIED,0.304,RESTRICTED
ACC_009579,CUST_009579,SAVINGS,22495.4,ACTIVE,VERIFIED,0.241,RESTRICTED
ACC_009580,CUST_009580,SAVINGS,27367.91,ACTIVE,VERIFIED,0.395,RESTRICTED
ACC_009581,CUST_009581,SAVINGS,27266.92,FROZEN,FLAGGED,0.41,RESTRICTED
ACC_009582,CUST_009582,SAVINGS,33770.22,ACTIVE,VERIFIED,0.178,RESTRICTED
ACC_009583,CUST_009583,SAVINGS,35099.98,ACTIVE,VERIFIED,0.603,RESTRICTED
ACC_009584,CUST_009584,SAVINGS,27155.24,ACTIVE,VERIFIED,0.193,RESTRICTED
ACC_009585,CUST_009585,SAVINGS,13226.19,ACTIVE,VERIFIED,0.321,RESTRICTED
ACC_009586,CUST_009586,SAVINGS,6860.11,ACTIVE,PENDING,0.366,RESTRICTED
ACC_009587,CUST_009587,SAVINGS,28682.38,ACTIVE,VERIFIED,0.645,RESTRICTED
ACC_009588,CUST_009588,SAVINGS,29666.76,ACTIVE,VERIFIED,0.074,RESTRICTED
ACC_009589,CUST_009589,SAVINGS,4844.67,ACTIVE,VERIFIED,0.44,RESTRICTED
ACC_009590,CUST_009590,SAVINGS,42895.81,ACTIVE,VERIFIED,0.256,RESTRICTED
ACC_009591,CUST_009591,SAVINGS,25952.38,ACTIVE,VERIFIED,0.211,RESTRICTED
ACC_009592,CUST_009592,SAVINGS,21956.06,ACTIVE,VERIFIED,0.067,RESTRICTED
ACC_009593,CUST_009593,SAVINGS,11327.39,FROZEN,FLAGGED,0.237,RESTRICTED
ACC_009594,CUST_009594,SAVINGS,10257.7,ACTIVE,VERIFIED,0.131,RESTRICTED
ACC_009595,CUST_009595,SAVINGS,30366.86,ACTIVE,VERIFIED,0.27,RESTRICTED
ACC_009596,CUST_009596,SAVINGS,28869.22,ACTIVE,VERIFIED,0.408,RESTRICTED
ACC_009597,CUST_009597,SAVINGS,13722.64,ACTIVE,VERIFIED,0.188,RESTRICTED
ACC_009598,CUST_009598,SAVINGS,1258.78,ACTIVE,VERIFIED,0.258,RESTRICTED
ACC_009599,CUST_009599,SAVINGS,43778.83,ACTIVE,VERIFIED,0.232,RESTRICTED
ACC_009600,CUST_009600,SAVINGS,6310.6,ACTIVE,VERIFIED,0.243,RESTRICTED
ACC_009601,CUST_009601,SAVINGS,12193.21,ACTIVE,VERIFIED,0.215,RESTRICTED
ACC_009602,CUST_009602,SAVINGS,5772.49,ACTIVE,VERIFIED,0.124,RESTRICTED
ACC_009603,CUST_009603,SAVINGS,21791.37,ACTIVE,VERIFIED,0.528,RESTRICTED
ACC_009604,CUST_009604,SAVINGS,2841.14,ACTIVE,PENDING,0.675,RESTRICTED
ACC_009605,CUST_009605,SAVINGS,11791.21,ACTIVE,VERIFIED,0.193,RESTRICTED
ACC_009606,CUST_009606,SAVINGS,48253.88,ACTIVE,VERIFIED,0.575,RESTRICTED
ACC_009607,CUST_009607,SAVINGS,23096.35,ACTIVE,VERIFIED,0.265,RESTRICTED
ACC_009608,CUST_009608,SAVINGS,29334.26,ACTIVE,VERIFIED,0.492,RESTRICTED
ACC_009609,CUST_009609,SAVINGS,34624.33,ACTIVE,VERIFIED,0.188,RESTRICTED
ACC_009610,CUST_009610,SAVINGS,38674.3,ACTIVE,VERIFIED,0.047,RESTRICTED
ACC_009611,CUST_009611,SAVINGS,48920.65,ACTIVE,VERIFIED,0.074,RESTRICTED
ACC_009612,CUST_009612,SAVINGS,33952.6,ACTIVE,VERIFIED,0.093,RESTRICTED
ACC_009613,CUST_009613,SAVINGS,25544.65,ACTIVE,VERIFIED,0.705,RESTRICTED
ACC_009614,CUST_009614,SAVINGS,5512.31,ACTIVE,PENDING,0.548,RESTRICTED
ACC_009615,CUST_009615,SAVINGS,46003.84,ACTIVE,VERIFIED,0.235,RESTRICTED
ACC_009616,CUST_009616,SAVINGS,17568.88,ACTIVE,VERIFIED,0.44,RESTRICTED
ACC_009617,CUST_009617,SAVINGS,35455.7,ACTIVE,VERIFIED,0.065,RESTRICTED
ACC_009618,CUST_009618,SAVINGS,40708.47,ACTIVE,VERIFIED,0.344,RESTRICTED
ACC_009619,CUST_009619,SAVINGS,10761.99,ACTIVE,VERIFIED,0.395,RESTRICTED
ACC_009620,CUST_009620,SAVINGS,5943.56,ACTIVE,VERIFIED,0.226,RESTRICTED
ACC_009621,CUST_009621,SAVINGS,11028.01,ACTIVE,VERIFIED,0.413,RESTRICTED
ACC_009622,CUST_009622,SAVINGS,4753.04,ACTIVE,VERIFIED,0.354,RESTRICTED
ACC_009623,CUST_009623,SAVINGS,24813.56,ACTIVE,VERIFIED,0.392,RESTRICTED
ACC_009624,CUST_009624,SAVINGS,49538.96,ACTIVE,VERIFIED,0.338,RESTRICTED
ACC_009625,CUST_009625,SAVINGS,42535.19,ACTIVE,VERIFIED,0.42,RESTRICTED
ACC_009626,CUST_009626,SAVINGS,43536.29,ACTIVE,VERIFIED,0.552,RESTRICTED
ACC_009627,CUST_009627,SAVINGS,41188.01,ACTIVE,VERIFIED,0.348,RESTRICTED
ACC_009628,CUST_009628,SAVINGS,13556.25,ACTIVE,VERIFIED,0.604,RESTRICTED
ACC_009629,CUST_009629,SAVINGS,42719.94,ACTIVE,VERIFIED,0.453,RESTRICTED
ACC_009630,CUST_009630,SAVINGS,41658.27,ACTIVE,VERIFIED,0.212,RESTRICTED
ACC_009631,CUST_009631,SAVINGS,35265.96,ACTIVE,VERIFIED,0.545,RESTRICTED
ACC_009632,CUST_009632,SAVINGS,7047.89,ACTIVE,VERIFIED,0.238,RESTRICTED
ACC_009633,CUST_009633,SAVINGS,21158.96,ACTIVE,VERIFIED,0.341,RESTRICTED
ACC_009634,CUST_009634,SAVINGS,42386.13,ACTIVE,VERIFIED,0.179,RESTRICTED
ACC_009635,CUST_009635,SAVINGS,28907.65,ACTIVE,VERIFIED,0.256,RESTRICTED
ACC_009636,CUST_009636,SAVINGS,2895.37,ACTIVE,VERIFIED,0.287,RESTRICTED
ACC_009637,CUST_009637,SAVINGS,49106.6,ACTIVE,VERIFIED,0.464,RESTRICTED
ACC_009638,CUST_009638,SAVINGS,45158.94,ACTIVE,VERIFIED,0.374,RESTRICTED
ACC_009639,CUST_009639,SAVINGS,38355.31,ACTIVE,VERIFIED,0.34,RESTRICTED
ACC_009640,CUST_009640,SAVINGS,35208.27,ACTIVE,VERIFIED,0.351,RESTRICTED
ACC_009641,CUST_009641,SAVINGS,9065.3,ACTIVE,VERIFIED,0.223,RESTRICTED
ACC_009642,CUST_009642,SAVINGS,9481.54,ACTIVE,VERIFIED,0.27,RESTRICTED
ACC_009643,CUST_009643,SAVINGS,9203.18,ACTIVE,VERIFIED,0.563,RESTRICTED
ACC_009644,CUST_009644,SAVINGS,18686.52,ACTIVE,PENDING,0.476,RESTRICTED
ACC_009645,CUST_009645,SAVINGS,41641.89,ACTIVE,VERIFIED,0.179,RESTRICTED
ACC_009646,CUST_009646,SAVINGS,43272.27,ACTIVE,VERIFIED,0.054,RESTRICTED
ACC_009647,CUST_009647,SAVINGS,38189.91,ACTIVE,VERIFIED,0.298,RESTRICTED
ACC_009648,CUST_009648,SAVINGS,39765.27,ACTIVE,VERIFIED,0.207,RESTRICTED
ACC_009649,CUST_009649,SAVINGS,7823.08,ACTIVE,PENDING,0.563,RESTRICTED
ACC_009650,CUST_009650,SAVINGS,41139.35,ACTIVE,VERIFIED,0.432,RESTRICTED
ACC_009651,CUST_009651,SAVINGS,42341.39,ACTIVE,VERIFIED,0.282,RESTRICTED
ACC_009652,CUST_009652,SAVINGS,25785.28,ACTIVE,VERIFIED,0.295,RESTRICTED
ACC_009653,CUST_009653,SAVINGS,32438.16,ACTIVE,PENDING,0.499,RESTRICTED
ACC_009654,CUST_009654,SAVINGS,43414.44,ACTIVE,VERIFIED,0.436,RESTRICTED
ACC_009655,CUST_009655,SAVINGS,11001.45,ACTIVE,VERIFIED,0.682,RESTRICTED
ACC_009656,CUST_009656,SAVINGS,49865.89,ACTIVE,VERIFIED,0.134,RESTRICTED
ACC_009657,CUST_009657,SAVINGS,10064.31,ACTIVE,VERIFIED,0.109,RESTRICTED
ACC_009658,CUST_009658,SAVINGS,8247.7,ACTIVE,VERIFIED,0.485,RESTRICTED
ACC_009659,CUST_009659,SAVINGS,24202.24,ACTIVE,VERIFIED,0.284,RESTRICTED
ACC_009660,CUST_009660,SAVINGS,3087.76,ACTIVE,VERIFIED,0.133,RESTRICTED
ACC_009661,CUST_009661,SAVINGS,5502.93,ACTIVE,VERIFIED,0.459,RESTRICTED
ACC_009662,CUST_009662,SAVINGS,41783.45,FROZEN,FLAGGED,0.363,RESTRICTED
ACC_009663,CUST_009663,SAVINGS,16920.93,ACTIVE,VERIFIED,0.127,RESTRICTED
ACC_009664,CUST_009664,SAVINGS,31277.22,ACTIVE,VERIFIED,0.047,RESTRICTED
ACC_009665,CUST_009665,SAVINGS,43739.86,ACTIVE,VERIFIED,0.014,RESTRICTED
ACC_009666,CUST_009666,SAVINGS,34382.9,ACTIVE,VERIFIED,0.413,RESTRICTED
ACC_009667,CUST_009667,SAVINGS,10774.59,ACTIVE,VERIFIED,0.243,RESTRICTED
ACC_009668,CUST_009668,SAVINGS,25073.51,FROZEN,FLAGGED,0.413,RESTRICTED
ACC_009669,CUST_009669,SAVINGS,32748.54,ACTIVE,VERIFIED,0.069,RESTRICTED
ACC_009670,CUST_009670,SAVINGS,12160.47,FROZEN,FLAGGED,0.239,RESTRICTED
ACC_009671,CUST_009671,SAVINGS,37013.46,ACTIVE,VERIFIED,0.32,RESTRICTED
ACC_009672,CUST_009672,SAVINGS,28316.21,ACTIVE,PENDING,0.179,RESTRICTED
ACC_009673,CUST_009673,SAVINGS,42983.58,ACTIVE,VERIFIED,0.211,RESTRICTED
ACC_009674,CUST_009674,SAVINGS,22489.45,ACTIVE,VERIFIED,0.194,RESTRICTED
ACC_009675,CUST_009675,SAVINGS,33589.26,ACTIVE,VERIFIED,0.429,RESTRICTED
ACC_009676,CUST_009676,SAVINGS,40304.48,ACTIVE,VERIFIED,0.474,RESTRICTED
ACC_009677,CUST_009677,SAVINGS,40837.24,ACTIVE,VERIFIED,0.216,RESTRICTED
ACC_009678,CUST_009678,SAVINGS,48551.15,FROZEN,FLAGGED,0.141,RESTRICTED
ACC_009679,CUST_009679,SAVINGS,35273.91,ACTIVE,VERIFIED,0.022,RESTRICTED
ACC_009680,CUST_009680,SAVINGS,2208.85,ACTIVE,VERIFIED,0.218,RESTRICTED
ACC_009681,CUST_009681,SAVINGS,25660.62,ACTIVE,VERIFIED,0.057,RESTRICTED
ACC_009682,CUST_009682,SAVINGS,31393.85,ACTIVE,VERIFIED,0.251,RESTRICTED
ACC_009683,CUST_009683,SAVINGS,14228.48,ACTIVE,VERIFIED,0.251,RESTRICTED
ACC_009684,CUST_009684,SAVINGS,9012.19,ACTIVE,VERIFIED,0.713,RESTRICTED
ACC_009685,CUST_009685,SAVINGS,45458.77,ACTIVE,VERIFIED,0.447,RESTRICTED
ACC_009686,CUST_009686,SAVINGS,45169.31,ACTIVE,VERIFIED,0.095,RESTRICTED
ACC_009687,CUST_009687,SAVINGS,19654.78,ACTIVE,VERIFIED,0.232,RESTRICTED
ACC_009688,CUST_009688,SAVINGS,8534.74,ACTIVE,VERIFIED,0.304,RESTRICTED
ACC_009689,CUST_009689,SAVINGS,30693.47,ACTIVE,VERIFIED,0.296,RESTRICTED
ACC_009690,CUST_009690,SAVINGS,29137.77,ACTIVE,VERIFIED,0.223,RESTRICTED
ACC_009691,CUST_009691,SAVINGS,11945.33,ACTIVE,VERIFIED,0.28,RESTRICTED
ACC_009692,CUST_009692,SAVINGS,19930.69,ACTIVE,PENDING,0.15,RESTRICTED
ACC_009693,CUST_009693,SAVINGS,28625.05,ACTIVE,VERIFIED,0.21,RESTRICTED
ACC_009694,CUST_009694,SAVINGS,31977.67,ACTIVE,VERIFIED,0.017,RESTRICTED
ACC_009695,CUST_009695,SAVINGS,30997.35,ACTIVE,VERIFIED,0.139,RESTRICTED
ACC_009696,CUST_009696,SAVINGS,14163.74,ACTIVE,VERIFIED,0.242,RESTRICTED
ACC_009697,CUST_009697,SAVINGS,10011.68,ACTIVE,VERIFIED,0.28,RESTRICTED
ACC_009698,CUST_009698,SAVINGS,1259.08,ACTIVE,VERIFIED,0.07,RESTRICTED
ACC_009699,CUST_009699,SAVINGS,20321.47,ACTIVE,VERIFIED,0.289,RESTRICTED
ACC_009700,CUST_009700,SAVINGS,30417.61,ACTIVE,VERIFIED,0.158,RESTRICTED
ACC_009701,CUST_009701,SAVINGS,21394.05,ACTIVE,PENDING,0.055,RESTRICTED
ACC_009702,CUST_009702,SAVINGS,23195.71,ACTIVE,VERIFIED,0.368,RESTRICTED
ACC_009703,CUST_009703,SAVINGS,10809.55,ACTIVE,VERIFIED,0.332,RESTRICTED
ACC_009704,CUST_009704,SAVINGS,20133.13,ACTIVE,VERIFIED,0.159,RESTRICTED
ACC_009705,CUST_009705,SAVINGS,43374.55,ACTIVE,VERIFIED,0.241,RESTRICTED
ACC_009706,CUST_009706,SAVINGS,32288.06,ACTIVE,VERIFIED,0.113,RESTRICTED
ACC_009707,CUST_009707,SAVINGS,48243.95,ACTIVE,VERIFIED,0.048,RESTRICTED
ACC_009708,CUST_009708,SAVINGS,27370.47,FROZEN,FLAGGED,0.249,RESTRICTED
ACC_009709,CUST_009709,SAVINGS,46147.6,ACTIVE,VERIFIED,0.244,RESTRICTED
ACC_009710,CUST_009710,SAVINGS,45252.2,ACTIVE,VERIFIED,0.035,RESTRICTED
ACC_009711,CUST_009711,SAVINGS,20326.43,ACTIVE,VERIFIED,0.328,RESTRICTED
ACC_009712,CUST_009712,SAVINGS,21448.64,ACTIVE,VERIFIED,0.274,RESTRICTED
ACC_009713,CUST_009713,SAVINGS,41016.58,ACTIVE,PENDING,0.234,RESTRICTED
ACC_009714,CUST_009714,SAVINGS,12336.91,ACTIVE,PENDING,0.486,RESTRICTED
ACC_009715,CUST_009715,SAVINGS,37172.56,ACTIVE,VERIFIED,0.426,RESTRICTED
ACC_009716,CUST_009716,SAVINGS,7615.2,ACTIVE,VERIFIED,0.345,RESTRICTED
ACC_009717,CUST_009717,SAVINGS,21487.71,ACTIVE,VERIFIED,0.327,RESTRICTED
ACC_009718,CUST_009718,SAVINGS,26614.64,ACTIVE,VERIFIED,0.286,RESTRICTED
ACC_009719,CUST_009719,SAVINGS,6973.37,ACTIVE,VERIFIED,0.152,RESTRICTED
ACC_009720,CUST_009720,SAVINGS,34182.6,ACTIVE,VERIFIED,0.277,RESTRICTED
ACC_009721,CUST_009721,SAVINGS,10611.41,ACTIVE,VERIFIED,0.272,RESTRICTED
ACC_009722,CUST_009722,SAVINGS,24405.73,ACTIVE,VERIFIED,0.12,RESTRICTED
ACC_009723,CUST_009723,SAVINGS,27422.28,ACTIVE,VERIFIED,0.161,RESTRICTED
ACC_009724,CUST_009724,SAVINGS,31420.73,ACTIVE,VERIFIED,0.154,RESTRICTED
ACC_009725,CUST_009725,SAVINGS,17470.7,ACTIVE,VERIFIED,0.217,RESTRICTED
ACC_009726,CUST_009726,SAVINGS,19620.87,ACTIVE,VERIFIED,0.435,RESTRICTED
ACC_009727,CUST_009727,SAVINGS,31096.06,ACTIVE,VERIFIED,0.436,RESTRICTED
ACC_009728,CUST_009728,SAVINGS,49438.66,ACTIVE,VERIFIED,0.2,RESTRICTED
ACC_009729,CUST_009729,SAVINGS,35991.58,ACTIVE,VERIFIED,0.445,RESTRICTED
ACC_009730,CUST_009730,SAVINGS,36735.57,ACTIVE,VERIFIED,0.484,RESTRICTED
ACC_009731,CUST_009731,SAVINGS,19012.83,ACTIVE,VERIFIED,0.593,RESTRICTED
ACC_009732,CUST_009732,SAVINGS,13347.83,ACTIVE,VERIFIED,0.626,RESTRICTED
ACC_009733,CUST_009733,SAVINGS,37252.31,ACTIVE,VERIFIED,0.421,RESTRICTED
ACC_009734,CUST_009734,SAVINGS,35420.27,ACTIVE,VERIFIED,0.157,RESTRICTED
ACC_009735,CUST_009735,SAVINGS,7525.66,ACTIVE,VERIFIED,0.243,RESTRICTED
ACC_009736,CUST_009736,SAVINGS,4566.32,ACTIVE,VERIFIED,0.083,RESTRICTED
ACC_009737,CUST_009737,SAVINGS,4738.91,ACTIVE,VERIFIED,0.062,RESTRICTED
ACC_009738,CUST_009738,SAVINGS,39280.28,ACTIVE,PENDING,0.142,RESTRICTED
ACC_009739,CUST_009739,SAVINGS,42538.63,ACTIVE,VERIFIED,0.058,RESTRICTED
ACC_009740,CUST_009740,SAVINGS,38209.48,ACTIVE,VERIFIED,0.404,RESTRICTED
ACC_009741,CUST_009741,SAVINGS,25602.9,ACTIVE,VERIFIED,0.216,RESTRICTED
ACC_009742,CUST_009742,SAVINGS,10010.83,ACTIVE,VERIFIED,0.255,RESTRICTED
ACC_009743,CUST_009743,SAVINGS,12517.2,ACTIVE,VERIFIED,0.286,RESTRICTED
ACC_009744,CUST_009744,SAVINGS,18593.16,ACTIVE,VERIFIED,0.248,RESTRICTED
ACC_009745,CUST_009745,SAVINGS,5198.25,ACTIVE,VERIFIED,0.263,RESTRICTED
ACC_009746,CUST_009746,SAVINGS,34775.73,ACTIVE,VERIFIED,0.475,RESTRICTED
ACC_009747,CUST_009747,SAVINGS,16614.19,ACTIVE,VERIFIED,0.307,RESTRICTED
ACC_009748,CUST_009748,SAVINGS,4353.08,ACTIVE,VERIFIED,0.376,RESTRICTED
ACC_009749,CUST_009749,SAVINGS,27033.79,ACTIVE,VERIFIED,0.295,RESTRICTED
ACC_009750,CUST_009750,SAVINGS,26915.21,ACTIVE,VERIFIED,0.545,RESTRICTED
ACC_009751,CUST_009751,SAVINGS,4780.74,ACTIVE,VERIFIED,0.206,RESTRICTED
ACC_009752,CUST_009752,SAVINGS,8182.96,ACTIVE,VERIFIED,0.376,RESTRICTED
ACC_009753,CUST_009753,SAVINGS,34000.9,ACTIVE,PENDING,0.167,RESTRICTED
ACC_009754,CUST_009754,SAVINGS,22208.97,ACTIVE,VERIFIED,0.217,RESTRICTED
ACC_009755,CUST_009755,SAVINGS,32681.2,ACTIVE,VERIFIED,0.524,RESTRICTED
ACC_009756,CUST_009756,SAVINGS,10950.84,ACTIVE,VERIFIED,0.382,RESTRICTED
ACC_009757,CUST_009757,SAVINGS,13297.42,ACTIVE,VERIFIED,0.313,RESTRICTED
ACC_009758,CUST_009758,SAVINGS,43188.44,ACTIVE,VERIFIED,0.305,RESTRICTED
ACC_009759,CUST_009759,SAVINGS,21614.01,ACTIVE,VERIFIED,0.092,RESTRICTED
ACC_009760,CUST_009760,SAVINGS,11180.35,ACTIVE,VERIFIED,0.14,RESTRICTED
ACC_009761,CUST_009761,SAVINGS,28388.67,ACTIVE,VERIFIED,0.221,RESTRICTED
ACC_009762,CUST_009762,SAVINGS,42845.02,ACTIVE,VERIFIED,0.379,RESTRICTED
ACC_009763,CUST_009763,SAVINGS,29903.76,ACTIVE,VERIFIED,0.22,RESTRICTED
ACC_009764,CUST_009764,SAVINGS,8116.14,FROZEN,FLAGGED,0.25,RESTRICTED
ACC_009765,CUST_009765,SAVINGS,18700.03,ACTIVE,VERIFIED,0.262,RESTRICTED
ACC_009766,CUST_009766,SAVINGS,44005.41,ACTIVE,VERIFIED,0.101,RESTRICTED
ACC_009767,CUST_009767,SAVINGS,18802.79,ACTIVE,VERIFIED,0.047,RESTRICTED
ACC_009768,CUST_009768,SAVINGS,44677.06,ACTIVE,VERIFIED,0.036,RESTRICTED
ACC_009769,CUST_009769,SAVINGS,25047.58,ACTIVE,VERIFIED,0.334,RESTRICTED
ACC_009770,CUST_009770,SAVINGS,29609.7,ACTIVE,VERIFIED,0.446,RESTRICTED
ACC_009771,CUST_009771,SAVINGS,6525.69,ACTIVE,VERIFIED,0.363,RESTRICTED
ACC_009772,CUST_009772,SAVINGS,32255.12,ACTIVE,VERIFIED,0.196,RESTRICTED
ACC_009773,CUST_009773,SAVINGS,39654.72,ACTIVE,VERIFIED,0.32,RESTRICTED
ACC_009774,CUST_009774,SAVINGS,9495.46,ACTIVE,VERIFIED,0.47,RESTRICTED
ACC_009775,CUST_009775,SAVINGS,34626.28,ACTIVE,VERIFIED,0.276,RESTRICTED
ACC_009776,CUST_009776,SAVINGS,49378.94,ACTIVE,VERIFIED,0.05,RESTRICTED
ACC_009777,CUST_009777,SAVINGS,11962.7,ACTIVE,VERIFIED,0.153,RESTRICTED
ACC_009778,CUST_009778,SAVINGS,12413.79,ACTIVE,VERIFIED,0.2,RESTRICTED
ACC_009779,CUST_009779,SAVINGS,1011.45,ACTIVE,VERIFIED,0.126,RESTRICTED
ACC_009780,CUST_009780,SAVINGS,11329.82,ACTIVE,VERIFIED,0.097,RESTRICTED
ACC_009781,CUST_009781,SAVINGS,13116.63,ACTIVE,VERIFIED,0.31,RESTRICTED
ACC_009782,CUST_009782,SAVINGS,37326.2,ACTIVE,VERIFIED,0.316,RESTRICTED
ACC_009783,CUST_009783,SAVINGS,38735.51,ACTIVE,PENDING,0.127,RESTRICTED
ACC_009784,CUST_009784,SAVINGS,5363.97,ACTIVE,VERIFIED,0.29,RESTRICTED
ACC_009785,CUST_009785,SAVINGS,4793.13,ACTIVE,VERIFIED,0.521,RESTRICTED
ACC_009786,CUST_009786,SAVINGS,11629.07,ACTIVE,VERIFIED,0.263,RESTRICTED
ACC_009787,CUST_009787,SAVINGS,16147.15,ACTIVE,VERIFIED,0.327,RESTRICTED
ACC_009788,CUST_009788,SAVINGS,12396.92,ACTIVE,VERIFIED,0.183,RESTRICTED
ACC_009789,CUST_009789,SAVINGS,22085.77,ACTIVE,VERIFIED,0.474,RESTRICTED
ACC_009790,CUST_009790,SAVINGS,30455.94,ACTIVE,VERIFIED,0.104,RESTRICTED
ACC_009791,CUST_009791,SAVINGS,48161.55,ACTIVE,VERIFIED,0.236,RESTRICTED
ACC_009792,CUST_009792,SAVINGS,36201.79,ACTIVE,VERIFIED,0.102,RESTRICTED
ACC_009793,CUST_009793,SAVINGS,40208.62,ACTIVE,VERIFIED,0.049,RESTRICTED
ACC_009794,CUST_009794,SAVINGS,10334.8,ACTIVE,VERIFIED,0.105,RESTRICTED
ACC_009795,CUST_009795,SAVINGS,44304.27,ACTIVE,VERIFIED,0.484,RESTRICTED
ACC_009796,CUST_009796,SAVINGS,27110.51,ACTIVE,VERIFIED,0.147,RESTRICTED
ACC_009797,CUST_009797,SAVINGS,9149.26,ACTIVE,VERIFIED,0.155,RESTRICTED
ACC_009798,CUST_009798,SAVINGS,16735.39,ACTIVE,VERIFIED,0.204,RESTRICTED
ACC_009799,CUST_009799,SAVINGS,5929.3,FROZEN,FLAGGED,0.171,RESTRICTED
ACC_009800,CUST_009800,SAVINGS,28034.96,ACTIVE,VERIFIED,0.435,RESTRICTED
ACC_009801,CUST_009801,SAVINGS,33547.88,ACTIVE,VERIFIED,0.205,RESTRICTED
ACC_009802,CUST_009802,SAVINGS,19085.07,ACTIVE,VERIFIED,0.353,RESTRICTED
ACC_009803,CUST_009803,SAVINGS,27705.08,ACTIVE,VERIFIED,0.256,RESTRICTED
ACC_009804,CUST_009804,SAVINGS,40216.2,ACTIVE,VERIFIED,0.522,RESTRICTED
ACC_009805,CUST_009805,SAVINGS,48361.22,ACTIVE,VERIFIED,0.457,RESTRICTED
ACC_009806,CUST_009806,SAVINGS,33927.18,ACTIVE,VERIFIED,0.116,RESTRICTED
ACC_009807,CUST_009807,SAVINGS,25562.03,ACTIVE,VERIFIED,0.276,RESTRICTED
ACC_009808,CUST_009808,SAVINGS,17182.61,ACTIVE,VERIFIED,0.151,RESTRICTED
ACC_009809,CUST_009809,SAVINGS,40958.83,ACTIVE,VERIFIED,0.391,RESTRICTED
ACC_009810,CUST_009810,SAVINGS,39128.72,ACTIVE,VERIFIED,0.464,RESTRICTED
ACC_009811,CUST_009811,SAVINGS,24032.47,ACTIVE,PENDING,0.396,RESTRICTED
ACC_009812,CUST_009812,SAVINGS,23868.03,ACTIVE,VERIFIED,0.173,RESTRICTED
ACC_009813,CUST_009813,SAVINGS,35788.8,ACTIVE,VERIFIED,0.332,RESTRICTED
ACC_009814,CUST_009814,SAVINGS,21847.94,FROZEN,FLAGGED,0.354,RESTRICTED
ACC_009815,CUST_009815,SAVINGS,5796.65,ACTIVE,PENDING,0.61,RESTRICTED
ACC_009816,CUST_009816,SAVINGS,9230.72,ACTIVE,VERIFIED,0.259,RESTRICTED
ACC_009817,CUST_009817,SAVINGS,21371.24,ACTIVE,VERIFIED,0.403,RESTRICTED
ACC_009818,CUST_009818,SAVINGS,27273.57,ACTIVE,VERIFIED,0.275,RESTRICTED
ACC_009819,CUST_009819,SAVINGS,12419.77,ACTIVE,VERIFIED,0.279,RESTRICTED
ACC_009820,CUST_009820,SAVINGS,4874.21,ACTIVE,VERIFIED,0.091,RESTRICTED
ACC_009821,CUST_009821,SAVINGS,31678.4,ACTIVE,VERIFIED,0.574,RESTRICTED
ACC_009822,CUST_009822,SAVINGS,30158.36,ACTIVE,VERIFIED,0.354,RESTRICTED
ACC_009823,CUST_009823,SAVINGS,48300.51,ACTIVE,VERIFIED,0.389,RESTRICTED
ACC_009824,CUST_009824,SAVINGS,40313.06,ACTIVE,VERIFIED,0.31,RESTRICTED
ACC_009825,CUST_009825,SAVINGS,39548.31,ACTIVE,VERIFIED,0.146,RESTRICTED
ACC_009826,CUST_009826,SAVINGS,14166.81,ACTIVE,VERIFIED,0.408,RESTRICTED
ACC_009827,CUST_009827,SAVINGS,23853.44,ACTIVE,VERIFIED,0.21,RESTRICTED
ACC_009828,CUST_009828,SAVINGS,39771.06,ACTIVE,VERIFIED,0.251,RESTRICTED
ACC_009829,CUST_009829,SAVINGS,13017.86,ACTIVE,VERIFIED,0.262,RESTRICTED
ACC_009830,CUST_009830,SAVINGS,46485.82,ACTIVE,PENDING,0.298,RESTRICTED
ACC_009831,CUST_009831,SAVINGS,10544.42,ACTIVE,VERIFIED,0.561,RESTRICTED
ACC_009832,CUST_009832,SAVINGS,24128.94,ACTIVE,VERIFIED,0.273,RESTRICTED
ACC_009833,CUST_009833,SAVINGS,19158.54,ACTIVE,VERIFIED,0.53,RESTRICTED
ACC_009834,CUST_009834,SAVINGS,13152.06,ACTIVE,VERIFIED,0.257,RESTRICTED
ACC_009835,CUST_009835,SAVINGS,21416.31,ACTIVE,VERIFIED,0.231,RESTRICTED
ACC_009836,CUST_009836,SAVINGS,32289.17,ACTIVE,VERIFIED,0.522,RESTRICTED
ACC_009837,CUST_009837,SAVINGS,47986.65,ACTIVE,PENDING,0.31,RESTRICTED
ACC_009838,CUST_009838,SAVINGS,34901.72,ACTIVE,VERIFIED,0.314,RESTRICTED
ACC_009839,CUST_009839,SAVINGS,17459.52,ACTIVE,VERIFIED,0.397,RESTRICTED
ACC_009840,CUST_009840,SAVINGS,32511.34,ACTIVE,VERIFIED,0.322,RESTRICTED
ACC_009841,CUST_009841,SAVINGS,31996.25,ACTIVE,VERIFIED,0.272,RESTRICTED
ACC_009842,CUST_009842,SAVINGS,5552.17,ACTIVE,VERIFIED,0.277,RESTRICTED
ACC_009843,CUST_009843,SAVINGS,45647.06,ACTIVE,VERIFIED,0.162,RESTRICTED
ACC_009844,CUST_009844,SAVINGS,13791.85,ACTIVE,VERIFIED,0.589,RESTRICTED
ACC_009845,CUST_009845,SAVINGS,48196.32,ACTIVE,VERIFIED,0.214,RESTRICTED
ACC_009846,CUST_009846,SAVINGS,46168.2,ACTIVE,VERIFIED,0.27,RESTRICTED
ACC_009847,CUST_009847,SAVINGS,36157.33,ACTIVE,VERIFIED,0.126,RESTRICTED
ACC_009848,CUST_009848,SAVINGS,26977.93,ACTIVE,VERIFIED,0.321,RESTRICTED
ACC_009849,CUST_009849,SAVINGS,9313.2,ACTIVE,VERIFIED,0.244,RESTRICTED
ACC_009850,CUST_009850,SAVINGS,17308.87,ACTIVE,VERIFIED,0.362,RESTRICTED
ACC_009851,CUST_009851,SAVINGS,4965.47,FROZEN,FLAGGED,0.315,RESTRICTED
ACC_009852,CUST_009852,SAVINGS,19945.88,ACTIVE,VERIFIED,0.211,RESTRICTED
ACC_009853,CUST_009853,SAVINGS,28886.82,ACTIVE,VERIFIED,0.417,RESTRICTED
ACC_009854,CUST_009854,SAVINGS,3182.34,ACTIVE,VERIFIED,0.282,RESTRICTED
ACC_009855,CUST_009855,SAVINGS,41272.37,ACTIVE,VERIFIED,0.507,RESTRICTED
ACC_009856,CUST_009856,SAVINGS,5589.87,ACTIVE,VERIFIED,0.337,RESTRICTED
ACC_009857,CUST_009857,SAVINGS,17377.35,ACTIVE,VERIFIED,0.431,RESTRICTED
ACC_009858,CUST_009858,SAVINGS,38736.66,ACTIVE,VERIFIED,0.148,RESTRICTED
ACC_009859,CUST_009859,SAVINGS,46201.75,ACTIVE,VERIFIED,0.099,RESTRICTED
ACC_009860,CUST_009860,SAVINGS,48344.15,ACTIVE,VERIFIED,0.558,RESTRICTED
ACC_009861,CUST_009861,SAVINGS,36431.16,ACTIVE,VERIFIED,0.137,RESTRICTED
ACC_009862,CUST_009862,SAVINGS,40118.51,ACTIVE,VERIFIED,0.15,RESTRICTED
ACC_009863,CUST_009863,SAVINGS,20271.36,ACTIVE,VERIFIED,0.457,RESTRICTED
ACC_009864,CUST_009864,SAVINGS,6563.81,ACTIVE,VERIFIED,0.463,RESTRICTED
ACC_009865,CUST_009865,SAVINGS,12207.56,ACTIVE,VERIFIED,0.18,RESTRICTED
ACC_009866,CUST_009866,SAVINGS,23308.33,ACTIVE,PENDING,0.095,RESTRICTED
ACC_009867,CUST_009867,SAVINGS,9824.84,ACTIVE,VERIFIED,0.59,RESTRICTED
ACC_009868,CUST_009868,SAVINGS,10870.97,ACTIVE,VERIFIED,0.158,RESTRICTED
ACC_009869,CUST_009869,SAVINGS,30995.13,ACTIVE,VERIFIED,0.397,RESTRICTED
ACC_009870,CUST_009870,SAVINGS,32360.1,ACTIVE,VERIFIED,0.168,RESTRICTED
ACC_009871,CUST_009871,SAVINGS,28566.75,ACTIVE,VERIFIED,0.508,RESTRICTED
ACC_009872,CUST_009872,SAVINGS,41383.62,ACTIVE,VERIFIED,0.317,RESTRICTED
ACC_009873,CUST_009873,SAVINGS,4048.44,ACTIVE,VERIFIED,0.509,RESTRICTED
ACC_009874,CUST_009874,SAVINGS,49979.73,ACTIVE,VERIFIED,0.272,RESTRICTED
ACC_009875,CUST_009875,SAVINGS,35167.79,ACTIVE,VERIFIED,0.254,RESTRICTED
ACC_009876,CUST_009876,SAVINGS,7801.65,ACTIVE,VERIFIED,0.093,RESTRICTED
ACC_009877,CUST_009877,SAVINGS,32916.99,ACTIVE,VERIFIED,0.498,RESTRICTED
ACC_009878,CUST_009878,SAVINGS,10880.9,ACTIVE,VERIFIED,0.253,RESTRICTED
ACC_009879,CUST_009879,SAVINGS,42924.59,ACTIVE,VERIFIED,0.225,RESTRICTED
ACC_009880,CUST_009880,SAVINGS,14614.97,ACTIVE,VERIFIED,0.774,RESTRICTED
ACC_009881,CUST_009881,SAVINGS,13901.55,ACTIVE,VERIFIED,0.175,RESTRICTED
ACC_009882,CUST_009882,SAVINGS,22401.06,ACTIVE,VERIFIED,0.239,RESTRICTED
ACC_009883,CUST_009883,SAVINGS,4025.33,ACTIVE,VERIFIED,0.034,RESTRICTED
ACC_009884,CUST_009884,SAVINGS,21741.89,ACTIVE,VERIFIED,0.384,RESTRICTED
ACC_009885,CUST_009885,SAVINGS,42787.13,ACTIVE,VERIFIED,0.442,RESTRICTED
ACC_009886,CUST_009886,SAVINGS,1076.97,ACTIVE,VERIFIED,0.302,RESTRICTED
ACC_009887,CUST_009887,SAVINGS,49814.01,ACTIVE,VERIFIED,0.252,RESTRICTED
ACC_009888,CUST_009888,SAVINGS,27221.95,ACTIVE,VERIFIED,0.133,RESTRICTED
ACC_009889,CUST_009889,SAVINGS,49705.81,ACTIVE,VERIFIED,0.422,RESTRICTED
ACC_009890,CUST_009890,SAVINGS,26145.61,ACTIVE,VERIFIED,0.351,RESTRICTED
ACC_009891,CUST_009891,SAVINGS,13731.6,ACTIVE,VERIFIED,0.426,RESTRICTED
ACC_009892,CUST_009892,SAVINGS,32011.65,ACTIVE,VERIFIED,0.151,RESTRICTED
ACC_009893,CUST_009893,SAVINGS,31107.99,ACTIVE,VERIFIED,0.192,RESTRICTED
ACC_009894,CUST_009894,SAVINGS,38657.53,ACTIVE,VERIFIED,0.527,RESTRICTED
ACC_009895,CUST_009895,SAVINGS,25364.9,FROZEN,FLAGGED,0.212,RESTRICTED
ACC_009896,CUST_009896,SAVINGS,8034.87,ACTIVE,VERIFIED,0.278,RESTRICTED
ACC_009897,CUST_009897,SAVINGS,7455.92,ACTIVE,VERIFIED,0.4,RESTRICTED
ACC_009898,CUST_009898,SAVINGS,26763.32,ACTIVE,VERIFIED,0.136,RESTRICTED
ACC_009899,CUST_009899,SAVINGS,30789.77,ACTIVE,VERIFIED,0.102,RESTRICTED
ACC_009900,CUST_009900,SAVINGS,35988.57,ACTIVE,VERIFIED,0.308,RESTRICTED
ACC_009901,CUST_009901,SAVINGS,6002.28,ACTIVE,VERIFIED,0.064,RESTRICTED
ACC_009902,CUST_009902,SAVINGS,19179.12,ACTIVE,PENDING,0.242,RESTRICTED
ACC_009903,CUST_009903,SAVINGS,34568.48,ACTIVE,VERIFIED,0.404,RESTRICTED
ACC_009904,CUST_009904,SAVINGS,41483.55,ACTIVE,VERIFIED,0.14,RESTRICTED
ACC_009905,CUST_009905,SAVINGS,30609.28,FROZEN,FLAGGED,0.297,RESTRICTED
ACC_009906,CUST_009906,SAVINGS,46336.09,ACTIVE,VERIFIED,0.341,RESTRICTED
ACC_009907,CUST_009907,SAVINGS,43533.56,ACTIVE,VERIFIED,0.473,RESTRICTED
ACC_009908,CUST_009908,SAVINGS,27622.01,ACTIVE,PENDING,0.47,RESTRICTED
ACC_009909,CUST_009909,SAVINGS,30490.49,ACTIVE,VERIFIED,0.112,RESTRICTED
ACC_009910,CUST_009910,SAVINGS,13800.16,ACTIVE,VERIFIED,0.393,RESTRICTED
ACC_009911,CUST_009911,SAVINGS,2272.33,ACTIVE,VERIFIED,0.28,RESTRICTED
ACC_009912,CUST_009912,SAVINGS,28884.36,ACTIVE,VERIFIED,0.19,RESTRICTED
ACC_009913,CUST_009913,SAVINGS,32238.28,ACTIVE,VERIFIED,0.172,RESTRICTED
ACC_009914,CUST_009914,SAVINGS,18726.95,ACTIVE,VERIFIED,0.273,RESTRICTED
ACC_009915,CUST_009915,SAVINGS,18893.15,ACTIVE,VERIFIED,0.165,RESTRICTED
ACC_009916,CUST_009916,SAVINGS,30494.26,ACTIVE,VERIFIED,0.109,RESTRICTED
ACC_009917,CUST_009917,SAVINGS,29355.83,ACTIVE,VERIFIED,0.099,RESTRICTED
ACC_009918,CUST_009918,SAVINGS,1025.14,ACTIVE,VERIFIED,0.059,RESTRICTED
ACC_009919,CUST_009919,SAVINGS,35175.85,ACTIVE,VERIFIED,0.362,RESTRICTED
ACC_009920,CUST_009920,SAVINGS,24664.75,FROZEN,FLAGGED,0.176,RESTRICTED
ACC_009921,CUST_009921,SAVINGS,17279.3,ACTIVE,VERIFIED,0.426,RESTRICTED
ACC_009922,CUST_009922,SAVINGS,13650.65,ACTIVE,VERIFIED,0.404,RESTRICTED
ACC_009923,CUST_009923,SAVINGS,46063.51,ACTIVE,PENDING,0.314,RESTRICTED
ACC_009924,CUST_009924,SAVINGS,23460.73,ACTIVE,VERIFIED,0.126,RESTRICTED
ACC_009925,CUST_009925,SAVINGS,38235.57,ACTIVE,VERIFIED,0.273,RESTRICTED
ACC_009926,CUST_009926,SAVINGS,34621.68,ACTIVE,VERIFIED,0.167,RESTRICTED
ACC_009927,CUST_009927,SAVINGS,27790.94,ACTIVE,VERIFIED,0.547,RESTRICTED
ACC_009928,CUST_009928,SAVINGS,28881.46,ACTIVE,VERIFIED,0.095,RESTRICTED
ACC_009929,CUST_009929,SAVINGS,14595.44,ACTIVE,VERIFIED,0.407,RESTRICTED
ACC_009930,CUST_009930,SAVINGS,9275.44,ACTIVE,PENDING,0.592,RESTRICTED
ACC_009931,CUST_009931,SAVINGS,49979.53,ACTIVE,VERIFIED,0.372,RESTRICTED
ACC_009932,CUST_009932,SAVINGS,31424.23,FROZEN,FLAGGED,0.237,RESTRICTED
ACC_009933,CUST_009933,SAVINGS,38581.9,ACTIVE,VERIFIED,0.308,RESTRICTED
ACC_009934,CUST_009934,SAVINGS,28515.57,FROZEN,FLAGGED,0.271,RESTRICTED
ACC_009935,CUST_009935,SAVINGS,13332.65,ACTIVE,VERIFIED,0.281,RESTRICTED
ACC_009936,CUST_009936,SAVINGS,40010.42,ACTIVE,VERIFIED,0.408,RESTRICTED
ACC_009937,CUST_009937,SAVINGS,29649.3,ACTIVE,VERIFIED,0.17,RESTRICTED
ACC_009938,CUST_009938,SAVINGS,42781.65,ACTIVE,VERIFIED,0.599,RESTRICTED
ACC_009939,CUST_009939,SAVINGS,10492.11,ACTIVE,PENDING,0.307,RESTRICTED
ACC_009940,CUST_009940,SAVINGS,4210.96,ACTIVE,PENDING,0.26,RESTRICTED
ACC_009941,CUST_009941,SAVINGS,35158.26,ACTIVE,VERIFIED,0.336,RESTRICTED
ACC_009942,CUST_009942,SAVINGS,40991.54,ACTIVE,PENDING,0.336,RESTRICTED
ACC_009943,CUST_009943,SAVINGS,49242.99,ACTIVE,VERIFIED,0.094,RESTRICTED
ACC_009944,CUST_009944,SAVINGS,3068.04,ACTIVE,VERIFIED,0.31,RESTRICTED
ACC_009945,CUST_009945,SAVINGS,43696.63,ACTIVE,VERIFIED,0.219,RESTRICTED
ACC_009946,CUST_009946,SAVINGS,18795.62,ACTIVE,PENDING,0.267,RESTRICTED
ACC_009947,CUST_009947,SAVINGS,49212.6,ACTIVE,VERIFIED,0.08,RESTRICTED
ACC_009948,CUST_009948,SAVINGS,47041.51,ACTIVE,VERIFIED,0.191,RESTRICTED
ACC_009949,CUST_009949,SAVINGS,6173.72,ACTIVE,VERIFIED,0.287,RESTRICTED
ACC_009950,CUST_009950,SAVINGS,22054.53,FROZEN,FLAGGED,0.638,RESTRICTED
ACC_009951,CUST_009951,SAVINGS,44678.11,ACTIVE,VERIFIED,0.637,RESTRICTED
ACC_009952,CUST_009952,SAVINGS,18789.22,ACTIVE,VERIFIED,0.351,RESTRICTED
ACC_009953,CUST_009953,SAVINGS,20336.23,ACTIVE,VERIFIED,0.084,RESTRICTED
ACC_009954,CUST_009954,SAVINGS,17038.92,ACTIVE,VERIFIED,0.414,RESTRICTED
ACC_009955,CUST_009955,SAVINGS,39646.5,ACTIVE,VERIFIED,0.208,RESTRICTED
ACC_009956,CUST_009956,SAVINGS,12033.72,ACTIVE,VERIFIED,0.138,RESTRICTED
ACC_009957,CUST_009957,SAVINGS,33946.66,ACTIVE,VERIFIED,0.268,RESTRICTED
ACC_009958,CUST_009958,SAVINGS,33116.86,ACTIVE,VERIFIED,0.205,RESTRICTED
ACC_009959,CUST_009959,SAVINGS,4523.04,ACTIVE,VERIFIED,0.337,RESTRICTED
ACC_009960,CUST_009960,SAVINGS,20452.73,ACTIVE,VERIFIED,0.567,RESTRICTED
ACC_009961,CUST_009961,SAVINGS,11369.06,ACTIVE,VERIFIED,0.19,RESTRICTED
ACC_009962,CUST_009962,SAVINGS,23743.34,ACTIVE,VERIFIED,0.845,RESTRICTED
ACC_009963,CUST_009963,SAVINGS,34952.0,ACTIVE,VERIFIED,0.273,RESTRICTED
ACC_009964,CUST_009964,SAVINGS,44515.91,ACTIVE,PENDING,0.064,RESTRICTED
ACC_009965,CUST_009965,SAVINGS,6345.79,ACTIVE,VERIFIED,0.468,RESTRICTED
ACC_009966,CUST_009966,SAVINGS,9651.95,ACTIVE,VERIFIED,0.337,RESTRICTED
ACC_009967,CUST_009967,SAVINGS,19207.51,ACTIVE,VERIFIED,0.309,RESTRICTED
ACC_009968,CUST_009968,SAVINGS,7088.18,ACTIVE,VERIFIED,0.24,RESTRICTED
ACC_009969,CUST_009969,SAVINGS,34888.91,ACTIVE,VERIFIED,0.201,RESTRICTED
ACC_009970,CUST_009970,SAVINGS,39129.61,ACTIVE,VERIFIED,0.283,RESTRICTED
ACC_009971,CUST_009971,SAVINGS,44722.52,ACTIVE,VERIFIED,0.311,RESTRICTED
ACC_009972,CUST_009972,SAVINGS,10632.52,ACTIVE,VERIFIED,0.571,RESTRICTED
ACC_009973,CUST_009973,SAVINGS,25160.38,ACTIVE,VERIFIED,0.299,RESTRICTED
ACC_009974,CUST_009974,SAVINGS,24393.69,ACTIVE,VERIFIED,0.304,RESTRICTED
ACC_009975,CUST_009975,SAVINGS,44955.57,ACTIVE,PENDING,0.456,RESTRICTED
ACC_009976,CUST_009976,SAVINGS,4979.28,ACTIVE,VERIFIED,0.267,RESTRICTED
ACC_009977,CUST_009977,SAVINGS,16141.29,ACTIVE,VERIFIED,0.256,RESTRICTED
ACC_009978,CUST_009978,SAVINGS,30922.27,ACTIVE,VERIFIED,0.21,RESTRICTED
ACC_009979,CUST_009979,SAVINGS,7412.07,ACTIVE,VERIFIED,0.165,RESTRICTED
ACC_009980,CUST_009980,SAVINGS,35849.85,ACTIVE,VERIFIED,0.283,RESTRICTED
ACC_009981,CUST_009981,SAVINGS,26232.26,ACTIVE,VERIFIED,0.301,RESTRICTED
ACC_009982,CUST_009982,SAVINGS,16634.94,ACTIVE,VERIFIED,0.329,RESTRICTED
ACC_009983,CUST_009983,SAVINGS,17659.98,ACTIVE,VERIFIED,0.265,RESTRICTED
ACC_009984,CUST_009984,SAVINGS,18270.53,ACTIVE,VERIFIED,0.244,RESTRICTED
ACC_009985,CUST_009985,SAVINGS,18718.59,ACTIVE,VERIFIED,0.5,RESTRICTED
ACC_009986,CUST_009986,SAVINGS,15412.98,ACTIVE,VERIFIED,0.097,RESTRICTED
ACC_009987,CUST_009987,SAVINGS,28468.58,ACTIVE,VERIFIED,0.16,RESTRICTED
ACC_009988,CUST_009988,SAVINGS,3170.4,ACTIVE,VERIFIED,0.42,RESTRICTED
ACC_009989,CUST_009989,SAVINGS,33852.73,ACTIVE,PENDING,0.091,RESTRICTED
ACC_009990,CUST_009990,SAVINGS,25111.95,ACTIVE,PENDING,0.368,RESTRICTED
ACC_009991,CUST_009991,SAVINGS,19361.86,FROZEN,FLAGGED,0.413,RESTRICTED
ACC_009992,CUST_009992,SAVINGS,39754.47,ACTIVE,VERIFIED,0.406,RESTRICTED
ACC_009993,CUST_009993,SAVINGS,27343.97,ACTIVE,PENDING,0.691,RESTRICTED
ACC_009994,CUST_009994,SAVINGS,23813.84,ACTIVE,VERIFIED,0.344,RESTRICTED
ACC_009995,CUST_009995,SAVINGS,1614.25,ACTIVE,VERIFIED,0.249,RESTRICTED
ACC_009996,CUST_009996,SAVINGS,47988.83,ACTIVE,VERIFIED,0.099,RESTRICTED
ACC_009997,CUST_009997,SAVINGS,25747.31,ACTIVE,VERIFIED,0.509,RESTRICTED
ACC_009998,CUST_009998,SAVINGS,10647.14,ACTIVE,VERIFIED,0.553,RESTRICTED
ACC_009999,CUST_009999,SAVINGS,25284.94,ACTIVE,VERIFIED,0.264,RESTRICTED
ACC_010000,CUST_010000,SAVINGS,11664.11,ACTIVE,VERIFIED,0.393,RESTRICTED
